/opt/homebrew/bin/verilator --lint-only -Wall --timing --assert --timescale 1ns/1ps -I../../../verif/common -I../../../rtl/asu -I. lint_waivers.vlt --top-module tb_l2a_chain ../../../rtl/apex_pkg.sv ../../../rtl/mxe/mxe_cfg_pkg.sv ../../../rtl/xbr/stream_skid.sv ../../../rtl/mxe/mxe_pe.sv ../../../rtl/mxe/mxe_array.sv ../../../rtl/mxe/mxe_buf.sv ../../../rtl/mxe/mxe_requant.sv ../../../rtl/mxe/mxe_ctrl.sv ../../../rtl/mxe/mxe_top.sv ../../../rtl/seam/seam_score_dequant.sv ../../../rtl/asu/asu_exp_lut.sv ../../../rtl/asu/asu_softmax.sv tb_l2a_chain.sv
- V e r i l a t i o n   R e p o r t: Verilator 5.044 2026-01-01 rev vUNKNOWN-built20260101
- Verilator: Built from 0.553 MB sources in 16 modules, into 0.859 MB in 4 C++ files needing 0.000 MB
- Verilator: Walltime 0.117 s (elab=0.012, cvt=0.069, bld=0.000); cpu 0.097 s on 1 threads; alloced 20.797 MB
/opt/homebrew/bin/verilator --lint-only -Wall --timing --assert --timescale 1ns/1ps -I../../../verif/common -I../../../rtl/asu -I. lint_waivers.vlt --top-module tb_l2b_chain ../../../rtl/apex_pkg.sv ../../../rtl/mxe/mxe_cfg_pkg.sv ../../../rtl/xbr/stream_skid.sv ../../../rtl/kvq/cores/cq_fp_pkg.sv ../../../rtl/kvq/cores/amax_unit.sv ../../../rtl/kvq/cores/cq_scale_unit.sv ../../../rtl/kvq/cores/cq_quant_unit.sv ../../../rtl/kvq/cores/cq_dequant_unit.sv ../../../rtl/kvq/cores/scale_bank.sv ../../../rtl/kvq/cores/residual_buffer.sv ../../../rtl/kvq/cores/sram_controller.sv ../../../rtl/kvq/cores/cq_value_path.sv ../../../rtl/kvq/cores/cq_key_path.sv ../../../rtl/kvq/kvq_engine.sv ../../../rtl/seam/seam_feeder_quant.sv ../../../rtl/mxe/mxe_pe.sv ../../../rtl/mxe/mxe_array.sv ../../../rtl/mxe/mxe_buf.sv ../../../rtl/mxe/mxe_requant.sv ../../../rtl/mxe/mxe_ctrl.sv ../../../rtl/mxe/mxe_top.sv tb_l2b_chain.sv
- V e r i l a t i o n   R e p o r t: Verilator 5.044 2026-01-01 rev vUNKNOWN-built20260101
- Verilator: Built from 1.244 MB sources in 25 modules, into 2.712 MB in 6 C++ files needing 0.000 MB
- Verilator: Walltime 0.203 s (elab=0.014, cvt=0.144, bld=0.000); cpu 0.199 s on 1 threads; alloced 34.953 MB
/opt/homebrew/bin/verilator --lint-only -Wall --timing --assert --timescale 1ns/1ps -I../../../verif/common -I../../../rtl/asu -I. lint_waivers.vlt --top-module tb_l2c_chain ../../../rtl/apex_pkg.sv ../../../rtl/xbr/stream_skid.sv ../../../rtl/seam/seam_score_dequant.sv ../../../rtl/asu/asu_exp_lut.sv ../../../rtl/asu/asu_softmax.sv ../../../rtl/tip/tip_decide.sv ../../../rtl/tip/tip_importance.sv ../../../rtl/tip/tip_top.sv ../../../rtl/top/glue/apex_score_fork.sv tb_l2c_chain.sv
- V e r i l a t i o n   R e p o r t: Verilator 5.044 2026-01-01 rev vUNKNOWN-built20260101
- Verilator: Built from 0.472 MB sources in 12 modules, into 0.263 MB in 3 C++ files needing 0.000 MB
- Verilator: Walltime 0.036 s (elab=0.005, cvt=0.019, bld=0.000); cpu 0.034 s on 1 threads; alloced 11.875 MB
LINT CLEAN (-Wall; waivers scoped to frozen apex_pkg + clean-room kvq cores only)
mkdir -p build
set -o pipefail; /Users/nabilabdelazizferhattaleb/.pyenv/versions/3.11.5/bin/python gen_l2a_vectors.py build | tee build/gen_l2a.log
l2a vectors: directed=655 random=3247 reset=208 scripted checks
COVGEN l2a m1 11
COVGEN l2a m8 9
COVGEN l2a tail_cols 50
COVGEN l2a n_lt8 42
COVGEN l2a cols64 1
COVGEN l2a chunked 1
COVGEN l2a ktail 42
COVGEN l2a sat 1
COVGEN l2a illegal 2
COVGEN l2a jobs 63
COVGEN l2a neg_ext 1
COVGEN l2a reset 1
set -o pipefail; /Users/nabilabdelazizferhattaleb/.pyenv/versions/3.11.5/bin/python gen_l2b_vectors.py build | tee build/gen_l2b.log
l2b t0: 944 scripted checks, cov={'cases': 3, 'flush': 0, 'identity': 54, 'acc_s': 0, 'straddle_lt': 0, 'straddle_eq': 0, 'straddle_gt': 0, 'reset': 0}
COVGEN l2b_t0 cases 3
COVGEN l2b_t0 flush 0
COVGEN l2b_t0 identity 54
COVGEN l2b_t0 acc_s 0
COVGEN l2b_t0 straddle_lt 0
COVGEN l2b_t0 straddle_eq 0
COVGEN l2b_t0 straddle_gt 0
COVGEN l2b_t0 reset 0
l2b t1: 1240 scripted checks, cov={'cases': 4, 'flush': 3, 'identity': 64, 'acc_s': 0, 'straddle_lt': 1, 'straddle_eq': 1, 'straddle_gt': 2, 'reset': 0}
COVGEN l2b_t1 cases 4
COVGEN l2b_t1 flush 3
COVGEN l2b_t1 identity 64
COVGEN l2b_t1 acc_s 0
COVGEN l2b_t1 straddle_lt 1
COVGEN l2b_t1 straddle_eq 1
COVGEN l2b_t1 straddle_gt 2
COVGEN l2b_t1 reset 0
l2b t1_reset: 190 scripted checks, cov={'cases': 1, 'flush': 1, 'identity': 6, 'acc_s': 0, 'straddle_lt': 0, 'straddle_eq': 0, 'straddle_gt': 1, 'reset': 1}
COVGEN l2b_t1_reset cases 1
COVGEN l2b_t1_reset flush 1
COVGEN l2b_t1_reset identity 6
COVGEN l2b_t1_reset acc_s 0
COVGEN l2b_t1_reset straddle_lt 0
COVGEN l2b_t1_reset straddle_eq 0
COVGEN l2b_t1_reset straddle_gt 1
COVGEN l2b_t1_reset reset 1
l2b t2: 1816 scripted checks, cov={'cases': 6, 'flush': 5, 'identity': 96, 'acc_s': 0, 'straddle_lt': 3, 'straddle_eq': 1, 'straddle_gt': 2, 'reset': 0}
COVGEN l2b_t2 cases 6
COVGEN l2b_t2 flush 5
COVGEN l2b_t2 identity 96
COVGEN l2b_t2 acc_s 0
COVGEN l2b_t2 straddle_lt 3
COVGEN l2b_t2 straddle_eq 1
COVGEN l2b_t2 straddle_gt 2
COVGEN l2b_t2 reset 0
l2b adv_T1: 40 scripted checks, cov={'cases': 1, 'flush': 1, 'identity': 16, 'acc_s': 1, 'straddle_lt': 1, 'straddle_eq': 0, 'straddle_gt': 0, 'reset': 0}
COVGEN l2b_adv_T1 cases 1
COVGEN l2b_adv_T1 flush 1
COVGEN l2b_adv_T1 identity 16
COVGEN l2b_adv_T1 acc_s 1
COVGEN l2b_adv_T1 straddle_lt 1
COVGEN l2b_adv_T1 straddle_eq 0
COVGEN l2b_adv_T1 straddle_gt 0
COVGEN l2b_adv_T1 reset 0
l2b adv_out1000: 1028 scripted checks, cov={'cases': 1, 'flush': 0, 'identity': 32, 'acc_s': 16, 'straddle_lt': 0, 'straddle_eq': 1, 'straddle_gt': 0, 'reset': 0}
COVGEN l2b_adv_out1000 cases 1
COVGEN l2b_adv_out1000 flush 0
COVGEN l2b_adv_out1000 identity 32
COVGEN l2b_adv_out1000 acc_s 16
COVGEN l2b_adv_out1000 straddle_lt 0
COVGEN l2b_adv_out1000 straddle_eq 1
COVGEN l2b_adv_out1000 straddle_gt 0
COVGEN l2b_adv_out1000 reset 0
l2b calib_d128: 804 scripted checks, cov={'cases': 1, 'flush': 1, 'identity': 26, 'acc_s': 13, 'straddle_lt': 1, 'straddle_eq': 0, 'straddle_gt': 0, 'reset': 0}
COVGEN l2b_calib_d128 cases 1
COVGEN l2b_calib_d128 flush 1
COVGEN l2b_calib_d128 identity 26
COVGEN l2b_calib_d128 acc_s 13
COVGEN l2b_calib_d128 straddle_lt 1
COVGEN l2b_calib_d128 straddle_eq 0
COVGEN l2b_calib_d128 straddle_gt 0
COVGEN l2b_calib_d128 reset 0
l2b calib_T128: 1028 scripted checks, cov={'cases': 1, 'flush': 0, 'identity': 32, 'acc_s': 16, 'straddle_lt': 0, 'straddle_eq': 0, 'straddle_gt': 1, 'reset': 0}
COVGEN l2b_calib_T128 cases 1
COVGEN l2b_calib_T128 flush 0
COVGEN l2b_calib_T128 identity 32
COVGEN l2b_calib_T128 acc_s 16
COVGEN l2b_calib_T128 straddle_lt 0
COVGEN l2b_calib_T128 straddle_eq 0
COVGEN l2b_calib_T128 straddle_gt 1
COVGEN l2b_calib_T128 reset 0
l2b calib_T70: 564 scripted checks, cov={'cases': 1, 'flush': 1, 'identity': 18, 'acc_s': 9, 'straddle_lt': 0, 'straddle_eq': 0, 'straddle_gt': 1, 'reset': 0}
COVGEN l2b_calib_T70 cases 1
COVGEN l2b_calib_T70 flush 1
COVGEN l2b_calib_T70 identity 18
COVGEN l2b_calib_T70 acc_s 9
COVGEN l2b_calib_T70 straddle_lt 0
COVGEN l2b_calib_T70 straddle_eq 0
COVGEN l2b_calib_T70 straddle_gt 1
COVGEN l2b_calib_T70 reset 0
l2b vector generation complete
set -o pipefail; /Users/nabilabdelazizferhattaleb/.pyenv/versions/3.11.5/bin/python gen_l2c_vectors.py build | tee build/gen_l2c.log
l2c vectors: directed=120 random=364 reset=45 scripted checks
COVGEN l2c tiles 83
COVGEN l2c fp16 1
COVGEN l2c int8 1
COVGEN l2c frame 1
COVGEN l2c intmin 1
COVGEN l2c zero_tile 1
COVGEN l2c single 1
COVGEN l2c thr_extreme 2
COVGEN l2c imprd 3
COVGEN l2c blk_hi 1
COVGEN l2c reset 1
mkdir -p build/obj_l2a build/obj_l2c
/opt/homebrew/bin/verilator --binary -Wall --timing --assert --timescale 1ns/1ps -I../../../verif/common -I../../../rtl/asu -I. lint_waivers.vlt --trace-fst \
	    --top-module tb_l2a_chain -Mdir build/obj_l2a ../../../rtl/apex_pkg.sv ../../../rtl/mxe/mxe_cfg_pkg.sv ../../../rtl/xbr/stream_skid.sv ../../../rtl/mxe/mxe_pe.sv ../../../rtl/mxe/mxe_array.sv ../../../rtl/mxe/mxe_buf.sv ../../../rtl/mxe/mxe_requant.sv ../../../rtl/mxe/mxe_ctrl.sv ../../../rtl/mxe/mxe_top.sv ../../../rtl/seam/seam_score_dequant.sv ../../../rtl/asu/asu_exp_lut.sv ../../../rtl/asu/asu_softmax.sv tb_l2a_chain.sv
c++ -Os  -I.  -MMD -I/opt/homebrew/Cellar/verilator/5.044/share/verilator/include -I/opt/homebrew/Cellar/verilator/5.044/share/verilator/include/vltstd -DVERILATOR=1 -DVM_COVERAGE=0 -DVM_SC=0 -DVM_TIMING=1 -DVM_TRACE=1 -DVM_TRACE_FST=1 -DVM_TRACE_VCD=0 -DVM_TRACE_SAIF=0 -faligned-new -fbracket-depth=4096 -fcf-protection=none -Xclang -fno-pch-timestamp -Qunused-arguments -Wno-bool-operation -Wno-c++11-narrowing -Wno-constant-logical-operand -Wno-int-in-bool-context -Wno-non-pod-varargs -Wno-parentheses-equality -Wno-shadow -Wno-sign-compare -Wno-tautological-bitwise-compare -Wno-tautological-compare -Wno-uninitialized -Wno-unused-but-set-parameter -Wno-unused-but-set-variable -Wno-unused-parameter -Wno-unused-variable -Wno-vla-cxx-extension    -DVL_TIME_CONTEXT   -std=gnu++20 -c -o verilated.o /opt/homebrew/Cellar/verilator/5.044/share/verilator/include/verilated.cpp
warning: unknown warning option '-Wno-vla-cxx-extension'; did you mean '-Wno-vla-extension'? [-Wunknown-warning-option]
1 warning generated.
c++ -Os  -I.  -MMD -I/opt/homebrew/Cellar/verilator/5.044/share/verilator/include -I/opt/homebrew/Cellar/verilator/5.044/share/verilator/include/vltstd -DVERILATOR=1 -DVM_COVERAGE=0 -DVM_SC=0 -DVM_TIMING=1 -DVM_TRACE=1 -DVM_TRACE_FST=1 -DVM_TRACE_VCD=0 -DVM_TRACE_SAIF=0 -faligned-new -fbracket-depth=4096 -fcf-protection=none -Xclang -fno-pch-timestamp -Qunused-arguments -Wno-bool-operation -Wno-c++11-narrowing -Wno-constant-logical-operand -Wno-int-in-bool-context -Wno-non-pod-varargs -Wno-parentheses-equality -Wno-shadow -Wno-sign-compare -Wno-tautological-bitwise-compare -Wno-tautological-compare -Wno-uninitialized -Wno-unused-but-set-parameter -Wno-unused-but-set-variable -Wno-unused-parameter -Wno-unused-variable -Wno-vla-cxx-extension    -DVL_TIME_CONTEXT   -std=gnu++20 -c -o verilated_fst_c.o /opt/homebrew/Cellar/verilator/5.044/share/verilator/include/verilated_fst_c.cpp
warning: unknown warning option '-Wno-vla-cxx-extension'; did you mean '-Wno-vla-extension'? [-Wunknown-warning-option]
1 warning generated.
c++ -Os  -I.  -MMD -I/opt/homebrew/Cellar/verilator/5.044/share/verilator/include -I/opt/homebrew/Cellar/verilator/5.044/share/verilator/include/vltstd -DVERILATOR=1 -DVM_COVERAGE=0 -DVM_SC=0 -DVM_TIMING=1 -DVM_TRACE=1 -DVM_TRACE_FST=1 -DVM_TRACE_VCD=0 -DVM_TRACE_SAIF=0 -faligned-new -fbracket-depth=4096 -fcf-protection=none -Xclang -fno-pch-timestamp -Qunused-arguments -Wno-bool-operation -Wno-c++11-narrowing -Wno-constant-logical-operand -Wno-int-in-bool-context -Wno-non-pod-varargs -Wno-parentheses-equality -Wno-shadow -Wno-sign-compare -Wno-tautological-bitwise-compare -Wno-tautological-compare -Wno-uninitialized -Wno-unused-but-set-parameter -Wno-unused-but-set-variable -Wno-unused-parameter -Wno-unused-variable -Wno-vla-cxx-extension    -DVL_TIME_CONTEXT   -std=gnu++20 -c -o verilated_timing.o /opt/homebrew/Cellar/verilator/5.044/share/verilator/include/verilated_timing.cpp
warning: unknown warning option '-Wno-vla-cxx-extension'; did you mean '-Wno-vla-extension'? [-Wunknown-warning-option]
1 warning generated.
c++ -Os  -I.  -MMD -I/opt/homebrew/Cellar/verilator/5.044/share/verilator/include -I/opt/homebrew/Cellar/verilator/5.044/share/verilator/include/vltstd -DVERILATOR=1 -DVM_COVERAGE=0 -DVM_SC=0 -DVM_TIMING=1 -DVM_TRACE=1 -DVM_TRACE_FST=1 -DVM_TRACE_VCD=0 -DVM_TRACE_SAIF=0 -faligned-new -fbracket-depth=4096 -fcf-protection=none -Xclang -fno-pch-timestamp -Qunused-arguments -Wno-bool-operation -Wno-c++11-narrowing -Wno-constant-logical-operand -Wno-int-in-bool-context -Wno-non-pod-varargs -Wno-parentheses-equality -Wno-shadow -Wno-sign-compare -Wno-tautological-bitwise-compare -Wno-tautological-compare -Wno-uninitialized -Wno-unused-but-set-parameter -Wno-unused-but-set-variable -Wno-unused-parameter -Wno-unused-variable -Wno-vla-cxx-extension    -DVL_TIME_CONTEXT   -std=gnu++20 -c -o verilated_threads.o /opt/homebrew/Cellar/verilator/5.044/share/verilator/include/verilated_threads.cpp
warning: unknown warning option '-Wno-vla-cxx-extension'; did you mean '-Wno-vla-extension'? [-Wunknown-warning-option]
1 warning generated.
c++ -Os  -I.  -MMD -I/opt/homebrew/Cellar/verilator/5.044/share/verilator/include -I/opt/homebrew/Cellar/verilator/5.044/share/verilator/include/vltstd -DVERILATOR=1 -DVM_COVERAGE=0 -DVM_SC=0 -DVM_TIMING=1 -DVM_TRACE=1 -DVM_TRACE_FST=1 -DVM_TRACE_VCD=0 -DVM_TRACE_SAIF=0 -faligned-new -fbracket-depth=4096 -fcf-protection=none -Xclang -fno-pch-timestamp -Qunused-arguments -Wno-bool-operation -Wno-c++11-narrowing -Wno-constant-logical-operand -Wno-int-in-bool-context -Wno-non-pod-varargs -Wno-parentheses-equality -Wno-shadow -Wno-sign-compare -Wno-tautological-bitwise-compare -Wno-tautological-compare -Wno-uninitialized -Wno-unused-but-set-parameter -Wno-unused-but-set-variable -Wno-unused-parameter -Wno-unused-variable -Wno-vla-cxx-extension    -DVL_TIME_CONTEXT   -std=gnu++20 -x c++-header Vtb_l2a_chain__pch.h -o Vtb_l2a_chain__pch.h.fast.gch
warning: unknown warning option '-Wno-vla-cxx-extension'; did you mean '-Wno-vla-extension'? [-Wunknown-warning-option]
1 warning generated.
c++ -Os  -I.  -MMD -I/opt/homebrew/Cellar/verilator/5.044/share/verilator/include -I/opt/homebrew/Cellar/verilator/5.044/share/verilator/include/vltstd -DVERILATOR=1 -DVM_COVERAGE=0 -DVM_SC=0 -DVM_TIMING=1 -DVM_TRACE=1 -DVM_TRACE_FST=1 -DVM_TRACE_VCD=0 -DVM_TRACE_SAIF=0 -faligned-new -fbracket-depth=4096 -fcf-protection=none -Xclang -fno-pch-timestamp -Qunused-arguments -Wno-bool-operation -Wno-c++11-narrowing -Wno-constant-logical-operand -Wno-int-in-bool-context -Wno-non-pod-varargs -Wno-parentheses-equality -Wno-shadow -Wno-sign-compare -Wno-tautological-bitwise-compare -Wno-tautological-compare -Wno-uninitialized -Wno-unused-but-set-parameter -Wno-unused-but-set-variable -Wno-unused-parameter -Wno-unused-variable -Wno-vla-cxx-extension    -DVL_TIME_CONTEXT   -std=gnu++20 -include-pch Vtb_l2a_chain__pch.h.fast.gch -c -o Vtb_l2a_chain.o Vtb_l2a_chain.cpp
warning: unknown warning option '-Wno-vla-cxx-extension'; did you mean '-Wno-vla-extension'? [-Wunknown-warning-option]
1 warning generated.
c++ -Os  -I.  -MMD -I/opt/homebrew/Cellar/verilator/5.044/share/verilator/include -I/opt/homebrew/Cellar/verilator/5.044/share/verilator/include/vltstd -DVERILATOR=1 -DVM_COVERAGE=0 -DVM_SC=0 -DVM_TIMING=1 -DVM_TRACE=1 -DVM_TRACE_FST=1 -DVM_TRACE_VCD=0 -DVM_TRACE_SAIF=0 -faligned-new -fbracket-depth=4096 -fcf-protection=none -Xclang -fno-pch-timestamp -Qunused-arguments -Wno-bool-operation -Wno-c++11-narrowing -Wno-constant-logical-operand -Wno-int-in-bool-context -Wno-non-pod-varargs -Wno-parentheses-equality -Wno-shadow -Wno-sign-compare -Wno-tautological-bitwise-compare -Wno-tautological-compare -Wno-uninitialized -Wno-unused-but-set-parameter -Wno-unused-but-set-variable -Wno-unused-parameter -Wno-unused-variable -Wno-vla-cxx-extension    -DVL_TIME_CONTEXT   -std=gnu++20 -include-pch Vtb_l2a_chain__pch.h.fast.gch -c -o Vtb_l2a_chain___024root__0.o Vtb_l2a_chain___024root__0.cpp
warning: unknown warning option '-Wno-vla-cxx-extension'; did you mean '-Wno-vla-extension'? [-Wunknown-warning-option]
1 warning generated.
c++ -Os  -I.  -MMD -I/opt/homebrew/Cellar/verilator/5.044/share/verilator/include -I/opt/homebrew/Cellar/verilator/5.044/share/verilator/include/vltstd -DVERILATOR=1 -DVM_COVERAGE=0 -DVM_SC=0 -DVM_TIMING=1 -DVM_TRACE=1 -DVM_TRACE_FST=1 -DVM_TRACE_VCD=0 -DVM_TRACE_SAIF=0 -faligned-new -fbracket-depth=4096 -fcf-protection=none -Xclang -fno-pch-timestamp -Qunused-arguments -Wno-bool-operation -Wno-c++11-narrowing -Wno-constant-logical-operand -Wno-int-in-bool-context -Wno-non-pod-varargs -Wno-parentheses-equality -Wno-shadow -Wno-sign-compare -Wno-tautological-bitwise-compare -Wno-tautological-compare -Wno-uninitialized -Wno-unused-but-set-parameter -Wno-unused-but-set-variable -Wno-unused-parameter -Wno-unused-variable -Wno-vla-cxx-extension    -DVL_TIME_CONTEXT   -std=gnu++20 -include-pch Vtb_l2a_chain__pch.h.fast.gch -c -o Vtb_l2a_chain___024root__1.o Vtb_l2a_chain___024root__1.cpp
warning: unknown warning option '-Wno-vla-cxx-extension'; did you mean '-Wno-vla-extension'? [-Wunknown-warning-option]
1 warning generated.
c++ -Os  -I.  -MMD -I/opt/homebrew/Cellar/verilator/5.044/share/verilator/include -I/opt/homebrew/Cellar/verilator/5.044/share/verilator/include/vltstd -DVERILATOR=1 -DVM_COVERAGE=0 -DVM_SC=0 -DVM_TIMING=1 -DVM_TRACE=1 -DVM_TRACE_FST=1 -DVM_TRACE_VCD=0 -DVM_TRACE_SAIF=0 -faligned-new -fbracket-depth=4096 -fcf-protection=none -Xclang -fno-pch-timestamp -Qunused-arguments -Wno-bool-operation -Wno-c++11-narrowing -Wno-constant-logical-operand -Wno-int-in-bool-context -Wno-non-pod-varargs -Wno-parentheses-equality -Wno-shadow -Wno-sign-compare -Wno-tautological-bitwise-compare -Wno-tautological-compare -Wno-uninitialized -Wno-unused-but-set-parameter -Wno-unused-but-set-variable -Wno-unused-parameter -Wno-unused-variable -Wno-vla-cxx-extension    -DVL_TIME_CONTEXT   -std=gnu++20 -include-pch Vtb_l2a_chain__pch.h.fast.gch -c -o Vtb_l2a_chain__main.o Vtb_l2a_chain__main.cpp
warning: unknown warning option '-Wno-vla-cxx-extension'; did you mean '-Wno-vla-extension'? [-Wunknown-warning-option]
1 warning generated.
c++ -Os  -I.  -MMD -I/opt/homebrew/Cellar/verilator/5.044/share/verilator/include -I/opt/homebrew/Cellar/verilator/5.044/share/verilator/include/vltstd -DVERILATOR=1 -DVM_COVERAGE=0 -DVM_SC=0 -DVM_TIMING=1 -DVM_TRACE=1 -DVM_TRACE_FST=1 -DVM_TRACE_VCD=0 -DVM_TRACE_SAIF=0 -faligned-new -fbracket-depth=4096 -fcf-protection=none -Xclang -fno-pch-timestamp -Qunused-arguments -Wno-bool-operation -Wno-c++11-narrowing -Wno-constant-logical-operand -Wno-int-in-bool-context -Wno-non-pod-varargs -Wno-parentheses-equality -Wno-shadow -Wno-sign-compare -Wno-tautological-bitwise-compare -Wno-tautological-compare -Wno-uninitialized -Wno-unused-but-set-parameter -Wno-unused-but-set-variable -Wno-unused-parameter -Wno-unused-variable -Wno-vla-cxx-extension    -DVL_TIME_CONTEXT   -std=gnu++20 -include-pch Vtb_l2a_chain__pch.h.fast.gch -c -o Vtb_l2a_chain__Trace__0.o Vtb_l2a_chain__Trace__0.cpp
warning: unknown warning option '-Wno-vla-cxx-extension'; did you mean '-Wno-vla-extension'? [-Wunknown-warning-option]
1 warning generated.
c++   -I.  -MMD -I/opt/homebrew/Cellar/verilator/5.044/share/verilator/include -I/opt/homebrew/Cellar/verilator/5.044/share/verilator/include/vltstd -DVERILATOR=1 -DVM_COVERAGE=0 -DVM_SC=0 -DVM_TIMING=1 -DVM_TRACE=1 -DVM_TRACE_FST=1 -DVM_TRACE_VCD=0 -DVM_TRACE_SAIF=0 -faligned-new -fbracket-depth=4096 -fcf-protection=none -Xclang -fno-pch-timestamp -Qunused-arguments -Wno-bool-operation -Wno-c++11-narrowing -Wno-constant-logical-operand -Wno-int-in-bool-context -Wno-non-pod-varargs -Wno-parentheses-equality -Wno-shadow -Wno-sign-compare -Wno-tautological-bitwise-compare -Wno-tautological-compare -Wno-uninitialized -Wno-unused-but-set-parameter -Wno-unused-but-set-variable -Wno-unused-parameter -Wno-unused-variable -Wno-vla-cxx-extension    -DVL_TIME_CONTEXT   -std=gnu++20 -x c++-header Vtb_l2a_chain__pch.h -o Vtb_l2a_chain__pch.h.slow.gch
warning: unknown warning option '-Wno-vla-cxx-extension'; did you mean '-Wno-vla-extension'? [-Wunknown-warning-option]
1 warning generated.
c++   -I.  -MMD -I/opt/homebrew/Cellar/verilator/5.044/share/verilator/include -I/opt/homebrew/Cellar/verilator/5.044/share/verilator/include/vltstd -DVERILATOR=1 -DVM_COVERAGE=0 -DVM_SC=0 -DVM_TIMING=1 -DVM_TRACE=1 -DVM_TRACE_FST=1 -DVM_TRACE_VCD=0 -DVM_TRACE_SAIF=0 -faligned-new -fbracket-depth=4096 -fcf-protection=none -Xclang -fno-pch-timestamp -Qunused-arguments -Wno-bool-operation -Wno-c++11-narrowing -Wno-constant-logical-operand -Wno-int-in-bool-context -Wno-non-pod-varargs -Wno-parentheses-equality -Wno-shadow -Wno-sign-compare -Wno-tautological-bitwise-compare -Wno-tautological-compare -Wno-uninitialized -Wno-unused-but-set-parameter -Wno-unused-but-set-variable -Wno-unused-parameter -Wno-unused-variable -Wno-vla-cxx-extension    -DVL_TIME_CONTEXT   -std=gnu++20 -include-pch Vtb_l2a_chain__pch.h.slow.gch -c -o Vtb_l2a_chain__ConstPool__0__Slow.o Vtb_l2a_chain__ConstPool__0__Slow.cpp
warning: unknown warning option '-Wno-vla-cxx-extension'; did you mean '-Wno-vla-extension'? [-Wunknown-warning-option]
1 warning generated.
c++   -I.  -MMD -I/opt/homebrew/Cellar/verilator/5.044/share/verilator/include -I/opt/homebrew/Cellar/verilator/5.044/share/verilator/include/vltstd -DVERILATOR=1 -DVM_COVERAGE=0 -DVM_SC=0 -DVM_TIMING=1 -DVM_TRACE=1 -DVM_TRACE_FST=1 -DVM_TRACE_VCD=0 -DVM_TRACE_SAIF=0 -faligned-new -fbracket-depth=4096 -fcf-protection=none -Xclang -fno-pch-timestamp -Qunused-arguments -Wno-bool-operation -Wno-c++11-narrowing -Wno-constant-logical-operand -Wno-int-in-bool-context -Wno-non-pod-varargs -Wno-parentheses-equality -Wno-shadow -Wno-sign-compare -Wno-tautological-bitwise-compare -Wno-tautological-compare -Wno-uninitialized -Wno-unused-but-set-parameter -Wno-unused-but-set-variable -Wno-unused-parameter -Wno-unused-variable -Wno-vla-cxx-extension    -DVL_TIME_CONTEXT   -std=gnu++20 -include-pch Vtb_l2a_chain__pch.h.slow.gch -c -o Vtb_l2a_chain___024root__Slow.o Vtb_l2a_chain___024root__Slow.cpp
warning: unknown warning option '-Wno-vla-cxx-extension'; did you mean '-Wno-vla-extension'? [-Wunknown-warning-option]
1 warning generated.
c++   -I.  -MMD -I/opt/homebrew/Cellar/verilator/5.044/share/verilator/include -I/opt/homebrew/Cellar/verilator/5.044/share/verilator/include/vltstd -DVERILATOR=1 -DVM_COVERAGE=0 -DVM_SC=0 -DVM_TIMING=1 -DVM_TRACE=1 -DVM_TRACE_FST=1 -DVM_TRACE_VCD=0 -DVM_TRACE_SAIF=0 -faligned-new -fbracket-depth=4096 -fcf-protection=none -Xclang -fno-pch-timestamp -Qunused-arguments -Wno-bool-operation -Wno-c++11-narrowing -Wno-constant-logical-operand -Wno-int-in-bool-context -Wno-non-pod-varargs -Wno-parentheses-equality -Wno-shadow -Wno-sign-compare -Wno-tautological-bitwise-compare -Wno-tautological-compare -Wno-uninitialized -Wno-unused-but-set-parameter -Wno-unused-but-set-variable -Wno-unused-parameter -Wno-unused-variable -Wno-vla-cxx-extension    -DVL_TIME_CONTEXT   -std=gnu++20 -include-pch Vtb_l2a_chain__pch.h.slow.gch -c -o Vtb_l2a_chain___024root__0__Slow.o Vtb_l2a_chain___024root__0__Slow.cpp
warning: unknown warning option '-Wno-vla-cxx-extension'; did you mean '-Wno-vla-extension'? [-Wunknown-warning-option]
1 warning generated.
c++   -I.  -MMD -I/opt/homebrew/Cellar/verilator/5.044/share/verilator/include -I/opt/homebrew/Cellar/verilator/5.044/share/verilator/include/vltstd -DVERILATOR=1 -DVM_COVERAGE=0 -DVM_SC=0 -DVM_TIMING=1 -DVM_TRACE=1 -DVM_TRACE_FST=1 -DVM_TRACE_VCD=0 -DVM_TRACE_SAIF=0 -faligned-new -fbracket-depth=4096 -fcf-protection=none -Xclang -fno-pch-timestamp -Qunused-arguments -Wno-bool-operation -Wno-c++11-narrowing -Wno-constant-logical-operand -Wno-int-in-bool-context -Wno-non-pod-varargs -Wno-parentheses-equality -Wno-shadow -Wno-sign-compare -Wno-tautological-bitwise-compare -Wno-tautological-compare -Wno-uninitialized -Wno-unused-but-set-parameter -Wno-unused-but-set-variable -Wno-unused-parameter -Wno-unused-variable -Wno-vla-cxx-extension    -DVL_TIME_CONTEXT   -std=gnu++20 -include-pch Vtb_l2a_chain__pch.h.slow.gch -c -o Vtb_l2a_chain__Syms__Slow.o Vtb_l2a_chain__Syms__Slow.cpp
warning: unknown warning option '-Wno-vla-cxx-extension'; did you mean '-Wno-vla-extension'? [-Wunknown-warning-option]
1 warning generated.
c++   -I.  -MMD -I/opt/homebrew/Cellar/verilator/5.044/share/verilator/include -I/opt/homebrew/Cellar/verilator/5.044/share/verilator/include/vltstd -DVERILATOR=1 -DVM_COVERAGE=0 -DVM_SC=0 -DVM_TIMING=1 -DVM_TRACE=1 -DVM_TRACE_FST=1 -DVM_TRACE_VCD=0 -DVM_TRACE_SAIF=0 -faligned-new -fbracket-depth=4096 -fcf-protection=none -Xclang -fno-pch-timestamp -Qunused-arguments -Wno-bool-operation -Wno-c++11-narrowing -Wno-constant-logical-operand -Wno-int-in-bool-context -Wno-non-pod-varargs -Wno-parentheses-equality -Wno-shadow -Wno-sign-compare -Wno-tautological-bitwise-compare -Wno-tautological-compare -Wno-uninitialized -Wno-unused-but-set-parameter -Wno-unused-but-set-variable -Wno-unused-parameter -Wno-unused-variable -Wno-vla-cxx-extension    -DVL_TIME_CONTEXT   -std=gnu++20 -include-pch Vtb_l2a_chain__pch.h.slow.gch -c -o Vtb_l2a_chain__Trace__0__Slow.o Vtb_l2a_chain__Trace__0__Slow.cpp
warning: unknown warning option '-Wno-vla-cxx-extension'; did you mean '-Wno-vla-extension'? [-Wunknown-warning-option]
1 warning generated.
c++   -I.  -MMD -I/opt/homebrew/Cellar/verilator/5.044/share/verilator/include -I/opt/homebrew/Cellar/verilator/5.044/share/verilator/include/vltstd -DVERILATOR=1 -DVM_COVERAGE=0 -DVM_SC=0 -DVM_TIMING=1 -DVM_TRACE=1 -DVM_TRACE_FST=1 -DVM_TRACE_VCD=0 -DVM_TRACE_SAIF=0 -faligned-new -fbracket-depth=4096 -fcf-protection=none -Xclang -fno-pch-timestamp -Qunused-arguments -Wno-bool-operation -Wno-c++11-narrowing -Wno-constant-logical-operand -Wno-int-in-bool-context -Wno-non-pod-varargs -Wno-parentheses-equality -Wno-shadow -Wno-sign-compare -Wno-tautological-bitwise-compare -Wno-tautological-compare -Wno-uninitialized -Wno-unused-but-set-parameter -Wno-unused-but-set-variable -Wno-unused-parameter -Wno-unused-variable -Wno-vla-cxx-extension    -DVL_TIME_CONTEXT   -std=gnu++20 -include-pch Vtb_l2a_chain__pch.h.slow.gch -c -o Vtb_l2a_chain__TraceDecls__0__Slow.o Vtb_l2a_chain__TraceDecls__0__Slow.cpp
warning: unknown warning option '-Wno-vla-cxx-extension'; did you mean '-Wno-vla-extension'? [-Wunknown-warning-option]
1 warning generated.
c++  -Wl,-U,__Z15vl_time_stamp64v,-U,__Z13sc_time_stampv   verilated.o verilated_fst_c.o verilated_timing.o verilated_threads.o Vtb_l2a_chain__ALL.a   -lz  -pthread -lpthread   -o Vtb_l2a_chain
rm Vtb_l2a_chain__ALL.verilator_deplist.tmp
- V e r i l a t i o n   R e p o r t: Verilator 5.044 2026-01-01 rev vUNKNOWN-built20260101
- Verilator: Built from 0.553 MB sources in 16 modules, into 1.763 MB in 11 C++ files needing 0.002 MB
- Verilator: Walltime 8.312 s (elab=0.008, cvt=0.085, bld=8.192); cpu 0.119 s on 1 threads; alloced 19.297 MB
/opt/homebrew/bin/verilator --binary -Wall --timing --assert --timescale 1ns/1ps -I../../../verif/common -I../../../rtl/asu -I. lint_waivers.vlt --trace-fst \
	    --top-module tb_l2c_chain -Mdir build/obj_l2c ../../../rtl/apex_pkg.sv ../../../rtl/xbr/stream_skid.sv ../../../rtl/seam/seam_score_dequant.sv ../../../rtl/asu/asu_exp_lut.sv ../../../rtl/asu/asu_softmax.sv ../../../rtl/tip/tip_decide.sv ../../../rtl/tip/tip_importance.sv ../../../rtl/tip/tip_top.sv ../../../rtl/top/glue/apex_score_fork.sv tb_l2c_chain.sv
c++ -Os  -I.  -MMD -I/opt/homebrew/Cellar/verilator/5.044/share/verilator/include -I/opt/homebrew/Cellar/verilator/5.044/share/verilator/include/vltstd -DVERILATOR=1 -DVM_COVERAGE=0 -DVM_SC=0 -DVM_TIMING=1 -DVM_TRACE=1 -DVM_TRACE_FST=1 -DVM_TRACE_VCD=0 -DVM_TRACE_SAIF=0 -faligned-new -fbracket-depth=4096 -fcf-protection=none -Xclang -fno-pch-timestamp -Qunused-arguments -Wno-bool-operation -Wno-c++11-narrowing -Wno-constant-logical-operand -Wno-int-in-bool-context -Wno-non-pod-varargs -Wno-parentheses-equality -Wno-shadow -Wno-sign-compare -Wno-tautological-bitwise-compare -Wno-tautological-compare -Wno-uninitialized -Wno-unused-but-set-parameter -Wno-unused-but-set-variable -Wno-unused-parameter -Wno-unused-variable -Wno-vla-cxx-extension    -DVL_TIME_CONTEXT   -std=gnu++20 -c -o verilated.o /opt/homebrew/Cellar/verilator/5.044/share/verilator/include/verilated.cpp
warning: unknown warning option '-Wno-vla-cxx-extension'; did you mean '-Wno-vla-extension'? [-Wunknown-warning-option]
1 warning generated.
c++ -Os  -I.  -MMD -I/opt/homebrew/Cellar/verilator/5.044/share/verilator/include -I/opt/homebrew/Cellar/verilator/5.044/share/verilator/include/vltstd -DVERILATOR=1 -DVM_COVERAGE=0 -DVM_SC=0 -DVM_TIMING=1 -DVM_TRACE=1 -DVM_TRACE_FST=1 -DVM_TRACE_VCD=0 -DVM_TRACE_SAIF=0 -faligned-new -fbracket-depth=4096 -fcf-protection=none -Xclang -fno-pch-timestamp -Qunused-arguments -Wno-bool-operation -Wno-c++11-narrowing -Wno-constant-logical-operand -Wno-int-in-bool-context -Wno-non-pod-varargs -Wno-parentheses-equality -Wno-shadow -Wno-sign-compare -Wno-tautological-bitwise-compare -Wno-tautological-compare -Wno-uninitialized -Wno-unused-but-set-parameter -Wno-unused-but-set-variable -Wno-unused-parameter -Wno-unused-variable -Wno-vla-cxx-extension    -DVL_TIME_CONTEXT   -std=gnu++20 -c -o verilated_fst_c.o /opt/homebrew/Cellar/verilator/5.044/share/verilator/include/verilated_fst_c.cpp
warning: unknown warning option '-Wno-vla-cxx-extension'; did you mean '-Wno-vla-extension'? [-Wunknown-warning-option]
1 warning generated.
c++ -Os  -I.  -MMD -I/opt/homebrew/Cellar/verilator/5.044/share/verilator/include -I/opt/homebrew/Cellar/verilator/5.044/share/verilator/include/vltstd -DVERILATOR=1 -DVM_COVERAGE=0 -DVM_SC=0 -DVM_TIMING=1 -DVM_TRACE=1 -DVM_TRACE_FST=1 -DVM_TRACE_VCD=0 -DVM_TRACE_SAIF=0 -faligned-new -fbracket-depth=4096 -fcf-protection=none -Xclang -fno-pch-timestamp -Qunused-arguments -Wno-bool-operation -Wno-c++11-narrowing -Wno-constant-logical-operand -Wno-int-in-bool-context -Wno-non-pod-varargs -Wno-parentheses-equality -Wno-shadow -Wno-sign-compare -Wno-tautological-bitwise-compare -Wno-tautological-compare -Wno-uninitialized -Wno-unused-but-set-parameter -Wno-unused-but-set-variable -Wno-unused-parameter -Wno-unused-variable -Wno-vla-cxx-extension    -DVL_TIME_CONTEXT   -std=gnu++20 -c -o verilated_timing.o /opt/homebrew/Cellar/verilator/5.044/share/verilator/include/verilated_timing.cpp
warning: unknown warning option '-Wno-vla-cxx-extension'; did you mean '-Wno-vla-extension'? [-Wunknown-warning-option]
1 warning generated.
c++ -Os  -I.  -MMD -I/opt/homebrew/Cellar/verilator/5.044/share/verilator/include -I/opt/homebrew/Cellar/verilator/5.044/share/verilator/include/vltstd -DVERILATOR=1 -DVM_COVERAGE=0 -DVM_SC=0 -DVM_TIMING=1 -DVM_TRACE=1 -DVM_TRACE_FST=1 -DVM_TRACE_VCD=0 -DVM_TRACE_SAIF=0 -faligned-new -fbracket-depth=4096 -fcf-protection=none -Xclang -fno-pch-timestamp -Qunused-arguments -Wno-bool-operation -Wno-c++11-narrowing -Wno-constant-logical-operand -Wno-int-in-bool-context -Wno-non-pod-varargs -Wno-parentheses-equality -Wno-shadow -Wno-sign-compare -Wno-tautological-bitwise-compare -Wno-tautological-compare -Wno-uninitialized -Wno-unused-but-set-parameter -Wno-unused-but-set-variable -Wno-unused-parameter -Wno-unused-variable -Wno-vla-cxx-extension    -DVL_TIME_CONTEXT   -std=gnu++20 -c -o verilated_threads.o /opt/homebrew/Cellar/verilator/5.044/share/verilator/include/verilated_threads.cpp
warning: unknown warning option '-Wno-vla-cxx-extension'; did you mean '-Wno-vla-extension'? [-Wunknown-warning-option]
1 warning generated.
python3 /opt/homebrew/Cellar/verilator/5.044/share/verilator/bin/verilator_includer -DVL_INCLUDE_OPT=include Vtb_l2c_chain.cpp Vtb_l2c_chain___024root__0.cpp Vtb_l2c_chain__main.cpp Vtb_l2c_chain__Trace__0.cpp Vtb_l2c_chain__ConstPool__0__Slow.cpp Vtb_l2c_chain___024root__Slow.cpp Vtb_l2c_chain___024root__0__Slow.cpp Vtb_l2c_chain__Syms__Slow.cpp Vtb_l2c_chain__Trace__0__Slow.cpp Vtb_l2c_chain__TraceDecls__0__Slow.cpp > Vtb_l2c_chain__ALL.cpp
c++ -Os  -I.  -MMD -I/opt/homebrew/Cellar/verilator/5.044/share/verilator/include -I/opt/homebrew/Cellar/verilator/5.044/share/verilator/include/vltstd -DVERILATOR=1 -DVM_COVERAGE=0 -DVM_SC=0 -DVM_TIMING=1 -DVM_TRACE=1 -DVM_TRACE_FST=1 -DVM_TRACE_VCD=0 -DVM_TRACE_SAIF=0 -faligned-new -fbracket-depth=4096 -fcf-protection=none -Xclang -fno-pch-timestamp -Qunused-arguments -Wno-bool-operation -Wno-c++11-narrowing -Wno-constant-logical-operand -Wno-int-in-bool-context -Wno-non-pod-varargs -Wno-parentheses-equality -Wno-shadow -Wno-sign-compare -Wno-tautological-bitwise-compare -Wno-tautological-compare -Wno-uninitialized -Wno-unused-but-set-parameter -Wno-unused-but-set-variable -Wno-unused-parameter -Wno-unused-variable -Wno-vla-cxx-extension    -DVL_TIME_CONTEXT   -std=gnu++20 -c -o Vtb_l2c_chain__ALL.o Vtb_l2c_chain__ALL.cpp
warning: unknown warning option '-Wno-vla-cxx-extension'; did you mean '-Wno-vla-extension'? [-Wunknown-warning-option]
1 warning generated.
c++  -Wl,-U,__Z15vl_time_stamp64v,-U,__Z13sc_time_stampv   verilated.o verilated_fst_c.o verilated_timing.o verilated_threads.o Vtb_l2c_chain__ALL.a   -lz  -pthread -lpthread   -o Vtb_l2c_chain
rm Vtb_l2c_chain__ALL.verilator_deplist.tmp
- V e r i l a t i o n   R e p o r t: Verilator 5.044 2026-01-01 rev vUNKNOWN-built20260101
- Verilator: Built from 0.472 MB sources in 12 modules, into 0.478 MB in 10 C++ files needing 0.001 MB
- Verilator: Walltime 6.889 s (elab=0.005, cvt=0.028, bld=6.841); cpu 0.046 s on 1 threads; alloced 13.562 MB
mkdir -p build/obj_l2b_t0
/opt/homebrew/bin/verilator --binary -Wall --timing --assert --timescale 1ns/1ps -I../../../verif/common -I../../../rtl/asu -I. lint_waivers.vlt --trace-fst -GTIER_CFG=0 -GG_CFG=16  -GOUTK_CFG=0 -GDEPTH_CFG=512 --top-module tb_l2b_chain -Mdir build/obj_l2b_t0 ../../../rtl/apex_pkg.sv ../../../rtl/mxe/mxe_cfg_pkg.sv ../../../rtl/xbr/stream_skid.sv ../../../rtl/kvq/cores/cq_fp_pkg.sv ../../../rtl/kvq/cores/amax_unit.sv ../../../rtl/kvq/cores/cq_scale_unit.sv ../../../rtl/kvq/cores/cq_quant_unit.sv ../../../rtl/kvq/cores/cq_dequant_unit.sv ../../../rtl/kvq/cores/scale_bank.sv ../../../rtl/kvq/cores/residual_buffer.sv ../../../rtl/kvq/cores/sram_controller.sv ../../../rtl/kvq/cores/cq_value_path.sv ../../../rtl/kvq/cores/cq_key_path.sv ../../../rtl/kvq/kvq_engine.sv ../../../rtl/seam/seam_feeder_quant.sv ../../../rtl/mxe/mxe_pe.sv ../../../rtl/mxe/mxe_array.sv ../../../rtl/mxe/mxe_buf.sv ../../../rtl/mxe/mxe_requant.sv ../../../rtl/mxe/mxe_ctrl.sv ../../../rtl/mxe/mxe_top.sv tb_l2b_chain.sv
c++ -Os  -I.  -MMD -I/opt/homebrew/Cellar/verilator/5.044/share/verilator/include -I/opt/homebrew/Cellar/verilator/5.044/share/verilator/include/vltstd -DVERILATOR=1 -DVM_COVERAGE=0 -DVM_SC=0 -DVM_TIMING=1 -DVM_TRACE=1 -DVM_TRACE_FST=1 -DVM_TRACE_VCD=0 -DVM_TRACE_SAIF=0 -faligned-new -fbracket-depth=4096 -fcf-protection=none -Xclang -fno-pch-timestamp -Qunused-arguments -Wno-bool-operation -Wno-c++11-narrowing -Wno-constant-logical-operand -Wno-int-in-bool-context -Wno-non-pod-varargs -Wno-parentheses-equality -Wno-shadow -Wno-sign-compare -Wno-tautological-bitwise-compare -Wno-tautological-compare -Wno-uninitialized -Wno-unused-but-set-parameter -Wno-unused-but-set-variable -Wno-unused-parameter -Wno-unused-variable -Wno-vla-cxx-extension    -DVL_TIME_CONTEXT   -std=gnu++20 -c -o verilated.o /opt/homebrew/Cellar/verilator/5.044/share/verilator/include/verilated.cpp
warning: unknown warning option '-Wno-vla-cxx-extension'; did you mean '-Wno-vla-extension'? [-Wunknown-warning-option]
1 warning generated.
c++ -Os  -I.  -MMD -I/opt/homebrew/Cellar/verilator/5.044/share/verilator/include -I/opt/homebrew/Cellar/verilator/5.044/share/verilator/include/vltstd -DVERILATOR=1 -DVM_COVERAGE=0 -DVM_SC=0 -DVM_TIMING=1 -DVM_TRACE=1 -DVM_TRACE_FST=1 -DVM_TRACE_VCD=0 -DVM_TRACE_SAIF=0 -faligned-new -fbracket-depth=4096 -fcf-protection=none -Xclang -fno-pch-timestamp -Qunused-arguments -Wno-bool-operation -Wno-c++11-narrowing -Wno-constant-logical-operand -Wno-int-in-bool-context -Wno-non-pod-varargs -Wno-parentheses-equality -Wno-shadow -Wno-sign-compare -Wno-tautological-bitwise-compare -Wno-tautological-compare -Wno-uninitialized -Wno-unused-but-set-parameter -Wno-unused-but-set-variable -Wno-unused-parameter -Wno-unused-variable -Wno-vla-cxx-extension    -DVL_TIME_CONTEXT   -std=gnu++20 -c -o verilated_fst_c.o /opt/homebrew/Cellar/verilator/5.044/share/verilator/include/verilated_fst_c.cpp
warning: unknown warning option '-Wno-vla-cxx-extension'; did you mean '-Wno-vla-extension'? [-Wunknown-warning-option]
1 warning generated.
c++ -Os  -I.  -MMD -I/opt/homebrew/Cellar/verilator/5.044/share/verilator/include -I/opt/homebrew/Cellar/verilator/5.044/share/verilator/include/vltstd -DVERILATOR=1 -DVM_COVERAGE=0 -DVM_SC=0 -DVM_TIMING=1 -DVM_TRACE=1 -DVM_TRACE_FST=1 -DVM_TRACE_VCD=0 -DVM_TRACE_SAIF=0 -faligned-new -fbracket-depth=4096 -fcf-protection=none -Xclang -fno-pch-timestamp -Qunused-arguments -Wno-bool-operation -Wno-c++11-narrowing -Wno-constant-logical-operand -Wno-int-in-bool-context -Wno-non-pod-varargs -Wno-parentheses-equality -Wno-shadow -Wno-sign-compare -Wno-tautological-bitwise-compare -Wno-tautological-compare -Wno-uninitialized -Wno-unused-but-set-parameter -Wno-unused-but-set-variable -Wno-unused-parameter -Wno-unused-variable -Wno-vla-cxx-extension    -DVL_TIME_CONTEXT   -std=gnu++20 -c -o verilated_timing.o /opt/homebrew/Cellar/verilator/5.044/share/verilator/include/verilated_timing.cpp
warning: unknown warning option '-Wno-vla-cxx-extension'; did you mean '-Wno-vla-extension'? [-Wunknown-warning-option]
1 warning generated.
c++ -Os  -I.  -MMD -I/opt/homebrew/Cellar/verilator/5.044/share/verilator/include -I/opt/homebrew/Cellar/verilator/5.044/share/verilator/include/vltstd -DVERILATOR=1 -DVM_COVERAGE=0 -DVM_SC=0 -DVM_TIMING=1 -DVM_TRACE=1 -DVM_TRACE_FST=1 -DVM_TRACE_VCD=0 -DVM_TRACE_SAIF=0 -faligned-new -fbracket-depth=4096 -fcf-protection=none -Xclang -fno-pch-timestamp -Qunused-arguments -Wno-bool-operation -Wno-c++11-narrowing -Wno-constant-logical-operand -Wno-int-in-bool-context -Wno-non-pod-varargs -Wno-parentheses-equality -Wno-shadow -Wno-sign-compare -Wno-tautological-bitwise-compare -Wno-tautological-compare -Wno-uninitialized -Wno-unused-but-set-parameter -Wno-unused-but-set-variable -Wno-unused-parameter -Wno-unused-variable -Wno-vla-cxx-extension    -DVL_TIME_CONTEXT   -std=gnu++20 -c -o verilated_threads.o /opt/homebrew/Cellar/verilator/5.044/share/verilator/include/verilated_threads.cpp
warning: unknown warning option '-Wno-vla-cxx-extension'; did you mean '-Wno-vla-extension'? [-Wunknown-warning-option]
1 warning generated.
c++ -Os  -I.  -MMD -I/opt/homebrew/Cellar/verilator/5.044/share/verilator/include -I/opt/homebrew/Cellar/verilator/5.044/share/verilator/include/vltstd -DVERILATOR=1 -DVM_COVERAGE=0 -DVM_SC=0 -DVM_TIMING=1 -DVM_TRACE=1 -DVM_TRACE_FST=1 -DVM_TRACE_VCD=0 -DVM_TRACE_SAIF=0 -faligned-new -fbracket-depth=4096 -fcf-protection=none -Xclang -fno-pch-timestamp -Qunused-arguments -Wno-bool-operation -Wno-c++11-narrowing -Wno-constant-logical-operand -Wno-int-in-bool-context -Wno-non-pod-varargs -Wno-parentheses-equality -Wno-shadow -Wno-sign-compare -Wno-tautological-bitwise-compare -Wno-tautological-compare -Wno-uninitialized -Wno-unused-but-set-parameter -Wno-unused-but-set-variable -Wno-unused-parameter -Wno-unused-variable -Wno-vla-cxx-extension    -DVL_TIME_CONTEXT   -std=gnu++20 -x c++-header Vtb_l2b_chain__pch.h -o Vtb_l2b_chain__pch.h.fast.gch
warning: unknown warning option '-Wno-vla-cxx-extension'; did you mean '-Wno-vla-extension'? [-Wunknown-warning-option]
1 warning generated.
c++ -Os  -I.  -MMD -I/opt/homebrew/Cellar/verilator/5.044/share/verilator/include -I/opt/homebrew/Cellar/verilator/5.044/share/verilator/include/vltstd -DVERILATOR=1 -DVM_COVERAGE=0 -DVM_SC=0 -DVM_TIMING=1 -DVM_TRACE=1 -DVM_TRACE_FST=1 -DVM_TRACE_VCD=0 -DVM_TRACE_SAIF=0 -faligned-new -fbracket-depth=4096 -fcf-protection=none -Xclang -fno-pch-timestamp -Qunused-arguments -Wno-bool-operation -Wno-c++11-narrowing -Wno-constant-logical-operand -Wno-int-in-bool-context -Wno-non-pod-varargs -Wno-parentheses-equality -Wno-shadow -Wno-sign-compare -Wno-tautological-bitwise-compare -Wno-tautological-compare -Wno-uninitialized -Wno-unused-but-set-parameter -Wno-unused-but-set-variable -Wno-unused-parameter -Wno-unused-variable -Wno-vla-cxx-extension    -DVL_TIME_CONTEXT   -std=gnu++20 -include-pch Vtb_l2b_chain__pch.h.fast.gch -c -o Vtb_l2b_chain.o Vtb_l2b_chain.cpp
warning: unknown warning option '-Wno-vla-cxx-extension'; did you mean '-Wno-vla-extension'? [-Wunknown-warning-option]
1 warning generated.
c++ -Os  -I.  -MMD -I/opt/homebrew/Cellar/verilator/5.044/share/verilator/include -I/opt/homebrew/Cellar/verilator/5.044/share/verilator/include/vltstd -DVERILATOR=1 -DVM_COVERAGE=0 -DVM_SC=0 -DVM_TIMING=1 -DVM_TRACE=1 -DVM_TRACE_FST=1 -DVM_TRACE_VCD=0 -DVM_TRACE_SAIF=0 -faligned-new -fbracket-depth=4096 -fcf-protection=none -Xclang -fno-pch-timestamp -Qunused-arguments -Wno-bool-operation -Wno-c++11-narrowing -Wno-constant-logical-operand -Wno-int-in-bool-context -Wno-non-pod-varargs -Wno-parentheses-equality -Wno-shadow -Wno-sign-compare -Wno-tautological-bitwise-compare -Wno-tautological-compare -Wno-uninitialized -Wno-unused-but-set-parameter -Wno-unused-but-set-variable -Wno-unused-parameter -Wno-unused-variable -Wno-vla-cxx-extension    -DVL_TIME_CONTEXT   -std=gnu++20 -include-pch Vtb_l2b_chain__pch.h.fast.gch -c -o Vtb_l2b_chain___024root__0.o Vtb_l2b_chain___024root__0.cpp
warning: unknown warning option '-Wno-vla-cxx-extension'; did you mean '-Wno-vla-extension'? [-Wunknown-warning-option]
1 warning generated.
c++ -Os  -I.  -MMD -I/opt/homebrew/Cellar/verilator/5.044/share/verilator/include -I/opt/homebrew/Cellar/verilator/5.044/share/verilator/include/vltstd -DVERILATOR=1 -DVM_COVERAGE=0 -DVM_SC=0 -DVM_TIMING=1 -DVM_TRACE=1 -DVM_TRACE_FST=1 -DVM_TRACE_VCD=0 -DVM_TRACE_SAIF=0 -faligned-new -fbracket-depth=4096 -fcf-protection=none -Xclang -fno-pch-timestamp -Qunused-arguments -Wno-bool-operation -Wno-c++11-narrowing -Wno-constant-logical-operand -Wno-int-in-bool-context -Wno-non-pod-varargs -Wno-parentheses-equality -Wno-shadow -Wno-sign-compare -Wno-tautological-bitwise-compare -Wno-tautological-compare -Wno-uninitialized -Wno-unused-but-set-parameter -Wno-unused-but-set-variable -Wno-unused-parameter -Wno-unused-variable -Wno-vla-cxx-extension    -DVL_TIME_CONTEXT   -std=gnu++20 -include-pch Vtb_l2b_chain__pch.h.fast.gch -c -o Vtb_l2b_chain___024root__1.o Vtb_l2b_chain___024root__1.cpp
warning: unknown warning option '-Wno-vla-cxx-extension'; did you mean '-Wno-vla-extension'? [-Wunknown-warning-option]
1 warning generated.
c++ -Os  -I.  -MMD -I/opt/homebrew/Cellar/verilator/5.044/share/verilator/include -I/opt/homebrew/Cellar/verilator/5.044/share/verilator/include/vltstd -DVERILATOR=1 -DVM_COVERAGE=0 -DVM_SC=0 -DVM_TIMING=1 -DVM_TRACE=1 -DVM_TRACE_FST=1 -DVM_TRACE_VCD=0 -DVM_TRACE_SAIF=0 -faligned-new -fbracket-depth=4096 -fcf-protection=none -Xclang -fno-pch-timestamp -Qunused-arguments -Wno-bool-operation -Wno-c++11-narrowing -Wno-constant-logical-operand -Wno-int-in-bool-context -Wno-non-pod-varargs -Wno-parentheses-equality -Wno-shadow -Wno-sign-compare -Wno-tautological-bitwise-compare -Wno-tautological-compare -Wno-uninitialized -Wno-unused-but-set-parameter -Wno-unused-but-set-variable -Wno-unused-parameter -Wno-unused-variable -Wno-vla-cxx-extension    -DVL_TIME_CONTEXT   -std=gnu++20 -include-pch Vtb_l2b_chain__pch.h.fast.gch -c -o Vtb_l2b_chain___024root__2.o Vtb_l2b_chain___024root__2.cpp
warning: unknown warning option '-Wno-vla-cxx-extension'; did you mean '-Wno-vla-extension'? [-Wunknown-warning-option]
1 warning generated.
c++ -Os  -I.  -MMD -I/opt/homebrew/Cellar/verilator/5.044/share/verilator/include -I/opt/homebrew/Cellar/verilator/5.044/share/verilator/include/vltstd -DVERILATOR=1 -DVM_COVERAGE=0 -DVM_SC=0 -DVM_TIMING=1 -DVM_TRACE=1 -DVM_TRACE_FST=1 -DVM_TRACE_VCD=0 -DVM_TRACE_SAIF=0 -faligned-new -fbracket-depth=4096 -fcf-protection=none -Xclang -fno-pch-timestamp -Qunused-arguments -Wno-bool-operation -Wno-c++11-narrowing -Wno-constant-logical-operand -Wno-int-in-bool-context -Wno-non-pod-varargs -Wno-parentheses-equality -Wno-shadow -Wno-sign-compare -Wno-tautological-bitwise-compare -Wno-tautological-compare -Wno-uninitialized -Wno-unused-but-set-parameter -Wno-unused-but-set-variable -Wno-unused-parameter -Wno-unused-variable -Wno-vla-cxx-extension    -DVL_TIME_CONTEXT   -std=gnu++20 -include-pch Vtb_l2b_chain__pch.h.fast.gch -c -o Vtb_l2b_chain__main.o Vtb_l2b_chain__main.cpp
warning: unknown warning option '-Wno-vla-cxx-extension'; did you mean '-Wno-vla-extension'? [-Wunknown-warning-option]
1 warning generated.
c++ -Os  -I.  -MMD -I/opt/homebrew/Cellar/verilator/5.044/share/verilator/include -I/opt/homebrew/Cellar/verilator/5.044/share/verilator/include/vltstd -DVERILATOR=1 -DVM_COVERAGE=0 -DVM_SC=0 -DVM_TIMING=1 -DVM_TRACE=1 -DVM_TRACE_FST=1 -DVM_TRACE_VCD=0 -DVM_TRACE_SAIF=0 -faligned-new -fbracket-depth=4096 -fcf-protection=none -Xclang -fno-pch-timestamp -Qunused-arguments -Wno-bool-operation -Wno-c++11-narrowing -Wno-constant-logical-operand -Wno-int-in-bool-context -Wno-non-pod-varargs -Wno-parentheses-equality -Wno-shadow -Wno-sign-compare -Wno-tautological-bitwise-compare -Wno-tautological-compare -Wno-uninitialized -Wno-unused-but-set-parameter -Wno-unused-but-set-variable -Wno-unused-parameter -Wno-unused-variable -Wno-vla-cxx-extension    -DVL_TIME_CONTEXT   -std=gnu++20 -include-pch Vtb_l2b_chain__pch.h.fast.gch -c -o Vtb_l2b_chain__Trace__0.o Vtb_l2b_chain__Trace__0.cpp
warning: unknown warning option '-Wno-vla-cxx-extension'; did you mean '-Wno-vla-extension'? [-Wunknown-warning-option]
1 warning generated.
c++   -I.  -MMD -I/opt/homebrew/Cellar/verilator/5.044/share/verilator/include -I/opt/homebrew/Cellar/verilator/5.044/share/verilator/include/vltstd -DVERILATOR=1 -DVM_COVERAGE=0 -DVM_SC=0 -DVM_TIMING=1 -DVM_TRACE=1 -DVM_TRACE_FST=1 -DVM_TRACE_VCD=0 -DVM_TRACE_SAIF=0 -faligned-new -fbracket-depth=4096 -fcf-protection=none -Xclang -fno-pch-timestamp -Qunused-arguments -Wno-bool-operation -Wno-c++11-narrowing -Wno-constant-logical-operand -Wno-int-in-bool-context -Wno-non-pod-varargs -Wno-parentheses-equality -Wno-shadow -Wno-sign-compare -Wno-tautological-bitwise-compare -Wno-tautological-compare -Wno-uninitialized -Wno-unused-but-set-parameter -Wno-unused-but-set-variable -Wno-unused-parameter -Wno-unused-variable -Wno-vla-cxx-extension    -DVL_TIME_CONTEXT   -std=gnu++20 -x c++-header Vtb_l2b_chain__pch.h -o Vtb_l2b_chain__pch.h.slow.gch
warning: unknown warning option '-Wno-vla-cxx-extension'; did you mean '-Wno-vla-extension'? [-Wunknown-warning-option]
1 warning generated.
c++   -I.  -MMD -I/opt/homebrew/Cellar/verilator/5.044/share/verilator/include -I/opt/homebrew/Cellar/verilator/5.044/share/verilator/include/vltstd -DVERILATOR=1 -DVM_COVERAGE=0 -DVM_SC=0 -DVM_TIMING=1 -DVM_TRACE=1 -DVM_TRACE_FST=1 -DVM_TRACE_VCD=0 -DVM_TRACE_SAIF=0 -faligned-new -fbracket-depth=4096 -fcf-protection=none -Xclang -fno-pch-timestamp -Qunused-arguments -Wno-bool-operation -Wno-c++11-narrowing -Wno-constant-logical-operand -Wno-int-in-bool-context -Wno-non-pod-varargs -Wno-parentheses-equality -Wno-shadow -Wno-sign-compare -Wno-tautological-bitwise-compare -Wno-tautological-compare -Wno-uninitialized -Wno-unused-but-set-parameter -Wno-unused-but-set-variable -Wno-unused-parameter -Wno-unused-variable -Wno-vla-cxx-extension    -DVL_TIME_CONTEXT   -std=gnu++20 -include-pch Vtb_l2b_chain__pch.h.slow.gch -c -o Vtb_l2b_chain__ConstPool__0__Slow.o Vtb_l2b_chain__ConstPool__0__Slow.cpp
warning: unknown warning option '-Wno-vla-cxx-extension'; did you mean '-Wno-vla-extension'? [-Wunknown-warning-option]
1 warning generated.
c++   -I.  -MMD -I/opt/homebrew/Cellar/verilator/5.044/share/verilator/include -I/opt/homebrew/Cellar/verilator/5.044/share/verilator/include/vltstd -DVERILATOR=1 -DVM_COVERAGE=0 -DVM_SC=0 -DVM_TIMING=1 -DVM_TRACE=1 -DVM_TRACE_FST=1 -DVM_TRACE_VCD=0 -DVM_TRACE_SAIF=0 -faligned-new -fbracket-depth=4096 -fcf-protection=none -Xclang -fno-pch-timestamp -Qunused-arguments -Wno-bool-operation -Wno-c++11-narrowing -Wno-constant-logical-operand -Wno-int-in-bool-context -Wno-non-pod-varargs -Wno-parentheses-equality -Wno-shadow -Wno-sign-compare -Wno-tautological-bitwise-compare -Wno-tautological-compare -Wno-uninitialized -Wno-unused-but-set-parameter -Wno-unused-but-set-variable -Wno-unused-parameter -Wno-unused-variable -Wno-vla-cxx-extension    -DVL_TIME_CONTEXT   -std=gnu++20 -include-pch Vtb_l2b_chain__pch.h.slow.gch -c -o Vtb_l2b_chain___024root__Slow.o Vtb_l2b_chain___024root__Slow.cpp
warning: unknown warning option '-Wno-vla-cxx-extension'; did you mean '-Wno-vla-extension'? [-Wunknown-warning-option]
1 warning generated.
c++   -I.  -MMD -I/opt/homebrew/Cellar/verilator/5.044/share/verilator/include -I/opt/homebrew/Cellar/verilator/5.044/share/verilator/include/vltstd -DVERILATOR=1 -DVM_COVERAGE=0 -DVM_SC=0 -DVM_TIMING=1 -DVM_TRACE=1 -DVM_TRACE_FST=1 -DVM_TRACE_VCD=0 -DVM_TRACE_SAIF=0 -faligned-new -fbracket-depth=4096 -fcf-protection=none -Xclang -fno-pch-timestamp -Qunused-arguments -Wno-bool-operation -Wno-c++11-narrowing -Wno-constant-logical-operand -Wno-int-in-bool-context -Wno-non-pod-varargs -Wno-parentheses-equality -Wno-shadow -Wno-sign-compare -Wno-tautological-bitwise-compare -Wno-tautological-compare -Wno-uninitialized -Wno-unused-but-set-parameter -Wno-unused-but-set-variable -Wno-unused-parameter -Wno-unused-variable -Wno-vla-cxx-extension    -DVL_TIME_CONTEXT   -std=gnu++20 -include-pch Vtb_l2b_chain__pch.h.slow.gch -c -o Vtb_l2b_chain___024root__0__Slow.o Vtb_l2b_chain___024root__0__Slow.cpp
warning: unknown warning option '-Wno-vla-cxx-extension'; did you mean '-Wno-vla-extension'? [-Wunknown-warning-option]
1 warning generated.
c++   -I.  -MMD -I/opt/homebrew/Cellar/verilator/5.044/share/verilator/include -I/opt/homebrew/Cellar/verilator/5.044/share/verilator/include/vltstd -DVERILATOR=1 -DVM_COVERAGE=0 -DVM_SC=0 -DVM_TIMING=1 -DVM_TRACE=1 -DVM_TRACE_FST=1 -DVM_TRACE_VCD=0 -DVM_TRACE_SAIF=0 -faligned-new -fbracket-depth=4096 -fcf-protection=none -Xclang -fno-pch-timestamp -Qunused-arguments -Wno-bool-operation -Wno-c++11-narrowing -Wno-constant-logical-operand -Wno-int-in-bool-context -Wno-non-pod-varargs -Wno-parentheses-equality -Wno-shadow -Wno-sign-compare -Wno-tautological-bitwise-compare -Wno-tautological-compare -Wno-uninitialized -Wno-unused-but-set-parameter -Wno-unused-but-set-variable -Wno-unused-parameter -Wno-unused-variable -Wno-vla-cxx-extension    -DVL_TIME_CONTEXT   -std=gnu++20 -include-pch Vtb_l2b_chain__pch.h.slow.gch -c -o Vtb_l2b_chain___024root__1__Slow.o Vtb_l2b_chain___024root__1__Slow.cpp
warning: unknown warning option '-Wno-vla-cxx-extension'; did you mean '-Wno-vla-extension'? [-Wunknown-warning-option]
1 warning generated.
c++   -I.  -MMD -I/opt/homebrew/Cellar/verilator/5.044/share/verilator/include -I/opt/homebrew/Cellar/verilator/5.044/share/verilator/include/vltstd -DVERILATOR=1 -DVM_COVERAGE=0 -DVM_SC=0 -DVM_TIMING=1 -DVM_TRACE=1 -DVM_TRACE_FST=1 -DVM_TRACE_VCD=0 -DVM_TRACE_SAIF=0 -faligned-new -fbracket-depth=4096 -fcf-protection=none -Xclang -fno-pch-timestamp -Qunused-arguments -Wno-bool-operation -Wno-c++11-narrowing -Wno-constant-logical-operand -Wno-int-in-bool-context -Wno-non-pod-varargs -Wno-parentheses-equality -Wno-shadow -Wno-sign-compare -Wno-tautological-bitwise-compare -Wno-tautological-compare -Wno-uninitialized -Wno-unused-but-set-parameter -Wno-unused-but-set-variable -Wno-unused-parameter -Wno-unused-variable -Wno-vla-cxx-extension    -DVL_TIME_CONTEXT   -std=gnu++20 -include-pch Vtb_l2b_chain__pch.h.slow.gch -c -o Vtb_l2b_chain__Syms__Slow.o Vtb_l2b_chain__Syms__Slow.cpp
warning: unknown warning option '-Wno-vla-cxx-extension'; did you mean '-Wno-vla-extension'? [-Wunknown-warning-option]
1 warning generated.
c++   -I.  -MMD -I/opt/homebrew/Cellar/verilator/5.044/share/verilator/include -I/opt/homebrew/Cellar/verilator/5.044/share/verilator/include/vltstd -DVERILATOR=1 -DVM_COVERAGE=0 -DVM_SC=0 -DVM_TIMING=1 -DVM_TRACE=1 -DVM_TRACE_FST=1 -DVM_TRACE_VCD=0 -DVM_TRACE_SAIF=0 -faligned-new -fbracket-depth=4096 -fcf-protection=none -Xclang -fno-pch-timestamp -Qunused-arguments -Wno-bool-operation -Wno-c++11-narrowing -Wno-constant-logical-operand -Wno-int-in-bool-context -Wno-non-pod-varargs -Wno-parentheses-equality -Wno-shadow -Wno-sign-compare -Wno-tautological-bitwise-compare -Wno-tautological-compare -Wno-uninitialized -Wno-unused-but-set-parameter -Wno-unused-but-set-variable -Wno-unused-parameter -Wno-unused-variable -Wno-vla-cxx-extension    -DVL_TIME_CONTEXT   -std=gnu++20 -include-pch Vtb_l2b_chain__pch.h.slow.gch -c -o Vtb_l2b_chain__Trace__0__Slow.o Vtb_l2b_chain__Trace__0__Slow.cpp
warning: unknown warning option '-Wno-vla-cxx-extension'; did you mean '-Wno-vla-extension'? [-Wunknown-warning-option]
1 warning generated.
c++   -I.  -MMD -I/opt/homebrew/Cellar/verilator/5.044/share/verilator/include -I/opt/homebrew/Cellar/verilator/5.044/share/verilator/include/vltstd -DVERILATOR=1 -DVM_COVERAGE=0 -DVM_SC=0 -DVM_TIMING=1 -DVM_TRACE=1 -DVM_TRACE_FST=1 -DVM_TRACE_VCD=0 -DVM_TRACE_SAIF=0 -faligned-new -fbracket-depth=4096 -fcf-protection=none -Xclang -fno-pch-timestamp -Qunused-arguments -Wno-bool-operation -Wno-c++11-narrowing -Wno-constant-logical-operand -Wno-int-in-bool-context -Wno-non-pod-varargs -Wno-parentheses-equality -Wno-shadow -Wno-sign-compare -Wno-tautological-bitwise-compare -Wno-tautological-compare -Wno-uninitialized -Wno-unused-but-set-parameter -Wno-unused-but-set-variable -Wno-unused-parameter -Wno-unused-variable -Wno-vla-cxx-extension    -DVL_TIME_CONTEXT   -std=gnu++20 -include-pch Vtb_l2b_chain__pch.h.slow.gch -c -o Vtb_l2b_chain__TraceDecls__0__Slow.o Vtb_l2b_chain__TraceDecls__0__Slow.cpp
warning: unknown warning option '-Wno-vla-cxx-extension'; did you mean '-Wno-vla-extension'? [-Wunknown-warning-option]
1 warning generated.
c++  -Wl,-U,__Z15vl_time_stamp64v,-U,__Z13sc_time_stampv   verilated.o verilated_fst_c.o verilated_timing.o verilated_threads.o Vtb_l2b_chain__ALL.a   -lz  -pthread -lpthread   -o Vtb_l2b_chain
rm Vtb_l2b_chain__ALL.verilator_deplist.tmp
- V e r i l a t i o n   R e p o r t: Verilator 5.044 2026-01-01 rev vUNKNOWN-built20260101
- Verilator: Built from 1.244 MB sources in 25 modules, into 4.078 MB in 13 C++ files needing 0.002 MB
- Verilator: Walltime 9.926 s (elab=0.014, cvt=0.197, bld=9.655); cpu 0.265 s on 1 threads; alloced 37.297 MB
mkdir -p build/obj_l2b_t1
/opt/homebrew/bin/verilator --binary -Wall --timing --assert --timescale 1ns/1ps -I../../../verif/common -I../../../rtl/asu -I. lint_waivers.vlt --trace-fst -GTIER_CFG=1 -GG_CFG=16  -GOUTK_CFG=0 -GDEPTH_CFG=512 --top-module tb_l2b_chain -Mdir build/obj_l2b_t1 ../../../rtl/apex_pkg.sv ../../../rtl/mxe/mxe_cfg_pkg.sv ../../../rtl/xbr/stream_skid.sv ../../../rtl/kvq/cores/cq_fp_pkg.sv ../../../rtl/kvq/cores/amax_unit.sv ../../../rtl/kvq/cores/cq_scale_unit.sv ../../../rtl/kvq/cores/cq_quant_unit.sv ../../../rtl/kvq/cores/cq_dequant_unit.sv ../../../rtl/kvq/cores/scale_bank.sv ../../../rtl/kvq/cores/residual_buffer.sv ../../../rtl/kvq/cores/sram_controller.sv ../../../rtl/kvq/cores/cq_value_path.sv ../../../rtl/kvq/cores/cq_key_path.sv ../../../rtl/kvq/kvq_engine.sv ../../../rtl/seam/seam_feeder_quant.sv ../../../rtl/mxe/mxe_pe.sv ../../../rtl/mxe/mxe_array.sv ../../../rtl/mxe/mxe_buf.sv ../../../rtl/mxe/mxe_requant.sv ../../../rtl/mxe/mxe_ctrl.sv ../../../rtl/mxe/mxe_top.sv tb_l2b_chain.sv
c++ -Os  -I.  -MMD -I/opt/homebrew/Cellar/verilator/5.044/share/verilator/include -I/opt/homebrew/Cellar/verilator/5.044/share/verilator/include/vltstd -DVERILATOR=1 -DVM_COVERAGE=0 -DVM_SC=0 -DVM_TIMING=1 -DVM_TRACE=1 -DVM_TRACE_FST=1 -DVM_TRACE_VCD=0 -DVM_TRACE_SAIF=0 -faligned-new -fbracket-depth=4096 -fcf-protection=none -Xclang -fno-pch-timestamp -Qunused-arguments -Wno-bool-operation -Wno-c++11-narrowing -Wno-constant-logical-operand -Wno-int-in-bool-context -Wno-non-pod-varargs -Wno-parentheses-equality -Wno-shadow -Wno-sign-compare -Wno-tautological-bitwise-compare -Wno-tautological-compare -Wno-uninitialized -Wno-unused-but-set-parameter -Wno-unused-but-set-variable -Wno-unused-parameter -Wno-unused-variable -Wno-vla-cxx-extension    -DVL_TIME_CONTEXT   -std=gnu++20 -c -o verilated.o /opt/homebrew/Cellar/verilator/5.044/share/verilator/include/verilated.cpp
warning: unknown warning option '-Wno-vla-cxx-extension'; did you mean '-Wno-vla-extension'? [-Wunknown-warning-option]
1 warning generated.
c++ -Os  -I.  -MMD -I/opt/homebrew/Cellar/verilator/5.044/share/verilator/include -I/opt/homebrew/Cellar/verilator/5.044/share/verilator/include/vltstd -DVERILATOR=1 -DVM_COVERAGE=0 -DVM_SC=0 -DVM_TIMING=1 -DVM_TRACE=1 -DVM_TRACE_FST=1 -DVM_TRACE_VCD=0 -DVM_TRACE_SAIF=0 -faligned-new -fbracket-depth=4096 -fcf-protection=none -Xclang -fno-pch-timestamp -Qunused-arguments -Wno-bool-operation -Wno-c++11-narrowing -Wno-constant-logical-operand -Wno-int-in-bool-context -Wno-non-pod-varargs -Wno-parentheses-equality -Wno-shadow -Wno-sign-compare -Wno-tautological-bitwise-compare -Wno-tautological-compare -Wno-uninitialized -Wno-unused-but-set-parameter -Wno-unused-but-set-variable -Wno-unused-parameter -Wno-unused-variable -Wno-vla-cxx-extension    -DVL_TIME_CONTEXT   -std=gnu++20 -c -o verilated_fst_c.o /opt/homebrew/Cellar/verilator/5.044/share/verilator/include/verilated_fst_c.cpp
warning: unknown warning option '-Wno-vla-cxx-extension'; did you mean '-Wno-vla-extension'? [-Wunknown-warning-option]
1 warning generated.
c++ -Os  -I.  -MMD -I/opt/homebrew/Cellar/verilator/5.044/share/verilator/include -I/opt/homebrew/Cellar/verilator/5.044/share/verilator/include/vltstd -DVERILATOR=1 -DVM_COVERAGE=0 -DVM_SC=0 -DVM_TIMING=1 -DVM_TRACE=1 -DVM_TRACE_FST=1 -DVM_TRACE_VCD=0 -DVM_TRACE_SAIF=0 -faligned-new -fbracket-depth=4096 -fcf-protection=none -Xclang -fno-pch-timestamp -Qunused-arguments -Wno-bool-operation -Wno-c++11-narrowing -Wno-constant-logical-operand -Wno-int-in-bool-context -Wno-non-pod-varargs -Wno-parentheses-equality -Wno-shadow -Wno-sign-compare -Wno-tautological-bitwise-compare -Wno-tautological-compare -Wno-uninitialized -Wno-unused-but-set-parameter -Wno-unused-but-set-variable -Wno-unused-parameter -Wno-unused-variable -Wno-vla-cxx-extension    -DVL_TIME_CONTEXT   -std=gnu++20 -c -o verilated_timing.o /opt/homebrew/Cellar/verilator/5.044/share/verilator/include/verilated_timing.cpp
warning: unknown warning option '-Wno-vla-cxx-extension'; did you mean '-Wno-vla-extension'? [-Wunknown-warning-option]
1 warning generated.
c++ -Os  -I.  -MMD -I/opt/homebrew/Cellar/verilator/5.044/share/verilator/include -I/opt/homebrew/Cellar/verilator/5.044/share/verilator/include/vltstd -DVERILATOR=1 -DVM_COVERAGE=0 -DVM_SC=0 -DVM_TIMING=1 -DVM_TRACE=1 -DVM_TRACE_FST=1 -DVM_TRACE_VCD=0 -DVM_TRACE_SAIF=0 -faligned-new -fbracket-depth=4096 -fcf-protection=none -Xclang -fno-pch-timestamp -Qunused-arguments -Wno-bool-operation -Wno-c++11-narrowing -Wno-constant-logical-operand -Wno-int-in-bool-context -Wno-non-pod-varargs -Wno-parentheses-equality -Wno-shadow -Wno-sign-compare -Wno-tautological-bitwise-compare -Wno-tautological-compare -Wno-uninitialized -Wno-unused-but-set-parameter -Wno-unused-but-set-variable -Wno-unused-parameter -Wno-unused-variable -Wno-vla-cxx-extension    -DVL_TIME_CONTEXT   -std=gnu++20 -c -o verilated_threads.o /opt/homebrew/Cellar/verilator/5.044/share/verilator/include/verilated_threads.cpp
warning: unknown warning option '-Wno-vla-cxx-extension'; did you mean '-Wno-vla-extension'? [-Wunknown-warning-option]
1 warning generated.
c++ -Os  -I.  -MMD -I/opt/homebrew/Cellar/verilator/5.044/share/verilator/include -I/opt/homebrew/Cellar/verilator/5.044/share/verilator/include/vltstd -DVERILATOR=1 -DVM_COVERAGE=0 -DVM_SC=0 -DVM_TIMING=1 -DVM_TRACE=1 -DVM_TRACE_FST=1 -DVM_TRACE_VCD=0 -DVM_TRACE_SAIF=0 -faligned-new -fbracket-depth=4096 -fcf-protection=none -Xclang -fno-pch-timestamp -Qunused-arguments -Wno-bool-operation -Wno-c++11-narrowing -Wno-constant-logical-operand -Wno-int-in-bool-context -Wno-non-pod-varargs -Wno-parentheses-equality -Wno-shadow -Wno-sign-compare -Wno-tautological-bitwise-compare -Wno-tautological-compare -Wno-uninitialized -Wno-unused-but-set-parameter -Wno-unused-but-set-variable -Wno-unused-parameter -Wno-unused-variable -Wno-vla-cxx-extension    -DVL_TIME_CONTEXT   -std=gnu++20 -x c++-header Vtb_l2b_chain__pch.h -o Vtb_l2b_chain__pch.h.fast.gch
warning: unknown warning option '-Wno-vla-cxx-extension'; did you mean '-Wno-vla-extension'? [-Wunknown-warning-option]
1 warning generated.
c++ -Os  -I.  -MMD -I/opt/homebrew/Cellar/verilator/5.044/share/verilator/include -I/opt/homebrew/Cellar/verilator/5.044/share/verilator/include/vltstd -DVERILATOR=1 -DVM_COVERAGE=0 -DVM_SC=0 -DVM_TIMING=1 -DVM_TRACE=1 -DVM_TRACE_FST=1 -DVM_TRACE_VCD=0 -DVM_TRACE_SAIF=0 -faligned-new -fbracket-depth=4096 -fcf-protection=none -Xclang -fno-pch-timestamp -Qunused-arguments -Wno-bool-operation -Wno-c++11-narrowing -Wno-constant-logical-operand -Wno-int-in-bool-context -Wno-non-pod-varargs -Wno-parentheses-equality -Wno-shadow -Wno-sign-compare -Wno-tautological-bitwise-compare -Wno-tautological-compare -Wno-uninitialized -Wno-unused-but-set-parameter -Wno-unused-but-set-variable -Wno-unused-parameter -Wno-unused-variable -Wno-vla-cxx-extension    -DVL_TIME_CONTEXT   -std=gnu++20 -include-pch Vtb_l2b_chain__pch.h.fast.gch -c -o Vtb_l2b_chain.o Vtb_l2b_chain.cpp
warning: unknown warning option '-Wno-vla-cxx-extension'; did you mean '-Wno-vla-extension'? [-Wunknown-warning-option]
1 warning generated.
c++ -Os  -I.  -MMD -I/opt/homebrew/Cellar/verilator/5.044/share/verilator/include -I/opt/homebrew/Cellar/verilator/5.044/share/verilator/include/vltstd -DVERILATOR=1 -DVM_COVERAGE=0 -DVM_SC=0 -DVM_TIMING=1 -DVM_TRACE=1 -DVM_TRACE_FST=1 -DVM_TRACE_VCD=0 -DVM_TRACE_SAIF=0 -faligned-new -fbracket-depth=4096 -fcf-protection=none -Xclang -fno-pch-timestamp -Qunused-arguments -Wno-bool-operation -Wno-c++11-narrowing -Wno-constant-logical-operand -Wno-int-in-bool-context -Wno-non-pod-varargs -Wno-parentheses-equality -Wno-shadow -Wno-sign-compare -Wno-tautological-bitwise-compare -Wno-tautological-compare -Wno-uninitialized -Wno-unused-but-set-parameter -Wno-unused-but-set-variable -Wno-unused-parameter -Wno-unused-variable -Wno-vla-cxx-extension    -DVL_TIME_CONTEXT   -std=gnu++20 -include-pch Vtb_l2b_chain__pch.h.fast.gch -c -o Vtb_l2b_chain___024root__0.o Vtb_l2b_chain___024root__0.cpp
warning: unknown warning option '-Wno-vla-cxx-extension'; did you mean '-Wno-vla-extension'? [-Wunknown-warning-option]
1 warning generated.
c++ -Os  -I.  -MMD -I/opt/homebrew/Cellar/verilator/5.044/share/verilator/include -I/opt/homebrew/Cellar/verilator/5.044/share/verilator/include/vltstd -DVERILATOR=1 -DVM_COVERAGE=0 -DVM_SC=0 -DVM_TIMING=1 -DVM_TRACE=1 -DVM_TRACE_FST=1 -DVM_TRACE_VCD=0 -DVM_TRACE_SAIF=0 -faligned-new -fbracket-depth=4096 -fcf-protection=none -Xclang -fno-pch-timestamp -Qunused-arguments -Wno-bool-operation -Wno-c++11-narrowing -Wno-constant-logical-operand -Wno-int-in-bool-context -Wno-non-pod-varargs -Wno-parentheses-equality -Wno-shadow -Wno-sign-compare -Wno-tautological-bitwise-compare -Wno-tautological-compare -Wno-uninitialized -Wno-unused-but-set-parameter -Wno-unused-but-set-variable -Wno-unused-parameter -Wno-unused-variable -Wno-vla-cxx-extension    -DVL_TIME_CONTEXT   -std=gnu++20 -include-pch Vtb_l2b_chain__pch.h.fast.gch -c -o Vtb_l2b_chain___024root__1.o Vtb_l2b_chain___024root__1.cpp
warning: unknown warning option '-Wno-vla-cxx-extension'; did you mean '-Wno-vla-extension'? [-Wunknown-warning-option]
1 warning generated.
c++ -Os  -I.  -MMD -I/opt/homebrew/Cellar/verilator/5.044/share/verilator/include -I/opt/homebrew/Cellar/verilator/5.044/share/verilator/include/vltstd -DVERILATOR=1 -DVM_COVERAGE=0 -DVM_SC=0 -DVM_TIMING=1 -DVM_TRACE=1 -DVM_TRACE_FST=1 -DVM_TRACE_VCD=0 -DVM_TRACE_SAIF=0 -faligned-new -fbracket-depth=4096 -fcf-protection=none -Xclang -fno-pch-timestamp -Qunused-arguments -Wno-bool-operation -Wno-c++11-narrowing -Wno-constant-logical-operand -Wno-int-in-bool-context -Wno-non-pod-varargs -Wno-parentheses-equality -Wno-shadow -Wno-sign-compare -Wno-tautological-bitwise-compare -Wno-tautological-compare -Wno-uninitialized -Wno-unused-but-set-parameter -Wno-unused-but-set-variable -Wno-unused-parameter -Wno-unused-variable -Wno-vla-cxx-extension    -DVL_TIME_CONTEXT   -std=gnu++20 -include-pch Vtb_l2b_chain__pch.h.fast.gch -c -o Vtb_l2b_chain___024root__2.o Vtb_l2b_chain___024root__2.cpp
warning: unknown warning option '-Wno-vla-cxx-extension'; did you mean '-Wno-vla-extension'? [-Wunknown-warning-option]
1 warning generated.
c++ -Os  -I.  -MMD -I/opt/homebrew/Cellar/verilator/5.044/share/verilator/include -I/opt/homebrew/Cellar/verilator/5.044/share/verilator/include/vltstd -DVERILATOR=1 -DVM_COVERAGE=0 -DVM_SC=0 -DVM_TIMING=1 -DVM_TRACE=1 -DVM_TRACE_FST=1 -DVM_TRACE_VCD=0 -DVM_TRACE_SAIF=0 -faligned-new -fbracket-depth=4096 -fcf-protection=none -Xclang -fno-pch-timestamp -Qunused-arguments -Wno-bool-operation -Wno-c++11-narrowing -Wno-constant-logical-operand -Wno-int-in-bool-context -Wno-non-pod-varargs -Wno-parentheses-equality -Wno-shadow -Wno-sign-compare -Wno-tautological-bitwise-compare -Wno-tautological-compare -Wno-uninitialized -Wno-unused-but-set-parameter -Wno-unused-but-set-variable -Wno-unused-parameter -Wno-unused-variable -Wno-vla-cxx-extension    -DVL_TIME_CONTEXT   -std=gnu++20 -include-pch Vtb_l2b_chain__pch.h.fast.gch -c -o Vtb_l2b_chain___024root__3.o Vtb_l2b_chain___024root__3.cpp
warning: unknown warning option '-Wno-vla-cxx-extension'; did you mean '-Wno-vla-extension'? [-Wunknown-warning-option]
1 warning generated.
c++ -Os  -I.  -MMD -I/opt/homebrew/Cellar/verilator/5.044/share/verilator/include -I/opt/homebrew/Cellar/verilator/5.044/share/verilator/include/vltstd -DVERILATOR=1 -DVM_COVERAGE=0 -DVM_SC=0 -DVM_TIMING=1 -DVM_TRACE=1 -DVM_TRACE_FST=1 -DVM_TRACE_VCD=0 -DVM_TRACE_SAIF=0 -faligned-new -fbracket-depth=4096 -fcf-protection=none -Xclang -fno-pch-timestamp -Qunused-arguments -Wno-bool-operation -Wno-c++11-narrowing -Wno-constant-logical-operand -Wno-int-in-bool-context -Wno-non-pod-varargs -Wno-parentheses-equality -Wno-shadow -Wno-sign-compare -Wno-tautological-bitwise-compare -Wno-tautological-compare -Wno-uninitialized -Wno-unused-but-set-parameter -Wno-unused-but-set-variable -Wno-unused-parameter -Wno-unused-variable -Wno-vla-cxx-extension    -DVL_TIME_CONTEXT   -std=gnu++20 -include-pch Vtb_l2b_chain__pch.h.fast.gch -c -o Vtb_l2b_chain___024root__4.o Vtb_l2b_chain___024root__4.cpp
warning: unknown warning option '-Wno-vla-cxx-extension'; did you mean '-Wno-vla-extension'? [-Wunknown-warning-option]
1 warning generated.
c++ -Os  -I.  -MMD -I/opt/homebrew/Cellar/verilator/5.044/share/verilator/include -I/opt/homebrew/Cellar/verilator/5.044/share/verilator/include/vltstd -DVERILATOR=1 -DVM_COVERAGE=0 -DVM_SC=0 -DVM_TIMING=1 -DVM_TRACE=1 -DVM_TRACE_FST=1 -DVM_TRACE_VCD=0 -DVM_TRACE_SAIF=0 -faligned-new -fbracket-depth=4096 -fcf-protection=none -Xclang -fno-pch-timestamp -Qunused-arguments -Wno-bool-operation -Wno-c++11-narrowing -Wno-constant-logical-operand -Wno-int-in-bool-context -Wno-non-pod-varargs -Wno-parentheses-equality -Wno-shadow -Wno-sign-compare -Wno-tautological-bitwise-compare -Wno-tautological-compare -Wno-uninitialized -Wno-unused-but-set-parameter -Wno-unused-but-set-variable -Wno-unused-parameter -Wno-unused-variable -Wno-vla-cxx-extension    -DVL_TIME_CONTEXT   -std=gnu++20 -include-pch Vtb_l2b_chain__pch.h.fast.gch -c -o Vtb_l2b_chain___024root__5.o Vtb_l2b_chain___024root__5.cpp
warning: unknown warning option '-Wno-vla-cxx-extension'; did you mean '-Wno-vla-extension'? [-Wunknown-warning-option]
1 warning generated.
c++ -Os  -I.  -MMD -I/opt/homebrew/Cellar/verilator/5.044/share/verilator/include -I/opt/homebrew/Cellar/verilator/5.044/share/verilator/include/vltstd -DVERILATOR=1 -DVM_COVERAGE=0 -DVM_SC=0 -DVM_TIMING=1 -DVM_TRACE=1 -DVM_TRACE_FST=1 -DVM_TRACE_VCD=0 -DVM_TRACE_SAIF=0 -faligned-new -fbracket-depth=4096 -fcf-protection=none -Xclang -fno-pch-timestamp -Qunused-arguments -Wno-bool-operation -Wno-c++11-narrowing -Wno-constant-logical-operand -Wno-int-in-bool-context -Wno-non-pod-varargs -Wno-parentheses-equality -Wno-shadow -Wno-sign-compare -Wno-tautological-bitwise-compare -Wno-tautological-compare -Wno-uninitialized -Wno-unused-but-set-parameter -Wno-unused-but-set-variable -Wno-unused-parameter -Wno-unused-variable -Wno-vla-cxx-extension    -DVL_TIME_CONTEXT   -std=gnu++20 -include-pch Vtb_l2b_chain__pch.h.fast.gch -c -o Vtb_l2b_chain___024root__6.o Vtb_l2b_chain___024root__6.cpp
warning: unknown warning option '-Wno-vla-cxx-extension'; did you mean '-Wno-vla-extension'? [-Wunknown-warning-option]
1 warning generated.
c++ -Os  -I.  -MMD -I/opt/homebrew/Cellar/verilator/5.044/share/verilator/include -I/opt/homebrew/Cellar/verilator/5.044/share/verilator/include/vltstd -DVERILATOR=1 -DVM_COVERAGE=0 -DVM_SC=0 -DVM_TIMING=1 -DVM_TRACE=1 -DVM_TRACE_FST=1 -DVM_TRACE_VCD=0 -DVM_TRACE_SAIF=0 -faligned-new -fbracket-depth=4096 -fcf-protection=none -Xclang -fno-pch-timestamp -Qunused-arguments -Wno-bool-operation -Wno-c++11-narrowing -Wno-constant-logical-operand -Wno-int-in-bool-context -Wno-non-pod-varargs -Wno-parentheses-equality -Wno-shadow -Wno-sign-compare -Wno-tautological-bitwise-compare -Wno-tautological-compare -Wno-uninitialized -Wno-unused-but-set-parameter -Wno-unused-but-set-variable -Wno-unused-parameter -Wno-unused-variable -Wno-vla-cxx-extension    -DVL_TIME_CONTEXT   -std=gnu++20 -include-pch Vtb_l2b_chain__pch.h.fast.gch -c -o Vtb_l2b_chain___024root__7.o Vtb_l2b_chain___024root__7.cpp
warning: unknown warning option '-Wno-vla-cxx-extension'; did you mean '-Wno-vla-extension'? [-Wunknown-warning-option]
1 warning generated.
c++ -Os  -I.  -MMD -I/opt/homebrew/Cellar/verilator/5.044/share/verilator/include -I/opt/homebrew/Cellar/verilator/5.044/share/verilator/include/vltstd -DVERILATOR=1 -DVM_COVERAGE=0 -DVM_SC=0 -DVM_TIMING=1 -DVM_TRACE=1 -DVM_TRACE_FST=1 -DVM_TRACE_VCD=0 -DVM_TRACE_SAIF=0 -faligned-new -fbracket-depth=4096 -fcf-protection=none -Xclang -fno-pch-timestamp -Qunused-arguments -Wno-bool-operation -Wno-c++11-narrowing -Wno-constant-logical-operand -Wno-int-in-bool-context -Wno-non-pod-varargs -Wno-parentheses-equality -Wno-shadow -Wno-sign-compare -Wno-tautological-bitwise-compare -Wno-tautological-compare -Wno-uninitialized -Wno-unused-but-set-parameter -Wno-unused-but-set-variable -Wno-unused-parameter -Wno-unused-variable -Wno-vla-cxx-extension    -DVL_TIME_CONTEXT   -std=gnu++20 -include-pch Vtb_l2b_chain__pch.h.fast.gch -c -o Vtb_l2b_chain__main.o Vtb_l2b_chain__main.cpp
warning: unknown warning option '-Wno-vla-cxx-extension'; did you mean '-Wno-vla-extension'? [-Wunknown-warning-option]
1 warning generated.
c++ -Os  -I.  -MMD -I/opt/homebrew/Cellar/verilator/5.044/share/verilator/include -I/opt/homebrew/Cellar/verilator/5.044/share/verilator/include/vltstd -DVERILATOR=1 -DVM_COVERAGE=0 -DVM_SC=0 -DVM_TIMING=1 -DVM_TRACE=1 -DVM_TRACE_FST=1 -DVM_TRACE_VCD=0 -DVM_TRACE_SAIF=0 -faligned-new -fbracket-depth=4096 -fcf-protection=none -Xclang -fno-pch-timestamp -Qunused-arguments -Wno-bool-operation -Wno-c++11-narrowing -Wno-constant-logical-operand -Wno-int-in-bool-context -Wno-non-pod-varargs -Wno-parentheses-equality -Wno-shadow -Wno-sign-compare -Wno-tautological-bitwise-compare -Wno-tautological-compare -Wno-uninitialized -Wno-unused-but-set-parameter -Wno-unused-but-set-variable -Wno-unused-parameter -Wno-unused-variable -Wno-vla-cxx-extension    -DVL_TIME_CONTEXT   -std=gnu++20 -include-pch Vtb_l2b_chain__pch.h.fast.gch -c -o Vtb_l2b_chain__Trace__0.o Vtb_l2b_chain__Trace__0.cpp
warning: unknown warning option '-Wno-vla-cxx-extension'; did you mean '-Wno-vla-extension'? [-Wunknown-warning-option]
1 warning generated.
c++   -I.  -MMD -I/opt/homebrew/Cellar/verilator/5.044/share/verilator/include -I/opt/homebrew/Cellar/verilator/5.044/share/verilator/include/vltstd -DVERILATOR=1 -DVM_COVERAGE=0 -DVM_SC=0 -DVM_TIMING=1 -DVM_TRACE=1 -DVM_TRACE_FST=1 -DVM_TRACE_VCD=0 -DVM_TRACE_SAIF=0 -faligned-new -fbracket-depth=4096 -fcf-protection=none -Xclang -fno-pch-timestamp -Qunused-arguments -Wno-bool-operation -Wno-c++11-narrowing -Wno-constant-logical-operand -Wno-int-in-bool-context -Wno-non-pod-varargs -Wno-parentheses-equality -Wno-shadow -Wno-sign-compare -Wno-tautological-bitwise-compare -Wno-tautological-compare -Wno-uninitialized -Wno-unused-but-set-parameter -Wno-unused-but-set-variable -Wno-unused-parameter -Wno-unused-variable -Wno-vla-cxx-extension    -DVL_TIME_CONTEXT   -std=gnu++20 -x c++-header Vtb_l2b_chain__pch.h -o Vtb_l2b_chain__pch.h.slow.gch
warning: unknown warning option '-Wno-vla-cxx-extension'; did you mean '-Wno-vla-extension'? [-Wunknown-warning-option]
1 warning generated.
c++   -I.  -MMD -I/opt/homebrew/Cellar/verilator/5.044/share/verilator/include -I/opt/homebrew/Cellar/verilator/5.044/share/verilator/include/vltstd -DVERILATOR=1 -DVM_COVERAGE=0 -DVM_SC=0 -DVM_TIMING=1 -DVM_TRACE=1 -DVM_TRACE_FST=1 -DVM_TRACE_VCD=0 -DVM_TRACE_SAIF=0 -faligned-new -fbracket-depth=4096 -fcf-protection=none -Xclang -fno-pch-timestamp -Qunused-arguments -Wno-bool-operation -Wno-c++11-narrowing -Wno-constant-logical-operand -Wno-int-in-bool-context -Wno-non-pod-varargs -Wno-parentheses-equality -Wno-shadow -Wno-sign-compare -Wno-tautological-bitwise-compare -Wno-tautological-compare -Wno-uninitialized -Wno-unused-but-set-parameter -Wno-unused-but-set-variable -Wno-unused-parameter -Wno-unused-variable -Wno-vla-cxx-extension    -DVL_TIME_CONTEXT   -std=gnu++20 -include-pch Vtb_l2b_chain__pch.h.slow.gch -c -o Vtb_l2b_chain__ConstPool__0__Slow.o Vtb_l2b_chain__ConstPool__0__Slow.cpp
warning: unknown warning option '-Wno-vla-cxx-extension'; did you mean '-Wno-vla-extension'? [-Wunknown-warning-option]
1 warning generated.
c++   -I.  -MMD -I/opt/homebrew/Cellar/verilator/5.044/share/verilator/include -I/opt/homebrew/Cellar/verilator/5.044/share/verilator/include/vltstd -DVERILATOR=1 -DVM_COVERAGE=0 -DVM_SC=0 -DVM_TIMING=1 -DVM_TRACE=1 -DVM_TRACE_FST=1 -DVM_TRACE_VCD=0 -DVM_TRACE_SAIF=0 -faligned-new -fbracket-depth=4096 -fcf-protection=none -Xclang -fno-pch-timestamp -Qunused-arguments -Wno-bool-operation -Wno-c++11-narrowing -Wno-constant-logical-operand -Wno-int-in-bool-context -Wno-non-pod-varargs -Wno-parentheses-equality -Wno-shadow -Wno-sign-compare -Wno-tautological-bitwise-compare -Wno-tautological-compare -Wno-uninitialized -Wno-unused-but-set-parameter -Wno-unused-but-set-variable -Wno-unused-parameter -Wno-unused-variable -Wno-vla-cxx-extension    -DVL_TIME_CONTEXT   -std=gnu++20 -include-pch Vtb_l2b_chain__pch.h.slow.gch -c -o Vtb_l2b_chain___024root__Slow.o Vtb_l2b_chain___024root__Slow.cpp
warning: unknown warning option '-Wno-vla-cxx-extension'; did you mean '-Wno-vla-extension'? [-Wunknown-warning-option]
1 warning generated.
c++   -I.  -MMD -I/opt/homebrew/Cellar/verilator/5.044/share/verilator/include -I/opt/homebrew/Cellar/verilator/5.044/share/verilator/include/vltstd -DVERILATOR=1 -DVM_COVERAGE=0 -DVM_SC=0 -DVM_TIMING=1 -DVM_TRACE=1 -DVM_TRACE_FST=1 -DVM_TRACE_VCD=0 -DVM_TRACE_SAIF=0 -faligned-new -fbracket-depth=4096 -fcf-protection=none -Xclang -fno-pch-timestamp -Qunused-arguments -Wno-bool-operation -Wno-c++11-narrowing -Wno-constant-logical-operand -Wno-int-in-bool-context -Wno-non-pod-varargs -Wno-parentheses-equality -Wno-shadow -Wno-sign-compare -Wno-tautological-bitwise-compare -Wno-tautological-compare -Wno-uninitialized -Wno-unused-but-set-parameter -Wno-unused-but-set-variable -Wno-unused-parameter -Wno-unused-variable -Wno-vla-cxx-extension    -DVL_TIME_CONTEXT   -std=gnu++20 -include-pch Vtb_l2b_chain__pch.h.slow.gch -c -o Vtb_l2b_chain___024root__0__Slow.o Vtb_l2b_chain___024root__0__Slow.cpp
warning: unknown warning option '-Wno-vla-cxx-extension'; did you mean '-Wno-vla-extension'? [-Wunknown-warning-option]
1 warning generated.
c++   -I.  -MMD -I/opt/homebrew/Cellar/verilator/5.044/share/verilator/include -I/opt/homebrew/Cellar/verilator/5.044/share/verilator/include/vltstd -DVERILATOR=1 -DVM_COVERAGE=0 -DVM_SC=0 -DVM_TIMING=1 -DVM_TRACE=1 -DVM_TRACE_FST=1 -DVM_TRACE_VCD=0 -DVM_TRACE_SAIF=0 -faligned-new -fbracket-depth=4096 -fcf-protection=none -Xclang -fno-pch-timestamp -Qunused-arguments -Wno-bool-operation -Wno-c++11-narrowing -Wno-constant-logical-operand -Wno-int-in-bool-context -Wno-non-pod-varargs -Wno-parentheses-equality -Wno-shadow -Wno-sign-compare -Wno-tautological-bitwise-compare -Wno-tautological-compare -Wno-uninitialized -Wno-unused-but-set-parameter -Wno-unused-but-set-variable -Wno-unused-parameter -Wno-unused-variable -Wno-vla-cxx-extension    -DVL_TIME_CONTEXT   -std=gnu++20 -include-pch Vtb_l2b_chain__pch.h.slow.gch -c -o Vtb_l2b_chain___024root__1__Slow.o Vtb_l2b_chain___024root__1__Slow.cpp
warning: unknown warning option '-Wno-vla-cxx-extension'; did you mean '-Wno-vla-extension'? [-Wunknown-warning-option]
1 warning generated.
c++   -I.  -MMD -I/opt/homebrew/Cellar/verilator/5.044/share/verilator/include -I/opt/homebrew/Cellar/verilator/5.044/share/verilator/include/vltstd -DVERILATOR=1 -DVM_COVERAGE=0 -DVM_SC=0 -DVM_TIMING=1 -DVM_TRACE=1 -DVM_TRACE_FST=1 -DVM_TRACE_VCD=0 -DVM_TRACE_SAIF=0 -faligned-new -fbracket-depth=4096 -fcf-protection=none -Xclang -fno-pch-timestamp -Qunused-arguments -Wno-bool-operation -Wno-c++11-narrowing -Wno-constant-logical-operand -Wno-int-in-bool-context -Wno-non-pod-varargs -Wno-parentheses-equality -Wno-shadow -Wno-sign-compare -Wno-tautological-bitwise-compare -Wno-tautological-compare -Wno-uninitialized -Wno-unused-but-set-parameter -Wno-unused-but-set-variable -Wno-unused-parameter -Wno-unused-variable -Wno-vla-cxx-extension    -DVL_TIME_CONTEXT   -std=gnu++20 -include-pch Vtb_l2b_chain__pch.h.slow.gch -c -o Vtb_l2b_chain___024root__2__Slow.o Vtb_l2b_chain___024root__2__Slow.cpp
warning: unknown warning option '-Wno-vla-cxx-extension'; did you mean '-Wno-vla-extension'? [-Wunknown-warning-option]
1 warning generated.
c++   -I.  -MMD -I/opt/homebrew/Cellar/verilator/5.044/share/verilator/include -I/opt/homebrew/Cellar/verilator/5.044/share/verilator/include/vltstd -DVERILATOR=1 -DVM_COVERAGE=0 -DVM_SC=0 -DVM_TIMING=1 -DVM_TRACE=1 -DVM_TRACE_FST=1 -DVM_TRACE_VCD=0 -DVM_TRACE_SAIF=0 -faligned-new -fbracket-depth=4096 -fcf-protection=none -Xclang -fno-pch-timestamp -Qunused-arguments -Wno-bool-operation -Wno-c++11-narrowing -Wno-constant-logical-operand -Wno-int-in-bool-context -Wno-non-pod-varargs -Wno-parentheses-equality -Wno-shadow -Wno-sign-compare -Wno-tautological-bitwise-compare -Wno-tautological-compare -Wno-uninitialized -Wno-unused-but-set-parameter -Wno-unused-but-set-variable -Wno-unused-parameter -Wno-unused-variable -Wno-vla-cxx-extension    -DVL_TIME_CONTEXT   -std=gnu++20 -include-pch Vtb_l2b_chain__pch.h.slow.gch -c -o Vtb_l2b_chain___024root__3__Slow.o Vtb_l2b_chain___024root__3__Slow.cpp
warning: unknown warning option '-Wno-vla-cxx-extension'; did you mean '-Wno-vla-extension'? [-Wunknown-warning-option]
1 warning generated.
c++   -I.  -MMD -I/opt/homebrew/Cellar/verilator/5.044/share/verilator/include -I/opt/homebrew/Cellar/verilator/5.044/share/verilator/include/vltstd -DVERILATOR=1 -DVM_COVERAGE=0 -DVM_SC=0 -DVM_TIMING=1 -DVM_TRACE=1 -DVM_TRACE_FST=1 -DVM_TRACE_VCD=0 -DVM_TRACE_SAIF=0 -faligned-new -fbracket-depth=4096 -fcf-protection=none -Xclang -fno-pch-timestamp -Qunused-arguments -Wno-bool-operation -Wno-c++11-narrowing -Wno-constant-logical-operand -Wno-int-in-bool-context -Wno-non-pod-varargs -Wno-parentheses-equality -Wno-shadow -Wno-sign-compare -Wno-tautological-bitwise-compare -Wno-tautological-compare -Wno-uninitialized -Wno-unused-but-set-parameter -Wno-unused-but-set-variable -Wno-unused-parameter -Wno-unused-variable -Wno-vla-cxx-extension    -DVL_TIME_CONTEXT   -std=gnu++20 -include-pch Vtb_l2b_chain__pch.h.slow.gch -c -o Vtb_l2b_chain___024root__4__Slow.o Vtb_l2b_chain___024root__4__Slow.cpp
warning: unknown warning option '-Wno-vla-cxx-extension'; did you mean '-Wno-vla-extension'? [-Wunknown-warning-option]
1 warning generated.
c++   -I.  -MMD -I/opt/homebrew/Cellar/verilator/5.044/share/verilator/include -I/opt/homebrew/Cellar/verilator/5.044/share/verilator/include/vltstd -DVERILATOR=1 -DVM_COVERAGE=0 -DVM_SC=0 -DVM_TIMING=1 -DVM_TRACE=1 -DVM_TRACE_FST=1 -DVM_TRACE_VCD=0 -DVM_TRACE_SAIF=0 -faligned-new -fbracket-depth=4096 -fcf-protection=none -Xclang -fno-pch-timestamp -Qunused-arguments -Wno-bool-operation -Wno-c++11-narrowing -Wno-constant-logical-operand -Wno-int-in-bool-context -Wno-non-pod-varargs -Wno-parentheses-equality -Wno-shadow -Wno-sign-compare -Wno-tautological-bitwise-compare -Wno-tautological-compare -Wno-uninitialized -Wno-unused-but-set-parameter -Wno-unused-but-set-variable -Wno-unused-parameter -Wno-unused-variable -Wno-vla-cxx-extension    -DVL_TIME_CONTEXT   -std=gnu++20 -include-pch Vtb_l2b_chain__pch.h.slow.gch -c -o Vtb_l2b_chain___024root__5__Slow.o Vtb_l2b_chain___024root__5__Slow.cpp
warning: unknown warning option '-Wno-vla-cxx-extension'; did you mean '-Wno-vla-extension'? [-Wunknown-warning-option]
1 warning generated.
c++   -I.  -MMD -I/opt/homebrew/Cellar/verilator/5.044/share/verilator/include -I/opt/homebrew/Cellar/verilator/5.044/share/verilator/include/vltstd -DVERILATOR=1 -DVM_COVERAGE=0 -DVM_SC=0 -DVM_TIMING=1 -DVM_TRACE=1 -DVM_TRACE_FST=1 -DVM_TRACE_VCD=0 -DVM_TRACE_SAIF=0 -faligned-new -fbracket-depth=4096 -fcf-protection=none -Xclang -fno-pch-timestamp -Qunused-arguments -Wno-bool-operation -Wno-c++11-narrowing -Wno-constant-logical-operand -Wno-int-in-bool-context -Wno-non-pod-varargs -Wno-parentheses-equality -Wno-shadow -Wno-sign-compare -Wno-tautological-bitwise-compare -Wno-tautological-compare -Wno-uninitialized -Wno-unused-but-set-parameter -Wno-unused-but-set-variable -Wno-unused-parameter -Wno-unused-variable -Wno-vla-cxx-extension    -DVL_TIME_CONTEXT   -std=gnu++20 -include-pch Vtb_l2b_chain__pch.h.slow.gch -c -o Vtb_l2b_chain___024root__6__Slow.o Vtb_l2b_chain___024root__6__Slow.cpp
warning: unknown warning option '-Wno-vla-cxx-extension'; did you mean '-Wno-vla-extension'? [-Wunknown-warning-option]
1 warning generated.
c++   -I.  -MMD -I/opt/homebrew/Cellar/verilator/5.044/share/verilator/include -I/opt/homebrew/Cellar/verilator/5.044/share/verilator/include/vltstd -DVERILATOR=1 -DVM_COVERAGE=0 -DVM_SC=0 -DVM_TIMING=1 -DVM_TRACE=1 -DVM_TRACE_FST=1 -DVM_TRACE_VCD=0 -DVM_TRACE_SAIF=0 -faligned-new -fbracket-depth=4096 -fcf-protection=none -Xclang -fno-pch-timestamp -Qunused-arguments -Wno-bool-operation -Wno-c++11-narrowing -Wno-constant-logical-operand -Wno-int-in-bool-context -Wno-non-pod-varargs -Wno-parentheses-equality -Wno-shadow -Wno-sign-compare -Wno-tautological-bitwise-compare -Wno-tautological-compare -Wno-uninitialized -Wno-unused-but-set-parameter -Wno-unused-but-set-variable -Wno-unused-parameter -Wno-unused-variable -Wno-vla-cxx-extension    -DVL_TIME_CONTEXT   -std=gnu++20 -include-pch Vtb_l2b_chain__pch.h.slow.gch -c -o Vtb_l2b_chain__Syms__Slow.o Vtb_l2b_chain__Syms__Slow.cpp
warning: unknown warning option '-Wno-vla-cxx-extension'; did you mean '-Wno-vla-extension'? [-Wunknown-warning-option]
1 warning generated.
c++   -I.  -MMD -I/opt/homebrew/Cellar/verilator/5.044/share/verilator/include -I/opt/homebrew/Cellar/verilator/5.044/share/verilator/include/vltstd -DVERILATOR=1 -DVM_COVERAGE=0 -DVM_SC=0 -DVM_TIMING=1 -DVM_TRACE=1 -DVM_TRACE_FST=1 -DVM_TRACE_VCD=0 -DVM_TRACE_SAIF=0 -faligned-new -fbracket-depth=4096 -fcf-protection=none -Xclang -fno-pch-timestamp -Qunused-arguments -Wno-bool-operation -Wno-c++11-narrowing -Wno-constant-logical-operand -Wno-int-in-bool-context -Wno-non-pod-varargs -Wno-parentheses-equality -Wno-shadow -Wno-sign-compare -Wno-tautological-bitwise-compare -Wno-tautological-compare -Wno-uninitialized -Wno-unused-but-set-parameter -Wno-unused-but-set-variable -Wno-unused-parameter -Wno-unused-variable -Wno-vla-cxx-extension    -DVL_TIME_CONTEXT   -std=gnu++20 -include-pch Vtb_l2b_chain__pch.h.slow.gch -c -o Vtb_l2b_chain__Trace__0__Slow.o Vtb_l2b_chain__Trace__0__Slow.cpp
warning: unknown warning option '-Wno-vla-cxx-extension'; did you mean '-Wno-vla-extension'? [-Wunknown-warning-option]
1 warning generated.
c++   -I.  -MMD -I/opt/homebrew/Cellar/verilator/5.044/share/verilator/include -I/opt/homebrew/Cellar/verilator/5.044/share/verilator/include/vltstd -DVERILATOR=1 -DVM_COVERAGE=0 -DVM_SC=0 -DVM_TIMING=1 -DVM_TRACE=1 -DVM_TRACE_FST=1 -DVM_TRACE_VCD=0 -DVM_TRACE_SAIF=0 -faligned-new -fbracket-depth=4096 -fcf-protection=none -Xclang -fno-pch-timestamp -Qunused-arguments -Wno-bool-operation -Wno-c++11-narrowing -Wno-constant-logical-operand -Wno-int-in-bool-context -Wno-non-pod-varargs -Wno-parentheses-equality -Wno-shadow -Wno-sign-compare -Wno-tautological-bitwise-compare -Wno-tautological-compare -Wno-uninitialized -Wno-unused-but-set-parameter -Wno-unused-but-set-variable -Wno-unused-parameter -Wno-unused-variable -Wno-vla-cxx-extension    -DVL_TIME_CONTEXT   -std=gnu++20 -include-pch Vtb_l2b_chain__pch.h.slow.gch -c -o Vtb_l2b_chain__TraceDecls__0__Slow.o Vtb_l2b_chain__TraceDecls__0__Slow.cpp
warning: unknown warning option '-Wno-vla-cxx-extension'; did you mean '-Wno-vla-extension'? [-Wunknown-warning-option]
1 warning generated.
c++  -Wl,-U,__Z15vl_time_stamp64v,-U,__Z13sc_time_stampv   verilated.o verilated_fst_c.o verilated_timing.o verilated_threads.o Vtb_l2b_chain__ALL.a   -lz  -pthread -lpthread   -o Vtb_l2b_chain
rm Vtb_l2b_chain__ALL.verilator_deplist.tmp
- V e r i l a t i o n   R e p o r t: Verilator 5.044 2026-01-01 rev vUNKNOWN-built20260101
- Verilator: Built from 1.244 MB sources in 25 modules, into 10.869 MB in 23 C++ files needing 0.009 MB
- Verilator: Walltime 16.365 s (elab=0.020, cvt=0.784, bld=15.355); cpu 0.946 s on 1 threads; alloced 100.641 MB
mkdir -p build/obj_l2b_t2
/opt/homebrew/bin/verilator --binary -Wall --timing --assert --timescale 1ns/1ps -I../../../verif/common -I../../../rtl/asu -I. lint_waivers.vlt --trace-fst -GTIER_CFG=2 -GG_CFG=16  -GOUTK_CFG=2 -GDEPTH_CFG=512 -GMASKF='"build/mask_t2.hex"' --top-module tb_l2b_chain -Mdir build/obj_l2b_t2 ../../../rtl/apex_pkg.sv ../../../rtl/mxe/mxe_cfg_pkg.sv ../../../rtl/xbr/stream_skid.sv ../../../rtl/kvq/cores/cq_fp_pkg.sv ../../../rtl/kvq/cores/amax_unit.sv ../../../rtl/kvq/cores/cq_scale_unit.sv ../../../rtl/kvq/cores/cq_quant_unit.sv ../../../rtl/kvq/cores/cq_dequant_unit.sv ../../../rtl/kvq/cores/scale_bank.sv ../../../rtl/kvq/cores/residual_buffer.sv ../../../rtl/kvq/cores/sram_controller.sv ../../../rtl/kvq/cores/cq_value_path.sv ../../../rtl/kvq/cores/cq_key_path.sv ../../../rtl/kvq/kvq_engine.sv ../../../rtl/seam/seam_feeder_quant.sv ../../../rtl/mxe/mxe_pe.sv ../../../rtl/mxe/mxe_array.sv ../../../rtl/mxe/mxe_buf.sv ../../../rtl/mxe/mxe_requant.sv ../../../rtl/mxe/mxe_ctrl.sv ../../../rtl/mxe/mxe_top.sv tb_l2b_chain.sv
c++ -Os  -I.  -MMD -I/opt/homebrew/Cellar/verilator/5.044/share/verilator/include -I/opt/homebrew/Cellar/verilator/5.044/share/verilator/include/vltstd -DVERILATOR=1 -DVM_COVERAGE=0 -DVM_SC=0 -DVM_TIMING=1 -DVM_TRACE=1 -DVM_TRACE_FST=1 -DVM_TRACE_VCD=0 -DVM_TRACE_SAIF=0 -faligned-new -fbracket-depth=4096 -fcf-protection=none -Xclang -fno-pch-timestamp -Qunused-arguments -Wno-bool-operation -Wno-c++11-narrowing -Wno-constant-logical-operand -Wno-int-in-bool-context -Wno-non-pod-varargs -Wno-parentheses-equality -Wno-shadow -Wno-sign-compare -Wno-tautological-bitwise-compare -Wno-tautological-compare -Wno-uninitialized -Wno-unused-but-set-parameter -Wno-unused-but-set-variable -Wno-unused-parameter -Wno-unused-variable -Wno-vla-cxx-extension    -DVL_TIME_CONTEXT   -std=gnu++20 -c -o verilated.o /opt/homebrew/Cellar/verilator/5.044/share/verilator/include/verilated.cpp
warning: unknown warning option '-Wno-vla-cxx-extension'; did you mean '-Wno-vla-extension'? [-Wunknown-warning-option]
1 warning generated.
c++ -Os  -I.  -MMD -I/opt/homebrew/Cellar/verilator/5.044/share/verilator/include -I/opt/homebrew/Cellar/verilator/5.044/share/verilator/include/vltstd -DVERILATOR=1 -DVM_COVERAGE=0 -DVM_SC=0 -DVM_TIMING=1 -DVM_TRACE=1 -DVM_TRACE_FST=1 -DVM_TRACE_VCD=0 -DVM_TRACE_SAIF=0 -faligned-new -fbracket-depth=4096 -fcf-protection=none -Xclang -fno-pch-timestamp -Qunused-arguments -Wno-bool-operation -Wno-c++11-narrowing -Wno-constant-logical-operand -Wno-int-in-bool-context -Wno-non-pod-varargs -Wno-parentheses-equality -Wno-shadow -Wno-sign-compare -Wno-tautological-bitwise-compare -Wno-tautological-compare -Wno-uninitialized -Wno-unused-but-set-parameter -Wno-unused-but-set-variable -Wno-unused-parameter -Wno-unused-variable -Wno-vla-cxx-extension    -DVL_TIME_CONTEXT   -std=gnu++20 -c -o verilated_fst_c.o /opt/homebrew/Cellar/verilator/5.044/share/verilator/include/verilated_fst_c.cpp
warning: unknown warning option '-Wno-vla-cxx-extension'; did you mean '-Wno-vla-extension'? [-Wunknown-warning-option]
1 warning generated.
c++ -Os  -I.  -MMD -I/opt/homebrew/Cellar/verilator/5.044/share/verilator/include -I/opt/homebrew/Cellar/verilator/5.044/share/verilator/include/vltstd -DVERILATOR=1 -DVM_COVERAGE=0 -DVM_SC=0 -DVM_TIMING=1 -DVM_TRACE=1 -DVM_TRACE_FST=1 -DVM_TRACE_VCD=0 -DVM_TRACE_SAIF=0 -faligned-new -fbracket-depth=4096 -fcf-protection=none -Xclang -fno-pch-timestamp -Qunused-arguments -Wno-bool-operation -Wno-c++11-narrowing -Wno-constant-logical-operand -Wno-int-in-bool-context -Wno-non-pod-varargs -Wno-parentheses-equality -Wno-shadow -Wno-sign-compare -Wno-tautological-bitwise-compare -Wno-tautological-compare -Wno-uninitialized -Wno-unused-but-set-parameter -Wno-unused-but-set-variable -Wno-unused-parameter -Wno-unused-variable -Wno-vla-cxx-extension    -DVL_TIME_CONTEXT   -std=gnu++20 -c -o verilated_timing.o /opt/homebrew/Cellar/verilator/5.044/share/verilator/include/verilated_timing.cpp
warning: unknown warning option '-Wno-vla-cxx-extension'; did you mean '-Wno-vla-extension'? [-Wunknown-warning-option]
1 warning generated.
c++ -Os  -I.  -MMD -I/opt/homebrew/Cellar/verilator/5.044/share/verilator/include -I/opt/homebrew/Cellar/verilator/5.044/share/verilator/include/vltstd -DVERILATOR=1 -DVM_COVERAGE=0 -DVM_SC=0 -DVM_TIMING=1 -DVM_TRACE=1 -DVM_TRACE_FST=1 -DVM_TRACE_VCD=0 -DVM_TRACE_SAIF=0 -faligned-new -fbracket-depth=4096 -fcf-protection=none -Xclang -fno-pch-timestamp -Qunused-arguments -Wno-bool-operation -Wno-c++11-narrowing -Wno-constant-logical-operand -Wno-int-in-bool-context -Wno-non-pod-varargs -Wno-parentheses-equality -Wno-shadow -Wno-sign-compare -Wno-tautological-bitwise-compare -Wno-tautological-compare -Wno-uninitialized -Wno-unused-but-set-parameter -Wno-unused-but-set-variable -Wno-unused-parameter -Wno-unused-variable -Wno-vla-cxx-extension    -DVL_TIME_CONTEXT   -std=gnu++20 -c -o verilated_threads.o /opt/homebrew/Cellar/verilator/5.044/share/verilator/include/verilated_threads.cpp
warning: unknown warning option '-Wno-vla-cxx-extension'; did you mean '-Wno-vla-extension'? [-Wunknown-warning-option]
1 warning generated.
c++ -Os  -I.  -MMD -I/opt/homebrew/Cellar/verilator/5.044/share/verilator/include -I/opt/homebrew/Cellar/verilator/5.044/share/verilator/include/vltstd -DVERILATOR=1 -DVM_COVERAGE=0 -DVM_SC=0 -DVM_TIMING=1 -DVM_TRACE=1 -DVM_TRACE_FST=1 -DVM_TRACE_VCD=0 -DVM_TRACE_SAIF=0 -faligned-new -fbracket-depth=4096 -fcf-protection=none -Xclang -fno-pch-timestamp -Qunused-arguments -Wno-bool-operation -Wno-c++11-narrowing -Wno-constant-logical-operand -Wno-int-in-bool-context -Wno-non-pod-varargs -Wno-parentheses-equality -Wno-shadow -Wno-sign-compare -Wno-tautological-bitwise-compare -Wno-tautological-compare -Wno-uninitialized -Wno-unused-but-set-parameter -Wno-unused-but-set-variable -Wno-unused-parameter -Wno-unused-variable -Wno-vla-cxx-extension    -DVL_TIME_CONTEXT   -std=gnu++20 -x c++-header Vtb_l2b_chain__pch.h -o Vtb_l2b_chain__pch.h.fast.gch
warning: unknown warning option '-Wno-vla-cxx-extension'; did you mean '-Wno-vla-extension'? [-Wunknown-warning-option]
1 warning generated.
c++ -Os  -I.  -MMD -I/opt/homebrew/Cellar/verilator/5.044/share/verilator/include -I/opt/homebrew/Cellar/verilator/5.044/share/verilator/include/vltstd -DVERILATOR=1 -DVM_COVERAGE=0 -DVM_SC=0 -DVM_TIMING=1 -DVM_TRACE=1 -DVM_TRACE_FST=1 -DVM_TRACE_VCD=0 -DVM_TRACE_SAIF=0 -faligned-new -fbracket-depth=4096 -fcf-protection=none -Xclang -fno-pch-timestamp -Qunused-arguments -Wno-bool-operation -Wno-c++11-narrowing -Wno-constant-logical-operand -Wno-int-in-bool-context -Wno-non-pod-varargs -Wno-parentheses-equality -Wno-shadow -Wno-sign-compare -Wno-tautological-bitwise-compare -Wno-tautological-compare -Wno-uninitialized -Wno-unused-but-set-parameter -Wno-unused-but-set-variable -Wno-unused-parameter -Wno-unused-variable -Wno-vla-cxx-extension    -DVL_TIME_CONTEXT   -std=gnu++20 -include-pch Vtb_l2b_chain__pch.h.fast.gch -c -o Vtb_l2b_chain.o Vtb_l2b_chain.cpp
warning: unknown warning option '-Wno-vla-cxx-extension'; did you mean '-Wno-vla-extension'? [-Wunknown-warning-option]
1 warning generated.
c++ -Os  -I.  -MMD -I/opt/homebrew/Cellar/verilator/5.044/share/verilator/include -I/opt/homebrew/Cellar/verilator/5.044/share/verilator/include/vltstd -DVERILATOR=1 -DVM_COVERAGE=0 -DVM_SC=0 -DVM_TIMING=1 -DVM_TRACE=1 -DVM_TRACE_FST=1 -DVM_TRACE_VCD=0 -DVM_TRACE_SAIF=0 -faligned-new -fbracket-depth=4096 -fcf-protection=none -Xclang -fno-pch-timestamp -Qunused-arguments -Wno-bool-operation -Wno-c++11-narrowing -Wno-constant-logical-operand -Wno-int-in-bool-context -Wno-non-pod-varargs -Wno-parentheses-equality -Wno-shadow -Wno-sign-compare -Wno-tautological-bitwise-compare -Wno-tautological-compare -Wno-uninitialized -Wno-unused-but-set-parameter -Wno-unused-but-set-variable -Wno-unused-parameter -Wno-unused-variable -Wno-vla-cxx-extension    -DVL_TIME_CONTEXT   -std=gnu++20 -include-pch Vtb_l2b_chain__pch.h.fast.gch -c -o Vtb_l2b_chain___024root__0.o Vtb_l2b_chain___024root__0.cpp
warning: unknown warning option '-Wno-vla-cxx-extension'; did you mean '-Wno-vla-extension'? [-Wunknown-warning-option]
1 warning generated.
c++ -Os  -I.  -MMD -I/opt/homebrew/Cellar/verilator/5.044/share/verilator/include -I/opt/homebrew/Cellar/verilator/5.044/share/verilator/include/vltstd -DVERILATOR=1 -DVM_COVERAGE=0 -DVM_SC=0 -DVM_TIMING=1 -DVM_TRACE=1 -DVM_TRACE_FST=1 -DVM_TRACE_VCD=0 -DVM_TRACE_SAIF=0 -faligned-new -fbracket-depth=4096 -fcf-protection=none -Xclang -fno-pch-timestamp -Qunused-arguments -Wno-bool-operation -Wno-c++11-narrowing -Wno-constant-logical-operand -Wno-int-in-bool-context -Wno-non-pod-varargs -Wno-parentheses-equality -Wno-shadow -Wno-sign-compare -Wno-tautological-bitwise-compare -Wno-tautological-compare -Wno-uninitialized -Wno-unused-but-set-parameter -Wno-unused-but-set-variable -Wno-unused-parameter -Wno-unused-variable -Wno-vla-cxx-extension    -DVL_TIME_CONTEXT   -std=gnu++20 -include-pch Vtb_l2b_chain__pch.h.fast.gch -c -o Vtb_l2b_chain___024root__1.o Vtb_l2b_chain___024root__1.cpp
warning: unknown warning option '-Wno-vla-cxx-extension'; did you mean '-Wno-vla-extension'? [-Wunknown-warning-option]
1 warning generated.
c++ -Os  -I.  -MMD -I/opt/homebrew/Cellar/verilator/5.044/share/verilator/include -I/opt/homebrew/Cellar/verilator/5.044/share/verilator/include/vltstd -DVERILATOR=1 -DVM_COVERAGE=0 -DVM_SC=0 -DVM_TIMING=1 -DVM_TRACE=1 -DVM_TRACE_FST=1 -DVM_TRACE_VCD=0 -DVM_TRACE_SAIF=0 -faligned-new -fbracket-depth=4096 -fcf-protection=none -Xclang -fno-pch-timestamp -Qunused-arguments -Wno-bool-operation -Wno-c++11-narrowing -Wno-constant-logical-operand -Wno-int-in-bool-context -Wno-non-pod-varargs -Wno-parentheses-equality -Wno-shadow -Wno-sign-compare -Wno-tautological-bitwise-compare -Wno-tautological-compare -Wno-uninitialized -Wno-unused-but-set-parameter -Wno-unused-but-set-variable -Wno-unused-parameter -Wno-unused-variable -Wno-vla-cxx-extension    -DVL_TIME_CONTEXT   -std=gnu++20 -include-pch Vtb_l2b_chain__pch.h.fast.gch -c -o Vtb_l2b_chain___024root__2.o Vtb_l2b_chain___024root__2.cpp
warning: unknown warning option '-Wno-vla-cxx-extension'; did you mean '-Wno-vla-extension'? [-Wunknown-warning-option]
1 warning generated.
c++ -Os  -I.  -MMD -I/opt/homebrew/Cellar/verilator/5.044/share/verilator/include -I/opt/homebrew/Cellar/verilator/5.044/share/verilator/include/vltstd -DVERILATOR=1 -DVM_COVERAGE=0 -DVM_SC=0 -DVM_TIMING=1 -DVM_TRACE=1 -DVM_TRACE_FST=1 -DVM_TRACE_VCD=0 -DVM_TRACE_SAIF=0 -faligned-new -fbracket-depth=4096 -fcf-protection=none -Xclang -fno-pch-timestamp -Qunused-arguments -Wno-bool-operation -Wno-c++11-narrowing -Wno-constant-logical-operand -Wno-int-in-bool-context -Wno-non-pod-varargs -Wno-parentheses-equality -Wno-shadow -Wno-sign-compare -Wno-tautological-bitwise-compare -Wno-tautological-compare -Wno-uninitialized -Wno-unused-but-set-parameter -Wno-unused-but-set-variable -Wno-unused-parameter -Wno-unused-variable -Wno-vla-cxx-extension    -DVL_TIME_CONTEXT   -std=gnu++20 -include-pch Vtb_l2b_chain__pch.h.fast.gch -c -o Vtb_l2b_chain___024root__3.o Vtb_l2b_chain___024root__3.cpp
warning: unknown warning option '-Wno-vla-cxx-extension'; did you mean '-Wno-vla-extension'? [-Wunknown-warning-option]
1 warning generated.
c++ -Os  -I.  -MMD -I/opt/homebrew/Cellar/verilator/5.044/share/verilator/include -I/opt/homebrew/Cellar/verilator/5.044/share/verilator/include/vltstd -DVERILATOR=1 -DVM_COVERAGE=0 -DVM_SC=0 -DVM_TIMING=1 -DVM_TRACE=1 -DVM_TRACE_FST=1 -DVM_TRACE_VCD=0 -DVM_TRACE_SAIF=0 -faligned-new -fbracket-depth=4096 -fcf-protection=none -Xclang -fno-pch-timestamp -Qunused-arguments -Wno-bool-operation -Wno-c++11-narrowing -Wno-constant-logical-operand -Wno-int-in-bool-context -Wno-non-pod-varargs -Wno-parentheses-equality -Wno-shadow -Wno-sign-compare -Wno-tautological-bitwise-compare -Wno-tautological-compare -Wno-uninitialized -Wno-unused-but-set-parameter -Wno-unused-but-set-variable -Wno-unused-parameter -Wno-unused-variable -Wno-vla-cxx-extension    -DVL_TIME_CONTEXT   -std=gnu++20 -include-pch Vtb_l2b_chain__pch.h.fast.gch -c -o Vtb_l2b_chain___024root__4.o Vtb_l2b_chain___024root__4.cpp
warning: unknown warning option '-Wno-vla-cxx-extension'; did you mean '-Wno-vla-extension'? [-Wunknown-warning-option]
1 warning generated.
c++ -Os  -I.  -MMD -I/opt/homebrew/Cellar/verilator/5.044/share/verilator/include -I/opt/homebrew/Cellar/verilator/5.044/share/verilator/include/vltstd -DVERILATOR=1 -DVM_COVERAGE=0 -DVM_SC=0 -DVM_TIMING=1 -DVM_TRACE=1 -DVM_TRACE_FST=1 -DVM_TRACE_VCD=0 -DVM_TRACE_SAIF=0 -faligned-new -fbracket-depth=4096 -fcf-protection=none -Xclang -fno-pch-timestamp -Qunused-arguments -Wno-bool-operation -Wno-c++11-narrowing -Wno-constant-logical-operand -Wno-int-in-bool-context -Wno-non-pod-varargs -Wno-parentheses-equality -Wno-shadow -Wno-sign-compare -Wno-tautological-bitwise-compare -Wno-tautological-compare -Wno-uninitialized -Wno-unused-but-set-parameter -Wno-unused-but-set-variable -Wno-unused-parameter -Wno-unused-variable -Wno-vla-cxx-extension    -DVL_TIME_CONTEXT   -std=gnu++20 -include-pch Vtb_l2b_chain__pch.h.fast.gch -c -o Vtb_l2b_chain___024root__5.o Vtb_l2b_chain___024root__5.cpp
warning: unknown warning option '-Wno-vla-cxx-extension'; did you mean '-Wno-vla-extension'? [-Wunknown-warning-option]
1 warning generated.
c++ -Os  -I.  -MMD -I/opt/homebrew/Cellar/verilator/5.044/share/verilator/include -I/opt/homebrew/Cellar/verilator/5.044/share/verilator/include/vltstd -DVERILATOR=1 -DVM_COVERAGE=0 -DVM_SC=0 -DVM_TIMING=1 -DVM_TRACE=1 -DVM_TRACE_FST=1 -DVM_TRACE_VCD=0 -DVM_TRACE_SAIF=0 -faligned-new -fbracket-depth=4096 -fcf-protection=none -Xclang -fno-pch-timestamp -Qunused-arguments -Wno-bool-operation -Wno-c++11-narrowing -Wno-constant-logical-operand -Wno-int-in-bool-context -Wno-non-pod-varargs -Wno-parentheses-equality -Wno-shadow -Wno-sign-compare -Wno-tautological-bitwise-compare -Wno-tautological-compare -Wno-uninitialized -Wno-unused-but-set-parameter -Wno-unused-but-set-variable -Wno-unused-parameter -Wno-unused-variable -Wno-vla-cxx-extension    -DVL_TIME_CONTEXT   -std=gnu++20 -include-pch Vtb_l2b_chain__pch.h.fast.gch -c -o Vtb_l2b_chain___024root__6.o Vtb_l2b_chain___024root__6.cpp
warning: unknown warning option '-Wno-vla-cxx-extension'; did you mean '-Wno-vla-extension'? [-Wunknown-warning-option]
1 warning generated.
c++ -Os  -I.  -MMD -I/opt/homebrew/Cellar/verilator/5.044/share/verilator/include -I/opt/homebrew/Cellar/verilator/5.044/share/verilator/include/vltstd -DVERILATOR=1 -DVM_COVERAGE=0 -DVM_SC=0 -DVM_TIMING=1 -DVM_TRACE=1 -DVM_TRACE_FST=1 -DVM_TRACE_VCD=0 -DVM_TRACE_SAIF=0 -faligned-new -fbracket-depth=4096 -fcf-protection=none -Xclang -fno-pch-timestamp -Qunused-arguments -Wno-bool-operation -Wno-c++11-narrowing -Wno-constant-logical-operand -Wno-int-in-bool-context -Wno-non-pod-varargs -Wno-parentheses-equality -Wno-shadow -Wno-sign-compare -Wno-tautological-bitwise-compare -Wno-tautological-compare -Wno-uninitialized -Wno-unused-but-set-parameter -Wno-unused-but-set-variable -Wno-unused-parameter -Wno-unused-variable -Wno-vla-cxx-extension    -DVL_TIME_CONTEXT   -std=gnu++20 -include-pch Vtb_l2b_chain__pch.h.fast.gch -c -o Vtb_l2b_chain___024root__7.o Vtb_l2b_chain___024root__7.cpp
warning: unknown warning option '-Wno-vla-cxx-extension'; did you mean '-Wno-vla-extension'? [-Wunknown-warning-option]
1 warning generated.
c++ -Os  -I.  -MMD -I/opt/homebrew/Cellar/verilator/5.044/share/verilator/include -I/opt/homebrew/Cellar/verilator/5.044/share/verilator/include/vltstd -DVERILATOR=1 -DVM_COVERAGE=0 -DVM_SC=0 -DVM_TIMING=1 -DVM_TRACE=1 -DVM_TRACE_FST=1 -DVM_TRACE_VCD=0 -DVM_TRACE_SAIF=0 -faligned-new -fbracket-depth=4096 -fcf-protection=none -Xclang -fno-pch-timestamp -Qunused-arguments -Wno-bool-operation -Wno-c++11-narrowing -Wno-constant-logical-operand -Wno-int-in-bool-context -Wno-non-pod-varargs -Wno-parentheses-equality -Wno-shadow -Wno-sign-compare -Wno-tautological-bitwise-compare -Wno-tautological-compare -Wno-uninitialized -Wno-unused-but-set-parameter -Wno-unused-but-set-variable -Wno-unused-parameter -Wno-unused-variable -Wno-vla-cxx-extension    -DVL_TIME_CONTEXT   -std=gnu++20 -include-pch Vtb_l2b_chain__pch.h.fast.gch -c -o Vtb_l2b_chain___024root__8.o Vtb_l2b_chain___024root__8.cpp
warning: unknown warning option '-Wno-vla-cxx-extension'; did you mean '-Wno-vla-extension'? [-Wunknown-warning-option]
1 warning generated.
c++ -Os  -I.  -MMD -I/opt/homebrew/Cellar/verilator/5.044/share/verilator/include -I/opt/homebrew/Cellar/verilator/5.044/share/verilator/include/vltstd -DVERILATOR=1 -DVM_COVERAGE=0 -DVM_SC=0 -DVM_TIMING=1 -DVM_TRACE=1 -DVM_TRACE_FST=1 -DVM_TRACE_VCD=0 -DVM_TRACE_SAIF=0 -faligned-new -fbracket-depth=4096 -fcf-protection=none -Xclang -fno-pch-timestamp -Qunused-arguments -Wno-bool-operation -Wno-c++11-narrowing -Wno-constant-logical-operand -Wno-int-in-bool-context -Wno-non-pod-varargs -Wno-parentheses-equality -Wno-shadow -Wno-sign-compare -Wno-tautological-bitwise-compare -Wno-tautological-compare -Wno-uninitialized -Wno-unused-but-set-parameter -Wno-unused-but-set-variable -Wno-unused-parameter -Wno-unused-variable -Wno-vla-cxx-extension    -DVL_TIME_CONTEXT   -std=gnu++20 -include-pch Vtb_l2b_chain__pch.h.fast.gch -c -o Vtb_l2b_chain__main.o Vtb_l2b_chain__main.cpp
warning: unknown warning option '-Wno-vla-cxx-extension'; did you mean '-Wno-vla-extension'? [-Wunknown-warning-option]
1 warning generated.
c++ -Os  -I.  -MMD -I/opt/homebrew/Cellar/verilator/5.044/share/verilator/include -I/opt/homebrew/Cellar/verilator/5.044/share/verilator/include/vltstd -DVERILATOR=1 -DVM_COVERAGE=0 -DVM_SC=0 -DVM_TIMING=1 -DVM_TRACE=1 -DVM_TRACE_FST=1 -DVM_TRACE_VCD=0 -DVM_TRACE_SAIF=0 -faligned-new -fbracket-depth=4096 -fcf-protection=none -Xclang -fno-pch-timestamp -Qunused-arguments -Wno-bool-operation -Wno-c++11-narrowing -Wno-constant-logical-operand -Wno-int-in-bool-context -Wno-non-pod-varargs -Wno-parentheses-equality -Wno-shadow -Wno-sign-compare -Wno-tautological-bitwise-compare -Wno-tautological-compare -Wno-uninitialized -Wno-unused-but-set-parameter -Wno-unused-but-set-variable -Wno-unused-parameter -Wno-unused-variable -Wno-vla-cxx-extension    -DVL_TIME_CONTEXT   -std=gnu++20 -include-pch Vtb_l2b_chain__pch.h.fast.gch -c -o Vtb_l2b_chain__Trace__0.o Vtb_l2b_chain__Trace__0.cpp
warning: unknown warning option '-Wno-vla-cxx-extension'; did you mean '-Wno-vla-extension'? [-Wunknown-warning-option]
1 warning generated.
c++   -I.  -MMD -I/opt/homebrew/Cellar/verilator/5.044/share/verilator/include -I/opt/homebrew/Cellar/verilator/5.044/share/verilator/include/vltstd -DVERILATOR=1 -DVM_COVERAGE=0 -DVM_SC=0 -DVM_TIMING=1 -DVM_TRACE=1 -DVM_TRACE_FST=1 -DVM_TRACE_VCD=0 -DVM_TRACE_SAIF=0 -faligned-new -fbracket-depth=4096 -fcf-protection=none -Xclang -fno-pch-timestamp -Qunused-arguments -Wno-bool-operation -Wno-c++11-narrowing -Wno-constant-logical-operand -Wno-int-in-bool-context -Wno-non-pod-varargs -Wno-parentheses-equality -Wno-shadow -Wno-sign-compare -Wno-tautological-bitwise-compare -Wno-tautological-compare -Wno-uninitialized -Wno-unused-but-set-parameter -Wno-unused-but-set-variable -Wno-unused-parameter -Wno-unused-variable -Wno-vla-cxx-extension    -DVL_TIME_CONTEXT   -std=gnu++20 -x c++-header Vtb_l2b_chain__pch.h -o Vtb_l2b_chain__pch.h.slow.gch
warning: unknown warning option '-Wno-vla-cxx-extension'; did you mean '-Wno-vla-extension'? [-Wunknown-warning-option]
1 warning generated.
c++   -I.  -MMD -I/opt/homebrew/Cellar/verilator/5.044/share/verilator/include -I/opt/homebrew/Cellar/verilator/5.044/share/verilator/include/vltstd -DVERILATOR=1 -DVM_COVERAGE=0 -DVM_SC=0 -DVM_TIMING=1 -DVM_TRACE=1 -DVM_TRACE_FST=1 -DVM_TRACE_VCD=0 -DVM_TRACE_SAIF=0 -faligned-new -fbracket-depth=4096 -fcf-protection=none -Xclang -fno-pch-timestamp -Qunused-arguments -Wno-bool-operation -Wno-c++11-narrowing -Wno-constant-logical-operand -Wno-int-in-bool-context -Wno-non-pod-varargs -Wno-parentheses-equality -Wno-shadow -Wno-sign-compare -Wno-tautological-bitwise-compare -Wno-tautological-compare -Wno-uninitialized -Wno-unused-but-set-parameter -Wno-unused-but-set-variable -Wno-unused-parameter -Wno-unused-variable -Wno-vla-cxx-extension    -DVL_TIME_CONTEXT   -std=gnu++20 -include-pch Vtb_l2b_chain__pch.h.slow.gch -c -o Vtb_l2b_chain__ConstPool__0__Slow.o Vtb_l2b_chain__ConstPool__0__Slow.cpp
warning: unknown warning option '-Wno-vla-cxx-extension'; did you mean '-Wno-vla-extension'? [-Wunknown-warning-option]
1 warning generated.
c++   -I.  -MMD -I/opt/homebrew/Cellar/verilator/5.044/share/verilator/include -I/opt/homebrew/Cellar/verilator/5.044/share/verilator/include/vltstd -DVERILATOR=1 -DVM_COVERAGE=0 -DVM_SC=0 -DVM_TIMING=1 -DVM_TRACE=1 -DVM_TRACE_FST=1 -DVM_TRACE_VCD=0 -DVM_TRACE_SAIF=0 -faligned-new -fbracket-depth=4096 -fcf-protection=none -Xclang -fno-pch-timestamp -Qunused-arguments -Wno-bool-operation -Wno-c++11-narrowing -Wno-constant-logical-operand -Wno-int-in-bool-context -Wno-non-pod-varargs -Wno-parentheses-equality -Wno-shadow -Wno-sign-compare -Wno-tautological-bitwise-compare -Wno-tautological-compare -Wno-uninitialized -Wno-unused-but-set-parameter -Wno-unused-but-set-variable -Wno-unused-parameter -Wno-unused-variable -Wno-vla-cxx-extension    -DVL_TIME_CONTEXT   -std=gnu++20 -include-pch Vtb_l2b_chain__pch.h.slow.gch -c -o Vtb_l2b_chain___024root__Slow.o Vtb_l2b_chain___024root__Slow.cpp
warning: unknown warning option '-Wno-vla-cxx-extension'; did you mean '-Wno-vla-extension'? [-Wunknown-warning-option]
1 warning generated.
c++   -I.  -MMD -I/opt/homebrew/Cellar/verilator/5.044/share/verilator/include -I/opt/homebrew/Cellar/verilator/5.044/share/verilator/include/vltstd -DVERILATOR=1 -DVM_COVERAGE=0 -DVM_SC=0 -DVM_TIMING=1 -DVM_TRACE=1 -DVM_TRACE_FST=1 -DVM_TRACE_VCD=0 -DVM_TRACE_SAIF=0 -faligned-new -fbracket-depth=4096 -fcf-protection=none -Xclang -fno-pch-timestamp -Qunused-arguments -Wno-bool-operation -Wno-c++11-narrowing -Wno-constant-logical-operand -Wno-int-in-bool-context -Wno-non-pod-varargs -Wno-parentheses-equality -Wno-shadow -Wno-sign-compare -Wno-tautological-bitwise-compare -Wno-tautological-compare -Wno-uninitialized -Wno-unused-but-set-parameter -Wno-unused-but-set-variable -Wno-unused-parameter -Wno-unused-variable -Wno-vla-cxx-extension    -DVL_TIME_CONTEXT   -std=gnu++20 -include-pch Vtb_l2b_chain__pch.h.slow.gch -c -o Vtb_l2b_chain___024root__0__Slow.o Vtb_l2b_chain___024root__0__Slow.cpp
warning: unknown warning option '-Wno-vla-cxx-extension'; did you mean '-Wno-vla-extension'? [-Wunknown-warning-option]
1 warning generated.
c++   -I.  -MMD -I/opt/homebrew/Cellar/verilator/5.044/share/verilator/include -I/opt/homebrew/Cellar/verilator/5.044/share/verilator/include/vltstd -DVERILATOR=1 -DVM_COVERAGE=0 -DVM_SC=0 -DVM_TIMING=1 -DVM_TRACE=1 -DVM_TRACE_FST=1 -DVM_TRACE_VCD=0 -DVM_TRACE_SAIF=0 -faligned-new -fbracket-depth=4096 -fcf-protection=none -Xclang -fno-pch-timestamp -Qunused-arguments -Wno-bool-operation -Wno-c++11-narrowing -Wno-constant-logical-operand -Wno-int-in-bool-context -Wno-non-pod-varargs -Wno-parentheses-equality -Wno-shadow -Wno-sign-compare -Wno-tautological-bitwise-compare -Wno-tautological-compare -Wno-uninitialized -Wno-unused-but-set-parameter -Wno-unused-but-set-variable -Wno-unused-parameter -Wno-unused-variable -Wno-vla-cxx-extension    -DVL_TIME_CONTEXT   -std=gnu++20 -include-pch Vtb_l2b_chain__pch.h.slow.gch -c -o Vtb_l2b_chain___024root__1__Slow.o Vtb_l2b_chain___024root__1__Slow.cpp
warning: unknown warning option '-Wno-vla-cxx-extension'; did you mean '-Wno-vla-extension'? [-Wunknown-warning-option]
1 warning generated.
c++   -I.  -MMD -I/opt/homebrew/Cellar/verilator/5.044/share/verilator/include -I/opt/homebrew/Cellar/verilator/5.044/share/verilator/include/vltstd -DVERILATOR=1 -DVM_COVERAGE=0 -DVM_SC=0 -DVM_TIMING=1 -DVM_TRACE=1 -DVM_TRACE_FST=1 -DVM_TRACE_VCD=0 -DVM_TRACE_SAIF=0 -faligned-new -fbracket-depth=4096 -fcf-protection=none -Xclang -fno-pch-timestamp -Qunused-arguments -Wno-bool-operation -Wno-c++11-narrowing -Wno-constant-logical-operand -Wno-int-in-bool-context -Wno-non-pod-varargs -Wno-parentheses-equality -Wno-shadow -Wno-sign-compare -Wno-tautological-bitwise-compare -Wno-tautological-compare -Wno-uninitialized -Wno-unused-but-set-parameter -Wno-unused-but-set-variable -Wno-unused-parameter -Wno-unused-variable -Wno-vla-cxx-extension    -DVL_TIME_CONTEXT   -std=gnu++20 -include-pch Vtb_l2b_chain__pch.h.slow.gch -c -o Vtb_l2b_chain___024root__2__Slow.o Vtb_l2b_chain___024root__2__Slow.cpp
warning: unknown warning option '-Wno-vla-cxx-extension'; did you mean '-Wno-vla-extension'? [-Wunknown-warning-option]
1 warning generated.
c++   -I.  -MMD -I/opt/homebrew/Cellar/verilator/5.044/share/verilator/include -I/opt/homebrew/Cellar/verilator/5.044/share/verilator/include/vltstd -DVERILATOR=1 -DVM_COVERAGE=0 -DVM_SC=0 -DVM_TIMING=1 -DVM_TRACE=1 -DVM_TRACE_FST=1 -DVM_TRACE_VCD=0 -DVM_TRACE_SAIF=0 -faligned-new -fbracket-depth=4096 -fcf-protection=none -Xclang -fno-pch-timestamp -Qunused-arguments -Wno-bool-operation -Wno-c++11-narrowing -Wno-constant-logical-operand -Wno-int-in-bool-context -Wno-non-pod-varargs -Wno-parentheses-equality -Wno-shadow -Wno-sign-compare -Wno-tautological-bitwise-compare -Wno-tautological-compare -Wno-uninitialized -Wno-unused-but-set-parameter -Wno-unused-but-set-variable -Wno-unused-parameter -Wno-unused-variable -Wno-vla-cxx-extension    -DVL_TIME_CONTEXT   -std=gnu++20 -include-pch Vtb_l2b_chain__pch.h.slow.gch -c -o Vtb_l2b_chain___024root__3__Slow.o Vtb_l2b_chain___024root__3__Slow.cpp
warning: unknown warning option '-Wno-vla-cxx-extension'; did you mean '-Wno-vla-extension'? [-Wunknown-warning-option]
1 warning generated.
c++   -I.  -MMD -I/opt/homebrew/Cellar/verilator/5.044/share/verilator/include -I/opt/homebrew/Cellar/verilator/5.044/share/verilator/include/vltstd -DVERILATOR=1 -DVM_COVERAGE=0 -DVM_SC=0 -DVM_TIMING=1 -DVM_TRACE=1 -DVM_TRACE_FST=1 -DVM_TRACE_VCD=0 -DVM_TRACE_SAIF=0 -faligned-new -fbracket-depth=4096 -fcf-protection=none -Xclang -fno-pch-timestamp -Qunused-arguments -Wno-bool-operation -Wno-c++11-narrowing -Wno-constant-logical-operand -Wno-int-in-bool-context -Wno-non-pod-varargs -Wno-parentheses-equality -Wno-shadow -Wno-sign-compare -Wno-tautological-bitwise-compare -Wno-tautological-compare -Wno-uninitialized -Wno-unused-but-set-parameter -Wno-unused-but-set-variable -Wno-unused-parameter -Wno-unused-variable -Wno-vla-cxx-extension    -DVL_TIME_CONTEXT   -std=gnu++20 -include-pch Vtb_l2b_chain__pch.h.slow.gch -c -o Vtb_l2b_chain___024root__4__Slow.o Vtb_l2b_chain___024root__4__Slow.cpp
warning: unknown warning option '-Wno-vla-cxx-extension'; did you mean '-Wno-vla-extension'? [-Wunknown-warning-option]
1 warning generated.
c++   -I.  -MMD -I/opt/homebrew/Cellar/verilator/5.044/share/verilator/include -I/opt/homebrew/Cellar/verilator/5.044/share/verilator/include/vltstd -DVERILATOR=1 -DVM_COVERAGE=0 -DVM_SC=0 -DVM_TIMING=1 -DVM_TRACE=1 -DVM_TRACE_FST=1 -DVM_TRACE_VCD=0 -DVM_TRACE_SAIF=0 -faligned-new -fbracket-depth=4096 -fcf-protection=none -Xclang -fno-pch-timestamp -Qunused-arguments -Wno-bool-operation -Wno-c++11-narrowing -Wno-constant-logical-operand -Wno-int-in-bool-context -Wno-non-pod-varargs -Wno-parentheses-equality -Wno-shadow -Wno-sign-compare -Wno-tautological-bitwise-compare -Wno-tautological-compare -Wno-uninitialized -Wno-unused-but-set-parameter -Wno-unused-but-set-variable -Wno-unused-parameter -Wno-unused-variable -Wno-vla-cxx-extension    -DVL_TIME_CONTEXT   -std=gnu++20 -include-pch Vtb_l2b_chain__pch.h.slow.gch -c -o Vtb_l2b_chain___024root__5__Slow.o Vtb_l2b_chain___024root__5__Slow.cpp
warning: unknown warning option '-Wno-vla-cxx-extension'; did you mean '-Wno-vla-extension'? [-Wunknown-warning-option]
1 warning generated.
c++   -I.  -MMD -I/opt/homebrew/Cellar/verilator/5.044/share/verilator/include -I/opt/homebrew/Cellar/verilator/5.044/share/verilator/include/vltstd -DVERILATOR=1 -DVM_COVERAGE=0 -DVM_SC=0 -DVM_TIMING=1 -DVM_TRACE=1 -DVM_TRACE_FST=1 -DVM_TRACE_VCD=0 -DVM_TRACE_SAIF=0 -faligned-new -fbracket-depth=4096 -fcf-protection=none -Xclang -fno-pch-timestamp -Qunused-arguments -Wno-bool-operation -Wno-c++11-narrowing -Wno-constant-logical-operand -Wno-int-in-bool-context -Wno-non-pod-varargs -Wno-parentheses-equality -Wno-shadow -Wno-sign-compare -Wno-tautological-bitwise-compare -Wno-tautological-compare -Wno-uninitialized -Wno-unused-but-set-parameter -Wno-unused-but-set-variable -Wno-unused-parameter -Wno-unused-variable -Wno-vla-cxx-extension    -DVL_TIME_CONTEXT   -std=gnu++20 -include-pch Vtb_l2b_chain__pch.h.slow.gch -c -o Vtb_l2b_chain___024root__6__Slow.o Vtb_l2b_chain___024root__6__Slow.cpp
warning: unknown warning option '-Wno-vla-cxx-extension'; did you mean '-Wno-vla-extension'? [-Wunknown-warning-option]
1 warning generated.
c++   -I.  -MMD -I/opt/homebrew/Cellar/verilator/5.044/share/verilator/include -I/opt/homebrew/Cellar/verilator/5.044/share/verilator/include/vltstd -DVERILATOR=1 -DVM_COVERAGE=0 -DVM_SC=0 -DVM_TIMING=1 -DVM_TRACE=1 -DVM_TRACE_FST=1 -DVM_TRACE_VCD=0 -DVM_TRACE_SAIF=0 -faligned-new -fbracket-depth=4096 -fcf-protection=none -Xclang -fno-pch-timestamp -Qunused-arguments -Wno-bool-operation -Wno-c++11-narrowing -Wno-constant-logical-operand -Wno-int-in-bool-context -Wno-non-pod-varargs -Wno-parentheses-equality -Wno-shadow -Wno-sign-compare -Wno-tautological-bitwise-compare -Wno-tautological-compare -Wno-uninitialized -Wno-unused-but-set-parameter -Wno-unused-but-set-variable -Wno-unused-parameter -Wno-unused-variable -Wno-vla-cxx-extension    -DVL_TIME_CONTEXT   -std=gnu++20 -include-pch Vtb_l2b_chain__pch.h.slow.gch -c -o Vtb_l2b_chain___024root__7__Slow.o Vtb_l2b_chain___024root__7__Slow.cpp
warning: unknown warning option '-Wno-vla-cxx-extension'; did you mean '-Wno-vla-extension'? [-Wunknown-warning-option]
1 warning generated.
c++   -I.  -MMD -I/opt/homebrew/Cellar/verilator/5.044/share/verilator/include -I/opt/homebrew/Cellar/verilator/5.044/share/verilator/include/vltstd -DVERILATOR=1 -DVM_COVERAGE=0 -DVM_SC=0 -DVM_TIMING=1 -DVM_TRACE=1 -DVM_TRACE_FST=1 -DVM_TRACE_VCD=0 -DVM_TRACE_SAIF=0 -faligned-new -fbracket-depth=4096 -fcf-protection=none -Xclang -fno-pch-timestamp -Qunused-arguments -Wno-bool-operation -Wno-c++11-narrowing -Wno-constant-logical-operand -Wno-int-in-bool-context -Wno-non-pod-varargs -Wno-parentheses-equality -Wno-shadow -Wno-sign-compare -Wno-tautological-bitwise-compare -Wno-tautological-compare -Wno-uninitialized -Wno-unused-but-set-parameter -Wno-unused-but-set-variable -Wno-unused-parameter -Wno-unused-variable -Wno-vla-cxx-extension    -DVL_TIME_CONTEXT   -std=gnu++20 -include-pch Vtb_l2b_chain__pch.h.slow.gch -c -o Vtb_l2b_chain__Syms__Slow.o Vtb_l2b_chain__Syms__Slow.cpp
warning: unknown warning option '-Wno-vla-cxx-extension'; did you mean '-Wno-vla-extension'? [-Wunknown-warning-option]
1 warning generated.
c++   -I.  -MMD -I/opt/homebrew/Cellar/verilator/5.044/share/verilator/include -I/opt/homebrew/Cellar/verilator/5.044/share/verilator/include/vltstd -DVERILATOR=1 -DVM_COVERAGE=0 -DVM_SC=0 -DVM_TIMING=1 -DVM_TRACE=1 -DVM_TRACE_FST=1 -DVM_TRACE_VCD=0 -DVM_TRACE_SAIF=0 -faligned-new -fbracket-depth=4096 -fcf-protection=none -Xclang -fno-pch-timestamp -Qunused-arguments -Wno-bool-operation -Wno-c++11-narrowing -Wno-constant-logical-operand -Wno-int-in-bool-context -Wno-non-pod-varargs -Wno-parentheses-equality -Wno-shadow -Wno-sign-compare -Wno-tautological-bitwise-compare -Wno-tautological-compare -Wno-uninitialized -Wno-unused-but-set-parameter -Wno-unused-but-set-variable -Wno-unused-parameter -Wno-unused-variable -Wno-vla-cxx-extension    -DVL_TIME_CONTEXT   -std=gnu++20 -include-pch Vtb_l2b_chain__pch.h.slow.gch -c -o Vtb_l2b_chain__Trace__0__Slow.o Vtb_l2b_chain__Trace__0__Slow.cpp
warning: unknown warning option '-Wno-vla-cxx-extension'; did you mean '-Wno-vla-extension'? [-Wunknown-warning-option]
1 warning generated.
c++   -I.  -MMD -I/opt/homebrew/Cellar/verilator/5.044/share/verilator/include -I/opt/homebrew/Cellar/verilator/5.044/share/verilator/include/vltstd -DVERILATOR=1 -DVM_COVERAGE=0 -DVM_SC=0 -DVM_TIMING=1 -DVM_TRACE=1 -DVM_TRACE_FST=1 -DVM_TRACE_VCD=0 -DVM_TRACE_SAIF=0 -faligned-new -fbracket-depth=4096 -fcf-protection=none -Xclang -fno-pch-timestamp -Qunused-arguments -Wno-bool-operation -Wno-c++11-narrowing -Wno-constant-logical-operand -Wno-int-in-bool-context -Wno-non-pod-varargs -Wno-parentheses-equality -Wno-shadow -Wno-sign-compare -Wno-tautological-bitwise-compare -Wno-tautological-compare -Wno-uninitialized -Wno-unused-but-set-parameter -Wno-unused-but-set-variable -Wno-unused-parameter -Wno-unused-variable -Wno-vla-cxx-extension    -DVL_TIME_CONTEXT   -std=gnu++20 -include-pch Vtb_l2b_chain__pch.h.slow.gch -c -o Vtb_l2b_chain__TraceDecls__0__Slow.o Vtb_l2b_chain__TraceDecls__0__Slow.cpp
warning: unknown warning option '-Wno-vla-cxx-extension'; did you mean '-Wno-vla-extension'? [-Wunknown-warning-option]
1 warning generated.
c++  -Wl,-U,__Z15vl_time_stamp64v,-U,__Z13sc_time_stampv   verilated.o verilated_fst_c.o verilated_timing.o verilated_threads.o Vtb_l2b_chain__ALL.a   -lz  -pthread -lpthread   -o Vtb_l2b_chain
rm Vtb_l2b_chain__ALL.verilator_deplist.tmp
- V e r i l a t i o n   R e p o r t: Verilator 5.044 2026-01-01 rev vUNKNOWN-built20260101
- Verilator: Built from 1.244 MB sources in 25 modules, into 11.422 MB in 25 C++ files needing 0.009 MB
- Verilator: Walltime 14.477 s (elab=0.025, cvt=0.755, bld=13.497); cpu 0.915 s on 1 threads; alloced 105.219 MB
mkdir -p build/obj_l2b_adv_T1
/opt/homebrew/bin/verilator --binary -Wall --timing --assert --timescale 1ns/1ps -I../../../verif/common -I../../../rtl/asu -I. lint_waivers.vlt --trace-fst -GTIER_CFG=2 -GG_CFG=128 -GOUTK_CFG=2 -GDEPTH_CFG=512 -GMASKF='"build/mask_adv_T1.hex"' --top-module tb_l2b_chain -Mdir build/obj_l2b_adv_T1 ../../../rtl/apex_pkg.sv ../../../rtl/mxe/mxe_cfg_pkg.sv ../../../rtl/xbr/stream_skid.sv ../../../rtl/kvq/cores/cq_fp_pkg.sv ../../../rtl/kvq/cores/amax_unit.sv ../../../rtl/kvq/cores/cq_scale_unit.sv ../../../rtl/kvq/cores/cq_quant_unit.sv ../../../rtl/kvq/cores/cq_dequant_unit.sv ../../../rtl/kvq/cores/scale_bank.sv ../../../rtl/kvq/cores/residual_buffer.sv ../../../rtl/kvq/cores/sram_controller.sv ../../../rtl/kvq/cores/cq_value_path.sv ../../../rtl/kvq/cores/cq_key_path.sv ../../../rtl/kvq/kvq_engine.sv ../../../rtl/seam/seam_feeder_quant.sv ../../../rtl/mxe/mxe_pe.sv ../../../rtl/mxe/mxe_array.sv ../../../rtl/mxe/mxe_buf.sv ../../../rtl/mxe/mxe_requant.sv ../../../rtl/mxe/mxe_ctrl.sv ../../../rtl/mxe/mxe_top.sv tb_l2b_chain.sv
c++ -Os  -I.  -MMD -I/opt/homebrew/Cellar/verilator/5.044/share/verilator/include -I/opt/homebrew/Cellar/verilator/5.044/share/verilator/include/vltstd -DVERILATOR=1 -DVM_COVERAGE=0 -DVM_SC=0 -DVM_TIMING=1 -DVM_TRACE=1 -DVM_TRACE_FST=1 -DVM_TRACE_VCD=0 -DVM_TRACE_SAIF=0 -faligned-new -fbracket-depth=4096 -fcf-protection=none -Xclang -fno-pch-timestamp -Qunused-arguments -Wno-bool-operation -Wno-c++11-narrowing -Wno-constant-logical-operand -Wno-int-in-bool-context -Wno-non-pod-varargs -Wno-parentheses-equality -Wno-shadow -Wno-sign-compare -Wno-tautological-bitwise-compare -Wno-tautological-compare -Wno-uninitialized -Wno-unused-but-set-parameter -Wno-unused-but-set-variable -Wno-unused-parameter -Wno-unused-variable -Wno-vla-cxx-extension    -DVL_TIME_CONTEXT   -std=gnu++20 -c -o verilated.o /opt/homebrew/Cellar/verilator/5.044/share/verilator/include/verilated.cpp
warning: unknown warning option '-Wno-vla-cxx-extension'; did you mean '-Wno-vla-extension'? [-Wunknown-warning-option]
1 warning generated.
c++ -Os  -I.  -MMD -I/opt/homebrew/Cellar/verilator/5.044/share/verilator/include -I/opt/homebrew/Cellar/verilator/5.044/share/verilator/include/vltstd -DVERILATOR=1 -DVM_COVERAGE=0 -DVM_SC=0 -DVM_TIMING=1 -DVM_TRACE=1 -DVM_TRACE_FST=1 -DVM_TRACE_VCD=0 -DVM_TRACE_SAIF=0 -faligned-new -fbracket-depth=4096 -fcf-protection=none -Xclang -fno-pch-timestamp -Qunused-arguments -Wno-bool-operation -Wno-c++11-narrowing -Wno-constant-logical-operand -Wno-int-in-bool-context -Wno-non-pod-varargs -Wno-parentheses-equality -Wno-shadow -Wno-sign-compare -Wno-tautological-bitwise-compare -Wno-tautological-compare -Wno-uninitialized -Wno-unused-but-set-parameter -Wno-unused-but-set-variable -Wno-unused-parameter -Wno-unused-variable -Wno-vla-cxx-extension    -DVL_TIME_CONTEXT   -std=gnu++20 -c -o verilated_fst_c.o /opt/homebrew/Cellar/verilator/5.044/share/verilator/include/verilated_fst_c.cpp
warning: unknown warning option '-Wno-vla-cxx-extension'; did you mean '-Wno-vla-extension'? [-Wunknown-warning-option]
1 warning generated.
c++ -Os  -I.  -MMD -I/opt/homebrew/Cellar/verilator/5.044/share/verilator/include -I/opt/homebrew/Cellar/verilator/5.044/share/verilator/include/vltstd -DVERILATOR=1 -DVM_COVERAGE=0 -DVM_SC=0 -DVM_TIMING=1 -DVM_TRACE=1 -DVM_TRACE_FST=1 -DVM_TRACE_VCD=0 -DVM_TRACE_SAIF=0 -faligned-new -fbracket-depth=4096 -fcf-protection=none -Xclang -fno-pch-timestamp -Qunused-arguments -Wno-bool-operation -Wno-c++11-narrowing -Wno-constant-logical-operand -Wno-int-in-bool-context -Wno-non-pod-varargs -Wno-parentheses-equality -Wno-shadow -Wno-sign-compare -Wno-tautological-bitwise-compare -Wno-tautological-compare -Wno-uninitialized -Wno-unused-but-set-parameter -Wno-unused-but-set-variable -Wno-unused-parameter -Wno-unused-variable -Wno-vla-cxx-extension    -DVL_TIME_CONTEXT   -std=gnu++20 -c -o verilated_timing.o /opt/homebrew/Cellar/verilator/5.044/share/verilator/include/verilated_timing.cpp
warning: unknown warning option '-Wno-vla-cxx-extension'; did you mean '-Wno-vla-extension'? [-Wunknown-warning-option]
1 warning generated.
c++ -Os  -I.  -MMD -I/opt/homebrew/Cellar/verilator/5.044/share/verilator/include -I/opt/homebrew/Cellar/verilator/5.044/share/verilator/include/vltstd -DVERILATOR=1 -DVM_COVERAGE=0 -DVM_SC=0 -DVM_TIMING=1 -DVM_TRACE=1 -DVM_TRACE_FST=1 -DVM_TRACE_VCD=0 -DVM_TRACE_SAIF=0 -faligned-new -fbracket-depth=4096 -fcf-protection=none -Xclang -fno-pch-timestamp -Qunused-arguments -Wno-bool-operation -Wno-c++11-narrowing -Wno-constant-logical-operand -Wno-int-in-bool-context -Wno-non-pod-varargs -Wno-parentheses-equality -Wno-shadow -Wno-sign-compare -Wno-tautological-bitwise-compare -Wno-tautological-compare -Wno-uninitialized -Wno-unused-but-set-parameter -Wno-unused-but-set-variable -Wno-unused-parameter -Wno-unused-variable -Wno-vla-cxx-extension    -DVL_TIME_CONTEXT   -std=gnu++20 -c -o verilated_threads.o /opt/homebrew/Cellar/verilator/5.044/share/verilator/include/verilated_threads.cpp
warning: unknown warning option '-Wno-vla-cxx-extension'; did you mean '-Wno-vla-extension'? [-Wunknown-warning-option]
1 warning generated.
c++ -Os  -I.  -MMD -I/opt/homebrew/Cellar/verilator/5.044/share/verilator/include -I/opt/homebrew/Cellar/verilator/5.044/share/verilator/include/vltstd -DVERILATOR=1 -DVM_COVERAGE=0 -DVM_SC=0 -DVM_TIMING=1 -DVM_TRACE=1 -DVM_TRACE_FST=1 -DVM_TRACE_VCD=0 -DVM_TRACE_SAIF=0 -faligned-new -fbracket-depth=4096 -fcf-protection=none -Xclang -fno-pch-timestamp -Qunused-arguments -Wno-bool-operation -Wno-c++11-narrowing -Wno-constant-logical-operand -Wno-int-in-bool-context -Wno-non-pod-varargs -Wno-parentheses-equality -Wno-shadow -Wno-sign-compare -Wno-tautological-bitwise-compare -Wno-tautological-compare -Wno-uninitialized -Wno-unused-but-set-parameter -Wno-unused-but-set-variable -Wno-unused-parameter -Wno-unused-variable -Wno-vla-cxx-extension    -DVL_TIME_CONTEXT   -std=gnu++20 -x c++-header Vtb_l2b_chain__pch.h -o Vtb_l2b_chain__pch.h.fast.gch
warning: unknown warning option '-Wno-vla-cxx-extension'; did you mean '-Wno-vla-extension'? [-Wunknown-warning-option]
1 warning generated.
c++ -Os  -I.  -MMD -I/opt/homebrew/Cellar/verilator/5.044/share/verilator/include -I/opt/homebrew/Cellar/verilator/5.044/share/verilator/include/vltstd -DVERILATOR=1 -DVM_COVERAGE=0 -DVM_SC=0 -DVM_TIMING=1 -DVM_TRACE=1 -DVM_TRACE_FST=1 -DVM_TRACE_VCD=0 -DVM_TRACE_SAIF=0 -faligned-new -fbracket-depth=4096 -fcf-protection=none -Xclang -fno-pch-timestamp -Qunused-arguments -Wno-bool-operation -Wno-c++11-narrowing -Wno-constant-logical-operand -Wno-int-in-bool-context -Wno-non-pod-varargs -Wno-parentheses-equality -Wno-shadow -Wno-sign-compare -Wno-tautological-bitwise-compare -Wno-tautological-compare -Wno-uninitialized -Wno-unused-but-set-parameter -Wno-unused-but-set-variable -Wno-unused-parameter -Wno-unused-variable -Wno-vla-cxx-extension    -DVL_TIME_CONTEXT   -std=gnu++20 -include-pch Vtb_l2b_chain__pch.h.fast.gch -c -o Vtb_l2b_chain.o Vtb_l2b_chain.cpp
warning: unknown warning option '-Wno-vla-cxx-extension'; did you mean '-Wno-vla-extension'? [-Wunknown-warning-option]
1 warning generated.
c++ -Os  -I.  -MMD -I/opt/homebrew/Cellar/verilator/5.044/share/verilator/include -I/opt/homebrew/Cellar/verilator/5.044/share/verilator/include/vltstd -DVERILATOR=1 -DVM_COVERAGE=0 -DVM_SC=0 -DVM_TIMING=1 -DVM_TRACE=1 -DVM_TRACE_FST=1 -DVM_TRACE_VCD=0 -DVM_TRACE_SAIF=0 -faligned-new -fbracket-depth=4096 -fcf-protection=none -Xclang -fno-pch-timestamp -Qunused-arguments -Wno-bool-operation -Wno-c++11-narrowing -Wno-constant-logical-operand -Wno-int-in-bool-context -Wno-non-pod-varargs -Wno-parentheses-equality -Wno-shadow -Wno-sign-compare -Wno-tautological-bitwise-compare -Wno-tautological-compare -Wno-uninitialized -Wno-unused-but-set-parameter -Wno-unused-but-set-variable -Wno-unused-parameter -Wno-unused-variable -Wno-vla-cxx-extension    -DVL_TIME_CONTEXT   -std=gnu++20 -include-pch Vtb_l2b_chain__pch.h.fast.gch -c -o Vtb_l2b_chain___024root__0.o Vtb_l2b_chain___024root__0.cpp
warning: unknown warning option '-Wno-vla-cxx-extension'; did you mean '-Wno-vla-extension'? [-Wunknown-warning-option]
1 warning generated.
c++ -Os  -I.  -MMD -I/opt/homebrew/Cellar/verilator/5.044/share/verilator/include -I/opt/homebrew/Cellar/verilator/5.044/share/verilator/include/vltstd -DVERILATOR=1 -DVM_COVERAGE=0 -DVM_SC=0 -DVM_TIMING=1 -DVM_TRACE=1 -DVM_TRACE_FST=1 -DVM_TRACE_VCD=0 -DVM_TRACE_SAIF=0 -faligned-new -fbracket-depth=4096 -fcf-protection=none -Xclang -fno-pch-timestamp -Qunused-arguments -Wno-bool-operation -Wno-c++11-narrowing -Wno-constant-logical-operand -Wno-int-in-bool-context -Wno-non-pod-varargs -Wno-parentheses-equality -Wno-shadow -Wno-sign-compare -Wno-tautological-bitwise-compare -Wno-tautological-compare -Wno-uninitialized -Wno-unused-but-set-parameter -Wno-unused-but-set-variable -Wno-unused-parameter -Wno-unused-variable -Wno-vla-cxx-extension    -DVL_TIME_CONTEXT   -std=gnu++20 -include-pch Vtb_l2b_chain__pch.h.fast.gch -c -o Vtb_l2b_chain___024root__1.o Vtb_l2b_chain___024root__1.cpp
warning: unknown warning option '-Wno-vla-cxx-extension'; did you mean '-Wno-vla-extension'? [-Wunknown-warning-option]
1 warning generated.
c++ -Os  -I.  -MMD -I/opt/homebrew/Cellar/verilator/5.044/share/verilator/include -I/opt/homebrew/Cellar/verilator/5.044/share/verilator/include/vltstd -DVERILATOR=1 -DVM_COVERAGE=0 -DVM_SC=0 -DVM_TIMING=1 -DVM_TRACE=1 -DVM_TRACE_FST=1 -DVM_TRACE_VCD=0 -DVM_TRACE_SAIF=0 -faligned-new -fbracket-depth=4096 -fcf-protection=none -Xclang -fno-pch-timestamp -Qunused-arguments -Wno-bool-operation -Wno-c++11-narrowing -Wno-constant-logical-operand -Wno-int-in-bool-context -Wno-non-pod-varargs -Wno-parentheses-equality -Wno-shadow -Wno-sign-compare -Wno-tautological-bitwise-compare -Wno-tautological-compare -Wno-uninitialized -Wno-unused-but-set-parameter -Wno-unused-but-set-variable -Wno-unused-parameter -Wno-unused-variable -Wno-vla-cxx-extension    -DVL_TIME_CONTEXT   -std=gnu++20 -include-pch Vtb_l2b_chain__pch.h.fast.gch -c -o Vtb_l2b_chain___024root__2.o Vtb_l2b_chain___024root__2.cpp
warning: unknown warning option '-Wno-vla-cxx-extension'; did you mean '-Wno-vla-extension'? [-Wunknown-warning-option]
1 warning generated.
c++ -Os  -I.  -MMD -I/opt/homebrew/Cellar/verilator/5.044/share/verilator/include -I/opt/homebrew/Cellar/verilator/5.044/share/verilator/include/vltstd -DVERILATOR=1 -DVM_COVERAGE=0 -DVM_SC=0 -DVM_TIMING=1 -DVM_TRACE=1 -DVM_TRACE_FST=1 -DVM_TRACE_VCD=0 -DVM_TRACE_SAIF=0 -faligned-new -fbracket-depth=4096 -fcf-protection=none -Xclang -fno-pch-timestamp -Qunused-arguments -Wno-bool-operation -Wno-c++11-narrowing -Wno-constant-logical-operand -Wno-int-in-bool-context -Wno-non-pod-varargs -Wno-parentheses-equality -Wno-shadow -Wno-sign-compare -Wno-tautological-bitwise-compare -Wno-tautological-compare -Wno-uninitialized -Wno-unused-but-set-parameter -Wno-unused-but-set-variable -Wno-unused-parameter -Wno-unused-variable -Wno-vla-cxx-extension    -DVL_TIME_CONTEXT   -std=gnu++20 -include-pch Vtb_l2b_chain__pch.h.fast.gch -c -o Vtb_l2b_chain___024root__3.o Vtb_l2b_chain___024root__3.cpp
warning: unknown warning option '-Wno-vla-cxx-extension'; did you mean '-Wno-vla-extension'? [-Wunknown-warning-option]
1 warning generated.
c++ -Os  -I.  -MMD -I/opt/homebrew/Cellar/verilator/5.044/share/verilator/include -I/opt/homebrew/Cellar/verilator/5.044/share/verilator/include/vltstd -DVERILATOR=1 -DVM_COVERAGE=0 -DVM_SC=0 -DVM_TIMING=1 -DVM_TRACE=1 -DVM_TRACE_FST=1 -DVM_TRACE_VCD=0 -DVM_TRACE_SAIF=0 -faligned-new -fbracket-depth=4096 -fcf-protection=none -Xclang -fno-pch-timestamp -Qunused-arguments -Wno-bool-operation -Wno-c++11-narrowing -Wno-constant-logical-operand -Wno-int-in-bool-context -Wno-non-pod-varargs -Wno-parentheses-equality -Wno-shadow -Wno-sign-compare -Wno-tautological-bitwise-compare -Wno-tautological-compare -Wno-uninitialized -Wno-unused-but-set-parameter -Wno-unused-but-set-variable -Wno-unused-parameter -Wno-unused-variable -Wno-vla-cxx-extension    -DVL_TIME_CONTEXT   -std=gnu++20 -include-pch Vtb_l2b_chain__pch.h.fast.gch -c -o Vtb_l2b_chain___024root__4.o Vtb_l2b_chain___024root__4.cpp
warning: unknown warning option '-Wno-vla-cxx-extension'; did you mean '-Wno-vla-extension'? [-Wunknown-warning-option]
1 warning generated.
c++ -Os  -I.  -MMD -I/opt/homebrew/Cellar/verilator/5.044/share/verilator/include -I/opt/homebrew/Cellar/verilator/5.044/share/verilator/include/vltstd -DVERILATOR=1 -DVM_COVERAGE=0 -DVM_SC=0 -DVM_TIMING=1 -DVM_TRACE=1 -DVM_TRACE_FST=1 -DVM_TRACE_VCD=0 -DVM_TRACE_SAIF=0 -faligned-new -fbracket-depth=4096 -fcf-protection=none -Xclang -fno-pch-timestamp -Qunused-arguments -Wno-bool-operation -Wno-c++11-narrowing -Wno-constant-logical-operand -Wno-int-in-bool-context -Wno-non-pod-varargs -Wno-parentheses-equality -Wno-shadow -Wno-sign-compare -Wno-tautological-bitwise-compare -Wno-tautological-compare -Wno-uninitialized -Wno-unused-but-set-parameter -Wno-unused-but-set-variable -Wno-unused-parameter -Wno-unused-variable -Wno-vla-cxx-extension    -DVL_TIME_CONTEXT   -std=gnu++20 -include-pch Vtb_l2b_chain__pch.h.fast.gch -c -o Vtb_l2b_chain___024root__5.o Vtb_l2b_chain___024root__5.cpp
warning: unknown warning option '-Wno-vla-cxx-extension'; did you mean '-Wno-vla-extension'? [-Wunknown-warning-option]
1 warning generated.
c++ -Os  -I.  -MMD -I/opt/homebrew/Cellar/verilator/5.044/share/verilator/include -I/opt/homebrew/Cellar/verilator/5.044/share/verilator/include/vltstd -DVERILATOR=1 -DVM_COVERAGE=0 -DVM_SC=0 -DVM_TIMING=1 -DVM_TRACE=1 -DVM_TRACE_FST=1 -DVM_TRACE_VCD=0 -DVM_TRACE_SAIF=0 -faligned-new -fbracket-depth=4096 -fcf-protection=none -Xclang -fno-pch-timestamp -Qunused-arguments -Wno-bool-operation -Wno-c++11-narrowing -Wno-constant-logical-operand -Wno-int-in-bool-context -Wno-non-pod-varargs -Wno-parentheses-equality -Wno-shadow -Wno-sign-compare -Wno-tautological-bitwise-compare -Wno-tautological-compare -Wno-uninitialized -Wno-unused-but-set-parameter -Wno-unused-but-set-variable -Wno-unused-parameter -Wno-unused-variable -Wno-vla-cxx-extension    -DVL_TIME_CONTEXT   -std=gnu++20 -include-pch Vtb_l2b_chain__pch.h.fast.gch -c -o Vtb_l2b_chain___024root__6.o Vtb_l2b_chain___024root__6.cpp
warning: unknown warning option '-Wno-vla-cxx-extension'; did you mean '-Wno-vla-extension'? [-Wunknown-warning-option]
1 warning generated.
c++ -Os  -I.  -MMD -I/opt/homebrew/Cellar/verilator/5.044/share/verilator/include -I/opt/homebrew/Cellar/verilator/5.044/share/verilator/include/vltstd -DVERILATOR=1 -DVM_COVERAGE=0 -DVM_SC=0 -DVM_TIMING=1 -DVM_TRACE=1 -DVM_TRACE_FST=1 -DVM_TRACE_VCD=0 -DVM_TRACE_SAIF=0 -faligned-new -fbracket-depth=4096 -fcf-protection=none -Xclang -fno-pch-timestamp -Qunused-arguments -Wno-bool-operation -Wno-c++11-narrowing -Wno-constant-logical-operand -Wno-int-in-bool-context -Wno-non-pod-varargs -Wno-parentheses-equality -Wno-shadow -Wno-sign-compare -Wno-tautological-bitwise-compare -Wno-tautological-compare -Wno-uninitialized -Wno-unused-but-set-parameter -Wno-unused-but-set-variable -Wno-unused-parameter -Wno-unused-variable -Wno-vla-cxx-extension    -DVL_TIME_CONTEXT   -std=gnu++20 -include-pch Vtb_l2b_chain__pch.h.fast.gch -c -o Vtb_l2b_chain___024root__7.o Vtb_l2b_chain___024root__7.cpp
warning: unknown warning option '-Wno-vla-cxx-extension'; did you mean '-Wno-vla-extension'? [-Wunknown-warning-option]
1 warning generated.
c++ -Os  -I.  -MMD -I/opt/homebrew/Cellar/verilator/5.044/share/verilator/include -I/opt/homebrew/Cellar/verilator/5.044/share/verilator/include/vltstd -DVERILATOR=1 -DVM_COVERAGE=0 -DVM_SC=0 -DVM_TIMING=1 -DVM_TRACE=1 -DVM_TRACE_FST=1 -DVM_TRACE_VCD=0 -DVM_TRACE_SAIF=0 -faligned-new -fbracket-depth=4096 -fcf-protection=none -Xclang -fno-pch-timestamp -Qunused-arguments -Wno-bool-operation -Wno-c++11-narrowing -Wno-constant-logical-operand -Wno-int-in-bool-context -Wno-non-pod-varargs -Wno-parentheses-equality -Wno-shadow -Wno-sign-compare -Wno-tautological-bitwise-compare -Wno-tautological-compare -Wno-uninitialized -Wno-unused-but-set-parameter -Wno-unused-but-set-variable -Wno-unused-parameter -Wno-unused-variable -Wno-vla-cxx-extension    -DVL_TIME_CONTEXT   -std=gnu++20 -include-pch Vtb_l2b_chain__pch.h.fast.gch -c -o Vtb_l2b_chain___024root__8.o Vtb_l2b_chain___024root__8.cpp
warning: unknown warning option '-Wno-vla-cxx-extension'; did you mean '-Wno-vla-extension'? [-Wunknown-warning-option]
1 warning generated.
c++ -Os  -I.  -MMD -I/opt/homebrew/Cellar/verilator/5.044/share/verilator/include -I/opt/homebrew/Cellar/verilator/5.044/share/verilator/include/vltstd -DVERILATOR=1 -DVM_COVERAGE=0 -DVM_SC=0 -DVM_TIMING=1 -DVM_TRACE=1 -DVM_TRACE_FST=1 -DVM_TRACE_VCD=0 -DVM_TRACE_SAIF=0 -faligned-new -fbracket-depth=4096 -fcf-protection=none -Xclang -fno-pch-timestamp -Qunused-arguments -Wno-bool-operation -Wno-c++11-narrowing -Wno-constant-logical-operand -Wno-int-in-bool-context -Wno-non-pod-varargs -Wno-parentheses-equality -Wno-shadow -Wno-sign-compare -Wno-tautological-bitwise-compare -Wno-tautological-compare -Wno-uninitialized -Wno-unused-but-set-parameter -Wno-unused-but-set-variable -Wno-unused-parameter -Wno-unused-variable -Wno-vla-cxx-extension    -DVL_TIME_CONTEXT   -std=gnu++20 -include-pch Vtb_l2b_chain__pch.h.fast.gch -c -o Vtb_l2b_chain__main.o Vtb_l2b_chain__main.cpp
warning: unknown warning option '-Wno-vla-cxx-extension'; did you mean '-Wno-vla-extension'? [-Wunknown-warning-option]
1 warning generated.
c++ -Os  -I.  -MMD -I/opt/homebrew/Cellar/verilator/5.044/share/verilator/include -I/opt/homebrew/Cellar/verilator/5.044/share/verilator/include/vltstd -DVERILATOR=1 -DVM_COVERAGE=0 -DVM_SC=0 -DVM_TIMING=1 -DVM_TRACE=1 -DVM_TRACE_FST=1 -DVM_TRACE_VCD=0 -DVM_TRACE_SAIF=0 -faligned-new -fbracket-depth=4096 -fcf-protection=none -Xclang -fno-pch-timestamp -Qunused-arguments -Wno-bool-operation -Wno-c++11-narrowing -Wno-constant-logical-operand -Wno-int-in-bool-context -Wno-non-pod-varargs -Wno-parentheses-equality -Wno-shadow -Wno-sign-compare -Wno-tautological-bitwise-compare -Wno-tautological-compare -Wno-uninitialized -Wno-unused-but-set-parameter -Wno-unused-but-set-variable -Wno-unused-parameter -Wno-unused-variable -Wno-vla-cxx-extension    -DVL_TIME_CONTEXT   -std=gnu++20 -include-pch Vtb_l2b_chain__pch.h.fast.gch -c -o Vtb_l2b_chain__Trace__0.o Vtb_l2b_chain__Trace__0.cpp
warning: unknown warning option '-Wno-vla-cxx-extension'; did you mean '-Wno-vla-extension'? [-Wunknown-warning-option]
1 warning generated.
c++   -I.  -MMD -I/opt/homebrew/Cellar/verilator/5.044/share/verilator/include -I/opt/homebrew/Cellar/verilator/5.044/share/verilator/include/vltstd -DVERILATOR=1 -DVM_COVERAGE=0 -DVM_SC=0 -DVM_TIMING=1 -DVM_TRACE=1 -DVM_TRACE_FST=1 -DVM_TRACE_VCD=0 -DVM_TRACE_SAIF=0 -faligned-new -fbracket-depth=4096 -fcf-protection=none -Xclang -fno-pch-timestamp -Qunused-arguments -Wno-bool-operation -Wno-c++11-narrowing -Wno-constant-logical-operand -Wno-int-in-bool-context -Wno-non-pod-varargs -Wno-parentheses-equality -Wno-shadow -Wno-sign-compare -Wno-tautological-bitwise-compare -Wno-tautological-compare -Wno-uninitialized -Wno-unused-but-set-parameter -Wno-unused-but-set-variable -Wno-unused-parameter -Wno-unused-variable -Wno-vla-cxx-extension    -DVL_TIME_CONTEXT   -std=gnu++20 -x c++-header Vtb_l2b_chain__pch.h -o Vtb_l2b_chain__pch.h.slow.gch
warning: unknown warning option '-Wno-vla-cxx-extension'; did you mean '-Wno-vla-extension'? [-Wunknown-warning-option]
1 warning generated.
c++   -I.  -MMD -I/opt/homebrew/Cellar/verilator/5.044/share/verilator/include -I/opt/homebrew/Cellar/verilator/5.044/share/verilator/include/vltstd -DVERILATOR=1 -DVM_COVERAGE=0 -DVM_SC=0 -DVM_TIMING=1 -DVM_TRACE=1 -DVM_TRACE_FST=1 -DVM_TRACE_VCD=0 -DVM_TRACE_SAIF=0 -faligned-new -fbracket-depth=4096 -fcf-protection=none -Xclang -fno-pch-timestamp -Qunused-arguments -Wno-bool-operation -Wno-c++11-narrowing -Wno-constant-logical-operand -Wno-int-in-bool-context -Wno-non-pod-varargs -Wno-parentheses-equality -Wno-shadow -Wno-sign-compare -Wno-tautological-bitwise-compare -Wno-tautological-compare -Wno-uninitialized -Wno-unused-but-set-parameter -Wno-unused-but-set-variable -Wno-unused-parameter -Wno-unused-variable -Wno-vla-cxx-extension    -DVL_TIME_CONTEXT   -std=gnu++20 -include-pch Vtb_l2b_chain__pch.h.slow.gch -c -o Vtb_l2b_chain__ConstPool__0__Slow.o Vtb_l2b_chain__ConstPool__0__Slow.cpp
warning: unknown warning option '-Wno-vla-cxx-extension'; did you mean '-Wno-vla-extension'? [-Wunknown-warning-option]
1 warning generated.
c++   -I.  -MMD -I/opt/homebrew/Cellar/verilator/5.044/share/verilator/include -I/opt/homebrew/Cellar/verilator/5.044/share/verilator/include/vltstd -DVERILATOR=1 -DVM_COVERAGE=0 -DVM_SC=0 -DVM_TIMING=1 -DVM_TRACE=1 -DVM_TRACE_FST=1 -DVM_TRACE_VCD=0 -DVM_TRACE_SAIF=0 -faligned-new -fbracket-depth=4096 -fcf-protection=none -Xclang -fno-pch-timestamp -Qunused-arguments -Wno-bool-operation -Wno-c++11-narrowing -Wno-constant-logical-operand -Wno-int-in-bool-context -Wno-non-pod-varargs -Wno-parentheses-equality -Wno-shadow -Wno-sign-compare -Wno-tautological-bitwise-compare -Wno-tautological-compare -Wno-uninitialized -Wno-unused-but-set-parameter -Wno-unused-but-set-variable -Wno-unused-parameter -Wno-unused-variable -Wno-vla-cxx-extension    -DVL_TIME_CONTEXT   -std=gnu++20 -include-pch Vtb_l2b_chain__pch.h.slow.gch -c -o Vtb_l2b_chain___024root__Slow.o Vtb_l2b_chain___024root__Slow.cpp
warning: unknown warning option '-Wno-vla-cxx-extension'; did you mean '-Wno-vla-extension'? [-Wunknown-warning-option]
1 warning generated.
c++   -I.  -MMD -I/opt/homebrew/Cellar/verilator/5.044/share/verilator/include -I/opt/homebrew/Cellar/verilator/5.044/share/verilator/include/vltstd -DVERILATOR=1 -DVM_COVERAGE=0 -DVM_SC=0 -DVM_TIMING=1 -DVM_TRACE=1 -DVM_TRACE_FST=1 -DVM_TRACE_VCD=0 -DVM_TRACE_SAIF=0 -faligned-new -fbracket-depth=4096 -fcf-protection=none -Xclang -fno-pch-timestamp -Qunused-arguments -Wno-bool-operation -Wno-c++11-narrowing -Wno-constant-logical-operand -Wno-int-in-bool-context -Wno-non-pod-varargs -Wno-parentheses-equality -Wno-shadow -Wno-sign-compare -Wno-tautological-bitwise-compare -Wno-tautological-compare -Wno-uninitialized -Wno-unused-but-set-parameter -Wno-unused-but-set-variable -Wno-unused-parameter -Wno-unused-variable -Wno-vla-cxx-extension    -DVL_TIME_CONTEXT   -std=gnu++20 -include-pch Vtb_l2b_chain__pch.h.slow.gch -c -o Vtb_l2b_chain___024root__0__Slow.o Vtb_l2b_chain___024root__0__Slow.cpp
warning: unknown warning option '-Wno-vla-cxx-extension'; did you mean '-Wno-vla-extension'? [-Wunknown-warning-option]
1 warning generated.
c++   -I.  -MMD -I/opt/homebrew/Cellar/verilator/5.044/share/verilator/include -I/opt/homebrew/Cellar/verilator/5.044/share/verilator/include/vltstd -DVERILATOR=1 -DVM_COVERAGE=0 -DVM_SC=0 -DVM_TIMING=1 -DVM_TRACE=1 -DVM_TRACE_FST=1 -DVM_TRACE_VCD=0 -DVM_TRACE_SAIF=0 -faligned-new -fbracket-depth=4096 -fcf-protection=none -Xclang -fno-pch-timestamp -Qunused-arguments -Wno-bool-operation -Wno-c++11-narrowing -Wno-constant-logical-operand -Wno-int-in-bool-context -Wno-non-pod-varargs -Wno-parentheses-equality -Wno-shadow -Wno-sign-compare -Wno-tautological-bitwise-compare -Wno-tautological-compare -Wno-uninitialized -Wno-unused-but-set-parameter -Wno-unused-but-set-variable -Wno-unused-parameter -Wno-unused-variable -Wno-vla-cxx-extension    -DVL_TIME_CONTEXT   -std=gnu++20 -include-pch Vtb_l2b_chain__pch.h.slow.gch -c -o Vtb_l2b_chain___024root__1__Slow.o Vtb_l2b_chain___024root__1__Slow.cpp
warning: unknown warning option '-Wno-vla-cxx-extension'; did you mean '-Wno-vla-extension'? [-Wunknown-warning-option]
1 warning generated.
c++   -I.  -MMD -I/opt/homebrew/Cellar/verilator/5.044/share/verilator/include -I/opt/homebrew/Cellar/verilator/5.044/share/verilator/include/vltstd -DVERILATOR=1 -DVM_COVERAGE=0 -DVM_SC=0 -DVM_TIMING=1 -DVM_TRACE=1 -DVM_TRACE_FST=1 -DVM_TRACE_VCD=0 -DVM_TRACE_SAIF=0 -faligned-new -fbracket-depth=4096 -fcf-protection=none -Xclang -fno-pch-timestamp -Qunused-arguments -Wno-bool-operation -Wno-c++11-narrowing -Wno-constant-logical-operand -Wno-int-in-bool-context -Wno-non-pod-varargs -Wno-parentheses-equality -Wno-shadow -Wno-sign-compare -Wno-tautological-bitwise-compare -Wno-tautological-compare -Wno-uninitialized -Wno-unused-but-set-parameter -Wno-unused-but-set-variable -Wno-unused-parameter -Wno-unused-variable -Wno-vla-cxx-extension    -DVL_TIME_CONTEXT   -std=gnu++20 -include-pch Vtb_l2b_chain__pch.h.slow.gch -c -o Vtb_l2b_chain___024root__2__Slow.o Vtb_l2b_chain___024root__2__Slow.cpp
warning: unknown warning option '-Wno-vla-cxx-extension'; did you mean '-Wno-vla-extension'? [-Wunknown-warning-option]
1 warning generated.
c++   -I.  -MMD -I/opt/homebrew/Cellar/verilator/5.044/share/verilator/include -I/opt/homebrew/Cellar/verilator/5.044/share/verilator/include/vltstd -DVERILATOR=1 -DVM_COVERAGE=0 -DVM_SC=0 -DVM_TIMING=1 -DVM_TRACE=1 -DVM_TRACE_FST=1 -DVM_TRACE_VCD=0 -DVM_TRACE_SAIF=0 -faligned-new -fbracket-depth=4096 -fcf-protection=none -Xclang -fno-pch-timestamp -Qunused-arguments -Wno-bool-operation -Wno-c++11-narrowing -Wno-constant-logical-operand -Wno-int-in-bool-context -Wno-non-pod-varargs -Wno-parentheses-equality -Wno-shadow -Wno-sign-compare -Wno-tautological-bitwise-compare -Wno-tautological-compare -Wno-uninitialized -Wno-unused-but-set-parameter -Wno-unused-but-set-variable -Wno-unused-parameter -Wno-unused-variable -Wno-vla-cxx-extension    -DVL_TIME_CONTEXT   -std=gnu++20 -include-pch Vtb_l2b_chain__pch.h.slow.gch -c -o Vtb_l2b_chain___024root__3__Slow.o Vtb_l2b_chain___024root__3__Slow.cpp
warning: unknown warning option '-Wno-vla-cxx-extension'; did you mean '-Wno-vla-extension'? [-Wunknown-warning-option]
1 warning generated.
c++   -I.  -MMD -I/opt/homebrew/Cellar/verilator/5.044/share/verilator/include -I/opt/homebrew/Cellar/verilator/5.044/share/verilator/include/vltstd -DVERILATOR=1 -DVM_COVERAGE=0 -DVM_SC=0 -DVM_TIMING=1 -DVM_TRACE=1 -DVM_TRACE_FST=1 -DVM_TRACE_VCD=0 -DVM_TRACE_SAIF=0 -faligned-new -fbracket-depth=4096 -fcf-protection=none -Xclang -fno-pch-timestamp -Qunused-arguments -Wno-bool-operation -Wno-c++11-narrowing -Wno-constant-logical-operand -Wno-int-in-bool-context -Wno-non-pod-varargs -Wno-parentheses-equality -Wno-shadow -Wno-sign-compare -Wno-tautological-bitwise-compare -Wno-tautological-compare -Wno-uninitialized -Wno-unused-but-set-parameter -Wno-unused-but-set-variable -Wno-unused-parameter -Wno-unused-variable -Wno-vla-cxx-extension    -DVL_TIME_CONTEXT   -std=gnu++20 -include-pch Vtb_l2b_chain__pch.h.slow.gch -c -o Vtb_l2b_chain___024root__4__Slow.o Vtb_l2b_chain___024root__4__Slow.cpp
warning: unknown warning option '-Wno-vla-cxx-extension'; did you mean '-Wno-vla-extension'? [-Wunknown-warning-option]
1 warning generated.
c++   -I.  -MMD -I/opt/homebrew/Cellar/verilator/5.044/share/verilator/include -I/opt/homebrew/Cellar/verilator/5.044/share/verilator/include/vltstd -DVERILATOR=1 -DVM_COVERAGE=0 -DVM_SC=0 -DVM_TIMING=1 -DVM_TRACE=1 -DVM_TRACE_FST=1 -DVM_TRACE_VCD=0 -DVM_TRACE_SAIF=0 -faligned-new -fbracket-depth=4096 -fcf-protection=none -Xclang -fno-pch-timestamp -Qunused-arguments -Wno-bool-operation -Wno-c++11-narrowing -Wno-constant-logical-operand -Wno-int-in-bool-context -Wno-non-pod-varargs -Wno-parentheses-equality -Wno-shadow -Wno-sign-compare -Wno-tautological-bitwise-compare -Wno-tautological-compare -Wno-uninitialized -Wno-unused-but-set-parameter -Wno-unused-but-set-variable -Wno-unused-parameter -Wno-unused-variable -Wno-vla-cxx-extension    -DVL_TIME_CONTEXT   -std=gnu++20 -include-pch Vtb_l2b_chain__pch.h.slow.gch -c -o Vtb_l2b_chain___024root__5__Slow.o Vtb_l2b_chain___024root__5__Slow.cpp
warning: unknown warning option '-Wno-vla-cxx-extension'; did you mean '-Wno-vla-extension'? [-Wunknown-warning-option]
1 warning generated.
c++   -I.  -MMD -I/opt/homebrew/Cellar/verilator/5.044/share/verilator/include -I/opt/homebrew/Cellar/verilator/5.044/share/verilator/include/vltstd -DVERILATOR=1 -DVM_COVERAGE=0 -DVM_SC=0 -DVM_TIMING=1 -DVM_TRACE=1 -DVM_TRACE_FST=1 -DVM_TRACE_VCD=0 -DVM_TRACE_SAIF=0 -faligned-new -fbracket-depth=4096 -fcf-protection=none -Xclang -fno-pch-timestamp -Qunused-arguments -Wno-bool-operation -Wno-c++11-narrowing -Wno-constant-logical-operand -Wno-int-in-bool-context -Wno-non-pod-varargs -Wno-parentheses-equality -Wno-shadow -Wno-sign-compare -Wno-tautological-bitwise-compare -Wno-tautological-compare -Wno-uninitialized -Wno-unused-but-set-parameter -Wno-unused-but-set-variable -Wno-unused-parameter -Wno-unused-variable -Wno-vla-cxx-extension    -DVL_TIME_CONTEXT   -std=gnu++20 -include-pch Vtb_l2b_chain__pch.h.slow.gch -c -o Vtb_l2b_chain___024root__6__Slow.o Vtb_l2b_chain___024root__6__Slow.cpp
warning: unknown warning option '-Wno-vla-cxx-extension'; did you mean '-Wno-vla-extension'? [-Wunknown-warning-option]
1 warning generated.
c++   -I.  -MMD -I/opt/homebrew/Cellar/verilator/5.044/share/verilator/include -I/opt/homebrew/Cellar/verilator/5.044/share/verilator/include/vltstd -DVERILATOR=1 -DVM_COVERAGE=0 -DVM_SC=0 -DVM_TIMING=1 -DVM_TRACE=1 -DVM_TRACE_FST=1 -DVM_TRACE_VCD=0 -DVM_TRACE_SAIF=0 -faligned-new -fbracket-depth=4096 -fcf-protection=none -Xclang -fno-pch-timestamp -Qunused-arguments -Wno-bool-operation -Wno-c++11-narrowing -Wno-constant-logical-operand -Wno-int-in-bool-context -Wno-non-pod-varargs -Wno-parentheses-equality -Wno-shadow -Wno-sign-compare -Wno-tautological-bitwise-compare -Wno-tautological-compare -Wno-uninitialized -Wno-unused-but-set-parameter -Wno-unused-but-set-variable -Wno-unused-parameter -Wno-unused-variable -Wno-vla-cxx-extension    -DVL_TIME_CONTEXT   -std=gnu++20 -include-pch Vtb_l2b_chain__pch.h.slow.gch -c -o Vtb_l2b_chain___024root__7__Slow.o Vtb_l2b_chain___024root__7__Slow.cpp
warning: unknown warning option '-Wno-vla-cxx-extension'; did you mean '-Wno-vla-extension'? [-Wunknown-warning-option]
1 warning generated.
c++   -I.  -MMD -I/opt/homebrew/Cellar/verilator/5.044/share/verilator/include -I/opt/homebrew/Cellar/verilator/5.044/share/verilator/include/vltstd -DVERILATOR=1 -DVM_COVERAGE=0 -DVM_SC=0 -DVM_TIMING=1 -DVM_TRACE=1 -DVM_TRACE_FST=1 -DVM_TRACE_VCD=0 -DVM_TRACE_SAIF=0 -faligned-new -fbracket-depth=4096 -fcf-protection=none -Xclang -fno-pch-timestamp -Qunused-arguments -Wno-bool-operation -Wno-c++11-narrowing -Wno-constant-logical-operand -Wno-int-in-bool-context -Wno-non-pod-varargs -Wno-parentheses-equality -Wno-shadow -Wno-sign-compare -Wno-tautological-bitwise-compare -Wno-tautological-compare -Wno-uninitialized -Wno-unused-but-set-parameter -Wno-unused-but-set-variable -Wno-unused-parameter -Wno-unused-variable -Wno-vla-cxx-extension    -DVL_TIME_CONTEXT   -std=gnu++20 -include-pch Vtb_l2b_chain__pch.h.slow.gch -c -o Vtb_l2b_chain__Syms__Slow.o Vtb_l2b_chain__Syms__Slow.cpp
warning: unknown warning option '-Wno-vla-cxx-extension'; did you mean '-Wno-vla-extension'? [-Wunknown-warning-option]
1 warning generated.
c++   -I.  -MMD -I/opt/homebrew/Cellar/verilator/5.044/share/verilator/include -I/opt/homebrew/Cellar/verilator/5.044/share/verilator/include/vltstd -DVERILATOR=1 -DVM_COVERAGE=0 -DVM_SC=0 -DVM_TIMING=1 -DVM_TRACE=1 -DVM_TRACE_FST=1 -DVM_TRACE_VCD=0 -DVM_TRACE_SAIF=0 -faligned-new -fbracket-depth=4096 -fcf-protection=none -Xclang -fno-pch-timestamp -Qunused-arguments -Wno-bool-operation -Wno-c++11-narrowing -Wno-constant-logical-operand -Wno-int-in-bool-context -Wno-non-pod-varargs -Wno-parentheses-equality -Wno-shadow -Wno-sign-compare -Wno-tautological-bitwise-compare -Wno-tautological-compare -Wno-uninitialized -Wno-unused-but-set-parameter -Wno-unused-but-set-variable -Wno-unused-parameter -Wno-unused-variable -Wno-vla-cxx-extension    -DVL_TIME_CONTEXT   -std=gnu++20 -include-pch Vtb_l2b_chain__pch.h.slow.gch -c -o Vtb_l2b_chain__Trace__0__Slow.o Vtb_l2b_chain__Trace__0__Slow.cpp
warning: unknown warning option '-Wno-vla-cxx-extension'; did you mean '-Wno-vla-extension'? [-Wunknown-warning-option]
1 warning generated.
c++   -I.  -MMD -I/opt/homebrew/Cellar/verilator/5.044/share/verilator/include -I/opt/homebrew/Cellar/verilator/5.044/share/verilator/include/vltstd -DVERILATOR=1 -DVM_COVERAGE=0 -DVM_SC=0 -DVM_TIMING=1 -DVM_TRACE=1 -DVM_TRACE_FST=1 -DVM_TRACE_VCD=0 -DVM_TRACE_SAIF=0 -faligned-new -fbracket-depth=4096 -fcf-protection=none -Xclang -fno-pch-timestamp -Qunused-arguments -Wno-bool-operation -Wno-c++11-narrowing -Wno-constant-logical-operand -Wno-int-in-bool-context -Wno-non-pod-varargs -Wno-parentheses-equality -Wno-shadow -Wno-sign-compare -Wno-tautological-bitwise-compare -Wno-tautological-compare -Wno-uninitialized -Wno-unused-but-set-parameter -Wno-unused-but-set-variable -Wno-unused-parameter -Wno-unused-variable -Wno-vla-cxx-extension    -DVL_TIME_CONTEXT   -std=gnu++20 -include-pch Vtb_l2b_chain__pch.h.slow.gch -c -o Vtb_l2b_chain__TraceDecls__0__Slow.o Vtb_l2b_chain__TraceDecls__0__Slow.cpp
warning: unknown warning option '-Wno-vla-cxx-extension'; did you mean '-Wno-vla-extension'? [-Wunknown-warning-option]
1 warning generated.
c++  -Wl,-U,__Z15vl_time_stamp64v,-U,__Z13sc_time_stampv   verilated.o verilated_fst_c.o verilated_timing.o verilated_threads.o Vtb_l2b_chain__ALL.a   -lz  -pthread -lpthread   -o Vtb_l2b_chain
rm Vtb_l2b_chain__ALL.verilator_deplist.tmp
- V e r i l a t i o n   R e p o r t: Verilator 5.044 2026-01-01 rev vUNKNOWN-built20260101
- Verilator: Built from 1.244 MB sources in 25 modules, into 11.422 MB in 25 C++ files needing 0.009 MB
- Verilator: Walltime 14.369 s (elab=0.021, cvt=0.744, bld=13.450); cpu 0.909 s on 1 threads; alloced 100.703 MB
mkdir -p build/obj_l2b_adv_out1000
/opt/homebrew/bin/verilator --binary -Wall --timing --assert --timescale 1ns/1ps -I../../../verif/common -I../../../rtl/asu -I. lint_waivers.vlt --trace-fst -GTIER_CFG=2 -GG_CFG=128 -GOUTK_CFG=2 -GDEPTH_CFG=512 -GMASKF='"build/mask_adv_out1000.hex"' --top-module tb_l2b_chain -Mdir build/obj_l2b_adv_out1000 ../../../rtl/apex_pkg.sv ../../../rtl/mxe/mxe_cfg_pkg.sv ../../../rtl/xbr/stream_skid.sv ../../../rtl/kvq/cores/cq_fp_pkg.sv ../../../rtl/kvq/cores/amax_unit.sv ../../../rtl/kvq/cores/cq_scale_unit.sv ../../../rtl/kvq/cores/cq_quant_unit.sv ../../../rtl/kvq/cores/cq_dequant_unit.sv ../../../rtl/kvq/cores/scale_bank.sv ../../../rtl/kvq/cores/residual_buffer.sv ../../../rtl/kvq/cores/sram_controller.sv ../../../rtl/kvq/cores/cq_value_path.sv ../../../rtl/kvq/cores/cq_key_path.sv ../../../rtl/kvq/kvq_engine.sv ../../../rtl/seam/seam_feeder_quant.sv ../../../rtl/mxe/mxe_pe.sv ../../../rtl/mxe/mxe_array.sv ../../../rtl/mxe/mxe_buf.sv ../../../rtl/mxe/mxe_requant.sv ../../../rtl/mxe/mxe_ctrl.sv ../../../rtl/mxe/mxe_top.sv tb_l2b_chain.sv
c++ -Os  -I.  -MMD -I/opt/homebrew/Cellar/verilator/5.044/share/verilator/include -I/opt/homebrew/Cellar/verilator/5.044/share/verilator/include/vltstd -DVERILATOR=1 -DVM_COVERAGE=0 -DVM_SC=0 -DVM_TIMING=1 -DVM_TRACE=1 -DVM_TRACE_FST=1 -DVM_TRACE_VCD=0 -DVM_TRACE_SAIF=0 -faligned-new -fbracket-depth=4096 -fcf-protection=none -Xclang -fno-pch-timestamp -Qunused-arguments -Wno-bool-operation -Wno-c++11-narrowing -Wno-constant-logical-operand -Wno-int-in-bool-context -Wno-non-pod-varargs -Wno-parentheses-equality -Wno-shadow -Wno-sign-compare -Wno-tautological-bitwise-compare -Wno-tautological-compare -Wno-uninitialized -Wno-unused-but-set-parameter -Wno-unused-but-set-variable -Wno-unused-parameter -Wno-unused-variable -Wno-vla-cxx-extension    -DVL_TIME_CONTEXT   -std=gnu++20 -c -o verilated.o /opt/homebrew/Cellar/verilator/5.044/share/verilator/include/verilated.cpp
warning: unknown warning option '-Wno-vla-cxx-extension'; did you mean '-Wno-vla-extension'? [-Wunknown-warning-option]
1 warning generated.
c++ -Os  -I.  -MMD -I/opt/homebrew/Cellar/verilator/5.044/share/verilator/include -I/opt/homebrew/Cellar/verilator/5.044/share/verilator/include/vltstd -DVERILATOR=1 -DVM_COVERAGE=0 -DVM_SC=0 -DVM_TIMING=1 -DVM_TRACE=1 -DVM_TRACE_FST=1 -DVM_TRACE_VCD=0 -DVM_TRACE_SAIF=0 -faligned-new -fbracket-depth=4096 -fcf-protection=none -Xclang -fno-pch-timestamp -Qunused-arguments -Wno-bool-operation -Wno-c++11-narrowing -Wno-constant-logical-operand -Wno-int-in-bool-context -Wno-non-pod-varargs -Wno-parentheses-equality -Wno-shadow -Wno-sign-compare -Wno-tautological-bitwise-compare -Wno-tautological-compare -Wno-uninitialized -Wno-unused-but-set-parameter -Wno-unused-but-set-variable -Wno-unused-parameter -Wno-unused-variable -Wno-vla-cxx-extension    -DVL_TIME_CONTEXT   -std=gnu++20 -c -o verilated_fst_c.o /opt/homebrew/Cellar/verilator/5.044/share/verilator/include/verilated_fst_c.cpp
warning: unknown warning option '-Wno-vla-cxx-extension'; did you mean '-Wno-vla-extension'? [-Wunknown-warning-option]
1 warning generated.
c++ -Os  -I.  -MMD -I/opt/homebrew/Cellar/verilator/5.044/share/verilator/include -I/opt/homebrew/Cellar/verilator/5.044/share/verilator/include/vltstd -DVERILATOR=1 -DVM_COVERAGE=0 -DVM_SC=0 -DVM_TIMING=1 -DVM_TRACE=1 -DVM_TRACE_FST=1 -DVM_TRACE_VCD=0 -DVM_TRACE_SAIF=0 -faligned-new -fbracket-depth=4096 -fcf-protection=none -Xclang -fno-pch-timestamp -Qunused-arguments -Wno-bool-operation -Wno-c++11-narrowing -Wno-constant-logical-operand -Wno-int-in-bool-context -Wno-non-pod-varargs -Wno-parentheses-equality -Wno-shadow -Wno-sign-compare -Wno-tautological-bitwise-compare -Wno-tautological-compare -Wno-uninitialized -Wno-unused-but-set-parameter -Wno-unused-but-set-variable -Wno-unused-parameter -Wno-unused-variable -Wno-vla-cxx-extension    -DVL_TIME_CONTEXT   -std=gnu++20 -c -o verilated_timing.o /opt/homebrew/Cellar/verilator/5.044/share/verilator/include/verilated_timing.cpp
warning: unknown warning option '-Wno-vla-cxx-extension'; did you mean '-Wno-vla-extension'? [-Wunknown-warning-option]
1 warning generated.
c++ -Os  -I.  -MMD -I/opt/homebrew/Cellar/verilator/5.044/share/verilator/include -I/opt/homebrew/Cellar/verilator/5.044/share/verilator/include/vltstd -DVERILATOR=1 -DVM_COVERAGE=0 -DVM_SC=0 -DVM_TIMING=1 -DVM_TRACE=1 -DVM_TRACE_FST=1 -DVM_TRACE_VCD=0 -DVM_TRACE_SAIF=0 -faligned-new -fbracket-depth=4096 -fcf-protection=none -Xclang -fno-pch-timestamp -Qunused-arguments -Wno-bool-operation -Wno-c++11-narrowing -Wno-constant-logical-operand -Wno-int-in-bool-context -Wno-non-pod-varargs -Wno-parentheses-equality -Wno-shadow -Wno-sign-compare -Wno-tautological-bitwise-compare -Wno-tautological-compare -Wno-uninitialized -Wno-unused-but-set-parameter -Wno-unused-but-set-variable -Wno-unused-parameter -Wno-unused-variable -Wno-vla-cxx-extension    -DVL_TIME_CONTEXT   -std=gnu++20 -c -o verilated_threads.o /opt/homebrew/Cellar/verilator/5.044/share/verilator/include/verilated_threads.cpp
warning: unknown warning option '-Wno-vla-cxx-extension'; did you mean '-Wno-vla-extension'? [-Wunknown-warning-option]
1 warning generated.
c++ -Os  -I.  -MMD -I/opt/homebrew/Cellar/verilator/5.044/share/verilator/include -I/opt/homebrew/Cellar/verilator/5.044/share/verilator/include/vltstd -DVERILATOR=1 -DVM_COVERAGE=0 -DVM_SC=0 -DVM_TIMING=1 -DVM_TRACE=1 -DVM_TRACE_FST=1 -DVM_TRACE_VCD=0 -DVM_TRACE_SAIF=0 -faligned-new -fbracket-depth=4096 -fcf-protection=none -Xclang -fno-pch-timestamp -Qunused-arguments -Wno-bool-operation -Wno-c++11-narrowing -Wno-constant-logical-operand -Wno-int-in-bool-context -Wno-non-pod-varargs -Wno-parentheses-equality -Wno-shadow -Wno-sign-compare -Wno-tautological-bitwise-compare -Wno-tautological-compare -Wno-uninitialized -Wno-unused-but-set-parameter -Wno-unused-but-set-variable -Wno-unused-parameter -Wno-unused-variable -Wno-vla-cxx-extension    -DVL_TIME_CONTEXT   -std=gnu++20 -x c++-header Vtb_l2b_chain__pch.h -o Vtb_l2b_chain__pch.h.fast.gch
warning: unknown warning option '-Wno-vla-cxx-extension'; did you mean '-Wno-vla-extension'? [-Wunknown-warning-option]
1 warning generated.
c++ -Os  -I.  -MMD -I/opt/homebrew/Cellar/verilator/5.044/share/verilator/include -I/opt/homebrew/Cellar/verilator/5.044/share/verilator/include/vltstd -DVERILATOR=1 -DVM_COVERAGE=0 -DVM_SC=0 -DVM_TIMING=1 -DVM_TRACE=1 -DVM_TRACE_FST=1 -DVM_TRACE_VCD=0 -DVM_TRACE_SAIF=0 -faligned-new -fbracket-depth=4096 -fcf-protection=none -Xclang -fno-pch-timestamp -Qunused-arguments -Wno-bool-operation -Wno-c++11-narrowing -Wno-constant-logical-operand -Wno-int-in-bool-context -Wno-non-pod-varargs -Wno-parentheses-equality -Wno-shadow -Wno-sign-compare -Wno-tautological-bitwise-compare -Wno-tautological-compare -Wno-uninitialized -Wno-unused-but-set-parameter -Wno-unused-but-set-variable -Wno-unused-parameter -Wno-unused-variable -Wno-vla-cxx-extension    -DVL_TIME_CONTEXT   -std=gnu++20 -include-pch Vtb_l2b_chain__pch.h.fast.gch -c -o Vtb_l2b_chain.o Vtb_l2b_chain.cpp
warning: unknown warning option '-Wno-vla-cxx-extension'; did you mean '-Wno-vla-extension'? [-Wunknown-warning-option]
1 warning generated.
c++ -Os  -I.  -MMD -I/opt/homebrew/Cellar/verilator/5.044/share/verilator/include -I/opt/homebrew/Cellar/verilator/5.044/share/verilator/include/vltstd -DVERILATOR=1 -DVM_COVERAGE=0 -DVM_SC=0 -DVM_TIMING=1 -DVM_TRACE=1 -DVM_TRACE_FST=1 -DVM_TRACE_VCD=0 -DVM_TRACE_SAIF=0 -faligned-new -fbracket-depth=4096 -fcf-protection=none -Xclang -fno-pch-timestamp -Qunused-arguments -Wno-bool-operation -Wno-c++11-narrowing -Wno-constant-logical-operand -Wno-int-in-bool-context -Wno-non-pod-varargs -Wno-parentheses-equality -Wno-shadow -Wno-sign-compare -Wno-tautological-bitwise-compare -Wno-tautological-compare -Wno-uninitialized -Wno-unused-but-set-parameter -Wno-unused-but-set-variable -Wno-unused-parameter -Wno-unused-variable -Wno-vla-cxx-extension    -DVL_TIME_CONTEXT   -std=gnu++20 -include-pch Vtb_l2b_chain__pch.h.fast.gch -c -o Vtb_l2b_chain___024root__0.o Vtb_l2b_chain___024root__0.cpp
warning: unknown warning option '-Wno-vla-cxx-extension'; did you mean '-Wno-vla-extension'? [-Wunknown-warning-option]
1 warning generated.
c++ -Os  -I.  -MMD -I/opt/homebrew/Cellar/verilator/5.044/share/verilator/include -I/opt/homebrew/Cellar/verilator/5.044/share/verilator/include/vltstd -DVERILATOR=1 -DVM_COVERAGE=0 -DVM_SC=0 -DVM_TIMING=1 -DVM_TRACE=1 -DVM_TRACE_FST=1 -DVM_TRACE_VCD=0 -DVM_TRACE_SAIF=0 -faligned-new -fbracket-depth=4096 -fcf-protection=none -Xclang -fno-pch-timestamp -Qunused-arguments -Wno-bool-operation -Wno-c++11-narrowing -Wno-constant-logical-operand -Wno-int-in-bool-context -Wno-non-pod-varargs -Wno-parentheses-equality -Wno-shadow -Wno-sign-compare -Wno-tautological-bitwise-compare -Wno-tautological-compare -Wno-uninitialized -Wno-unused-but-set-parameter -Wno-unused-but-set-variable -Wno-unused-parameter -Wno-unused-variable -Wno-vla-cxx-extension    -DVL_TIME_CONTEXT   -std=gnu++20 -include-pch Vtb_l2b_chain__pch.h.fast.gch -c -o Vtb_l2b_chain___024root__1.o Vtb_l2b_chain___024root__1.cpp
warning: unknown warning option '-Wno-vla-cxx-extension'; did you mean '-Wno-vla-extension'? [-Wunknown-warning-option]
1 warning generated.
c++ -Os  -I.  -MMD -I/opt/homebrew/Cellar/verilator/5.044/share/verilator/include -I/opt/homebrew/Cellar/verilator/5.044/share/verilator/include/vltstd -DVERILATOR=1 -DVM_COVERAGE=0 -DVM_SC=0 -DVM_TIMING=1 -DVM_TRACE=1 -DVM_TRACE_FST=1 -DVM_TRACE_VCD=0 -DVM_TRACE_SAIF=0 -faligned-new -fbracket-depth=4096 -fcf-protection=none -Xclang -fno-pch-timestamp -Qunused-arguments -Wno-bool-operation -Wno-c++11-narrowing -Wno-constant-logical-operand -Wno-int-in-bool-context -Wno-non-pod-varargs -Wno-parentheses-equality -Wno-shadow -Wno-sign-compare -Wno-tautological-bitwise-compare -Wno-tautological-compare -Wno-uninitialized -Wno-unused-but-set-parameter -Wno-unused-but-set-variable -Wno-unused-parameter -Wno-unused-variable -Wno-vla-cxx-extension    -DVL_TIME_CONTEXT   -std=gnu++20 -include-pch Vtb_l2b_chain__pch.h.fast.gch -c -o Vtb_l2b_chain___024root__2.o Vtb_l2b_chain___024root__2.cpp
warning: unknown warning option '-Wno-vla-cxx-extension'; did you mean '-Wno-vla-extension'? [-Wunknown-warning-option]
1 warning generated.
c++ -Os  -I.  -MMD -I/opt/homebrew/Cellar/verilator/5.044/share/verilator/include -I/opt/homebrew/Cellar/verilator/5.044/share/verilator/include/vltstd -DVERILATOR=1 -DVM_COVERAGE=0 -DVM_SC=0 -DVM_TIMING=1 -DVM_TRACE=1 -DVM_TRACE_FST=1 -DVM_TRACE_VCD=0 -DVM_TRACE_SAIF=0 -faligned-new -fbracket-depth=4096 -fcf-protection=none -Xclang -fno-pch-timestamp -Qunused-arguments -Wno-bool-operation -Wno-c++11-narrowing -Wno-constant-logical-operand -Wno-int-in-bool-context -Wno-non-pod-varargs -Wno-parentheses-equality -Wno-shadow -Wno-sign-compare -Wno-tautological-bitwise-compare -Wno-tautological-compare -Wno-uninitialized -Wno-unused-but-set-parameter -Wno-unused-but-set-variable -Wno-unused-parameter -Wno-unused-variable -Wno-vla-cxx-extension    -DVL_TIME_CONTEXT   -std=gnu++20 -include-pch Vtb_l2b_chain__pch.h.fast.gch -c -o Vtb_l2b_chain___024root__3.o Vtb_l2b_chain___024root__3.cpp
warning: unknown warning option '-Wno-vla-cxx-extension'; did you mean '-Wno-vla-extension'? [-Wunknown-warning-option]
1 warning generated.
c++ -Os  -I.  -MMD -I/opt/homebrew/Cellar/verilator/5.044/share/verilator/include -I/opt/homebrew/Cellar/verilator/5.044/share/verilator/include/vltstd -DVERILATOR=1 -DVM_COVERAGE=0 -DVM_SC=0 -DVM_TIMING=1 -DVM_TRACE=1 -DVM_TRACE_FST=1 -DVM_TRACE_VCD=0 -DVM_TRACE_SAIF=0 -faligned-new -fbracket-depth=4096 -fcf-protection=none -Xclang -fno-pch-timestamp -Qunused-arguments -Wno-bool-operation -Wno-c++11-narrowing -Wno-constant-logical-operand -Wno-int-in-bool-context -Wno-non-pod-varargs -Wno-parentheses-equality -Wno-shadow -Wno-sign-compare -Wno-tautological-bitwise-compare -Wno-tautological-compare -Wno-uninitialized -Wno-unused-but-set-parameter -Wno-unused-but-set-variable -Wno-unused-parameter -Wno-unused-variable -Wno-vla-cxx-extension    -DVL_TIME_CONTEXT   -std=gnu++20 -include-pch Vtb_l2b_chain__pch.h.fast.gch -c -o Vtb_l2b_chain___024root__4.o Vtb_l2b_chain___024root__4.cpp
warning: unknown warning option '-Wno-vla-cxx-extension'; did you mean '-Wno-vla-extension'? [-Wunknown-warning-option]
1 warning generated.
c++ -Os  -I.  -MMD -I/opt/homebrew/Cellar/verilator/5.044/share/verilator/include -I/opt/homebrew/Cellar/verilator/5.044/share/verilator/include/vltstd -DVERILATOR=1 -DVM_COVERAGE=0 -DVM_SC=0 -DVM_TIMING=1 -DVM_TRACE=1 -DVM_TRACE_FST=1 -DVM_TRACE_VCD=0 -DVM_TRACE_SAIF=0 -faligned-new -fbracket-depth=4096 -fcf-protection=none -Xclang -fno-pch-timestamp -Qunused-arguments -Wno-bool-operation -Wno-c++11-narrowing -Wno-constant-logical-operand -Wno-int-in-bool-context -Wno-non-pod-varargs -Wno-parentheses-equality -Wno-shadow -Wno-sign-compare -Wno-tautological-bitwise-compare -Wno-tautological-compare -Wno-uninitialized -Wno-unused-but-set-parameter -Wno-unused-but-set-variable -Wno-unused-parameter -Wno-unused-variable -Wno-vla-cxx-extension    -DVL_TIME_CONTEXT   -std=gnu++20 -include-pch Vtb_l2b_chain__pch.h.fast.gch -c -o Vtb_l2b_chain___024root__5.o Vtb_l2b_chain___024root__5.cpp
warning: unknown warning option '-Wno-vla-cxx-extension'; did you mean '-Wno-vla-extension'? [-Wunknown-warning-option]
1 warning generated.
c++ -Os  -I.  -MMD -I/opt/homebrew/Cellar/verilator/5.044/share/verilator/include -I/opt/homebrew/Cellar/verilator/5.044/share/verilator/include/vltstd -DVERILATOR=1 -DVM_COVERAGE=0 -DVM_SC=0 -DVM_TIMING=1 -DVM_TRACE=1 -DVM_TRACE_FST=1 -DVM_TRACE_VCD=0 -DVM_TRACE_SAIF=0 -faligned-new -fbracket-depth=4096 -fcf-protection=none -Xclang -fno-pch-timestamp -Qunused-arguments -Wno-bool-operation -Wno-c++11-narrowing -Wno-constant-logical-operand -Wno-int-in-bool-context -Wno-non-pod-varargs -Wno-parentheses-equality -Wno-shadow -Wno-sign-compare -Wno-tautological-bitwise-compare -Wno-tautological-compare -Wno-uninitialized -Wno-unused-but-set-parameter -Wno-unused-but-set-variable -Wno-unused-parameter -Wno-unused-variable -Wno-vla-cxx-extension    -DVL_TIME_CONTEXT   -std=gnu++20 -include-pch Vtb_l2b_chain__pch.h.fast.gch -c -o Vtb_l2b_chain___024root__6.o Vtb_l2b_chain___024root__6.cpp
warning: unknown warning option '-Wno-vla-cxx-extension'; did you mean '-Wno-vla-extension'? [-Wunknown-warning-option]
1 warning generated.
c++ -Os  -I.  -MMD -I/opt/homebrew/Cellar/verilator/5.044/share/verilator/include -I/opt/homebrew/Cellar/verilator/5.044/share/verilator/include/vltstd -DVERILATOR=1 -DVM_COVERAGE=0 -DVM_SC=0 -DVM_TIMING=1 -DVM_TRACE=1 -DVM_TRACE_FST=1 -DVM_TRACE_VCD=0 -DVM_TRACE_SAIF=0 -faligned-new -fbracket-depth=4096 -fcf-protection=none -Xclang -fno-pch-timestamp -Qunused-arguments -Wno-bool-operation -Wno-c++11-narrowing -Wno-constant-logical-operand -Wno-int-in-bool-context -Wno-non-pod-varargs -Wno-parentheses-equality -Wno-shadow -Wno-sign-compare -Wno-tautological-bitwise-compare -Wno-tautological-compare -Wno-uninitialized -Wno-unused-but-set-parameter -Wno-unused-but-set-variable -Wno-unused-parameter -Wno-unused-variable -Wno-vla-cxx-extension    -DVL_TIME_CONTEXT   -std=gnu++20 -include-pch Vtb_l2b_chain__pch.h.fast.gch -c -o Vtb_l2b_chain___024root__7.o Vtb_l2b_chain___024root__7.cpp
warning: unknown warning option '-Wno-vla-cxx-extension'; did you mean '-Wno-vla-extension'? [-Wunknown-warning-option]
1 warning generated.
c++ -Os  -I.  -MMD -I/opt/homebrew/Cellar/verilator/5.044/share/verilator/include -I/opt/homebrew/Cellar/verilator/5.044/share/verilator/include/vltstd -DVERILATOR=1 -DVM_COVERAGE=0 -DVM_SC=0 -DVM_TIMING=1 -DVM_TRACE=1 -DVM_TRACE_FST=1 -DVM_TRACE_VCD=0 -DVM_TRACE_SAIF=0 -faligned-new -fbracket-depth=4096 -fcf-protection=none -Xclang -fno-pch-timestamp -Qunused-arguments -Wno-bool-operation -Wno-c++11-narrowing -Wno-constant-logical-operand -Wno-int-in-bool-context -Wno-non-pod-varargs -Wno-parentheses-equality -Wno-shadow -Wno-sign-compare -Wno-tautological-bitwise-compare -Wno-tautological-compare -Wno-uninitialized -Wno-unused-but-set-parameter -Wno-unused-but-set-variable -Wno-unused-parameter -Wno-unused-variable -Wno-vla-cxx-extension    -DVL_TIME_CONTEXT   -std=gnu++20 -include-pch Vtb_l2b_chain__pch.h.fast.gch -c -o Vtb_l2b_chain___024root__8.o Vtb_l2b_chain___024root__8.cpp
warning: unknown warning option '-Wno-vla-cxx-extension'; did you mean '-Wno-vla-extension'? [-Wunknown-warning-option]
1 warning generated.
c++ -Os  -I.  -MMD -I/opt/homebrew/Cellar/verilator/5.044/share/verilator/include -I/opt/homebrew/Cellar/verilator/5.044/share/verilator/include/vltstd -DVERILATOR=1 -DVM_COVERAGE=0 -DVM_SC=0 -DVM_TIMING=1 -DVM_TRACE=1 -DVM_TRACE_FST=1 -DVM_TRACE_VCD=0 -DVM_TRACE_SAIF=0 -faligned-new -fbracket-depth=4096 -fcf-protection=none -Xclang -fno-pch-timestamp -Qunused-arguments -Wno-bool-operation -Wno-c++11-narrowing -Wno-constant-logical-operand -Wno-int-in-bool-context -Wno-non-pod-varargs -Wno-parentheses-equality -Wno-shadow -Wno-sign-compare -Wno-tautological-bitwise-compare -Wno-tautological-compare -Wno-uninitialized -Wno-unused-but-set-parameter -Wno-unused-but-set-variable -Wno-unused-parameter -Wno-unused-variable -Wno-vla-cxx-extension    -DVL_TIME_CONTEXT   -std=gnu++20 -include-pch Vtb_l2b_chain__pch.h.fast.gch -c -o Vtb_l2b_chain__main.o Vtb_l2b_chain__main.cpp
warning: unknown warning option '-Wno-vla-cxx-extension'; did you mean '-Wno-vla-extension'? [-Wunknown-warning-option]
1 warning generated.
c++ -Os  -I.  -MMD -I/opt/homebrew/Cellar/verilator/5.044/share/verilator/include -I/opt/homebrew/Cellar/verilator/5.044/share/verilator/include/vltstd -DVERILATOR=1 -DVM_COVERAGE=0 -DVM_SC=0 -DVM_TIMING=1 -DVM_TRACE=1 -DVM_TRACE_FST=1 -DVM_TRACE_VCD=0 -DVM_TRACE_SAIF=0 -faligned-new -fbracket-depth=4096 -fcf-protection=none -Xclang -fno-pch-timestamp -Qunused-arguments -Wno-bool-operation -Wno-c++11-narrowing -Wno-constant-logical-operand -Wno-int-in-bool-context -Wno-non-pod-varargs -Wno-parentheses-equality -Wno-shadow -Wno-sign-compare -Wno-tautological-bitwise-compare -Wno-tautological-compare -Wno-uninitialized -Wno-unused-but-set-parameter -Wno-unused-but-set-variable -Wno-unused-parameter -Wno-unused-variable -Wno-vla-cxx-extension    -DVL_TIME_CONTEXT   -std=gnu++20 -include-pch Vtb_l2b_chain__pch.h.fast.gch -c -o Vtb_l2b_chain__Trace__0.o Vtb_l2b_chain__Trace__0.cpp
warning: unknown warning option '-Wno-vla-cxx-extension'; did you mean '-Wno-vla-extension'? [-Wunknown-warning-option]
1 warning generated.
c++   -I.  -MMD -I/opt/homebrew/Cellar/verilator/5.044/share/verilator/include -I/opt/homebrew/Cellar/verilator/5.044/share/verilator/include/vltstd -DVERILATOR=1 -DVM_COVERAGE=0 -DVM_SC=0 -DVM_TIMING=1 -DVM_TRACE=1 -DVM_TRACE_FST=1 -DVM_TRACE_VCD=0 -DVM_TRACE_SAIF=0 -faligned-new -fbracket-depth=4096 -fcf-protection=none -Xclang -fno-pch-timestamp -Qunused-arguments -Wno-bool-operation -Wno-c++11-narrowing -Wno-constant-logical-operand -Wno-int-in-bool-context -Wno-non-pod-varargs -Wno-parentheses-equality -Wno-shadow -Wno-sign-compare -Wno-tautological-bitwise-compare -Wno-tautological-compare -Wno-uninitialized -Wno-unused-but-set-parameter -Wno-unused-but-set-variable -Wno-unused-parameter -Wno-unused-variable -Wno-vla-cxx-extension    -DVL_TIME_CONTEXT   -std=gnu++20 -x c++-header Vtb_l2b_chain__pch.h -o Vtb_l2b_chain__pch.h.slow.gch
warning: unknown warning option '-Wno-vla-cxx-extension'; did you mean '-Wno-vla-extension'? [-Wunknown-warning-option]
1 warning generated.
c++   -I.  -MMD -I/opt/homebrew/Cellar/verilator/5.044/share/verilator/include -I/opt/homebrew/Cellar/verilator/5.044/share/verilator/include/vltstd -DVERILATOR=1 -DVM_COVERAGE=0 -DVM_SC=0 -DVM_TIMING=1 -DVM_TRACE=1 -DVM_TRACE_FST=1 -DVM_TRACE_VCD=0 -DVM_TRACE_SAIF=0 -faligned-new -fbracket-depth=4096 -fcf-protection=none -Xclang -fno-pch-timestamp -Qunused-arguments -Wno-bool-operation -Wno-c++11-narrowing -Wno-constant-logical-operand -Wno-int-in-bool-context -Wno-non-pod-varargs -Wno-parentheses-equality -Wno-shadow -Wno-sign-compare -Wno-tautological-bitwise-compare -Wno-tautological-compare -Wno-uninitialized -Wno-unused-but-set-parameter -Wno-unused-but-set-variable -Wno-unused-parameter -Wno-unused-variable -Wno-vla-cxx-extension    -DVL_TIME_CONTEXT   -std=gnu++20 -include-pch Vtb_l2b_chain__pch.h.slow.gch -c -o Vtb_l2b_chain__ConstPool__0__Slow.o Vtb_l2b_chain__ConstPool__0__Slow.cpp
warning: unknown warning option '-Wno-vla-cxx-extension'; did you mean '-Wno-vla-extension'? [-Wunknown-warning-option]
1 warning generated.
c++   -I.  -MMD -I/opt/homebrew/Cellar/verilator/5.044/share/verilator/include -I/opt/homebrew/Cellar/verilator/5.044/share/verilator/include/vltstd -DVERILATOR=1 -DVM_COVERAGE=0 -DVM_SC=0 -DVM_TIMING=1 -DVM_TRACE=1 -DVM_TRACE_FST=1 -DVM_TRACE_VCD=0 -DVM_TRACE_SAIF=0 -faligned-new -fbracket-depth=4096 -fcf-protection=none -Xclang -fno-pch-timestamp -Qunused-arguments -Wno-bool-operation -Wno-c++11-narrowing -Wno-constant-logical-operand -Wno-int-in-bool-context -Wno-non-pod-varargs -Wno-parentheses-equality -Wno-shadow -Wno-sign-compare -Wno-tautological-bitwise-compare -Wno-tautological-compare -Wno-uninitialized -Wno-unused-but-set-parameter -Wno-unused-but-set-variable -Wno-unused-parameter -Wno-unused-variable -Wno-vla-cxx-extension    -DVL_TIME_CONTEXT   -std=gnu++20 -include-pch Vtb_l2b_chain__pch.h.slow.gch -c -o Vtb_l2b_chain___024root__Slow.o Vtb_l2b_chain___024root__Slow.cpp
warning: unknown warning option '-Wno-vla-cxx-extension'; did you mean '-Wno-vla-extension'? [-Wunknown-warning-option]
1 warning generated.
c++   -I.  -MMD -I/opt/homebrew/Cellar/verilator/5.044/share/verilator/include -I/opt/homebrew/Cellar/verilator/5.044/share/verilator/include/vltstd -DVERILATOR=1 -DVM_COVERAGE=0 -DVM_SC=0 -DVM_TIMING=1 -DVM_TRACE=1 -DVM_TRACE_FST=1 -DVM_TRACE_VCD=0 -DVM_TRACE_SAIF=0 -faligned-new -fbracket-depth=4096 -fcf-protection=none -Xclang -fno-pch-timestamp -Qunused-arguments -Wno-bool-operation -Wno-c++11-narrowing -Wno-constant-logical-operand -Wno-int-in-bool-context -Wno-non-pod-varargs -Wno-parentheses-equality -Wno-shadow -Wno-sign-compare -Wno-tautological-bitwise-compare -Wno-tautological-compare -Wno-uninitialized -Wno-unused-but-set-parameter -Wno-unused-but-set-variable -Wno-unused-parameter -Wno-unused-variable -Wno-vla-cxx-extension    -DVL_TIME_CONTEXT   -std=gnu++20 -include-pch Vtb_l2b_chain__pch.h.slow.gch -c -o Vtb_l2b_chain___024root__0__Slow.o Vtb_l2b_chain___024root__0__Slow.cpp
warning: unknown warning option '-Wno-vla-cxx-extension'; did you mean '-Wno-vla-extension'? [-Wunknown-warning-option]
1 warning generated.
c++   -I.  -MMD -I/opt/homebrew/Cellar/verilator/5.044/share/verilator/include -I/opt/homebrew/Cellar/verilator/5.044/share/verilator/include/vltstd -DVERILATOR=1 -DVM_COVERAGE=0 -DVM_SC=0 -DVM_TIMING=1 -DVM_TRACE=1 -DVM_TRACE_FST=1 -DVM_TRACE_VCD=0 -DVM_TRACE_SAIF=0 -faligned-new -fbracket-depth=4096 -fcf-protection=none -Xclang -fno-pch-timestamp -Qunused-arguments -Wno-bool-operation -Wno-c++11-narrowing -Wno-constant-logical-operand -Wno-int-in-bool-context -Wno-non-pod-varargs -Wno-parentheses-equality -Wno-shadow -Wno-sign-compare -Wno-tautological-bitwise-compare -Wno-tautological-compare -Wno-uninitialized -Wno-unused-but-set-parameter -Wno-unused-but-set-variable -Wno-unused-parameter -Wno-unused-variable -Wno-vla-cxx-extension    -DVL_TIME_CONTEXT   -std=gnu++20 -include-pch Vtb_l2b_chain__pch.h.slow.gch -c -o Vtb_l2b_chain___024root__1__Slow.o Vtb_l2b_chain___024root__1__Slow.cpp
warning: unknown warning option '-Wno-vla-cxx-extension'; did you mean '-Wno-vla-extension'? [-Wunknown-warning-option]
1 warning generated.
c++   -I.  -MMD -I/opt/homebrew/Cellar/verilator/5.044/share/verilator/include -I/opt/homebrew/Cellar/verilator/5.044/share/verilator/include/vltstd -DVERILATOR=1 -DVM_COVERAGE=0 -DVM_SC=0 -DVM_TIMING=1 -DVM_TRACE=1 -DVM_TRACE_FST=1 -DVM_TRACE_VCD=0 -DVM_TRACE_SAIF=0 -faligned-new -fbracket-depth=4096 -fcf-protection=none -Xclang -fno-pch-timestamp -Qunused-arguments -Wno-bool-operation -Wno-c++11-narrowing -Wno-constant-logical-operand -Wno-int-in-bool-context -Wno-non-pod-varargs -Wno-parentheses-equality -Wno-shadow -Wno-sign-compare -Wno-tautological-bitwise-compare -Wno-tautological-compare -Wno-uninitialized -Wno-unused-but-set-parameter -Wno-unused-but-set-variable -Wno-unused-parameter -Wno-unused-variable -Wno-vla-cxx-extension    -DVL_TIME_CONTEXT   -std=gnu++20 -include-pch Vtb_l2b_chain__pch.h.slow.gch -c -o Vtb_l2b_chain___024root__2__Slow.o Vtb_l2b_chain___024root__2__Slow.cpp
warning: unknown warning option '-Wno-vla-cxx-extension'; did you mean '-Wno-vla-extension'? [-Wunknown-warning-option]
1 warning generated.
c++   -I.  -MMD -I/opt/homebrew/Cellar/verilator/5.044/share/verilator/include -I/opt/homebrew/Cellar/verilator/5.044/share/verilator/include/vltstd -DVERILATOR=1 -DVM_COVERAGE=0 -DVM_SC=0 -DVM_TIMING=1 -DVM_TRACE=1 -DVM_TRACE_FST=1 -DVM_TRACE_VCD=0 -DVM_TRACE_SAIF=0 -faligned-new -fbracket-depth=4096 -fcf-protection=none -Xclang -fno-pch-timestamp -Qunused-arguments -Wno-bool-operation -Wno-c++11-narrowing -Wno-constant-logical-operand -Wno-int-in-bool-context -Wno-non-pod-varargs -Wno-parentheses-equality -Wno-shadow -Wno-sign-compare -Wno-tautological-bitwise-compare -Wno-tautological-compare -Wno-uninitialized -Wno-unused-but-set-parameter -Wno-unused-but-set-variable -Wno-unused-parameter -Wno-unused-variable -Wno-vla-cxx-extension    -DVL_TIME_CONTEXT   -std=gnu++20 -include-pch Vtb_l2b_chain__pch.h.slow.gch -c -o Vtb_l2b_chain___024root__3__Slow.o Vtb_l2b_chain___024root__3__Slow.cpp
warning: unknown warning option '-Wno-vla-cxx-extension'; did you mean '-Wno-vla-extension'? [-Wunknown-warning-option]
1 warning generated.
c++   -I.  -MMD -I/opt/homebrew/Cellar/verilator/5.044/share/verilator/include -I/opt/homebrew/Cellar/verilator/5.044/share/verilator/include/vltstd -DVERILATOR=1 -DVM_COVERAGE=0 -DVM_SC=0 -DVM_TIMING=1 -DVM_TRACE=1 -DVM_TRACE_FST=1 -DVM_TRACE_VCD=0 -DVM_TRACE_SAIF=0 -faligned-new -fbracket-depth=4096 -fcf-protection=none -Xclang -fno-pch-timestamp -Qunused-arguments -Wno-bool-operation -Wno-c++11-narrowing -Wno-constant-logical-operand -Wno-int-in-bool-context -Wno-non-pod-varargs -Wno-parentheses-equality -Wno-shadow -Wno-sign-compare -Wno-tautological-bitwise-compare -Wno-tautological-compare -Wno-uninitialized -Wno-unused-but-set-parameter -Wno-unused-but-set-variable -Wno-unused-parameter -Wno-unused-variable -Wno-vla-cxx-extension    -DVL_TIME_CONTEXT   -std=gnu++20 -include-pch Vtb_l2b_chain__pch.h.slow.gch -c -o Vtb_l2b_chain___024root__4__Slow.o Vtb_l2b_chain___024root__4__Slow.cpp
warning: unknown warning option '-Wno-vla-cxx-extension'; did you mean '-Wno-vla-extension'? [-Wunknown-warning-option]
1 warning generated.
c++   -I.  -MMD -I/opt/homebrew/Cellar/verilator/5.044/share/verilator/include -I/opt/homebrew/Cellar/verilator/5.044/share/verilator/include/vltstd -DVERILATOR=1 -DVM_COVERAGE=0 -DVM_SC=0 -DVM_TIMING=1 -DVM_TRACE=1 -DVM_TRACE_FST=1 -DVM_TRACE_VCD=0 -DVM_TRACE_SAIF=0 -faligned-new -fbracket-depth=4096 -fcf-protection=none -Xclang -fno-pch-timestamp -Qunused-arguments -Wno-bool-operation -Wno-c++11-narrowing -Wno-constant-logical-operand -Wno-int-in-bool-context -Wno-non-pod-varargs -Wno-parentheses-equality -Wno-shadow -Wno-sign-compare -Wno-tautological-bitwise-compare -Wno-tautological-compare -Wno-uninitialized -Wno-unused-but-set-parameter -Wno-unused-but-set-variable -Wno-unused-parameter -Wno-unused-variable -Wno-vla-cxx-extension    -DVL_TIME_CONTEXT   -std=gnu++20 -include-pch Vtb_l2b_chain__pch.h.slow.gch -c -o Vtb_l2b_chain___024root__5__Slow.o Vtb_l2b_chain___024root__5__Slow.cpp
warning: unknown warning option '-Wno-vla-cxx-extension'; did you mean '-Wno-vla-extension'? [-Wunknown-warning-option]
1 warning generated.
c++   -I.  -MMD -I/opt/homebrew/Cellar/verilator/5.044/share/verilator/include -I/opt/homebrew/Cellar/verilator/5.044/share/verilator/include/vltstd -DVERILATOR=1 -DVM_COVERAGE=0 -DVM_SC=0 -DVM_TIMING=1 -DVM_TRACE=1 -DVM_TRACE_FST=1 -DVM_TRACE_VCD=0 -DVM_TRACE_SAIF=0 -faligned-new -fbracket-depth=4096 -fcf-protection=none -Xclang -fno-pch-timestamp -Qunused-arguments -Wno-bool-operation -Wno-c++11-narrowing -Wno-constant-logical-operand -Wno-int-in-bool-context -Wno-non-pod-varargs -Wno-parentheses-equality -Wno-shadow -Wno-sign-compare -Wno-tautological-bitwise-compare -Wno-tautological-compare -Wno-uninitialized -Wno-unused-but-set-parameter -Wno-unused-but-set-variable -Wno-unused-parameter -Wno-unused-variable -Wno-vla-cxx-extension    -DVL_TIME_CONTEXT   -std=gnu++20 -include-pch Vtb_l2b_chain__pch.h.slow.gch -c -o Vtb_l2b_chain___024root__6__Slow.o Vtb_l2b_chain___024root__6__Slow.cpp
warning: unknown warning option '-Wno-vla-cxx-extension'; did you mean '-Wno-vla-extension'? [-Wunknown-warning-option]
1 warning generated.
c++   -I.  -MMD -I/opt/homebrew/Cellar/verilator/5.044/share/verilator/include -I/opt/homebrew/Cellar/verilator/5.044/share/verilator/include/vltstd -DVERILATOR=1 -DVM_COVERAGE=0 -DVM_SC=0 -DVM_TIMING=1 -DVM_TRACE=1 -DVM_TRACE_FST=1 -DVM_TRACE_VCD=0 -DVM_TRACE_SAIF=0 -faligned-new -fbracket-depth=4096 -fcf-protection=none -Xclang -fno-pch-timestamp -Qunused-arguments -Wno-bool-operation -Wno-c++11-narrowing -Wno-constant-logical-operand -Wno-int-in-bool-context -Wno-non-pod-varargs -Wno-parentheses-equality -Wno-shadow -Wno-sign-compare -Wno-tautological-bitwise-compare -Wno-tautological-compare -Wno-uninitialized -Wno-unused-but-set-parameter -Wno-unused-but-set-variable -Wno-unused-parameter -Wno-unused-variable -Wno-vla-cxx-extension    -DVL_TIME_CONTEXT   -std=gnu++20 -include-pch Vtb_l2b_chain__pch.h.slow.gch -c -o Vtb_l2b_chain___024root__7__Slow.o Vtb_l2b_chain___024root__7__Slow.cpp
warning: unknown warning option '-Wno-vla-cxx-extension'; did you mean '-Wno-vla-extension'? [-Wunknown-warning-option]
1 warning generated.
c++   -I.  -MMD -I/opt/homebrew/Cellar/verilator/5.044/share/verilator/include -I/opt/homebrew/Cellar/verilator/5.044/share/verilator/include/vltstd -DVERILATOR=1 -DVM_COVERAGE=0 -DVM_SC=0 -DVM_TIMING=1 -DVM_TRACE=1 -DVM_TRACE_FST=1 -DVM_TRACE_VCD=0 -DVM_TRACE_SAIF=0 -faligned-new -fbracket-depth=4096 -fcf-protection=none -Xclang -fno-pch-timestamp -Qunused-arguments -Wno-bool-operation -Wno-c++11-narrowing -Wno-constant-logical-operand -Wno-int-in-bool-context -Wno-non-pod-varargs -Wno-parentheses-equality -Wno-shadow -Wno-sign-compare -Wno-tautological-bitwise-compare -Wno-tautological-compare -Wno-uninitialized -Wno-unused-but-set-parameter -Wno-unused-but-set-variable -Wno-unused-parameter -Wno-unused-variable -Wno-vla-cxx-extension    -DVL_TIME_CONTEXT   -std=gnu++20 -include-pch Vtb_l2b_chain__pch.h.slow.gch -c -o Vtb_l2b_chain__Syms__Slow.o Vtb_l2b_chain__Syms__Slow.cpp
warning: unknown warning option '-Wno-vla-cxx-extension'; did you mean '-Wno-vla-extension'? [-Wunknown-warning-option]
1 warning generated.
c++   -I.  -MMD -I/opt/homebrew/Cellar/verilator/5.044/share/verilator/include -I/opt/homebrew/Cellar/verilator/5.044/share/verilator/include/vltstd -DVERILATOR=1 -DVM_COVERAGE=0 -DVM_SC=0 -DVM_TIMING=1 -DVM_TRACE=1 -DVM_TRACE_FST=1 -DVM_TRACE_VCD=0 -DVM_TRACE_SAIF=0 -faligned-new -fbracket-depth=4096 -fcf-protection=none -Xclang -fno-pch-timestamp -Qunused-arguments -Wno-bool-operation -Wno-c++11-narrowing -Wno-constant-logical-operand -Wno-int-in-bool-context -Wno-non-pod-varargs -Wno-parentheses-equality -Wno-shadow -Wno-sign-compare -Wno-tautological-bitwise-compare -Wno-tautological-compare -Wno-uninitialized -Wno-unused-but-set-parameter -Wno-unused-but-set-variable -Wno-unused-parameter -Wno-unused-variable -Wno-vla-cxx-extension    -DVL_TIME_CONTEXT   -std=gnu++20 -include-pch Vtb_l2b_chain__pch.h.slow.gch -c -o Vtb_l2b_chain__Trace__0__Slow.o Vtb_l2b_chain__Trace__0__Slow.cpp
warning: unknown warning option '-Wno-vla-cxx-extension'; did you mean '-Wno-vla-extension'? [-Wunknown-warning-option]
1 warning generated.
c++   -I.  -MMD -I/opt/homebrew/Cellar/verilator/5.044/share/verilator/include -I/opt/homebrew/Cellar/verilator/5.044/share/verilator/include/vltstd -DVERILATOR=1 -DVM_COVERAGE=0 -DVM_SC=0 -DVM_TIMING=1 -DVM_TRACE=1 -DVM_TRACE_FST=1 -DVM_TRACE_VCD=0 -DVM_TRACE_SAIF=0 -faligned-new -fbracket-depth=4096 -fcf-protection=none -Xclang -fno-pch-timestamp -Qunused-arguments -Wno-bool-operation -Wno-c++11-narrowing -Wno-constant-logical-operand -Wno-int-in-bool-context -Wno-non-pod-varargs -Wno-parentheses-equality -Wno-shadow -Wno-sign-compare -Wno-tautological-bitwise-compare -Wno-tautological-compare -Wno-uninitialized -Wno-unused-but-set-parameter -Wno-unused-but-set-variable -Wno-unused-parameter -Wno-unused-variable -Wno-vla-cxx-extension    -DVL_TIME_CONTEXT   -std=gnu++20 -include-pch Vtb_l2b_chain__pch.h.slow.gch -c -o Vtb_l2b_chain__TraceDecls__0__Slow.o Vtb_l2b_chain__TraceDecls__0__Slow.cpp
warning: unknown warning option '-Wno-vla-cxx-extension'; did you mean '-Wno-vla-extension'? [-Wunknown-warning-option]
1 warning generated.
c++  -Wl,-U,__Z15vl_time_stamp64v,-U,__Z13sc_time_stampv   verilated.o verilated_fst_c.o verilated_timing.o verilated_threads.o Vtb_l2b_chain__ALL.a   -lz  -pthread -lpthread   -o Vtb_l2b_chain
rm Vtb_l2b_chain__ALL.verilator_deplist.tmp
- V e r i l a t i o n   R e p o r t: Verilator 5.044 2026-01-01 rev vUNKNOWN-built20260101
- Verilator: Built from 1.244 MB sources in 25 modules, into 11.422 MB in 25 C++ files needing 0.009 MB
- Verilator: Walltime 15.513 s (elab=0.021, cvt=1.430, bld=13.797); cpu 1.314 s on 1 threads; alloced 111.812 MB
mkdir -p build/obj_l2b_calib_T128
/opt/homebrew/bin/verilator --binary -Wall --timing --assert --timescale 1ns/1ps -I../../../verif/common -I../../../rtl/asu -I. lint_waivers.vlt --trace-fst -GTIER_CFG=2 -GG_CFG=64  -GOUTK_CFG=2 -GDEPTH_CFG=512 -GMASKF='"build/mask_calib_T128.hex"' --top-module tb_l2b_chain -Mdir build/obj_l2b_calib_T128 ../../../rtl/apex_pkg.sv ../../../rtl/mxe/mxe_cfg_pkg.sv ../../../rtl/xbr/stream_skid.sv ../../../rtl/kvq/cores/cq_fp_pkg.sv ../../../rtl/kvq/cores/amax_unit.sv ../../../rtl/kvq/cores/cq_scale_unit.sv ../../../rtl/kvq/cores/cq_quant_unit.sv ../../../rtl/kvq/cores/cq_dequant_unit.sv ../../../rtl/kvq/cores/scale_bank.sv ../../../rtl/kvq/cores/residual_buffer.sv ../../../rtl/kvq/cores/sram_controller.sv ../../../rtl/kvq/cores/cq_value_path.sv ../../../rtl/kvq/cores/cq_key_path.sv ../../../rtl/kvq/kvq_engine.sv ../../../rtl/seam/seam_feeder_quant.sv ../../../rtl/mxe/mxe_pe.sv ../../../rtl/mxe/mxe_array.sv ../../../rtl/mxe/mxe_buf.sv ../../../rtl/mxe/mxe_requant.sv ../../../rtl/mxe/mxe_ctrl.sv ../../../rtl/mxe/mxe_top.sv tb_l2b_chain.sv
c++ -Os  -I.  -MMD -I/opt/homebrew/Cellar/verilator/5.044/share/verilator/include -I/opt/homebrew/Cellar/verilator/5.044/share/verilator/include/vltstd -DVERILATOR=1 -DVM_COVERAGE=0 -DVM_SC=0 -DVM_TIMING=1 -DVM_TRACE=1 -DVM_TRACE_FST=1 -DVM_TRACE_VCD=0 -DVM_TRACE_SAIF=0 -faligned-new -fbracket-depth=4096 -fcf-protection=none -Xclang -fno-pch-timestamp -Qunused-arguments -Wno-bool-operation -Wno-c++11-narrowing -Wno-constant-logical-operand -Wno-int-in-bool-context -Wno-non-pod-varargs -Wno-parentheses-equality -Wno-shadow -Wno-sign-compare -Wno-tautological-bitwise-compare -Wno-tautological-compare -Wno-uninitialized -Wno-unused-but-set-parameter -Wno-unused-but-set-variable -Wno-unused-parameter -Wno-unused-variable -Wno-vla-cxx-extension    -DVL_TIME_CONTEXT   -std=gnu++20 -c -o verilated.o /opt/homebrew/Cellar/verilator/5.044/share/verilator/include/verilated.cpp
warning: unknown warning option '-Wno-vla-cxx-extension'; did you mean '-Wno-vla-extension'? [-Wunknown-warning-option]
1 warning generated.
c++ -Os  -I.  -MMD -I/opt/homebrew/Cellar/verilator/5.044/share/verilator/include -I/opt/homebrew/Cellar/verilator/5.044/share/verilator/include/vltstd -DVERILATOR=1 -DVM_COVERAGE=0 -DVM_SC=0 -DVM_TIMING=1 -DVM_TRACE=1 -DVM_TRACE_FST=1 -DVM_TRACE_VCD=0 -DVM_TRACE_SAIF=0 -faligned-new -fbracket-depth=4096 -fcf-protection=none -Xclang -fno-pch-timestamp -Qunused-arguments -Wno-bool-operation -Wno-c++11-narrowing -Wno-constant-logical-operand -Wno-int-in-bool-context -Wno-non-pod-varargs -Wno-parentheses-equality -Wno-shadow -Wno-sign-compare -Wno-tautological-bitwise-compare -Wno-tautological-compare -Wno-uninitialized -Wno-unused-but-set-parameter -Wno-unused-but-set-variable -Wno-unused-parameter -Wno-unused-variable -Wno-vla-cxx-extension    -DVL_TIME_CONTEXT   -std=gnu++20 -c -o verilated_fst_c.o /opt/homebrew/Cellar/verilator/5.044/share/verilator/include/verilated_fst_c.cpp
warning: unknown warning option '-Wno-vla-cxx-extension'; did you mean '-Wno-vla-extension'? [-Wunknown-warning-option]
1 warning generated.
c++ -Os  -I.  -MMD -I/opt/homebrew/Cellar/verilator/5.044/share/verilator/include -I/opt/homebrew/Cellar/verilator/5.044/share/verilator/include/vltstd -DVERILATOR=1 -DVM_COVERAGE=0 -DVM_SC=0 -DVM_TIMING=1 -DVM_TRACE=1 -DVM_TRACE_FST=1 -DVM_TRACE_VCD=0 -DVM_TRACE_SAIF=0 -faligned-new -fbracket-depth=4096 -fcf-protection=none -Xclang -fno-pch-timestamp -Qunused-arguments -Wno-bool-operation -Wno-c++11-narrowing -Wno-constant-logical-operand -Wno-int-in-bool-context -Wno-non-pod-varargs -Wno-parentheses-equality -Wno-shadow -Wno-sign-compare -Wno-tautological-bitwise-compare -Wno-tautological-compare -Wno-uninitialized -Wno-unused-but-set-parameter -Wno-unused-but-set-variable -Wno-unused-parameter -Wno-unused-variable -Wno-vla-cxx-extension    -DVL_TIME_CONTEXT   -std=gnu++20 -c -o verilated_timing.o /opt/homebrew/Cellar/verilator/5.044/share/verilator/include/verilated_timing.cpp
warning: unknown warning option '-Wno-vla-cxx-extension'; did you mean '-Wno-vla-extension'? [-Wunknown-warning-option]
1 warning generated.
c++ -Os  -I.  -MMD -I/opt/homebrew/Cellar/verilator/5.044/share/verilator/include -I/opt/homebrew/Cellar/verilator/5.044/share/verilator/include/vltstd -DVERILATOR=1 -DVM_COVERAGE=0 -DVM_SC=0 -DVM_TIMING=1 -DVM_TRACE=1 -DVM_TRACE_FST=1 -DVM_TRACE_VCD=0 -DVM_TRACE_SAIF=0 -faligned-new -fbracket-depth=4096 -fcf-protection=none -Xclang -fno-pch-timestamp -Qunused-arguments -Wno-bool-operation -Wno-c++11-narrowing -Wno-constant-logical-operand -Wno-int-in-bool-context -Wno-non-pod-varargs -Wno-parentheses-equality -Wno-shadow -Wno-sign-compare -Wno-tautological-bitwise-compare -Wno-tautological-compare -Wno-uninitialized -Wno-unused-but-set-parameter -Wno-unused-but-set-variable -Wno-unused-parameter -Wno-unused-variable -Wno-vla-cxx-extension    -DVL_TIME_CONTEXT   -std=gnu++20 -c -o verilated_threads.o /opt/homebrew/Cellar/verilator/5.044/share/verilator/include/verilated_threads.cpp
warning: unknown warning option '-Wno-vla-cxx-extension'; did you mean '-Wno-vla-extension'? [-Wunknown-warning-option]
1 warning generated.
c++ -Os  -I.  -MMD -I/opt/homebrew/Cellar/verilator/5.044/share/verilator/include -I/opt/homebrew/Cellar/verilator/5.044/share/verilator/include/vltstd -DVERILATOR=1 -DVM_COVERAGE=0 -DVM_SC=0 -DVM_TIMING=1 -DVM_TRACE=1 -DVM_TRACE_FST=1 -DVM_TRACE_VCD=0 -DVM_TRACE_SAIF=0 -faligned-new -fbracket-depth=4096 -fcf-protection=none -Xclang -fno-pch-timestamp -Qunused-arguments -Wno-bool-operation -Wno-c++11-narrowing -Wno-constant-logical-operand -Wno-int-in-bool-context -Wno-non-pod-varargs -Wno-parentheses-equality -Wno-shadow -Wno-sign-compare -Wno-tautological-bitwise-compare -Wno-tautological-compare -Wno-uninitialized -Wno-unused-but-set-parameter -Wno-unused-but-set-variable -Wno-unused-parameter -Wno-unused-variable -Wno-vla-cxx-extension    -DVL_TIME_CONTEXT   -std=gnu++20 -x c++-header Vtb_l2b_chain__pch.h -o Vtb_l2b_chain__pch.h.fast.gch
warning: unknown warning option '-Wno-vla-cxx-extension'; did you mean '-Wno-vla-extension'? [-Wunknown-warning-option]
1 warning generated.
c++ -Os  -I.  -MMD -I/opt/homebrew/Cellar/verilator/5.044/share/verilator/include -I/opt/homebrew/Cellar/verilator/5.044/share/verilator/include/vltstd -DVERILATOR=1 -DVM_COVERAGE=0 -DVM_SC=0 -DVM_TIMING=1 -DVM_TRACE=1 -DVM_TRACE_FST=1 -DVM_TRACE_VCD=0 -DVM_TRACE_SAIF=0 -faligned-new -fbracket-depth=4096 -fcf-protection=none -Xclang -fno-pch-timestamp -Qunused-arguments -Wno-bool-operation -Wno-c++11-narrowing -Wno-constant-logical-operand -Wno-int-in-bool-context -Wno-non-pod-varargs -Wno-parentheses-equality -Wno-shadow -Wno-sign-compare -Wno-tautological-bitwise-compare -Wno-tautological-compare -Wno-uninitialized -Wno-unused-but-set-parameter -Wno-unused-but-set-variable -Wno-unused-parameter -Wno-unused-variable -Wno-vla-cxx-extension    -DVL_TIME_CONTEXT   -std=gnu++20 -include-pch Vtb_l2b_chain__pch.h.fast.gch -c -o Vtb_l2b_chain.o Vtb_l2b_chain.cpp
warning: unknown warning option '-Wno-vla-cxx-extension'; did you mean '-Wno-vla-extension'? [-Wunknown-warning-option]
1 warning generated.
c++ -Os  -I.  -MMD -I/opt/homebrew/Cellar/verilator/5.044/share/verilator/include -I/opt/homebrew/Cellar/verilator/5.044/share/verilator/include/vltstd -DVERILATOR=1 -DVM_COVERAGE=0 -DVM_SC=0 -DVM_TIMING=1 -DVM_TRACE=1 -DVM_TRACE_FST=1 -DVM_TRACE_VCD=0 -DVM_TRACE_SAIF=0 -faligned-new -fbracket-depth=4096 -fcf-protection=none -Xclang -fno-pch-timestamp -Qunused-arguments -Wno-bool-operation -Wno-c++11-narrowing -Wno-constant-logical-operand -Wno-int-in-bool-context -Wno-non-pod-varargs -Wno-parentheses-equality -Wno-shadow -Wno-sign-compare -Wno-tautological-bitwise-compare -Wno-tautological-compare -Wno-uninitialized -Wno-unused-but-set-parameter -Wno-unused-but-set-variable -Wno-unused-parameter -Wno-unused-variable -Wno-vla-cxx-extension    -DVL_TIME_CONTEXT   -std=gnu++20 -include-pch Vtb_l2b_chain__pch.h.fast.gch -c -o Vtb_l2b_chain___024root__0.o Vtb_l2b_chain___024root__0.cpp
warning: unknown warning option '-Wno-vla-cxx-extension'; did you mean '-Wno-vla-extension'? [-Wunknown-warning-option]
1 warning generated.
c++ -Os  -I.  -MMD -I/opt/homebrew/Cellar/verilator/5.044/share/verilator/include -I/opt/homebrew/Cellar/verilator/5.044/share/verilator/include/vltstd -DVERILATOR=1 -DVM_COVERAGE=0 -DVM_SC=0 -DVM_TIMING=1 -DVM_TRACE=1 -DVM_TRACE_FST=1 -DVM_TRACE_VCD=0 -DVM_TRACE_SAIF=0 -faligned-new -fbracket-depth=4096 -fcf-protection=none -Xclang -fno-pch-timestamp -Qunused-arguments -Wno-bool-operation -Wno-c++11-narrowing -Wno-constant-logical-operand -Wno-int-in-bool-context -Wno-non-pod-varargs -Wno-parentheses-equality -Wno-shadow -Wno-sign-compare -Wno-tautological-bitwise-compare -Wno-tautological-compare -Wno-uninitialized -Wno-unused-but-set-parameter -Wno-unused-but-set-variable -Wno-unused-parameter -Wno-unused-variable -Wno-vla-cxx-extension    -DVL_TIME_CONTEXT   -std=gnu++20 -include-pch Vtb_l2b_chain__pch.h.fast.gch -c -o Vtb_l2b_chain___024root__1.o Vtb_l2b_chain___024root__1.cpp
warning: unknown warning option '-Wno-vla-cxx-extension'; did you mean '-Wno-vla-extension'? [-Wunknown-warning-option]
1 warning generated.
c++ -Os  -I.  -MMD -I/opt/homebrew/Cellar/verilator/5.044/share/verilator/include -I/opt/homebrew/Cellar/verilator/5.044/share/verilator/include/vltstd -DVERILATOR=1 -DVM_COVERAGE=0 -DVM_SC=0 -DVM_TIMING=1 -DVM_TRACE=1 -DVM_TRACE_FST=1 -DVM_TRACE_VCD=0 -DVM_TRACE_SAIF=0 -faligned-new -fbracket-depth=4096 -fcf-protection=none -Xclang -fno-pch-timestamp -Qunused-arguments -Wno-bool-operation -Wno-c++11-narrowing -Wno-constant-logical-operand -Wno-int-in-bool-context -Wno-non-pod-varargs -Wno-parentheses-equality -Wno-shadow -Wno-sign-compare -Wno-tautological-bitwise-compare -Wno-tautological-compare -Wno-uninitialized -Wno-unused-but-set-parameter -Wno-unused-but-set-variable -Wno-unused-parameter -Wno-unused-variable -Wno-vla-cxx-extension    -DVL_TIME_CONTEXT   -std=gnu++20 -include-pch Vtb_l2b_chain__pch.h.fast.gch -c -o Vtb_l2b_chain___024root__2.o Vtb_l2b_chain___024root__2.cpp
warning: unknown warning option '-Wno-vla-cxx-extension'; did you mean '-Wno-vla-extension'? [-Wunknown-warning-option]
1 warning generated.
c++ -Os  -I.  -MMD -I/opt/homebrew/Cellar/verilator/5.044/share/verilator/include -I/opt/homebrew/Cellar/verilator/5.044/share/verilator/include/vltstd -DVERILATOR=1 -DVM_COVERAGE=0 -DVM_SC=0 -DVM_TIMING=1 -DVM_TRACE=1 -DVM_TRACE_FST=1 -DVM_TRACE_VCD=0 -DVM_TRACE_SAIF=0 -faligned-new -fbracket-depth=4096 -fcf-protection=none -Xclang -fno-pch-timestamp -Qunused-arguments -Wno-bool-operation -Wno-c++11-narrowing -Wno-constant-logical-operand -Wno-int-in-bool-context -Wno-non-pod-varargs -Wno-parentheses-equality -Wno-shadow -Wno-sign-compare -Wno-tautological-bitwise-compare -Wno-tautological-compare -Wno-uninitialized -Wno-unused-but-set-parameter -Wno-unused-but-set-variable -Wno-unused-parameter -Wno-unused-variable -Wno-vla-cxx-extension    -DVL_TIME_CONTEXT   -std=gnu++20 -include-pch Vtb_l2b_chain__pch.h.fast.gch -c -o Vtb_l2b_chain___024root__3.o Vtb_l2b_chain___024root__3.cpp
warning: unknown warning option '-Wno-vla-cxx-extension'; did you mean '-Wno-vla-extension'? [-Wunknown-warning-option]
1 warning generated.
c++ -Os  -I.  -MMD -I/opt/homebrew/Cellar/verilator/5.044/share/verilator/include -I/opt/homebrew/Cellar/verilator/5.044/share/verilator/include/vltstd -DVERILATOR=1 -DVM_COVERAGE=0 -DVM_SC=0 -DVM_TIMING=1 -DVM_TRACE=1 -DVM_TRACE_FST=1 -DVM_TRACE_VCD=0 -DVM_TRACE_SAIF=0 -faligned-new -fbracket-depth=4096 -fcf-protection=none -Xclang -fno-pch-timestamp -Qunused-arguments -Wno-bool-operation -Wno-c++11-narrowing -Wno-constant-logical-operand -Wno-int-in-bool-context -Wno-non-pod-varargs -Wno-parentheses-equality -Wno-shadow -Wno-sign-compare -Wno-tautological-bitwise-compare -Wno-tautological-compare -Wno-uninitialized -Wno-unused-but-set-parameter -Wno-unused-but-set-variable -Wno-unused-parameter -Wno-unused-variable -Wno-vla-cxx-extension    -DVL_TIME_CONTEXT   -std=gnu++20 -include-pch Vtb_l2b_chain__pch.h.fast.gch -c -o Vtb_l2b_chain___024root__4.o Vtb_l2b_chain___024root__4.cpp
warning: unknown warning option '-Wno-vla-cxx-extension'; did you mean '-Wno-vla-extension'? [-Wunknown-warning-option]
1 warning generated.
c++ -Os  -I.  -MMD -I/opt/homebrew/Cellar/verilator/5.044/share/verilator/include -I/opt/homebrew/Cellar/verilator/5.044/share/verilator/include/vltstd -DVERILATOR=1 -DVM_COVERAGE=0 -DVM_SC=0 -DVM_TIMING=1 -DVM_TRACE=1 -DVM_TRACE_FST=1 -DVM_TRACE_VCD=0 -DVM_TRACE_SAIF=0 -faligned-new -fbracket-depth=4096 -fcf-protection=none -Xclang -fno-pch-timestamp -Qunused-arguments -Wno-bool-operation -Wno-c++11-narrowing -Wno-constant-logical-operand -Wno-int-in-bool-context -Wno-non-pod-varargs -Wno-parentheses-equality -Wno-shadow -Wno-sign-compare -Wno-tautological-bitwise-compare -Wno-tautological-compare -Wno-uninitialized -Wno-unused-but-set-parameter -Wno-unused-but-set-variable -Wno-unused-parameter -Wno-unused-variable -Wno-vla-cxx-extension    -DVL_TIME_CONTEXT   -std=gnu++20 -include-pch Vtb_l2b_chain__pch.h.fast.gch -c -o Vtb_l2b_chain___024root__5.o Vtb_l2b_chain___024root__5.cpp
warning: unknown warning option '-Wno-vla-cxx-extension'; did you mean '-Wno-vla-extension'? [-Wunknown-warning-option]
1 warning generated.
c++ -Os  -I.  -MMD -I/opt/homebrew/Cellar/verilator/5.044/share/verilator/include -I/opt/homebrew/Cellar/verilator/5.044/share/verilator/include/vltstd -DVERILATOR=1 -DVM_COVERAGE=0 -DVM_SC=0 -DVM_TIMING=1 -DVM_TRACE=1 -DVM_TRACE_FST=1 -DVM_TRACE_VCD=0 -DVM_TRACE_SAIF=0 -faligned-new -fbracket-depth=4096 -fcf-protection=none -Xclang -fno-pch-timestamp -Qunused-arguments -Wno-bool-operation -Wno-c++11-narrowing -Wno-constant-logical-operand -Wno-int-in-bool-context -Wno-non-pod-varargs -Wno-parentheses-equality -Wno-shadow -Wno-sign-compare -Wno-tautological-bitwise-compare -Wno-tautological-compare -Wno-uninitialized -Wno-unused-but-set-parameter -Wno-unused-but-set-variable -Wno-unused-parameter -Wno-unused-variable -Wno-vla-cxx-extension    -DVL_TIME_CONTEXT   -std=gnu++20 -include-pch Vtb_l2b_chain__pch.h.fast.gch -c -o Vtb_l2b_chain___024root__6.o Vtb_l2b_chain___024root__6.cpp
warning: unknown warning option '-Wno-vla-cxx-extension'; did you mean '-Wno-vla-extension'? [-Wunknown-warning-option]
1 warning generated.
c++ -Os  -I.  -MMD -I/opt/homebrew/Cellar/verilator/5.044/share/verilator/include -I/opt/homebrew/Cellar/verilator/5.044/share/verilator/include/vltstd -DVERILATOR=1 -DVM_COVERAGE=0 -DVM_SC=0 -DVM_TIMING=1 -DVM_TRACE=1 -DVM_TRACE_FST=1 -DVM_TRACE_VCD=0 -DVM_TRACE_SAIF=0 -faligned-new -fbracket-depth=4096 -fcf-protection=none -Xclang -fno-pch-timestamp -Qunused-arguments -Wno-bool-operation -Wno-c++11-narrowing -Wno-constant-logical-operand -Wno-int-in-bool-context -Wno-non-pod-varargs -Wno-parentheses-equality -Wno-shadow -Wno-sign-compare -Wno-tautological-bitwise-compare -Wno-tautological-compare -Wno-uninitialized -Wno-unused-but-set-parameter -Wno-unused-but-set-variable -Wno-unused-parameter -Wno-unused-variable -Wno-vla-cxx-extension    -DVL_TIME_CONTEXT   -std=gnu++20 -include-pch Vtb_l2b_chain__pch.h.fast.gch -c -o Vtb_l2b_chain___024root__7.o Vtb_l2b_chain___024root__7.cpp
warning: unknown warning option '-Wno-vla-cxx-extension'; did you mean '-Wno-vla-extension'? [-Wunknown-warning-option]
1 warning generated.
c++ -Os  -I.  -MMD -I/opt/homebrew/Cellar/verilator/5.044/share/verilator/include -I/opt/homebrew/Cellar/verilator/5.044/share/verilator/include/vltstd -DVERILATOR=1 -DVM_COVERAGE=0 -DVM_SC=0 -DVM_TIMING=1 -DVM_TRACE=1 -DVM_TRACE_FST=1 -DVM_TRACE_VCD=0 -DVM_TRACE_SAIF=0 -faligned-new -fbracket-depth=4096 -fcf-protection=none -Xclang -fno-pch-timestamp -Qunused-arguments -Wno-bool-operation -Wno-c++11-narrowing -Wno-constant-logical-operand -Wno-int-in-bool-context -Wno-non-pod-varargs -Wno-parentheses-equality -Wno-shadow -Wno-sign-compare -Wno-tautological-bitwise-compare -Wno-tautological-compare -Wno-uninitialized -Wno-unused-but-set-parameter -Wno-unused-but-set-variable -Wno-unused-parameter -Wno-unused-variable -Wno-vla-cxx-extension    -DVL_TIME_CONTEXT   -std=gnu++20 -include-pch Vtb_l2b_chain__pch.h.fast.gch -c -o Vtb_l2b_chain___024root__8.o Vtb_l2b_chain___024root__8.cpp
warning: unknown warning option '-Wno-vla-cxx-extension'; did you mean '-Wno-vla-extension'? [-Wunknown-warning-option]
1 warning generated.
c++ -Os  -I.  -MMD -I/opt/homebrew/Cellar/verilator/5.044/share/verilator/include -I/opt/homebrew/Cellar/verilator/5.044/share/verilator/include/vltstd -DVERILATOR=1 -DVM_COVERAGE=0 -DVM_SC=0 -DVM_TIMING=1 -DVM_TRACE=1 -DVM_TRACE_FST=1 -DVM_TRACE_VCD=0 -DVM_TRACE_SAIF=0 -faligned-new -fbracket-depth=4096 -fcf-protection=none -Xclang -fno-pch-timestamp -Qunused-arguments -Wno-bool-operation -Wno-c++11-narrowing -Wno-constant-logical-operand -Wno-int-in-bool-context -Wno-non-pod-varargs -Wno-parentheses-equality -Wno-shadow -Wno-sign-compare -Wno-tautological-bitwise-compare -Wno-tautological-compare -Wno-uninitialized -Wno-unused-but-set-parameter -Wno-unused-but-set-variable -Wno-unused-parameter -Wno-unused-variable -Wno-vla-cxx-extension    -DVL_TIME_CONTEXT   -std=gnu++20 -include-pch Vtb_l2b_chain__pch.h.fast.gch -c -o Vtb_l2b_chain__main.o Vtb_l2b_chain__main.cpp
warning: unknown warning option '-Wno-vla-cxx-extension'; did you mean '-Wno-vla-extension'? [-Wunknown-warning-option]
1 warning generated.
c++ -Os  -I.  -MMD -I/opt/homebrew/Cellar/verilator/5.044/share/verilator/include -I/opt/homebrew/Cellar/verilator/5.044/share/verilator/include/vltstd -DVERILATOR=1 -DVM_COVERAGE=0 -DVM_SC=0 -DVM_TIMING=1 -DVM_TRACE=1 -DVM_TRACE_FST=1 -DVM_TRACE_VCD=0 -DVM_TRACE_SAIF=0 -faligned-new -fbracket-depth=4096 -fcf-protection=none -Xclang -fno-pch-timestamp -Qunused-arguments -Wno-bool-operation -Wno-c++11-narrowing -Wno-constant-logical-operand -Wno-int-in-bool-context -Wno-non-pod-varargs -Wno-parentheses-equality -Wno-shadow -Wno-sign-compare -Wno-tautological-bitwise-compare -Wno-tautological-compare -Wno-uninitialized -Wno-unused-but-set-parameter -Wno-unused-but-set-variable -Wno-unused-parameter -Wno-unused-variable -Wno-vla-cxx-extension    -DVL_TIME_CONTEXT   -std=gnu++20 -include-pch Vtb_l2b_chain__pch.h.fast.gch -c -o Vtb_l2b_chain__Trace__0.o Vtb_l2b_chain__Trace__0.cpp
warning: unknown warning option '-Wno-vla-cxx-extension'; did you mean '-Wno-vla-extension'? [-Wunknown-warning-option]
1 warning generated.
c++   -I.  -MMD -I/opt/homebrew/Cellar/verilator/5.044/share/verilator/include -I/opt/homebrew/Cellar/verilator/5.044/share/verilator/include/vltstd -DVERILATOR=1 -DVM_COVERAGE=0 -DVM_SC=0 -DVM_TIMING=1 -DVM_TRACE=1 -DVM_TRACE_FST=1 -DVM_TRACE_VCD=0 -DVM_TRACE_SAIF=0 -faligned-new -fbracket-depth=4096 -fcf-protection=none -Xclang -fno-pch-timestamp -Qunused-arguments -Wno-bool-operation -Wno-c++11-narrowing -Wno-constant-logical-operand -Wno-int-in-bool-context -Wno-non-pod-varargs -Wno-parentheses-equality -Wno-shadow -Wno-sign-compare -Wno-tautological-bitwise-compare -Wno-tautological-compare -Wno-uninitialized -Wno-unused-but-set-parameter -Wno-unused-but-set-variable -Wno-unused-parameter -Wno-unused-variable -Wno-vla-cxx-extension    -DVL_TIME_CONTEXT   -std=gnu++20 -x c++-header Vtb_l2b_chain__pch.h -o Vtb_l2b_chain__pch.h.slow.gch
warning: unknown warning option '-Wno-vla-cxx-extension'; did you mean '-Wno-vla-extension'? [-Wunknown-warning-option]
1 warning generated.
c++   -I.  -MMD -I/opt/homebrew/Cellar/verilator/5.044/share/verilator/include -I/opt/homebrew/Cellar/verilator/5.044/share/verilator/include/vltstd -DVERILATOR=1 -DVM_COVERAGE=0 -DVM_SC=0 -DVM_TIMING=1 -DVM_TRACE=1 -DVM_TRACE_FST=1 -DVM_TRACE_VCD=0 -DVM_TRACE_SAIF=0 -faligned-new -fbracket-depth=4096 -fcf-protection=none -Xclang -fno-pch-timestamp -Qunused-arguments -Wno-bool-operation -Wno-c++11-narrowing -Wno-constant-logical-operand -Wno-int-in-bool-context -Wno-non-pod-varargs -Wno-parentheses-equality -Wno-shadow -Wno-sign-compare -Wno-tautological-bitwise-compare -Wno-tautological-compare -Wno-uninitialized -Wno-unused-but-set-parameter -Wno-unused-but-set-variable -Wno-unused-parameter -Wno-unused-variable -Wno-vla-cxx-extension    -DVL_TIME_CONTEXT   -std=gnu++20 -include-pch Vtb_l2b_chain__pch.h.slow.gch -c -o Vtb_l2b_chain__ConstPool__0__Slow.o Vtb_l2b_chain__ConstPool__0__Slow.cpp
warning: unknown warning option '-Wno-vla-cxx-extension'; did you mean '-Wno-vla-extension'? [-Wunknown-warning-option]
1 warning generated.
c++   -I.  -MMD -I/opt/homebrew/Cellar/verilator/5.044/share/verilator/include -I/opt/homebrew/Cellar/verilator/5.044/share/verilator/include/vltstd -DVERILATOR=1 -DVM_COVERAGE=0 -DVM_SC=0 -DVM_TIMING=1 -DVM_TRACE=1 -DVM_TRACE_FST=1 -DVM_TRACE_VCD=0 -DVM_TRACE_SAIF=0 -faligned-new -fbracket-depth=4096 -fcf-protection=none -Xclang -fno-pch-timestamp -Qunused-arguments -Wno-bool-operation -Wno-c++11-narrowing -Wno-constant-logical-operand -Wno-int-in-bool-context -Wno-non-pod-varargs -Wno-parentheses-equality -Wno-shadow -Wno-sign-compare -Wno-tautological-bitwise-compare -Wno-tautological-compare -Wno-uninitialized -Wno-unused-but-set-parameter -Wno-unused-but-set-variable -Wno-unused-parameter -Wno-unused-variable -Wno-vla-cxx-extension    -DVL_TIME_CONTEXT   -std=gnu++20 -include-pch Vtb_l2b_chain__pch.h.slow.gch -c -o Vtb_l2b_chain___024root__Slow.o Vtb_l2b_chain___024root__Slow.cpp
warning: unknown warning option '-Wno-vla-cxx-extension'; did you mean '-Wno-vla-extension'? [-Wunknown-warning-option]
1 warning generated.
c++   -I.  -MMD -I/opt/homebrew/Cellar/verilator/5.044/share/verilator/include -I/opt/homebrew/Cellar/verilator/5.044/share/verilator/include/vltstd -DVERILATOR=1 -DVM_COVERAGE=0 -DVM_SC=0 -DVM_TIMING=1 -DVM_TRACE=1 -DVM_TRACE_FST=1 -DVM_TRACE_VCD=0 -DVM_TRACE_SAIF=0 -faligned-new -fbracket-depth=4096 -fcf-protection=none -Xclang -fno-pch-timestamp -Qunused-arguments -Wno-bool-operation -Wno-c++11-narrowing -Wno-constant-logical-operand -Wno-int-in-bool-context -Wno-non-pod-varargs -Wno-parentheses-equality -Wno-shadow -Wno-sign-compare -Wno-tautological-bitwise-compare -Wno-tautological-compare -Wno-uninitialized -Wno-unused-but-set-parameter -Wno-unused-but-set-variable -Wno-unused-parameter -Wno-unused-variable -Wno-vla-cxx-extension    -DVL_TIME_CONTEXT   -std=gnu++20 -include-pch Vtb_l2b_chain__pch.h.slow.gch -c -o Vtb_l2b_chain___024root__0__Slow.o Vtb_l2b_chain___024root__0__Slow.cpp
warning: unknown warning option '-Wno-vla-cxx-extension'; did you mean '-Wno-vla-extension'? [-Wunknown-warning-option]
1 warning generated.
c++   -I.  -MMD -I/opt/homebrew/Cellar/verilator/5.044/share/verilator/include -I/opt/homebrew/Cellar/verilator/5.044/share/verilator/include/vltstd -DVERILATOR=1 -DVM_COVERAGE=0 -DVM_SC=0 -DVM_TIMING=1 -DVM_TRACE=1 -DVM_TRACE_FST=1 -DVM_TRACE_VCD=0 -DVM_TRACE_SAIF=0 -faligned-new -fbracket-depth=4096 -fcf-protection=none -Xclang -fno-pch-timestamp -Qunused-arguments -Wno-bool-operation -Wno-c++11-narrowing -Wno-constant-logical-operand -Wno-int-in-bool-context -Wno-non-pod-varargs -Wno-parentheses-equality -Wno-shadow -Wno-sign-compare -Wno-tautological-bitwise-compare -Wno-tautological-compare -Wno-uninitialized -Wno-unused-but-set-parameter -Wno-unused-but-set-variable -Wno-unused-parameter -Wno-unused-variable -Wno-vla-cxx-extension    -DVL_TIME_CONTEXT   -std=gnu++20 -include-pch Vtb_l2b_chain__pch.h.slow.gch -c -o Vtb_l2b_chain___024root__1__Slow.o Vtb_l2b_chain___024root__1__Slow.cpp
warning: unknown warning option '-Wno-vla-cxx-extension'; did you mean '-Wno-vla-extension'? [-Wunknown-warning-option]
1 warning generated.
c++   -I.  -MMD -I/opt/homebrew/Cellar/verilator/5.044/share/verilator/include -I/opt/homebrew/Cellar/verilator/5.044/share/verilator/include/vltstd -DVERILATOR=1 -DVM_COVERAGE=0 -DVM_SC=0 -DVM_TIMING=1 -DVM_TRACE=1 -DVM_TRACE_FST=1 -DVM_TRACE_VCD=0 -DVM_TRACE_SAIF=0 -faligned-new -fbracket-depth=4096 -fcf-protection=none -Xclang -fno-pch-timestamp -Qunused-arguments -Wno-bool-operation -Wno-c++11-narrowing -Wno-constant-logical-operand -Wno-int-in-bool-context -Wno-non-pod-varargs -Wno-parentheses-equality -Wno-shadow -Wno-sign-compare -Wno-tautological-bitwise-compare -Wno-tautological-compare -Wno-uninitialized -Wno-unused-but-set-parameter -Wno-unused-but-set-variable -Wno-unused-parameter -Wno-unused-variable -Wno-vla-cxx-extension    -DVL_TIME_CONTEXT   -std=gnu++20 -include-pch Vtb_l2b_chain__pch.h.slow.gch -c -o Vtb_l2b_chain___024root__2__Slow.o Vtb_l2b_chain___024root__2__Slow.cpp
warning: unknown warning option '-Wno-vla-cxx-extension'; did you mean '-Wno-vla-extension'? [-Wunknown-warning-option]
1 warning generated.
c++   -I.  -MMD -I/opt/homebrew/Cellar/verilator/5.044/share/verilator/include -I/opt/homebrew/Cellar/verilator/5.044/share/verilator/include/vltstd -DVERILATOR=1 -DVM_COVERAGE=0 -DVM_SC=0 -DVM_TIMING=1 -DVM_TRACE=1 -DVM_TRACE_FST=1 -DVM_TRACE_VCD=0 -DVM_TRACE_SAIF=0 -faligned-new -fbracket-depth=4096 -fcf-protection=none -Xclang -fno-pch-timestamp -Qunused-arguments -Wno-bool-operation -Wno-c++11-narrowing -Wno-constant-logical-operand -Wno-int-in-bool-context -Wno-non-pod-varargs -Wno-parentheses-equality -Wno-shadow -Wno-sign-compare -Wno-tautological-bitwise-compare -Wno-tautological-compare -Wno-uninitialized -Wno-unused-but-set-parameter -Wno-unused-but-set-variable -Wno-unused-parameter -Wno-unused-variable -Wno-vla-cxx-extension    -DVL_TIME_CONTEXT   -std=gnu++20 -include-pch Vtb_l2b_chain__pch.h.slow.gch -c -o Vtb_l2b_chain___024root__3__Slow.o Vtb_l2b_chain___024root__3__Slow.cpp
warning: unknown warning option '-Wno-vla-cxx-extension'; did you mean '-Wno-vla-extension'? [-Wunknown-warning-option]
1 warning generated.
c++   -I.  -MMD -I/opt/homebrew/Cellar/verilator/5.044/share/verilator/include -I/opt/homebrew/Cellar/verilator/5.044/share/verilator/include/vltstd -DVERILATOR=1 -DVM_COVERAGE=0 -DVM_SC=0 -DVM_TIMING=1 -DVM_TRACE=1 -DVM_TRACE_FST=1 -DVM_TRACE_VCD=0 -DVM_TRACE_SAIF=0 -faligned-new -fbracket-depth=4096 -fcf-protection=none -Xclang -fno-pch-timestamp -Qunused-arguments -Wno-bool-operation -Wno-c++11-narrowing -Wno-constant-logical-operand -Wno-int-in-bool-context -Wno-non-pod-varargs -Wno-parentheses-equality -Wno-shadow -Wno-sign-compare -Wno-tautological-bitwise-compare -Wno-tautological-compare -Wno-uninitialized -Wno-unused-but-set-parameter -Wno-unused-but-set-variable -Wno-unused-parameter -Wno-unused-variable -Wno-vla-cxx-extension    -DVL_TIME_CONTEXT   -std=gnu++20 -include-pch Vtb_l2b_chain__pch.h.slow.gch -c -o Vtb_l2b_chain___024root__4__Slow.o Vtb_l2b_chain___024root__4__Slow.cpp
warning: unknown warning option '-Wno-vla-cxx-extension'; did you mean '-Wno-vla-extension'? [-Wunknown-warning-option]
1 warning generated.
c++   -I.  -MMD -I/opt/homebrew/Cellar/verilator/5.044/share/verilator/include -I/opt/homebrew/Cellar/verilator/5.044/share/verilator/include/vltstd -DVERILATOR=1 -DVM_COVERAGE=0 -DVM_SC=0 -DVM_TIMING=1 -DVM_TRACE=1 -DVM_TRACE_FST=1 -DVM_TRACE_VCD=0 -DVM_TRACE_SAIF=0 -faligned-new -fbracket-depth=4096 -fcf-protection=none -Xclang -fno-pch-timestamp -Qunused-arguments -Wno-bool-operation -Wno-c++11-narrowing -Wno-constant-logical-operand -Wno-int-in-bool-context -Wno-non-pod-varargs -Wno-parentheses-equality -Wno-shadow -Wno-sign-compare -Wno-tautological-bitwise-compare -Wno-tautological-compare -Wno-uninitialized -Wno-unused-but-set-parameter -Wno-unused-but-set-variable -Wno-unused-parameter -Wno-unused-variable -Wno-vla-cxx-extension    -DVL_TIME_CONTEXT   -std=gnu++20 -include-pch Vtb_l2b_chain__pch.h.slow.gch -c -o Vtb_l2b_chain___024root__5__Slow.o Vtb_l2b_chain___024root__5__Slow.cpp
warning: unknown warning option '-Wno-vla-cxx-extension'; did you mean '-Wno-vla-extension'? [-Wunknown-warning-option]
1 warning generated.
c++   -I.  -MMD -I/opt/homebrew/Cellar/verilator/5.044/share/verilator/include -I/opt/homebrew/Cellar/verilator/5.044/share/verilator/include/vltstd -DVERILATOR=1 -DVM_COVERAGE=0 -DVM_SC=0 -DVM_TIMING=1 -DVM_TRACE=1 -DVM_TRACE_FST=1 -DVM_TRACE_VCD=0 -DVM_TRACE_SAIF=0 -faligned-new -fbracket-depth=4096 -fcf-protection=none -Xclang -fno-pch-timestamp -Qunused-arguments -Wno-bool-operation -Wno-c++11-narrowing -Wno-constant-logical-operand -Wno-int-in-bool-context -Wno-non-pod-varargs -Wno-parentheses-equality -Wno-shadow -Wno-sign-compare -Wno-tautological-bitwise-compare -Wno-tautological-compare -Wno-uninitialized -Wno-unused-but-set-parameter -Wno-unused-but-set-variable -Wno-unused-parameter -Wno-unused-variable -Wno-vla-cxx-extension    -DVL_TIME_CONTEXT   -std=gnu++20 -include-pch Vtb_l2b_chain__pch.h.slow.gch -c -o Vtb_l2b_chain___024root__6__Slow.o Vtb_l2b_chain___024root__6__Slow.cpp
warning: unknown warning option '-Wno-vla-cxx-extension'; did you mean '-Wno-vla-extension'? [-Wunknown-warning-option]
1 warning generated.
c++   -I.  -MMD -I/opt/homebrew/Cellar/verilator/5.044/share/verilator/include -I/opt/homebrew/Cellar/verilator/5.044/share/verilator/include/vltstd -DVERILATOR=1 -DVM_COVERAGE=0 -DVM_SC=0 -DVM_TIMING=1 -DVM_TRACE=1 -DVM_TRACE_FST=1 -DVM_TRACE_VCD=0 -DVM_TRACE_SAIF=0 -faligned-new -fbracket-depth=4096 -fcf-protection=none -Xclang -fno-pch-timestamp -Qunused-arguments -Wno-bool-operation -Wno-c++11-narrowing -Wno-constant-logical-operand -Wno-int-in-bool-context -Wno-non-pod-varargs -Wno-parentheses-equality -Wno-shadow -Wno-sign-compare -Wno-tautological-bitwise-compare -Wno-tautological-compare -Wno-uninitialized -Wno-unused-but-set-parameter -Wno-unused-but-set-variable -Wno-unused-parameter -Wno-unused-variable -Wno-vla-cxx-extension    -DVL_TIME_CONTEXT   -std=gnu++20 -include-pch Vtb_l2b_chain__pch.h.slow.gch -c -o Vtb_l2b_chain___024root__7__Slow.o Vtb_l2b_chain___024root__7__Slow.cpp
warning: unknown warning option '-Wno-vla-cxx-extension'; did you mean '-Wno-vla-extension'? [-Wunknown-warning-option]
1 warning generated.
c++   -I.  -MMD -I/opt/homebrew/Cellar/verilator/5.044/share/verilator/include -I/opt/homebrew/Cellar/verilator/5.044/share/verilator/include/vltstd -DVERILATOR=1 -DVM_COVERAGE=0 -DVM_SC=0 -DVM_TIMING=1 -DVM_TRACE=1 -DVM_TRACE_FST=1 -DVM_TRACE_VCD=0 -DVM_TRACE_SAIF=0 -faligned-new -fbracket-depth=4096 -fcf-protection=none -Xclang -fno-pch-timestamp -Qunused-arguments -Wno-bool-operation -Wno-c++11-narrowing -Wno-constant-logical-operand -Wno-int-in-bool-context -Wno-non-pod-varargs -Wno-parentheses-equality -Wno-shadow -Wno-sign-compare -Wno-tautological-bitwise-compare -Wno-tautological-compare -Wno-uninitialized -Wno-unused-but-set-parameter -Wno-unused-but-set-variable -Wno-unused-parameter -Wno-unused-variable -Wno-vla-cxx-extension    -DVL_TIME_CONTEXT   -std=gnu++20 -include-pch Vtb_l2b_chain__pch.h.slow.gch -c -o Vtb_l2b_chain__Syms__Slow.o Vtb_l2b_chain__Syms__Slow.cpp
warning: unknown warning option '-Wno-vla-cxx-extension'; did you mean '-Wno-vla-extension'? [-Wunknown-warning-option]
1 warning generated.
c++   -I.  -MMD -I/opt/homebrew/Cellar/verilator/5.044/share/verilator/include -I/opt/homebrew/Cellar/verilator/5.044/share/verilator/include/vltstd -DVERILATOR=1 -DVM_COVERAGE=0 -DVM_SC=0 -DVM_TIMING=1 -DVM_TRACE=1 -DVM_TRACE_FST=1 -DVM_TRACE_VCD=0 -DVM_TRACE_SAIF=0 -faligned-new -fbracket-depth=4096 -fcf-protection=none -Xclang -fno-pch-timestamp -Qunused-arguments -Wno-bool-operation -Wno-c++11-narrowing -Wno-constant-logical-operand -Wno-int-in-bool-context -Wno-non-pod-varargs -Wno-parentheses-equality -Wno-shadow -Wno-sign-compare -Wno-tautological-bitwise-compare -Wno-tautological-compare -Wno-uninitialized -Wno-unused-but-set-parameter -Wno-unused-but-set-variable -Wno-unused-parameter -Wno-unused-variable -Wno-vla-cxx-extension    -DVL_TIME_CONTEXT   -std=gnu++20 -include-pch Vtb_l2b_chain__pch.h.slow.gch -c -o Vtb_l2b_chain__Trace__0__Slow.o Vtb_l2b_chain__Trace__0__Slow.cpp
warning: unknown warning option '-Wno-vla-cxx-extension'; did you mean '-Wno-vla-extension'? [-Wunknown-warning-option]
1 warning generated.
c++   -I.  -MMD -I/opt/homebrew/Cellar/verilator/5.044/share/verilator/include -I/opt/homebrew/Cellar/verilator/5.044/share/verilator/include/vltstd -DVERILATOR=1 -DVM_COVERAGE=0 -DVM_SC=0 -DVM_TIMING=1 -DVM_TRACE=1 -DVM_TRACE_FST=1 -DVM_TRACE_VCD=0 -DVM_TRACE_SAIF=0 -faligned-new -fbracket-depth=4096 -fcf-protection=none -Xclang -fno-pch-timestamp -Qunused-arguments -Wno-bool-operation -Wno-c++11-narrowing -Wno-constant-logical-operand -Wno-int-in-bool-context -Wno-non-pod-varargs -Wno-parentheses-equality -Wno-shadow -Wno-sign-compare -Wno-tautological-bitwise-compare -Wno-tautological-compare -Wno-uninitialized -Wno-unused-but-set-parameter -Wno-unused-but-set-variable -Wno-unused-parameter -Wno-unused-variable -Wno-vla-cxx-extension    -DVL_TIME_CONTEXT   -std=gnu++20 -include-pch Vtb_l2b_chain__pch.h.slow.gch -c -o Vtb_l2b_chain__TraceDecls__0__Slow.o Vtb_l2b_chain__TraceDecls__0__Slow.cpp
warning: unknown warning option '-Wno-vla-cxx-extension'; did you mean '-Wno-vla-extension'? [-Wunknown-warning-option]
1 warning generated.
c++  -Wl,-U,__Z15vl_time_stamp64v,-U,__Z13sc_time_stampv   verilated.o verilated_fst_c.o verilated_timing.o verilated_threads.o Vtb_l2b_chain__ALL.a   -lz  -pthread -lpthread   -o Vtb_l2b_chain
rm Vtb_l2b_chain__ALL.verilator_deplist.tmp
- V e r i l a t i o n   R e p o r t: Verilator 5.044 2026-01-01 rev vUNKNOWN-built20260101
- Verilator: Built from 1.244 MB sources in 25 modules, into 11.422 MB in 25 C++ files needing 0.009 MB
- Verilator: Walltime 14.358 s (elab=0.024, cvt=0.737, bld=13.437); cpu 0.910 s on 1 threads; alloced 107.234 MB
mkdir -p build/obj_l2b_calib_T70
/opt/homebrew/bin/verilator --binary -Wall --timing --assert --timescale 1ns/1ps -I../../../verif/common -I../../../rtl/asu -I. lint_waivers.vlt --trace-fst -GTIER_CFG=2 -GG_CFG=64  -GOUTK_CFG=2 -GDEPTH_CFG=512 -GMASKF='"build/mask_calib_T70.hex"' --top-module tb_l2b_chain -Mdir build/obj_l2b_calib_T70 ../../../rtl/apex_pkg.sv ../../../rtl/mxe/mxe_cfg_pkg.sv ../../../rtl/xbr/stream_skid.sv ../../../rtl/kvq/cores/cq_fp_pkg.sv ../../../rtl/kvq/cores/amax_unit.sv ../../../rtl/kvq/cores/cq_scale_unit.sv ../../../rtl/kvq/cores/cq_quant_unit.sv ../../../rtl/kvq/cores/cq_dequant_unit.sv ../../../rtl/kvq/cores/scale_bank.sv ../../../rtl/kvq/cores/residual_buffer.sv ../../../rtl/kvq/cores/sram_controller.sv ../../../rtl/kvq/cores/cq_value_path.sv ../../../rtl/kvq/cores/cq_key_path.sv ../../../rtl/kvq/kvq_engine.sv ../../../rtl/seam/seam_feeder_quant.sv ../../../rtl/mxe/mxe_pe.sv ../../../rtl/mxe/mxe_array.sv ../../../rtl/mxe/mxe_buf.sv ../../../rtl/mxe/mxe_requant.sv ../../../rtl/mxe/mxe_ctrl.sv ../../../rtl/mxe/mxe_top.sv tb_l2b_chain.sv
c++ -Os  -I.  -MMD -I/opt/homebrew/Cellar/verilator/5.044/share/verilator/include -I/opt/homebrew/Cellar/verilator/5.044/share/verilator/include/vltstd -DVERILATOR=1 -DVM_COVERAGE=0 -DVM_SC=0 -DVM_TIMING=1 -DVM_TRACE=1 -DVM_TRACE_FST=1 -DVM_TRACE_VCD=0 -DVM_TRACE_SAIF=0 -faligned-new -fbracket-depth=4096 -fcf-protection=none -Xclang -fno-pch-timestamp -Qunused-arguments -Wno-bool-operation -Wno-c++11-narrowing -Wno-constant-logical-operand -Wno-int-in-bool-context -Wno-non-pod-varargs -Wno-parentheses-equality -Wno-shadow -Wno-sign-compare -Wno-tautological-bitwise-compare -Wno-tautological-compare -Wno-uninitialized -Wno-unused-but-set-parameter -Wno-unused-but-set-variable -Wno-unused-parameter -Wno-unused-variable -Wno-vla-cxx-extension    -DVL_TIME_CONTEXT   -std=gnu++20 -c -o verilated.o /opt/homebrew/Cellar/verilator/5.044/share/verilator/include/verilated.cpp
warning: unknown warning option '-Wno-vla-cxx-extension'; did you mean '-Wno-vla-extension'? [-Wunknown-warning-option]
1 warning generated.
c++ -Os  -I.  -MMD -I/opt/homebrew/Cellar/verilator/5.044/share/verilator/include -I/opt/homebrew/Cellar/verilator/5.044/share/verilator/include/vltstd -DVERILATOR=1 -DVM_COVERAGE=0 -DVM_SC=0 -DVM_TIMING=1 -DVM_TRACE=1 -DVM_TRACE_FST=1 -DVM_TRACE_VCD=0 -DVM_TRACE_SAIF=0 -faligned-new -fbracket-depth=4096 -fcf-protection=none -Xclang -fno-pch-timestamp -Qunused-arguments -Wno-bool-operation -Wno-c++11-narrowing -Wno-constant-logical-operand -Wno-int-in-bool-context -Wno-non-pod-varargs -Wno-parentheses-equality -Wno-shadow -Wno-sign-compare -Wno-tautological-bitwise-compare -Wno-tautological-compare -Wno-uninitialized -Wno-unused-but-set-parameter -Wno-unused-but-set-variable -Wno-unused-parameter -Wno-unused-variable -Wno-vla-cxx-extension    -DVL_TIME_CONTEXT   -std=gnu++20 -c -o verilated_fst_c.o /opt/homebrew/Cellar/verilator/5.044/share/verilator/include/verilated_fst_c.cpp
warning: unknown warning option '-Wno-vla-cxx-extension'; did you mean '-Wno-vla-extension'? [-Wunknown-warning-option]
1 warning generated.
c++ -Os  -I.  -MMD -I/opt/homebrew/Cellar/verilator/5.044/share/verilator/include -I/opt/homebrew/Cellar/verilator/5.044/share/verilator/include/vltstd -DVERILATOR=1 -DVM_COVERAGE=0 -DVM_SC=0 -DVM_TIMING=1 -DVM_TRACE=1 -DVM_TRACE_FST=1 -DVM_TRACE_VCD=0 -DVM_TRACE_SAIF=0 -faligned-new -fbracket-depth=4096 -fcf-protection=none -Xclang -fno-pch-timestamp -Qunused-arguments -Wno-bool-operation -Wno-c++11-narrowing -Wno-constant-logical-operand -Wno-int-in-bool-context -Wno-non-pod-varargs -Wno-parentheses-equality -Wno-shadow -Wno-sign-compare -Wno-tautological-bitwise-compare -Wno-tautological-compare -Wno-uninitialized -Wno-unused-but-set-parameter -Wno-unused-but-set-variable -Wno-unused-parameter -Wno-unused-variable -Wno-vla-cxx-extension    -DVL_TIME_CONTEXT   -std=gnu++20 -c -o verilated_timing.o /opt/homebrew/Cellar/verilator/5.044/share/verilator/include/verilated_timing.cpp
warning: unknown warning option '-Wno-vla-cxx-extension'; did you mean '-Wno-vla-extension'? [-Wunknown-warning-option]
1 warning generated.
c++ -Os  -I.  -MMD -I/opt/homebrew/Cellar/verilator/5.044/share/verilator/include -I/opt/homebrew/Cellar/verilator/5.044/share/verilator/include/vltstd -DVERILATOR=1 -DVM_COVERAGE=0 -DVM_SC=0 -DVM_TIMING=1 -DVM_TRACE=1 -DVM_TRACE_FST=1 -DVM_TRACE_VCD=0 -DVM_TRACE_SAIF=0 -faligned-new -fbracket-depth=4096 -fcf-protection=none -Xclang -fno-pch-timestamp -Qunused-arguments -Wno-bool-operation -Wno-c++11-narrowing -Wno-constant-logical-operand -Wno-int-in-bool-context -Wno-non-pod-varargs -Wno-parentheses-equality -Wno-shadow -Wno-sign-compare -Wno-tautological-bitwise-compare -Wno-tautological-compare -Wno-uninitialized -Wno-unused-but-set-parameter -Wno-unused-but-set-variable -Wno-unused-parameter -Wno-unused-variable -Wno-vla-cxx-extension    -DVL_TIME_CONTEXT   -std=gnu++20 -c -o verilated_threads.o /opt/homebrew/Cellar/verilator/5.044/share/verilator/include/verilated_threads.cpp
warning: unknown warning option '-Wno-vla-cxx-extension'; did you mean '-Wno-vla-extension'? [-Wunknown-warning-option]
1 warning generated.
c++ -Os  -I.  -MMD -I/opt/homebrew/Cellar/verilator/5.044/share/verilator/include -I/opt/homebrew/Cellar/verilator/5.044/share/verilator/include/vltstd -DVERILATOR=1 -DVM_COVERAGE=0 -DVM_SC=0 -DVM_TIMING=1 -DVM_TRACE=1 -DVM_TRACE_FST=1 -DVM_TRACE_VCD=0 -DVM_TRACE_SAIF=0 -faligned-new -fbracket-depth=4096 -fcf-protection=none -Xclang -fno-pch-timestamp -Qunused-arguments -Wno-bool-operation -Wno-c++11-narrowing -Wno-constant-logical-operand -Wno-int-in-bool-context -Wno-non-pod-varargs -Wno-parentheses-equality -Wno-shadow -Wno-sign-compare -Wno-tautological-bitwise-compare -Wno-tautological-compare -Wno-uninitialized -Wno-unused-but-set-parameter -Wno-unused-but-set-variable -Wno-unused-parameter -Wno-unused-variable -Wno-vla-cxx-extension    -DVL_TIME_CONTEXT   -std=gnu++20 -x c++-header Vtb_l2b_chain__pch.h -o Vtb_l2b_chain__pch.h.fast.gch
warning: unknown warning option '-Wno-vla-cxx-extension'; did you mean '-Wno-vla-extension'? [-Wunknown-warning-option]
1 warning generated.
c++ -Os  -I.  -MMD -I/opt/homebrew/Cellar/verilator/5.044/share/verilator/include -I/opt/homebrew/Cellar/verilator/5.044/share/verilator/include/vltstd -DVERILATOR=1 -DVM_COVERAGE=0 -DVM_SC=0 -DVM_TIMING=1 -DVM_TRACE=1 -DVM_TRACE_FST=1 -DVM_TRACE_VCD=0 -DVM_TRACE_SAIF=0 -faligned-new -fbracket-depth=4096 -fcf-protection=none -Xclang -fno-pch-timestamp -Qunused-arguments -Wno-bool-operation -Wno-c++11-narrowing -Wno-constant-logical-operand -Wno-int-in-bool-context -Wno-non-pod-varargs -Wno-parentheses-equality -Wno-shadow -Wno-sign-compare -Wno-tautological-bitwise-compare -Wno-tautological-compare -Wno-uninitialized -Wno-unused-but-set-parameter -Wno-unused-but-set-variable -Wno-unused-parameter -Wno-unused-variable -Wno-vla-cxx-extension    -DVL_TIME_CONTEXT   -std=gnu++20 -include-pch Vtb_l2b_chain__pch.h.fast.gch -c -o Vtb_l2b_chain.o Vtb_l2b_chain.cpp
warning: unknown warning option '-Wno-vla-cxx-extension'; did you mean '-Wno-vla-extension'? [-Wunknown-warning-option]
1 warning generated.
c++ -Os  -I.  -MMD -I/opt/homebrew/Cellar/verilator/5.044/share/verilator/include -I/opt/homebrew/Cellar/verilator/5.044/share/verilator/include/vltstd -DVERILATOR=1 -DVM_COVERAGE=0 -DVM_SC=0 -DVM_TIMING=1 -DVM_TRACE=1 -DVM_TRACE_FST=1 -DVM_TRACE_VCD=0 -DVM_TRACE_SAIF=0 -faligned-new -fbracket-depth=4096 -fcf-protection=none -Xclang -fno-pch-timestamp -Qunused-arguments -Wno-bool-operation -Wno-c++11-narrowing -Wno-constant-logical-operand -Wno-int-in-bool-context -Wno-non-pod-varargs -Wno-parentheses-equality -Wno-shadow -Wno-sign-compare -Wno-tautological-bitwise-compare -Wno-tautological-compare -Wno-uninitialized -Wno-unused-but-set-parameter -Wno-unused-but-set-variable -Wno-unused-parameter -Wno-unused-variable -Wno-vla-cxx-extension    -DVL_TIME_CONTEXT   -std=gnu++20 -include-pch Vtb_l2b_chain__pch.h.fast.gch -c -o Vtb_l2b_chain___024root__0.o Vtb_l2b_chain___024root__0.cpp
warning: unknown warning option '-Wno-vla-cxx-extension'; did you mean '-Wno-vla-extension'? [-Wunknown-warning-option]
1 warning generated.
c++ -Os  -I.  -MMD -I/opt/homebrew/Cellar/verilator/5.044/share/verilator/include -I/opt/homebrew/Cellar/verilator/5.044/share/verilator/include/vltstd -DVERILATOR=1 -DVM_COVERAGE=0 -DVM_SC=0 -DVM_TIMING=1 -DVM_TRACE=1 -DVM_TRACE_FST=1 -DVM_TRACE_VCD=0 -DVM_TRACE_SAIF=0 -faligned-new -fbracket-depth=4096 -fcf-protection=none -Xclang -fno-pch-timestamp -Qunused-arguments -Wno-bool-operation -Wno-c++11-narrowing -Wno-constant-logical-operand -Wno-int-in-bool-context -Wno-non-pod-varargs -Wno-parentheses-equality -Wno-shadow -Wno-sign-compare -Wno-tautological-bitwise-compare -Wno-tautological-compare -Wno-uninitialized -Wno-unused-but-set-parameter -Wno-unused-but-set-variable -Wno-unused-parameter -Wno-unused-variable -Wno-vla-cxx-extension    -DVL_TIME_CONTEXT   -std=gnu++20 -include-pch Vtb_l2b_chain__pch.h.fast.gch -c -o Vtb_l2b_chain___024root__1.o Vtb_l2b_chain___024root__1.cpp
warning: unknown warning option '-Wno-vla-cxx-extension'; did you mean '-Wno-vla-extension'? [-Wunknown-warning-option]
1 warning generated.
c++ -Os  -I.  -MMD -I/opt/homebrew/Cellar/verilator/5.044/share/verilator/include -I/opt/homebrew/Cellar/verilator/5.044/share/verilator/include/vltstd -DVERILATOR=1 -DVM_COVERAGE=0 -DVM_SC=0 -DVM_TIMING=1 -DVM_TRACE=1 -DVM_TRACE_FST=1 -DVM_TRACE_VCD=0 -DVM_TRACE_SAIF=0 -faligned-new -fbracket-depth=4096 -fcf-protection=none -Xclang -fno-pch-timestamp -Qunused-arguments -Wno-bool-operation -Wno-c++11-narrowing -Wno-constant-logical-operand -Wno-int-in-bool-context -Wno-non-pod-varargs -Wno-parentheses-equality -Wno-shadow -Wno-sign-compare -Wno-tautological-bitwise-compare -Wno-tautological-compare -Wno-uninitialized -Wno-unused-but-set-parameter -Wno-unused-but-set-variable -Wno-unused-parameter -Wno-unused-variable -Wno-vla-cxx-extension    -DVL_TIME_CONTEXT   -std=gnu++20 -include-pch Vtb_l2b_chain__pch.h.fast.gch -c -o Vtb_l2b_chain___024root__2.o Vtb_l2b_chain___024root__2.cpp
warning: unknown warning option '-Wno-vla-cxx-extension'; did you mean '-Wno-vla-extension'? [-Wunknown-warning-option]
1 warning generated.
c++ -Os  -I.  -MMD -I/opt/homebrew/Cellar/verilator/5.044/share/verilator/include -I/opt/homebrew/Cellar/verilator/5.044/share/verilator/include/vltstd -DVERILATOR=1 -DVM_COVERAGE=0 -DVM_SC=0 -DVM_TIMING=1 -DVM_TRACE=1 -DVM_TRACE_FST=1 -DVM_TRACE_VCD=0 -DVM_TRACE_SAIF=0 -faligned-new -fbracket-depth=4096 -fcf-protection=none -Xclang -fno-pch-timestamp -Qunused-arguments -Wno-bool-operation -Wno-c++11-narrowing -Wno-constant-logical-operand -Wno-int-in-bool-context -Wno-non-pod-varargs -Wno-parentheses-equality -Wno-shadow -Wno-sign-compare -Wno-tautological-bitwise-compare -Wno-tautological-compare -Wno-uninitialized -Wno-unused-but-set-parameter -Wno-unused-but-set-variable -Wno-unused-parameter -Wno-unused-variable -Wno-vla-cxx-extension    -DVL_TIME_CONTEXT   -std=gnu++20 -include-pch Vtb_l2b_chain__pch.h.fast.gch -c -o Vtb_l2b_chain___024root__3.o Vtb_l2b_chain___024root__3.cpp
warning: unknown warning option '-Wno-vla-cxx-extension'; did you mean '-Wno-vla-extension'? [-Wunknown-warning-option]
1 warning generated.
c++ -Os  -I.  -MMD -I/opt/homebrew/Cellar/verilator/5.044/share/verilator/include -I/opt/homebrew/Cellar/verilator/5.044/share/verilator/include/vltstd -DVERILATOR=1 -DVM_COVERAGE=0 -DVM_SC=0 -DVM_TIMING=1 -DVM_TRACE=1 -DVM_TRACE_FST=1 -DVM_TRACE_VCD=0 -DVM_TRACE_SAIF=0 -faligned-new -fbracket-depth=4096 -fcf-protection=none -Xclang -fno-pch-timestamp -Qunused-arguments -Wno-bool-operation -Wno-c++11-narrowing -Wno-constant-logical-operand -Wno-int-in-bool-context -Wno-non-pod-varargs -Wno-parentheses-equality -Wno-shadow -Wno-sign-compare -Wno-tautological-bitwise-compare -Wno-tautological-compare -Wno-uninitialized -Wno-unused-but-set-parameter -Wno-unused-but-set-variable -Wno-unused-parameter -Wno-unused-variable -Wno-vla-cxx-extension    -DVL_TIME_CONTEXT   -std=gnu++20 -include-pch Vtb_l2b_chain__pch.h.fast.gch -c -o Vtb_l2b_chain___024root__4.o Vtb_l2b_chain___024root__4.cpp
warning: unknown warning option '-Wno-vla-cxx-extension'; did you mean '-Wno-vla-extension'? [-Wunknown-warning-option]
1 warning generated.
c++ -Os  -I.  -MMD -I/opt/homebrew/Cellar/verilator/5.044/share/verilator/include -I/opt/homebrew/Cellar/verilator/5.044/share/verilator/include/vltstd -DVERILATOR=1 -DVM_COVERAGE=0 -DVM_SC=0 -DVM_TIMING=1 -DVM_TRACE=1 -DVM_TRACE_FST=1 -DVM_TRACE_VCD=0 -DVM_TRACE_SAIF=0 -faligned-new -fbracket-depth=4096 -fcf-protection=none -Xclang -fno-pch-timestamp -Qunused-arguments -Wno-bool-operation -Wno-c++11-narrowing -Wno-constant-logical-operand -Wno-int-in-bool-context -Wno-non-pod-varargs -Wno-parentheses-equality -Wno-shadow -Wno-sign-compare -Wno-tautological-bitwise-compare -Wno-tautological-compare -Wno-uninitialized -Wno-unused-but-set-parameter -Wno-unused-but-set-variable -Wno-unused-parameter -Wno-unused-variable -Wno-vla-cxx-extension    -DVL_TIME_CONTEXT   -std=gnu++20 -include-pch Vtb_l2b_chain__pch.h.fast.gch -c -o Vtb_l2b_chain___024root__5.o Vtb_l2b_chain___024root__5.cpp
warning: unknown warning option '-Wno-vla-cxx-extension'; did you mean '-Wno-vla-extension'? [-Wunknown-warning-option]
1 warning generated.
c++ -Os  -I.  -MMD -I/opt/homebrew/Cellar/verilator/5.044/share/verilator/include -I/opt/homebrew/Cellar/verilator/5.044/share/verilator/include/vltstd -DVERILATOR=1 -DVM_COVERAGE=0 -DVM_SC=0 -DVM_TIMING=1 -DVM_TRACE=1 -DVM_TRACE_FST=1 -DVM_TRACE_VCD=0 -DVM_TRACE_SAIF=0 -faligned-new -fbracket-depth=4096 -fcf-protection=none -Xclang -fno-pch-timestamp -Qunused-arguments -Wno-bool-operation -Wno-c++11-narrowing -Wno-constant-logical-operand -Wno-int-in-bool-context -Wno-non-pod-varargs -Wno-parentheses-equality -Wno-shadow -Wno-sign-compare -Wno-tautological-bitwise-compare -Wno-tautological-compare -Wno-uninitialized -Wno-unused-but-set-parameter -Wno-unused-but-set-variable -Wno-unused-parameter -Wno-unused-variable -Wno-vla-cxx-extension    -DVL_TIME_CONTEXT   -std=gnu++20 -include-pch Vtb_l2b_chain__pch.h.fast.gch -c -o Vtb_l2b_chain___024root__6.o Vtb_l2b_chain___024root__6.cpp
warning: unknown warning option '-Wno-vla-cxx-extension'; did you mean '-Wno-vla-extension'? [-Wunknown-warning-option]
1 warning generated.
c++ -Os  -I.  -MMD -I/opt/homebrew/Cellar/verilator/5.044/share/verilator/include -I/opt/homebrew/Cellar/verilator/5.044/share/verilator/include/vltstd -DVERILATOR=1 -DVM_COVERAGE=0 -DVM_SC=0 -DVM_TIMING=1 -DVM_TRACE=1 -DVM_TRACE_FST=1 -DVM_TRACE_VCD=0 -DVM_TRACE_SAIF=0 -faligned-new -fbracket-depth=4096 -fcf-protection=none -Xclang -fno-pch-timestamp -Qunused-arguments -Wno-bool-operation -Wno-c++11-narrowing -Wno-constant-logical-operand -Wno-int-in-bool-context -Wno-non-pod-varargs -Wno-parentheses-equality -Wno-shadow -Wno-sign-compare -Wno-tautological-bitwise-compare -Wno-tautological-compare -Wno-uninitialized -Wno-unused-but-set-parameter -Wno-unused-but-set-variable -Wno-unused-parameter -Wno-unused-variable -Wno-vla-cxx-extension    -DVL_TIME_CONTEXT   -std=gnu++20 -include-pch Vtb_l2b_chain__pch.h.fast.gch -c -o Vtb_l2b_chain___024root__7.o Vtb_l2b_chain___024root__7.cpp
warning: unknown warning option '-Wno-vla-cxx-extension'; did you mean '-Wno-vla-extension'? [-Wunknown-warning-option]
1 warning generated.
c++ -Os  -I.  -MMD -I/opt/homebrew/Cellar/verilator/5.044/share/verilator/include -I/opt/homebrew/Cellar/verilator/5.044/share/verilator/include/vltstd -DVERILATOR=1 -DVM_COVERAGE=0 -DVM_SC=0 -DVM_TIMING=1 -DVM_TRACE=1 -DVM_TRACE_FST=1 -DVM_TRACE_VCD=0 -DVM_TRACE_SAIF=0 -faligned-new -fbracket-depth=4096 -fcf-protection=none -Xclang -fno-pch-timestamp -Qunused-arguments -Wno-bool-operation -Wno-c++11-narrowing -Wno-constant-logical-operand -Wno-int-in-bool-context -Wno-non-pod-varargs -Wno-parentheses-equality -Wno-shadow -Wno-sign-compare -Wno-tautological-bitwise-compare -Wno-tautological-compare -Wno-uninitialized -Wno-unused-but-set-parameter -Wno-unused-but-set-variable -Wno-unused-parameter -Wno-unused-variable -Wno-vla-cxx-extension    -DVL_TIME_CONTEXT   -std=gnu++20 -include-pch Vtb_l2b_chain__pch.h.fast.gch -c -o Vtb_l2b_chain___024root__8.o Vtb_l2b_chain___024root__8.cpp
warning: unknown warning option '-Wno-vla-cxx-extension'; did you mean '-Wno-vla-extension'? [-Wunknown-warning-option]
1 warning generated.
c++ -Os  -I.  -MMD -I/opt/homebrew/Cellar/verilator/5.044/share/verilator/include -I/opt/homebrew/Cellar/verilator/5.044/share/verilator/include/vltstd -DVERILATOR=1 -DVM_COVERAGE=0 -DVM_SC=0 -DVM_TIMING=1 -DVM_TRACE=1 -DVM_TRACE_FST=1 -DVM_TRACE_VCD=0 -DVM_TRACE_SAIF=0 -faligned-new -fbracket-depth=4096 -fcf-protection=none -Xclang -fno-pch-timestamp -Qunused-arguments -Wno-bool-operation -Wno-c++11-narrowing -Wno-constant-logical-operand -Wno-int-in-bool-context -Wno-non-pod-varargs -Wno-parentheses-equality -Wno-shadow -Wno-sign-compare -Wno-tautological-bitwise-compare -Wno-tautological-compare -Wno-uninitialized -Wno-unused-but-set-parameter -Wno-unused-but-set-variable -Wno-unused-parameter -Wno-unused-variable -Wno-vla-cxx-extension    -DVL_TIME_CONTEXT   -std=gnu++20 -include-pch Vtb_l2b_chain__pch.h.fast.gch -c -o Vtb_l2b_chain__main.o Vtb_l2b_chain__main.cpp
warning: unknown warning option '-Wno-vla-cxx-extension'; did you mean '-Wno-vla-extension'? [-Wunknown-warning-option]
1 warning generated.
c++ -Os  -I.  -MMD -I/opt/homebrew/Cellar/verilator/5.044/share/verilator/include -I/opt/homebrew/Cellar/verilator/5.044/share/verilator/include/vltstd -DVERILATOR=1 -DVM_COVERAGE=0 -DVM_SC=0 -DVM_TIMING=1 -DVM_TRACE=1 -DVM_TRACE_FST=1 -DVM_TRACE_VCD=0 -DVM_TRACE_SAIF=0 -faligned-new -fbracket-depth=4096 -fcf-protection=none -Xclang -fno-pch-timestamp -Qunused-arguments -Wno-bool-operation -Wno-c++11-narrowing -Wno-constant-logical-operand -Wno-int-in-bool-context -Wno-non-pod-varargs -Wno-parentheses-equality -Wno-shadow -Wno-sign-compare -Wno-tautological-bitwise-compare -Wno-tautological-compare -Wno-uninitialized -Wno-unused-but-set-parameter -Wno-unused-but-set-variable -Wno-unused-parameter -Wno-unused-variable -Wno-vla-cxx-extension    -DVL_TIME_CONTEXT   -std=gnu++20 -include-pch Vtb_l2b_chain__pch.h.fast.gch -c -o Vtb_l2b_chain__Trace__0.o Vtb_l2b_chain__Trace__0.cpp
warning: unknown warning option '-Wno-vla-cxx-extension'; did you mean '-Wno-vla-extension'? [-Wunknown-warning-option]
1 warning generated.
c++   -I.  -MMD -I/opt/homebrew/Cellar/verilator/5.044/share/verilator/include -I/opt/homebrew/Cellar/verilator/5.044/share/verilator/include/vltstd -DVERILATOR=1 -DVM_COVERAGE=0 -DVM_SC=0 -DVM_TIMING=1 -DVM_TRACE=1 -DVM_TRACE_FST=1 -DVM_TRACE_VCD=0 -DVM_TRACE_SAIF=0 -faligned-new -fbracket-depth=4096 -fcf-protection=none -Xclang -fno-pch-timestamp -Qunused-arguments -Wno-bool-operation -Wno-c++11-narrowing -Wno-constant-logical-operand -Wno-int-in-bool-context -Wno-non-pod-varargs -Wno-parentheses-equality -Wno-shadow -Wno-sign-compare -Wno-tautological-bitwise-compare -Wno-tautological-compare -Wno-uninitialized -Wno-unused-but-set-parameter -Wno-unused-but-set-variable -Wno-unused-parameter -Wno-unused-variable -Wno-vla-cxx-extension    -DVL_TIME_CONTEXT   -std=gnu++20 -x c++-header Vtb_l2b_chain__pch.h -o Vtb_l2b_chain__pch.h.slow.gch
warning: unknown warning option '-Wno-vla-cxx-extension'; did you mean '-Wno-vla-extension'? [-Wunknown-warning-option]
1 warning generated.
c++   -I.  -MMD -I/opt/homebrew/Cellar/verilator/5.044/share/verilator/include -I/opt/homebrew/Cellar/verilator/5.044/share/verilator/include/vltstd -DVERILATOR=1 -DVM_COVERAGE=0 -DVM_SC=0 -DVM_TIMING=1 -DVM_TRACE=1 -DVM_TRACE_FST=1 -DVM_TRACE_VCD=0 -DVM_TRACE_SAIF=0 -faligned-new -fbracket-depth=4096 -fcf-protection=none -Xclang -fno-pch-timestamp -Qunused-arguments -Wno-bool-operation -Wno-c++11-narrowing -Wno-constant-logical-operand -Wno-int-in-bool-context -Wno-non-pod-varargs -Wno-parentheses-equality -Wno-shadow -Wno-sign-compare -Wno-tautological-bitwise-compare -Wno-tautological-compare -Wno-uninitialized -Wno-unused-but-set-parameter -Wno-unused-but-set-variable -Wno-unused-parameter -Wno-unused-variable -Wno-vla-cxx-extension    -DVL_TIME_CONTEXT   -std=gnu++20 -include-pch Vtb_l2b_chain__pch.h.slow.gch -c -o Vtb_l2b_chain__ConstPool__0__Slow.o Vtb_l2b_chain__ConstPool__0__Slow.cpp
warning: unknown warning option '-Wno-vla-cxx-extension'; did you mean '-Wno-vla-extension'? [-Wunknown-warning-option]
1 warning generated.
c++   -I.  -MMD -I/opt/homebrew/Cellar/verilator/5.044/share/verilator/include -I/opt/homebrew/Cellar/verilator/5.044/share/verilator/include/vltstd -DVERILATOR=1 -DVM_COVERAGE=0 -DVM_SC=0 -DVM_TIMING=1 -DVM_TRACE=1 -DVM_TRACE_FST=1 -DVM_TRACE_VCD=0 -DVM_TRACE_SAIF=0 -faligned-new -fbracket-depth=4096 -fcf-protection=none -Xclang -fno-pch-timestamp -Qunused-arguments -Wno-bool-operation -Wno-c++11-narrowing -Wno-constant-logical-operand -Wno-int-in-bool-context -Wno-non-pod-varargs -Wno-parentheses-equality -Wno-shadow -Wno-sign-compare -Wno-tautological-bitwise-compare -Wno-tautological-compare -Wno-uninitialized -Wno-unused-but-set-parameter -Wno-unused-but-set-variable -Wno-unused-parameter -Wno-unused-variable -Wno-vla-cxx-extension    -DVL_TIME_CONTEXT   -std=gnu++20 -include-pch Vtb_l2b_chain__pch.h.slow.gch -c -o Vtb_l2b_chain___024root__Slow.o Vtb_l2b_chain___024root__Slow.cpp
warning: unknown warning option '-Wno-vla-cxx-extension'; did you mean '-Wno-vla-extension'? [-Wunknown-warning-option]
1 warning generated.
c++   -I.  -MMD -I/opt/homebrew/Cellar/verilator/5.044/share/verilator/include -I/opt/homebrew/Cellar/verilator/5.044/share/verilator/include/vltstd -DVERILATOR=1 -DVM_COVERAGE=0 -DVM_SC=0 -DVM_TIMING=1 -DVM_TRACE=1 -DVM_TRACE_FST=1 -DVM_TRACE_VCD=0 -DVM_TRACE_SAIF=0 -faligned-new -fbracket-depth=4096 -fcf-protection=none -Xclang -fno-pch-timestamp -Qunused-arguments -Wno-bool-operation -Wno-c++11-narrowing -Wno-constant-logical-operand -Wno-int-in-bool-context -Wno-non-pod-varargs -Wno-parentheses-equality -Wno-shadow -Wno-sign-compare -Wno-tautological-bitwise-compare -Wno-tautological-compare -Wno-uninitialized -Wno-unused-but-set-parameter -Wno-unused-but-set-variable -Wno-unused-parameter -Wno-unused-variable -Wno-vla-cxx-extension    -DVL_TIME_CONTEXT   -std=gnu++20 -include-pch Vtb_l2b_chain__pch.h.slow.gch -c -o Vtb_l2b_chain___024root__0__Slow.o Vtb_l2b_chain___024root__0__Slow.cpp
warning: unknown warning option '-Wno-vla-cxx-extension'; did you mean '-Wno-vla-extension'? [-Wunknown-warning-option]
1 warning generated.
c++   -I.  -MMD -I/opt/homebrew/Cellar/verilator/5.044/share/verilator/include -I/opt/homebrew/Cellar/verilator/5.044/share/verilator/include/vltstd -DVERILATOR=1 -DVM_COVERAGE=0 -DVM_SC=0 -DVM_TIMING=1 -DVM_TRACE=1 -DVM_TRACE_FST=1 -DVM_TRACE_VCD=0 -DVM_TRACE_SAIF=0 -faligned-new -fbracket-depth=4096 -fcf-protection=none -Xclang -fno-pch-timestamp -Qunused-arguments -Wno-bool-operation -Wno-c++11-narrowing -Wno-constant-logical-operand -Wno-int-in-bool-context -Wno-non-pod-varargs -Wno-parentheses-equality -Wno-shadow -Wno-sign-compare -Wno-tautological-bitwise-compare -Wno-tautological-compare -Wno-uninitialized -Wno-unused-but-set-parameter -Wno-unused-but-set-variable -Wno-unused-parameter -Wno-unused-variable -Wno-vla-cxx-extension    -DVL_TIME_CONTEXT   -std=gnu++20 -include-pch Vtb_l2b_chain__pch.h.slow.gch -c -o Vtb_l2b_chain___024root__1__Slow.o Vtb_l2b_chain___024root__1__Slow.cpp
warning: unknown warning option '-Wno-vla-cxx-extension'; did you mean '-Wno-vla-extension'? [-Wunknown-warning-option]
1 warning generated.
c++   -I.  -MMD -I/opt/homebrew/Cellar/verilator/5.044/share/verilator/include -I/opt/homebrew/Cellar/verilator/5.044/share/verilator/include/vltstd -DVERILATOR=1 -DVM_COVERAGE=0 -DVM_SC=0 -DVM_TIMING=1 -DVM_TRACE=1 -DVM_TRACE_FST=1 -DVM_TRACE_VCD=0 -DVM_TRACE_SAIF=0 -faligned-new -fbracket-depth=4096 -fcf-protection=none -Xclang -fno-pch-timestamp -Qunused-arguments -Wno-bool-operation -Wno-c++11-narrowing -Wno-constant-logical-operand -Wno-int-in-bool-context -Wno-non-pod-varargs -Wno-parentheses-equality -Wno-shadow -Wno-sign-compare -Wno-tautological-bitwise-compare -Wno-tautological-compare -Wno-uninitialized -Wno-unused-but-set-parameter -Wno-unused-but-set-variable -Wno-unused-parameter -Wno-unused-variable -Wno-vla-cxx-extension    -DVL_TIME_CONTEXT   -std=gnu++20 -include-pch Vtb_l2b_chain__pch.h.slow.gch -c -o Vtb_l2b_chain___024root__2__Slow.o Vtb_l2b_chain___024root__2__Slow.cpp
warning: unknown warning option '-Wno-vla-cxx-extension'; did you mean '-Wno-vla-extension'? [-Wunknown-warning-option]
1 warning generated.
c++   -I.  -MMD -I/opt/homebrew/Cellar/verilator/5.044/share/verilator/include -I/opt/homebrew/Cellar/verilator/5.044/share/verilator/include/vltstd -DVERILATOR=1 -DVM_COVERAGE=0 -DVM_SC=0 -DVM_TIMING=1 -DVM_TRACE=1 -DVM_TRACE_FST=1 -DVM_TRACE_VCD=0 -DVM_TRACE_SAIF=0 -faligned-new -fbracket-depth=4096 -fcf-protection=none -Xclang -fno-pch-timestamp -Qunused-arguments -Wno-bool-operation -Wno-c++11-narrowing -Wno-constant-logical-operand -Wno-int-in-bool-context -Wno-non-pod-varargs -Wno-parentheses-equality -Wno-shadow -Wno-sign-compare -Wno-tautological-bitwise-compare -Wno-tautological-compare -Wno-uninitialized -Wno-unused-but-set-parameter -Wno-unused-but-set-variable -Wno-unused-parameter -Wno-unused-variable -Wno-vla-cxx-extension    -DVL_TIME_CONTEXT   -std=gnu++20 -include-pch Vtb_l2b_chain__pch.h.slow.gch -c -o Vtb_l2b_chain___024root__3__Slow.o Vtb_l2b_chain___024root__3__Slow.cpp
warning: unknown warning option '-Wno-vla-cxx-extension'; did you mean '-Wno-vla-extension'? [-Wunknown-warning-option]
1 warning generated.
c++   -I.  -MMD -I/opt/homebrew/Cellar/verilator/5.044/share/verilator/include -I/opt/homebrew/Cellar/verilator/5.044/share/verilator/include/vltstd -DVERILATOR=1 -DVM_COVERAGE=0 -DVM_SC=0 -DVM_TIMING=1 -DVM_TRACE=1 -DVM_TRACE_FST=1 -DVM_TRACE_VCD=0 -DVM_TRACE_SAIF=0 -faligned-new -fbracket-depth=4096 -fcf-protection=none -Xclang -fno-pch-timestamp -Qunused-arguments -Wno-bool-operation -Wno-c++11-narrowing -Wno-constant-logical-operand -Wno-int-in-bool-context -Wno-non-pod-varargs -Wno-parentheses-equality -Wno-shadow -Wno-sign-compare -Wno-tautological-bitwise-compare -Wno-tautological-compare -Wno-uninitialized -Wno-unused-but-set-parameter -Wno-unused-but-set-variable -Wno-unused-parameter -Wno-unused-variable -Wno-vla-cxx-extension    -DVL_TIME_CONTEXT   -std=gnu++20 -include-pch Vtb_l2b_chain__pch.h.slow.gch -c -o Vtb_l2b_chain___024root__4__Slow.o Vtb_l2b_chain___024root__4__Slow.cpp
warning: unknown warning option '-Wno-vla-cxx-extension'; did you mean '-Wno-vla-extension'? [-Wunknown-warning-option]
1 warning generated.
c++   -I.  -MMD -I/opt/homebrew/Cellar/verilator/5.044/share/verilator/include -I/opt/homebrew/Cellar/verilator/5.044/share/verilator/include/vltstd -DVERILATOR=1 -DVM_COVERAGE=0 -DVM_SC=0 -DVM_TIMING=1 -DVM_TRACE=1 -DVM_TRACE_FST=1 -DVM_TRACE_VCD=0 -DVM_TRACE_SAIF=0 -faligned-new -fbracket-depth=4096 -fcf-protection=none -Xclang -fno-pch-timestamp -Qunused-arguments -Wno-bool-operation -Wno-c++11-narrowing -Wno-constant-logical-operand -Wno-int-in-bool-context -Wno-non-pod-varargs -Wno-parentheses-equality -Wno-shadow -Wno-sign-compare -Wno-tautological-bitwise-compare -Wno-tautological-compare -Wno-uninitialized -Wno-unused-but-set-parameter -Wno-unused-but-set-variable -Wno-unused-parameter -Wno-unused-variable -Wno-vla-cxx-extension    -DVL_TIME_CONTEXT   -std=gnu++20 -include-pch Vtb_l2b_chain__pch.h.slow.gch -c -o Vtb_l2b_chain___024root__5__Slow.o Vtb_l2b_chain___024root__5__Slow.cpp
warning: unknown warning option '-Wno-vla-cxx-extension'; did you mean '-Wno-vla-extension'? [-Wunknown-warning-option]
1 warning generated.
c++   -I.  -MMD -I/opt/homebrew/Cellar/verilator/5.044/share/verilator/include -I/opt/homebrew/Cellar/verilator/5.044/share/verilator/include/vltstd -DVERILATOR=1 -DVM_COVERAGE=0 -DVM_SC=0 -DVM_TIMING=1 -DVM_TRACE=1 -DVM_TRACE_FST=1 -DVM_TRACE_VCD=0 -DVM_TRACE_SAIF=0 -faligned-new -fbracket-depth=4096 -fcf-protection=none -Xclang -fno-pch-timestamp -Qunused-arguments -Wno-bool-operation -Wno-c++11-narrowing -Wno-constant-logical-operand -Wno-int-in-bool-context -Wno-non-pod-varargs -Wno-parentheses-equality -Wno-shadow -Wno-sign-compare -Wno-tautological-bitwise-compare -Wno-tautological-compare -Wno-uninitialized -Wno-unused-but-set-parameter -Wno-unused-but-set-variable -Wno-unused-parameter -Wno-unused-variable -Wno-vla-cxx-extension    -DVL_TIME_CONTEXT   -std=gnu++20 -include-pch Vtb_l2b_chain__pch.h.slow.gch -c -o Vtb_l2b_chain___024root__6__Slow.o Vtb_l2b_chain___024root__6__Slow.cpp
warning: unknown warning option '-Wno-vla-cxx-extension'; did you mean '-Wno-vla-extension'? [-Wunknown-warning-option]
1 warning generated.
c++   -I.  -MMD -I/opt/homebrew/Cellar/verilator/5.044/share/verilator/include -I/opt/homebrew/Cellar/verilator/5.044/share/verilator/include/vltstd -DVERILATOR=1 -DVM_COVERAGE=0 -DVM_SC=0 -DVM_TIMING=1 -DVM_TRACE=1 -DVM_TRACE_FST=1 -DVM_TRACE_VCD=0 -DVM_TRACE_SAIF=0 -faligned-new -fbracket-depth=4096 -fcf-protection=none -Xclang -fno-pch-timestamp -Qunused-arguments -Wno-bool-operation -Wno-c++11-narrowing -Wno-constant-logical-operand -Wno-int-in-bool-context -Wno-non-pod-varargs -Wno-parentheses-equality -Wno-shadow -Wno-sign-compare -Wno-tautological-bitwise-compare -Wno-tautological-compare -Wno-uninitialized -Wno-unused-but-set-parameter -Wno-unused-but-set-variable -Wno-unused-parameter -Wno-unused-variable -Wno-vla-cxx-extension    -DVL_TIME_CONTEXT   -std=gnu++20 -include-pch Vtb_l2b_chain__pch.h.slow.gch -c -o Vtb_l2b_chain___024root__7__Slow.o Vtb_l2b_chain___024root__7__Slow.cpp
warning: unknown warning option '-Wno-vla-cxx-extension'; did you mean '-Wno-vla-extension'? [-Wunknown-warning-option]
1 warning generated.
c++   -I.  -MMD -I/opt/homebrew/Cellar/verilator/5.044/share/verilator/include -I/opt/homebrew/Cellar/verilator/5.044/share/verilator/include/vltstd -DVERILATOR=1 -DVM_COVERAGE=0 -DVM_SC=0 -DVM_TIMING=1 -DVM_TRACE=1 -DVM_TRACE_FST=1 -DVM_TRACE_VCD=0 -DVM_TRACE_SAIF=0 -faligned-new -fbracket-depth=4096 -fcf-protection=none -Xclang -fno-pch-timestamp -Qunused-arguments -Wno-bool-operation -Wno-c++11-narrowing -Wno-constant-logical-operand -Wno-int-in-bool-context -Wno-non-pod-varargs -Wno-parentheses-equality -Wno-shadow -Wno-sign-compare -Wno-tautological-bitwise-compare -Wno-tautological-compare -Wno-uninitialized -Wno-unused-but-set-parameter -Wno-unused-but-set-variable -Wno-unused-parameter -Wno-unused-variable -Wno-vla-cxx-extension    -DVL_TIME_CONTEXT   -std=gnu++20 -include-pch Vtb_l2b_chain__pch.h.slow.gch -c -o Vtb_l2b_chain__Syms__Slow.o Vtb_l2b_chain__Syms__Slow.cpp
warning: unknown warning option '-Wno-vla-cxx-extension'; did you mean '-Wno-vla-extension'? [-Wunknown-warning-option]
1 warning generated.
c++   -I.  -MMD -I/opt/homebrew/Cellar/verilator/5.044/share/verilator/include -I/opt/homebrew/Cellar/verilator/5.044/share/verilator/include/vltstd -DVERILATOR=1 -DVM_COVERAGE=0 -DVM_SC=0 -DVM_TIMING=1 -DVM_TRACE=1 -DVM_TRACE_FST=1 -DVM_TRACE_VCD=0 -DVM_TRACE_SAIF=0 -faligned-new -fbracket-depth=4096 -fcf-protection=none -Xclang -fno-pch-timestamp -Qunused-arguments -Wno-bool-operation -Wno-c++11-narrowing -Wno-constant-logical-operand -Wno-int-in-bool-context -Wno-non-pod-varargs -Wno-parentheses-equality -Wno-shadow -Wno-sign-compare -Wno-tautological-bitwise-compare -Wno-tautological-compare -Wno-uninitialized -Wno-unused-but-set-parameter -Wno-unused-but-set-variable -Wno-unused-parameter -Wno-unused-variable -Wno-vla-cxx-extension    -DVL_TIME_CONTEXT   -std=gnu++20 -include-pch Vtb_l2b_chain__pch.h.slow.gch -c -o Vtb_l2b_chain__Trace__0__Slow.o Vtb_l2b_chain__Trace__0__Slow.cpp
warning: unknown warning option '-Wno-vla-cxx-extension'; did you mean '-Wno-vla-extension'? [-Wunknown-warning-option]
1 warning generated.
c++   -I.  -MMD -I/opt/homebrew/Cellar/verilator/5.044/share/verilator/include -I/opt/homebrew/Cellar/verilator/5.044/share/verilator/include/vltstd -DVERILATOR=1 -DVM_COVERAGE=0 -DVM_SC=0 -DVM_TIMING=1 -DVM_TRACE=1 -DVM_TRACE_FST=1 -DVM_TRACE_VCD=0 -DVM_TRACE_SAIF=0 -faligned-new -fbracket-depth=4096 -fcf-protection=none -Xclang -fno-pch-timestamp -Qunused-arguments -Wno-bool-operation -Wno-c++11-narrowing -Wno-constant-logical-operand -Wno-int-in-bool-context -Wno-non-pod-varargs -Wno-parentheses-equality -Wno-shadow -Wno-sign-compare -Wno-tautological-bitwise-compare -Wno-tautological-compare -Wno-uninitialized -Wno-unused-but-set-parameter -Wno-unused-but-set-variable -Wno-unused-parameter -Wno-unused-variable -Wno-vla-cxx-extension    -DVL_TIME_CONTEXT   -std=gnu++20 -include-pch Vtb_l2b_chain__pch.h.slow.gch -c -o Vtb_l2b_chain__TraceDecls__0__Slow.o Vtb_l2b_chain__TraceDecls__0__Slow.cpp
warning: unknown warning option '-Wno-vla-cxx-extension'; did you mean '-Wno-vla-extension'? [-Wunknown-warning-option]
1 warning generated.
c++  -Wl,-U,__Z15vl_time_stamp64v,-U,__Z13sc_time_stampv   verilated.o verilated_fst_c.o verilated_timing.o verilated_threads.o Vtb_l2b_chain__ALL.a   -lz  -pthread -lpthread   -o Vtb_l2b_chain
rm Vtb_l2b_chain__ALL.verilator_deplist.tmp
- V e r i l a t i o n   R e p o r t: Verilator 5.044 2026-01-01 rev vUNKNOWN-built20260101
- Verilator: Built from 1.244 MB sources in 25 modules, into 11.422 MB in 25 C++ files needing 0.009 MB
- Verilator: Walltime 14.286 s (elab=0.021, cvt=0.761, bld=13.348); cpu 0.929 s on 1 threads; alloced 100.609 MB
mkdir -p build/obj_l2b_calib_d128
/opt/homebrew/bin/verilator --binary -Wall --timing --assert --timescale 1ns/1ps -I../../../verif/common -I../../../rtl/asu -I. lint_waivers.vlt --trace-fst -GD_CFG=128 -GTIER_CFG=2 -GG_CFG=128 -GOUTK_CFG=2 -GDEPTH_CFG=512 -GMASKF='"build/mask_calib_d128.hex"' --top-module tb_l2b_chain -Mdir build/obj_l2b_calib_d128 ../../../rtl/apex_pkg.sv ../../../rtl/mxe/mxe_cfg_pkg.sv ../../../rtl/xbr/stream_skid.sv ../../../rtl/kvq/cores/cq_fp_pkg.sv ../../../rtl/kvq/cores/amax_unit.sv ../../../rtl/kvq/cores/cq_scale_unit.sv ../../../rtl/kvq/cores/cq_quant_unit.sv ../../../rtl/kvq/cores/cq_dequant_unit.sv ../../../rtl/kvq/cores/scale_bank.sv ../../../rtl/kvq/cores/residual_buffer.sv ../../../rtl/kvq/cores/sram_controller.sv ../../../rtl/kvq/cores/cq_value_path.sv ../../../rtl/kvq/cores/cq_key_path.sv ../../../rtl/kvq/kvq_engine.sv ../../../rtl/seam/seam_feeder_quant.sv ../../../rtl/mxe/mxe_pe.sv ../../../rtl/mxe/mxe_array.sv ../../../rtl/mxe/mxe_buf.sv ../../../rtl/mxe/mxe_requant.sv ../../../rtl/mxe/mxe_ctrl.sv ../../../rtl/mxe/mxe_top.sv tb_l2b_chain.sv
c++ -Os  -I.  -MMD -I/opt/homebrew/Cellar/verilator/5.044/share/verilator/include -I/opt/homebrew/Cellar/verilator/5.044/share/verilator/include/vltstd -DVERILATOR=1 -DVM_COVERAGE=0 -DVM_SC=0 -DVM_TIMING=1 -DVM_TRACE=1 -DVM_TRACE_FST=1 -DVM_TRACE_VCD=0 -DVM_TRACE_SAIF=0 -faligned-new -fbracket-depth=4096 -fcf-protection=none -Xclang -fno-pch-timestamp -Qunused-arguments -Wno-bool-operation -Wno-c++11-narrowing -Wno-constant-logical-operand -Wno-int-in-bool-context -Wno-non-pod-varargs -Wno-parentheses-equality -Wno-shadow -Wno-sign-compare -Wno-tautological-bitwise-compare -Wno-tautological-compare -Wno-uninitialized -Wno-unused-but-set-parameter -Wno-unused-but-set-variable -Wno-unused-parameter -Wno-unused-variable -Wno-vla-cxx-extension    -DVL_TIME_CONTEXT   -std=gnu++20 -c -o verilated.o /opt/homebrew/Cellar/verilator/5.044/share/verilator/include/verilated.cpp
warning: unknown warning option '-Wno-vla-cxx-extension'; did you mean '-Wno-vla-extension'? [-Wunknown-warning-option]
1 warning generated.
c++ -Os  -I.  -MMD -I/opt/homebrew/Cellar/verilator/5.044/share/verilator/include -I/opt/homebrew/Cellar/verilator/5.044/share/verilator/include/vltstd -DVERILATOR=1 -DVM_COVERAGE=0 -DVM_SC=0 -DVM_TIMING=1 -DVM_TRACE=1 -DVM_TRACE_FST=1 -DVM_TRACE_VCD=0 -DVM_TRACE_SAIF=0 -faligned-new -fbracket-depth=4096 -fcf-protection=none -Xclang -fno-pch-timestamp -Qunused-arguments -Wno-bool-operation -Wno-c++11-narrowing -Wno-constant-logical-operand -Wno-int-in-bool-context -Wno-non-pod-varargs -Wno-parentheses-equality -Wno-shadow -Wno-sign-compare -Wno-tautological-bitwise-compare -Wno-tautological-compare -Wno-uninitialized -Wno-unused-but-set-parameter -Wno-unused-but-set-variable -Wno-unused-parameter -Wno-unused-variable -Wno-vla-cxx-extension    -DVL_TIME_CONTEXT   -std=gnu++20 -c -o verilated_fst_c.o /opt/homebrew/Cellar/verilator/5.044/share/verilator/include/verilated_fst_c.cpp
warning: unknown warning option '-Wno-vla-cxx-extension'; did you mean '-Wno-vla-extension'? [-Wunknown-warning-option]
1 warning generated.
c++ -Os  -I.  -MMD -I/opt/homebrew/Cellar/verilator/5.044/share/verilator/include -I/opt/homebrew/Cellar/verilator/5.044/share/verilator/include/vltstd -DVERILATOR=1 -DVM_COVERAGE=0 -DVM_SC=0 -DVM_TIMING=1 -DVM_TRACE=1 -DVM_TRACE_FST=1 -DVM_TRACE_VCD=0 -DVM_TRACE_SAIF=0 -faligned-new -fbracket-depth=4096 -fcf-protection=none -Xclang -fno-pch-timestamp -Qunused-arguments -Wno-bool-operation -Wno-c++11-narrowing -Wno-constant-logical-operand -Wno-int-in-bool-context -Wno-non-pod-varargs -Wno-parentheses-equality -Wno-shadow -Wno-sign-compare -Wno-tautological-bitwise-compare -Wno-tautological-compare -Wno-uninitialized -Wno-unused-but-set-parameter -Wno-unused-but-set-variable -Wno-unused-parameter -Wno-unused-variable -Wno-vla-cxx-extension    -DVL_TIME_CONTEXT   -std=gnu++20 -c -o verilated_timing.o /opt/homebrew/Cellar/verilator/5.044/share/verilator/include/verilated_timing.cpp
warning: unknown warning option '-Wno-vla-cxx-extension'; did you mean '-Wno-vla-extension'? [-Wunknown-warning-option]
1 warning generated.
c++ -Os  -I.  -MMD -I/opt/homebrew/Cellar/verilator/5.044/share/verilator/include -I/opt/homebrew/Cellar/verilator/5.044/share/verilator/include/vltstd -DVERILATOR=1 -DVM_COVERAGE=0 -DVM_SC=0 -DVM_TIMING=1 -DVM_TRACE=1 -DVM_TRACE_FST=1 -DVM_TRACE_VCD=0 -DVM_TRACE_SAIF=0 -faligned-new -fbracket-depth=4096 -fcf-protection=none -Xclang -fno-pch-timestamp -Qunused-arguments -Wno-bool-operation -Wno-c++11-narrowing -Wno-constant-logical-operand -Wno-int-in-bool-context -Wno-non-pod-varargs -Wno-parentheses-equality -Wno-shadow -Wno-sign-compare -Wno-tautological-bitwise-compare -Wno-tautological-compare -Wno-uninitialized -Wno-unused-but-set-parameter -Wno-unused-but-set-variable -Wno-unused-parameter -Wno-unused-variable -Wno-vla-cxx-extension    -DVL_TIME_CONTEXT   -std=gnu++20 -c -o verilated_threads.o /opt/homebrew/Cellar/verilator/5.044/share/verilator/include/verilated_threads.cpp
warning: unknown warning option '-Wno-vla-cxx-extension'; did you mean '-Wno-vla-extension'? [-Wunknown-warning-option]
1 warning generated.
c++ -Os  -I.  -MMD -I/opt/homebrew/Cellar/verilator/5.044/share/verilator/include -I/opt/homebrew/Cellar/verilator/5.044/share/verilator/include/vltstd -DVERILATOR=1 -DVM_COVERAGE=0 -DVM_SC=0 -DVM_TIMING=1 -DVM_TRACE=1 -DVM_TRACE_FST=1 -DVM_TRACE_VCD=0 -DVM_TRACE_SAIF=0 -faligned-new -fbracket-depth=4096 -fcf-protection=none -Xclang -fno-pch-timestamp -Qunused-arguments -Wno-bool-operation -Wno-c++11-narrowing -Wno-constant-logical-operand -Wno-int-in-bool-context -Wno-non-pod-varargs -Wno-parentheses-equality -Wno-shadow -Wno-sign-compare -Wno-tautological-bitwise-compare -Wno-tautological-compare -Wno-uninitialized -Wno-unused-but-set-parameter -Wno-unused-but-set-variable -Wno-unused-parameter -Wno-unused-variable -Wno-vla-cxx-extension    -DVL_TIME_CONTEXT   -std=gnu++20 -x c++-header Vtb_l2b_chain__pch.h -o Vtb_l2b_chain__pch.h.fast.gch
warning: unknown warning option '-Wno-vla-cxx-extension'; did you mean '-Wno-vla-extension'? [-Wunknown-warning-option]
1 warning generated.
c++ -Os  -I.  -MMD -I/opt/homebrew/Cellar/verilator/5.044/share/verilator/include -I/opt/homebrew/Cellar/verilator/5.044/share/verilator/include/vltstd -DVERILATOR=1 -DVM_COVERAGE=0 -DVM_SC=0 -DVM_TIMING=1 -DVM_TRACE=1 -DVM_TRACE_FST=1 -DVM_TRACE_VCD=0 -DVM_TRACE_SAIF=0 -faligned-new -fbracket-depth=4096 -fcf-protection=none -Xclang -fno-pch-timestamp -Qunused-arguments -Wno-bool-operation -Wno-c++11-narrowing -Wno-constant-logical-operand -Wno-int-in-bool-context -Wno-non-pod-varargs -Wno-parentheses-equality -Wno-shadow -Wno-sign-compare -Wno-tautological-bitwise-compare -Wno-tautological-compare -Wno-uninitialized -Wno-unused-but-set-parameter -Wno-unused-but-set-variable -Wno-unused-parameter -Wno-unused-variable -Wno-vla-cxx-extension    -DVL_TIME_CONTEXT   -std=gnu++20 -include-pch Vtb_l2b_chain__pch.h.fast.gch -c -o Vtb_l2b_chain.o Vtb_l2b_chain.cpp
warning: unknown warning option '-Wno-vla-cxx-extension'; did you mean '-Wno-vla-extension'? [-Wunknown-warning-option]
1 warning generated.
c++ -Os  -I.  -MMD -I/opt/homebrew/Cellar/verilator/5.044/share/verilator/include -I/opt/homebrew/Cellar/verilator/5.044/share/verilator/include/vltstd -DVERILATOR=1 -DVM_COVERAGE=0 -DVM_SC=0 -DVM_TIMING=1 -DVM_TRACE=1 -DVM_TRACE_FST=1 -DVM_TRACE_VCD=0 -DVM_TRACE_SAIF=0 -faligned-new -fbracket-depth=4096 -fcf-protection=none -Xclang -fno-pch-timestamp -Qunused-arguments -Wno-bool-operation -Wno-c++11-narrowing -Wno-constant-logical-operand -Wno-int-in-bool-context -Wno-non-pod-varargs -Wno-parentheses-equality -Wno-shadow -Wno-sign-compare -Wno-tautological-bitwise-compare -Wno-tautological-compare -Wno-uninitialized -Wno-unused-but-set-parameter -Wno-unused-but-set-variable -Wno-unused-parameter -Wno-unused-variable -Wno-vla-cxx-extension    -DVL_TIME_CONTEXT   -std=gnu++20 -include-pch Vtb_l2b_chain__pch.h.fast.gch -c -o Vtb_l2b_chain___024root__0.o Vtb_l2b_chain___024root__0.cpp
warning: unknown warning option '-Wno-vla-cxx-extension'; did you mean '-Wno-vla-extension'? [-Wunknown-warning-option]
1 warning generated.
c++ -Os  -I.  -MMD -I/opt/homebrew/Cellar/verilator/5.044/share/verilator/include -I/opt/homebrew/Cellar/verilator/5.044/share/verilator/include/vltstd -DVERILATOR=1 -DVM_COVERAGE=0 -DVM_SC=0 -DVM_TIMING=1 -DVM_TRACE=1 -DVM_TRACE_FST=1 -DVM_TRACE_VCD=0 -DVM_TRACE_SAIF=0 -faligned-new -fbracket-depth=4096 -fcf-protection=none -Xclang -fno-pch-timestamp -Qunused-arguments -Wno-bool-operation -Wno-c++11-narrowing -Wno-constant-logical-operand -Wno-int-in-bool-context -Wno-non-pod-varargs -Wno-parentheses-equality -Wno-shadow -Wno-sign-compare -Wno-tautological-bitwise-compare -Wno-tautological-compare -Wno-uninitialized -Wno-unused-but-set-parameter -Wno-unused-but-set-variable -Wno-unused-parameter -Wno-unused-variable -Wno-vla-cxx-extension    -DVL_TIME_CONTEXT   -std=gnu++20 -include-pch Vtb_l2b_chain__pch.h.fast.gch -c -o Vtb_l2b_chain___024root__1.o Vtb_l2b_chain___024root__1.cpp
warning: unknown warning option '-Wno-vla-cxx-extension'; did you mean '-Wno-vla-extension'? [-Wunknown-warning-option]
1 warning generated.
c++ -Os  -I.  -MMD -I/opt/homebrew/Cellar/verilator/5.044/share/verilator/include -I/opt/homebrew/Cellar/verilator/5.044/share/verilator/include/vltstd -DVERILATOR=1 -DVM_COVERAGE=0 -DVM_SC=0 -DVM_TIMING=1 -DVM_TRACE=1 -DVM_TRACE_FST=1 -DVM_TRACE_VCD=0 -DVM_TRACE_SAIF=0 -faligned-new -fbracket-depth=4096 -fcf-protection=none -Xclang -fno-pch-timestamp -Qunused-arguments -Wno-bool-operation -Wno-c++11-narrowing -Wno-constant-logical-operand -Wno-int-in-bool-context -Wno-non-pod-varargs -Wno-parentheses-equality -Wno-shadow -Wno-sign-compare -Wno-tautological-bitwise-compare -Wno-tautological-compare -Wno-uninitialized -Wno-unused-but-set-parameter -Wno-unused-but-set-variable -Wno-unused-parameter -Wno-unused-variable -Wno-vla-cxx-extension    -DVL_TIME_CONTEXT   -std=gnu++20 -include-pch Vtb_l2b_chain__pch.h.fast.gch -c -o Vtb_l2b_chain___024root__2.o Vtb_l2b_chain___024root__2.cpp
warning: unknown warning option '-Wno-vla-cxx-extension'; did you mean '-Wno-vla-extension'? [-Wunknown-warning-option]
1 warning generated.
c++ -Os  -I.  -MMD -I/opt/homebrew/Cellar/verilator/5.044/share/verilator/include -I/opt/homebrew/Cellar/verilator/5.044/share/verilator/include/vltstd -DVERILATOR=1 -DVM_COVERAGE=0 -DVM_SC=0 -DVM_TIMING=1 -DVM_TRACE=1 -DVM_TRACE_FST=1 -DVM_TRACE_VCD=0 -DVM_TRACE_SAIF=0 -faligned-new -fbracket-depth=4096 -fcf-protection=none -Xclang -fno-pch-timestamp -Qunused-arguments -Wno-bool-operation -Wno-c++11-narrowing -Wno-constant-logical-operand -Wno-int-in-bool-context -Wno-non-pod-varargs -Wno-parentheses-equality -Wno-shadow -Wno-sign-compare -Wno-tautological-bitwise-compare -Wno-tautological-compare -Wno-uninitialized -Wno-unused-but-set-parameter -Wno-unused-but-set-variable -Wno-unused-parameter -Wno-unused-variable -Wno-vla-cxx-extension    -DVL_TIME_CONTEXT   -std=gnu++20 -include-pch Vtb_l2b_chain__pch.h.fast.gch -c -o Vtb_l2b_chain___024root__3.o Vtb_l2b_chain___024root__3.cpp
warning: unknown warning option '-Wno-vla-cxx-extension'; did you mean '-Wno-vla-extension'? [-Wunknown-warning-option]
1 warning generated.
c++ -Os  -I.  -MMD -I/opt/homebrew/Cellar/verilator/5.044/share/verilator/include -I/opt/homebrew/Cellar/verilator/5.044/share/verilator/include/vltstd -DVERILATOR=1 -DVM_COVERAGE=0 -DVM_SC=0 -DVM_TIMING=1 -DVM_TRACE=1 -DVM_TRACE_FST=1 -DVM_TRACE_VCD=0 -DVM_TRACE_SAIF=0 -faligned-new -fbracket-depth=4096 -fcf-protection=none -Xclang -fno-pch-timestamp -Qunused-arguments -Wno-bool-operation -Wno-c++11-narrowing -Wno-constant-logical-operand -Wno-int-in-bool-context -Wno-non-pod-varargs -Wno-parentheses-equality -Wno-shadow -Wno-sign-compare -Wno-tautological-bitwise-compare -Wno-tautological-compare -Wno-uninitialized -Wno-unused-but-set-parameter -Wno-unused-but-set-variable -Wno-unused-parameter -Wno-unused-variable -Wno-vla-cxx-extension    -DVL_TIME_CONTEXT   -std=gnu++20 -include-pch Vtb_l2b_chain__pch.h.fast.gch -c -o Vtb_l2b_chain___024root__4.o Vtb_l2b_chain___024root__4.cpp
warning: unknown warning option '-Wno-vla-cxx-extension'; did you mean '-Wno-vla-extension'? [-Wunknown-warning-option]
1 warning generated.
c++ -Os  -I.  -MMD -I/opt/homebrew/Cellar/verilator/5.044/share/verilator/include -I/opt/homebrew/Cellar/verilator/5.044/share/verilator/include/vltstd -DVERILATOR=1 -DVM_COVERAGE=0 -DVM_SC=0 -DVM_TIMING=1 -DVM_TRACE=1 -DVM_TRACE_FST=1 -DVM_TRACE_VCD=0 -DVM_TRACE_SAIF=0 -faligned-new -fbracket-depth=4096 -fcf-protection=none -Xclang -fno-pch-timestamp -Qunused-arguments -Wno-bool-operation -Wno-c++11-narrowing -Wno-constant-logical-operand -Wno-int-in-bool-context -Wno-non-pod-varargs -Wno-parentheses-equality -Wno-shadow -Wno-sign-compare -Wno-tautological-bitwise-compare -Wno-tautological-compare -Wno-uninitialized -Wno-unused-but-set-parameter -Wno-unused-but-set-variable -Wno-unused-parameter -Wno-unused-variable -Wno-vla-cxx-extension    -DVL_TIME_CONTEXT   -std=gnu++20 -include-pch Vtb_l2b_chain__pch.h.fast.gch -c -o Vtb_l2b_chain___024root__5.o Vtb_l2b_chain___024root__5.cpp
warning: unknown warning option '-Wno-vla-cxx-extension'; did you mean '-Wno-vla-extension'? [-Wunknown-warning-option]
1 warning generated.
c++ -Os  -I.  -MMD -I/opt/homebrew/Cellar/verilator/5.044/share/verilator/include -I/opt/homebrew/Cellar/verilator/5.044/share/verilator/include/vltstd -DVERILATOR=1 -DVM_COVERAGE=0 -DVM_SC=0 -DVM_TIMING=1 -DVM_TRACE=1 -DVM_TRACE_FST=1 -DVM_TRACE_VCD=0 -DVM_TRACE_SAIF=0 -faligned-new -fbracket-depth=4096 -fcf-protection=none -Xclang -fno-pch-timestamp -Qunused-arguments -Wno-bool-operation -Wno-c++11-narrowing -Wno-constant-logical-operand -Wno-int-in-bool-context -Wno-non-pod-varargs -Wno-parentheses-equality -Wno-shadow -Wno-sign-compare -Wno-tautological-bitwise-compare -Wno-tautological-compare -Wno-uninitialized -Wno-unused-but-set-parameter -Wno-unused-but-set-variable -Wno-unused-parameter -Wno-unused-variable -Wno-vla-cxx-extension    -DVL_TIME_CONTEXT   -std=gnu++20 -include-pch Vtb_l2b_chain__pch.h.fast.gch -c -o Vtb_l2b_chain___024root__6.o Vtb_l2b_chain___024root__6.cpp
warning: unknown warning option '-Wno-vla-cxx-extension'; did you mean '-Wno-vla-extension'? [-Wunknown-warning-option]
1 warning generated.
c++ -Os  -I.  -MMD -I/opt/homebrew/Cellar/verilator/5.044/share/verilator/include -I/opt/homebrew/Cellar/verilator/5.044/share/verilator/include/vltstd -DVERILATOR=1 -DVM_COVERAGE=0 -DVM_SC=0 -DVM_TIMING=1 -DVM_TRACE=1 -DVM_TRACE_FST=1 -DVM_TRACE_VCD=0 -DVM_TRACE_SAIF=0 -faligned-new -fbracket-depth=4096 -fcf-protection=none -Xclang -fno-pch-timestamp -Qunused-arguments -Wno-bool-operation -Wno-c++11-narrowing -Wno-constant-logical-operand -Wno-int-in-bool-context -Wno-non-pod-varargs -Wno-parentheses-equality -Wno-shadow -Wno-sign-compare -Wno-tautological-bitwise-compare -Wno-tautological-compare -Wno-uninitialized -Wno-unused-but-set-parameter -Wno-unused-but-set-variable -Wno-unused-parameter -Wno-unused-variable -Wno-vla-cxx-extension    -DVL_TIME_CONTEXT   -std=gnu++20 -include-pch Vtb_l2b_chain__pch.h.fast.gch -c -o Vtb_l2b_chain___024root__7.o Vtb_l2b_chain___024root__7.cpp
warning: unknown warning option '-Wno-vla-cxx-extension'; did you mean '-Wno-vla-extension'? [-Wunknown-warning-option]
1 warning generated.
c++ -Os  -I.  -MMD -I/opt/homebrew/Cellar/verilator/5.044/share/verilator/include -I/opt/homebrew/Cellar/verilator/5.044/share/verilator/include/vltstd -DVERILATOR=1 -DVM_COVERAGE=0 -DVM_SC=0 -DVM_TIMING=1 -DVM_TRACE=1 -DVM_TRACE_FST=1 -DVM_TRACE_VCD=0 -DVM_TRACE_SAIF=0 -faligned-new -fbracket-depth=4096 -fcf-protection=none -Xclang -fno-pch-timestamp -Qunused-arguments -Wno-bool-operation -Wno-c++11-narrowing -Wno-constant-logical-operand -Wno-int-in-bool-context -Wno-non-pod-varargs -Wno-parentheses-equality -Wno-shadow -Wno-sign-compare -Wno-tautological-bitwise-compare -Wno-tautological-compare -Wno-uninitialized -Wno-unused-but-set-parameter -Wno-unused-but-set-variable -Wno-unused-parameter -Wno-unused-variable -Wno-vla-cxx-extension    -DVL_TIME_CONTEXT   -std=gnu++20 -include-pch Vtb_l2b_chain__pch.h.fast.gch -c -o Vtb_l2b_chain___024root__8.o Vtb_l2b_chain___024root__8.cpp
warning: unknown warning option '-Wno-vla-cxx-extension'; did you mean '-Wno-vla-extension'? [-Wunknown-warning-option]
1 warning generated.
c++ -Os  -I.  -MMD -I/opt/homebrew/Cellar/verilator/5.044/share/verilator/include -I/opt/homebrew/Cellar/verilator/5.044/share/verilator/include/vltstd -DVERILATOR=1 -DVM_COVERAGE=0 -DVM_SC=0 -DVM_TIMING=1 -DVM_TRACE=1 -DVM_TRACE_FST=1 -DVM_TRACE_VCD=0 -DVM_TRACE_SAIF=0 -faligned-new -fbracket-depth=4096 -fcf-protection=none -Xclang -fno-pch-timestamp -Qunused-arguments -Wno-bool-operation -Wno-c++11-narrowing -Wno-constant-logical-operand -Wno-int-in-bool-context -Wno-non-pod-varargs -Wno-parentheses-equality -Wno-shadow -Wno-sign-compare -Wno-tautological-bitwise-compare -Wno-tautological-compare -Wno-uninitialized -Wno-unused-but-set-parameter -Wno-unused-but-set-variable -Wno-unused-parameter -Wno-unused-variable -Wno-vla-cxx-extension    -DVL_TIME_CONTEXT   -std=gnu++20 -include-pch Vtb_l2b_chain__pch.h.fast.gch -c -o Vtb_l2b_chain___024root__9.o Vtb_l2b_chain___024root__9.cpp
warning: unknown warning option '-Wno-vla-cxx-extension'; did you mean '-Wno-vla-extension'? [-Wunknown-warning-option]
1 warning generated.
c++ -Os  -I.  -MMD -I/opt/homebrew/Cellar/verilator/5.044/share/verilator/include -I/opt/homebrew/Cellar/verilator/5.044/share/verilator/include/vltstd -DVERILATOR=1 -DVM_COVERAGE=0 -DVM_SC=0 -DVM_TIMING=1 -DVM_TRACE=1 -DVM_TRACE_FST=1 -DVM_TRACE_VCD=0 -DVM_TRACE_SAIF=0 -faligned-new -fbracket-depth=4096 -fcf-protection=none -Xclang -fno-pch-timestamp -Qunused-arguments -Wno-bool-operation -Wno-c++11-narrowing -Wno-constant-logical-operand -Wno-int-in-bool-context -Wno-non-pod-varargs -Wno-parentheses-equality -Wno-shadow -Wno-sign-compare -Wno-tautological-bitwise-compare -Wno-tautological-compare -Wno-uninitialized -Wno-unused-but-set-parameter -Wno-unused-but-set-variable -Wno-unused-parameter -Wno-unused-variable -Wno-vla-cxx-extension    -DVL_TIME_CONTEXT   -std=gnu++20 -include-pch Vtb_l2b_chain__pch.h.fast.gch -c -o Vtb_l2b_chain___024root__10.o Vtb_l2b_chain___024root__10.cpp
warning: unknown warning option '-Wno-vla-cxx-extension'; did you mean '-Wno-vla-extension'? [-Wunknown-warning-option]
1 warning generated.
c++ -Os  -I.  -MMD -I/opt/homebrew/Cellar/verilator/5.044/share/verilator/include -I/opt/homebrew/Cellar/verilator/5.044/share/verilator/include/vltstd -DVERILATOR=1 -DVM_COVERAGE=0 -DVM_SC=0 -DVM_TIMING=1 -DVM_TRACE=1 -DVM_TRACE_FST=1 -DVM_TRACE_VCD=0 -DVM_TRACE_SAIF=0 -faligned-new -fbracket-depth=4096 -fcf-protection=none -Xclang -fno-pch-timestamp -Qunused-arguments -Wno-bool-operation -Wno-c++11-narrowing -Wno-constant-logical-operand -Wno-int-in-bool-context -Wno-non-pod-varargs -Wno-parentheses-equality -Wno-shadow -Wno-sign-compare -Wno-tautological-bitwise-compare -Wno-tautological-compare -Wno-uninitialized -Wno-unused-but-set-parameter -Wno-unused-but-set-variable -Wno-unused-parameter -Wno-unused-variable -Wno-vla-cxx-extension    -DVL_TIME_CONTEXT   -std=gnu++20 -include-pch Vtb_l2b_chain__pch.h.fast.gch -c -o Vtb_l2b_chain___024root__11.o Vtb_l2b_chain___024root__11.cpp
warning: unknown warning option '-Wno-vla-cxx-extension'; did you mean '-Wno-vla-extension'? [-Wunknown-warning-option]
1 warning generated.
c++ -Os  -I.  -MMD -I/opt/homebrew/Cellar/verilator/5.044/share/verilator/include -I/opt/homebrew/Cellar/verilator/5.044/share/verilator/include/vltstd -DVERILATOR=1 -DVM_COVERAGE=0 -DVM_SC=0 -DVM_TIMING=1 -DVM_TRACE=1 -DVM_TRACE_FST=1 -DVM_TRACE_VCD=0 -DVM_TRACE_SAIF=0 -faligned-new -fbracket-depth=4096 -fcf-protection=none -Xclang -fno-pch-timestamp -Qunused-arguments -Wno-bool-operation -Wno-c++11-narrowing -Wno-constant-logical-operand -Wno-int-in-bool-context -Wno-non-pod-varargs -Wno-parentheses-equality -Wno-shadow -Wno-sign-compare -Wno-tautological-bitwise-compare -Wno-tautological-compare -Wno-uninitialized -Wno-unused-but-set-parameter -Wno-unused-but-set-variable -Wno-unused-parameter -Wno-unused-variable -Wno-vla-cxx-extension    -DVL_TIME_CONTEXT   -std=gnu++20 -include-pch Vtb_l2b_chain__pch.h.fast.gch -c -o Vtb_l2b_chain___024root__12.o Vtb_l2b_chain___024root__12.cpp
warning: unknown warning option '-Wno-vla-cxx-extension'; did you mean '-Wno-vla-extension'? [-Wunknown-warning-option]
1 warning generated.
c++ -Os  -I.  -MMD -I/opt/homebrew/Cellar/verilator/5.044/share/verilator/include -I/opt/homebrew/Cellar/verilator/5.044/share/verilator/include/vltstd -DVERILATOR=1 -DVM_COVERAGE=0 -DVM_SC=0 -DVM_TIMING=1 -DVM_TRACE=1 -DVM_TRACE_FST=1 -DVM_TRACE_VCD=0 -DVM_TRACE_SAIF=0 -faligned-new -fbracket-depth=4096 -fcf-protection=none -Xclang -fno-pch-timestamp -Qunused-arguments -Wno-bool-operation -Wno-c++11-narrowing -Wno-constant-logical-operand -Wno-int-in-bool-context -Wno-non-pod-varargs -Wno-parentheses-equality -Wno-shadow -Wno-sign-compare -Wno-tautological-bitwise-compare -Wno-tautological-compare -Wno-uninitialized -Wno-unused-but-set-parameter -Wno-unused-but-set-variable -Wno-unused-parameter -Wno-unused-variable -Wno-vla-cxx-extension    -DVL_TIME_CONTEXT   -std=gnu++20 -include-pch Vtb_l2b_chain__pch.h.fast.gch -c -o Vtb_l2b_chain___024root__13.o Vtb_l2b_chain___024root__13.cpp
warning: unknown warning option '-Wno-vla-cxx-extension'; did you mean '-Wno-vla-extension'? [-Wunknown-warning-option]
1 warning generated.
c++ -Os  -I.  -MMD -I/opt/homebrew/Cellar/verilator/5.044/share/verilator/include -I/opt/homebrew/Cellar/verilator/5.044/share/verilator/include/vltstd -DVERILATOR=1 -DVM_COVERAGE=0 -DVM_SC=0 -DVM_TIMING=1 -DVM_TRACE=1 -DVM_TRACE_FST=1 -DVM_TRACE_VCD=0 -DVM_TRACE_SAIF=0 -faligned-new -fbracket-depth=4096 -fcf-protection=none -Xclang -fno-pch-timestamp -Qunused-arguments -Wno-bool-operation -Wno-c++11-narrowing -Wno-constant-logical-operand -Wno-int-in-bool-context -Wno-non-pod-varargs -Wno-parentheses-equality -Wno-shadow -Wno-sign-compare -Wno-tautological-bitwise-compare -Wno-tautological-compare -Wno-uninitialized -Wno-unused-but-set-parameter -Wno-unused-but-set-variable -Wno-unused-parameter -Wno-unused-variable -Wno-vla-cxx-extension    -DVL_TIME_CONTEXT   -std=gnu++20 -include-pch Vtb_l2b_chain__pch.h.fast.gch -c -o Vtb_l2b_chain__main.o Vtb_l2b_chain__main.cpp
warning: unknown warning option '-Wno-vla-cxx-extension'; did you mean '-Wno-vla-extension'? [-Wunknown-warning-option]
1 warning generated.
c++ -Os  -I.  -MMD -I/opt/homebrew/Cellar/verilator/5.044/share/verilator/include -I/opt/homebrew/Cellar/verilator/5.044/share/verilator/include/vltstd -DVERILATOR=1 -DVM_COVERAGE=0 -DVM_SC=0 -DVM_TIMING=1 -DVM_TRACE=1 -DVM_TRACE_FST=1 -DVM_TRACE_VCD=0 -DVM_TRACE_SAIF=0 -faligned-new -fbracket-depth=4096 -fcf-protection=none -Xclang -fno-pch-timestamp -Qunused-arguments -Wno-bool-operation -Wno-c++11-narrowing -Wno-constant-logical-operand -Wno-int-in-bool-context -Wno-non-pod-varargs -Wno-parentheses-equality -Wno-shadow -Wno-sign-compare -Wno-tautological-bitwise-compare -Wno-tautological-compare -Wno-uninitialized -Wno-unused-but-set-parameter -Wno-unused-but-set-variable -Wno-unused-parameter -Wno-unused-variable -Wno-vla-cxx-extension    -DVL_TIME_CONTEXT   -std=gnu++20 -include-pch Vtb_l2b_chain__pch.h.fast.gch -c -o Vtb_l2b_chain__Trace__0.o Vtb_l2b_chain__Trace__0.cpp
warning: unknown warning option '-Wno-vla-cxx-extension'; did you mean '-Wno-vla-extension'? [-Wunknown-warning-option]
1 warning generated.
c++   -I.  -MMD -I/opt/homebrew/Cellar/verilator/5.044/share/verilator/include -I/opt/homebrew/Cellar/verilator/5.044/share/verilator/include/vltstd -DVERILATOR=1 -DVM_COVERAGE=0 -DVM_SC=0 -DVM_TIMING=1 -DVM_TRACE=1 -DVM_TRACE_FST=1 -DVM_TRACE_VCD=0 -DVM_TRACE_SAIF=0 -faligned-new -fbracket-depth=4096 -fcf-protection=none -Xclang -fno-pch-timestamp -Qunused-arguments -Wno-bool-operation -Wno-c++11-narrowing -Wno-constant-logical-operand -Wno-int-in-bool-context -Wno-non-pod-varargs -Wno-parentheses-equality -Wno-shadow -Wno-sign-compare -Wno-tautological-bitwise-compare -Wno-tautological-compare -Wno-uninitialized -Wno-unused-but-set-parameter -Wno-unused-but-set-variable -Wno-unused-parameter -Wno-unused-variable -Wno-vla-cxx-extension    -DVL_TIME_CONTEXT   -std=gnu++20 -x c++-header Vtb_l2b_chain__pch.h -o Vtb_l2b_chain__pch.h.slow.gch
warning: unknown warning option '-Wno-vla-cxx-extension'; did you mean '-Wno-vla-extension'? [-Wunknown-warning-option]
1 warning generated.
c++   -I.  -MMD -I/opt/homebrew/Cellar/verilator/5.044/share/verilator/include -I/opt/homebrew/Cellar/verilator/5.044/share/verilator/include/vltstd -DVERILATOR=1 -DVM_COVERAGE=0 -DVM_SC=0 -DVM_TIMING=1 -DVM_TRACE=1 -DVM_TRACE_FST=1 -DVM_TRACE_VCD=0 -DVM_TRACE_SAIF=0 -faligned-new -fbracket-depth=4096 -fcf-protection=none -Xclang -fno-pch-timestamp -Qunused-arguments -Wno-bool-operation -Wno-c++11-narrowing -Wno-constant-logical-operand -Wno-int-in-bool-context -Wno-non-pod-varargs -Wno-parentheses-equality -Wno-shadow -Wno-sign-compare -Wno-tautological-bitwise-compare -Wno-tautological-compare -Wno-uninitialized -Wno-unused-but-set-parameter -Wno-unused-but-set-variable -Wno-unused-parameter -Wno-unused-variable -Wno-vla-cxx-extension    -DVL_TIME_CONTEXT   -std=gnu++20 -include-pch Vtb_l2b_chain__pch.h.slow.gch -c -o Vtb_l2b_chain__ConstPool__0__Slow.o Vtb_l2b_chain__ConstPool__0__Slow.cpp
warning: unknown warning option '-Wno-vla-cxx-extension'; did you mean '-Wno-vla-extension'? [-Wunknown-warning-option]
1 warning generated.
c++   -I.  -MMD -I/opt/homebrew/Cellar/verilator/5.044/share/verilator/include -I/opt/homebrew/Cellar/verilator/5.044/share/verilator/include/vltstd -DVERILATOR=1 -DVM_COVERAGE=0 -DVM_SC=0 -DVM_TIMING=1 -DVM_TRACE=1 -DVM_TRACE_FST=1 -DVM_TRACE_VCD=0 -DVM_TRACE_SAIF=0 -faligned-new -fbracket-depth=4096 -fcf-protection=none -Xclang -fno-pch-timestamp -Qunused-arguments -Wno-bool-operation -Wno-c++11-narrowing -Wno-constant-logical-operand -Wno-int-in-bool-context -Wno-non-pod-varargs -Wno-parentheses-equality -Wno-shadow -Wno-sign-compare -Wno-tautological-bitwise-compare -Wno-tautological-compare -Wno-uninitialized -Wno-unused-but-set-parameter -Wno-unused-but-set-variable -Wno-unused-parameter -Wno-unused-variable -Wno-vla-cxx-extension    -DVL_TIME_CONTEXT   -std=gnu++20 -include-pch Vtb_l2b_chain__pch.h.slow.gch -c -o Vtb_l2b_chain___024root__Slow.o Vtb_l2b_chain___024root__Slow.cpp
warning: unknown warning option '-Wno-vla-cxx-extension'; did you mean '-Wno-vla-extension'? [-Wunknown-warning-option]
1 warning generated.
c++   -I.  -MMD -I/opt/homebrew/Cellar/verilator/5.044/share/verilator/include -I/opt/homebrew/Cellar/verilator/5.044/share/verilator/include/vltstd -DVERILATOR=1 -DVM_COVERAGE=0 -DVM_SC=0 -DVM_TIMING=1 -DVM_TRACE=1 -DVM_TRACE_FST=1 -DVM_TRACE_VCD=0 -DVM_TRACE_SAIF=0 -faligned-new -fbracket-depth=4096 -fcf-protection=none -Xclang -fno-pch-timestamp -Qunused-arguments -Wno-bool-operation -Wno-c++11-narrowing -Wno-constant-logical-operand -Wno-int-in-bool-context -Wno-non-pod-varargs -Wno-parentheses-equality -Wno-shadow -Wno-sign-compare -Wno-tautological-bitwise-compare -Wno-tautological-compare -Wno-uninitialized -Wno-unused-but-set-parameter -Wno-unused-but-set-variable -Wno-unused-parameter -Wno-unused-variable -Wno-vla-cxx-extension    -DVL_TIME_CONTEXT   -std=gnu++20 -include-pch Vtb_l2b_chain__pch.h.slow.gch -c -o Vtb_l2b_chain___024root__0__Slow.o Vtb_l2b_chain___024root__0__Slow.cpp
warning: unknown warning option '-Wno-vla-cxx-extension'; did you mean '-Wno-vla-extension'? [-Wunknown-warning-option]
1 warning generated.
c++   -I.  -MMD -I/opt/homebrew/Cellar/verilator/5.044/share/verilator/include -I/opt/homebrew/Cellar/verilator/5.044/share/verilator/include/vltstd -DVERILATOR=1 -DVM_COVERAGE=0 -DVM_SC=0 -DVM_TIMING=1 -DVM_TRACE=1 -DVM_TRACE_FST=1 -DVM_TRACE_VCD=0 -DVM_TRACE_SAIF=0 -faligned-new -fbracket-depth=4096 -fcf-protection=none -Xclang -fno-pch-timestamp -Qunused-arguments -Wno-bool-operation -Wno-c++11-narrowing -Wno-constant-logical-operand -Wno-int-in-bool-context -Wno-non-pod-varargs -Wno-parentheses-equality -Wno-shadow -Wno-sign-compare -Wno-tautological-bitwise-compare -Wno-tautological-compare -Wno-uninitialized -Wno-unused-but-set-parameter -Wno-unused-but-set-variable -Wno-unused-parameter -Wno-unused-variable -Wno-vla-cxx-extension    -DVL_TIME_CONTEXT   -std=gnu++20 -include-pch Vtb_l2b_chain__pch.h.slow.gch -c -o Vtb_l2b_chain___024root__1__Slow.o Vtb_l2b_chain___024root__1__Slow.cpp
warning: unknown warning option '-Wno-vla-cxx-extension'; did you mean '-Wno-vla-extension'? [-Wunknown-warning-option]
1 warning generated.
c++   -I.  -MMD -I/opt/homebrew/Cellar/verilator/5.044/share/verilator/include -I/opt/homebrew/Cellar/verilator/5.044/share/verilator/include/vltstd -DVERILATOR=1 -DVM_COVERAGE=0 -DVM_SC=0 -DVM_TIMING=1 -DVM_TRACE=1 -DVM_TRACE_FST=1 -DVM_TRACE_VCD=0 -DVM_TRACE_SAIF=0 -faligned-new -fbracket-depth=4096 -fcf-protection=none -Xclang -fno-pch-timestamp -Qunused-arguments -Wno-bool-operation -Wno-c++11-narrowing -Wno-constant-logical-operand -Wno-int-in-bool-context -Wno-non-pod-varargs -Wno-parentheses-equality -Wno-shadow -Wno-sign-compare -Wno-tautological-bitwise-compare -Wno-tautological-compare -Wno-uninitialized -Wno-unused-but-set-parameter -Wno-unused-but-set-variable -Wno-unused-parameter -Wno-unused-variable -Wno-vla-cxx-extension    -DVL_TIME_CONTEXT   -std=gnu++20 -include-pch Vtb_l2b_chain__pch.h.slow.gch -c -o Vtb_l2b_chain___024root__2__Slow.o Vtb_l2b_chain___024root__2__Slow.cpp
warning: unknown warning option '-Wno-vla-cxx-extension'; did you mean '-Wno-vla-extension'? [-Wunknown-warning-option]
1 warning generated.
c++   -I.  -MMD -I/opt/homebrew/Cellar/verilator/5.044/share/verilator/include -I/opt/homebrew/Cellar/verilator/5.044/share/verilator/include/vltstd -DVERILATOR=1 -DVM_COVERAGE=0 -DVM_SC=0 -DVM_TIMING=1 -DVM_TRACE=1 -DVM_TRACE_FST=1 -DVM_TRACE_VCD=0 -DVM_TRACE_SAIF=0 -faligned-new -fbracket-depth=4096 -fcf-protection=none -Xclang -fno-pch-timestamp -Qunused-arguments -Wno-bool-operation -Wno-c++11-narrowing -Wno-constant-logical-operand -Wno-int-in-bool-context -Wno-non-pod-varargs -Wno-parentheses-equality -Wno-shadow -Wno-sign-compare -Wno-tautological-bitwise-compare -Wno-tautological-compare -Wno-uninitialized -Wno-unused-but-set-parameter -Wno-unused-but-set-variable -Wno-unused-parameter -Wno-unused-variable -Wno-vla-cxx-extension    -DVL_TIME_CONTEXT   -std=gnu++20 -include-pch Vtb_l2b_chain__pch.h.slow.gch -c -o Vtb_l2b_chain___024root__3__Slow.o Vtb_l2b_chain___024root__3__Slow.cpp
warning: unknown warning option '-Wno-vla-cxx-extension'; did you mean '-Wno-vla-extension'? [-Wunknown-warning-option]
1 warning generated.
c++   -I.  -MMD -I/opt/homebrew/Cellar/verilator/5.044/share/verilator/include -I/opt/homebrew/Cellar/verilator/5.044/share/verilator/include/vltstd -DVERILATOR=1 -DVM_COVERAGE=0 -DVM_SC=0 -DVM_TIMING=1 -DVM_TRACE=1 -DVM_TRACE_FST=1 -DVM_TRACE_VCD=0 -DVM_TRACE_SAIF=0 -faligned-new -fbracket-depth=4096 -fcf-protection=none -Xclang -fno-pch-timestamp -Qunused-arguments -Wno-bool-operation -Wno-c++11-narrowing -Wno-constant-logical-operand -Wno-int-in-bool-context -Wno-non-pod-varargs -Wno-parentheses-equality -Wno-shadow -Wno-sign-compare -Wno-tautological-bitwise-compare -Wno-tautological-compare -Wno-uninitialized -Wno-unused-but-set-parameter -Wno-unused-but-set-variable -Wno-unused-parameter -Wno-unused-variable -Wno-vla-cxx-extension    -DVL_TIME_CONTEXT   -std=gnu++20 -include-pch Vtb_l2b_chain__pch.h.slow.gch -c -o Vtb_l2b_chain___024root__4__Slow.o Vtb_l2b_chain___024root__4__Slow.cpp
warning: unknown warning option '-Wno-vla-cxx-extension'; did you mean '-Wno-vla-extension'? [-Wunknown-warning-option]
1 warning generated.
c++   -I.  -MMD -I/opt/homebrew/Cellar/verilator/5.044/share/verilator/include -I/opt/homebrew/Cellar/verilator/5.044/share/verilator/include/vltstd -DVERILATOR=1 -DVM_COVERAGE=0 -DVM_SC=0 -DVM_TIMING=1 -DVM_TRACE=1 -DVM_TRACE_FST=1 -DVM_TRACE_VCD=0 -DVM_TRACE_SAIF=0 -faligned-new -fbracket-depth=4096 -fcf-protection=none -Xclang -fno-pch-timestamp -Qunused-arguments -Wno-bool-operation -Wno-c++11-narrowing -Wno-constant-logical-operand -Wno-int-in-bool-context -Wno-non-pod-varargs -Wno-parentheses-equality -Wno-shadow -Wno-sign-compare -Wno-tautological-bitwise-compare -Wno-tautological-compare -Wno-uninitialized -Wno-unused-but-set-parameter -Wno-unused-but-set-variable -Wno-unused-parameter -Wno-unused-variable -Wno-vla-cxx-extension    -DVL_TIME_CONTEXT   -std=gnu++20 -include-pch Vtb_l2b_chain__pch.h.slow.gch -c -o Vtb_l2b_chain___024root__5__Slow.o Vtb_l2b_chain___024root__5__Slow.cpp
warning: unknown warning option '-Wno-vla-cxx-extension'; did you mean '-Wno-vla-extension'? [-Wunknown-warning-option]
1 warning generated.
c++   -I.  -MMD -I/opt/homebrew/Cellar/verilator/5.044/share/verilator/include -I/opt/homebrew/Cellar/verilator/5.044/share/verilator/include/vltstd -DVERILATOR=1 -DVM_COVERAGE=0 -DVM_SC=0 -DVM_TIMING=1 -DVM_TRACE=1 -DVM_TRACE_FST=1 -DVM_TRACE_VCD=0 -DVM_TRACE_SAIF=0 -faligned-new -fbracket-depth=4096 -fcf-protection=none -Xclang -fno-pch-timestamp -Qunused-arguments -Wno-bool-operation -Wno-c++11-narrowing -Wno-constant-logical-operand -Wno-int-in-bool-context -Wno-non-pod-varargs -Wno-parentheses-equality -Wno-shadow -Wno-sign-compare -Wno-tautological-bitwise-compare -Wno-tautological-compare -Wno-uninitialized -Wno-unused-but-set-parameter -Wno-unused-but-set-variable -Wno-unused-parameter -Wno-unused-variable -Wno-vla-cxx-extension    -DVL_TIME_CONTEXT   -std=gnu++20 -include-pch Vtb_l2b_chain__pch.h.slow.gch -c -o Vtb_l2b_chain___024root__6__Slow.o Vtb_l2b_chain___024root__6__Slow.cpp
warning: unknown warning option '-Wno-vla-cxx-extension'; did you mean '-Wno-vla-extension'? [-Wunknown-warning-option]
1 warning generated.
c++   -I.  -MMD -I/opt/homebrew/Cellar/verilator/5.044/share/verilator/include -I/opt/homebrew/Cellar/verilator/5.044/share/verilator/include/vltstd -DVERILATOR=1 -DVM_COVERAGE=0 -DVM_SC=0 -DVM_TIMING=1 -DVM_TRACE=1 -DVM_TRACE_FST=1 -DVM_TRACE_VCD=0 -DVM_TRACE_SAIF=0 -faligned-new -fbracket-depth=4096 -fcf-protection=none -Xclang -fno-pch-timestamp -Qunused-arguments -Wno-bool-operation -Wno-c++11-narrowing -Wno-constant-logical-operand -Wno-int-in-bool-context -Wno-non-pod-varargs -Wno-parentheses-equality -Wno-shadow -Wno-sign-compare -Wno-tautological-bitwise-compare -Wno-tautological-compare -Wno-uninitialized -Wno-unused-but-set-parameter -Wno-unused-but-set-variable -Wno-unused-parameter -Wno-unused-variable -Wno-vla-cxx-extension    -DVL_TIME_CONTEXT   -std=gnu++20 -include-pch Vtb_l2b_chain__pch.h.slow.gch -c -o Vtb_l2b_chain___024root__7__Slow.o Vtb_l2b_chain___024root__7__Slow.cpp
warning: unknown warning option '-Wno-vla-cxx-extension'; did you mean '-Wno-vla-extension'? [-Wunknown-warning-option]
1 warning generated.
c++   -I.  -MMD -I/opt/homebrew/Cellar/verilator/5.044/share/verilator/include -I/opt/homebrew/Cellar/verilator/5.044/share/verilator/include/vltstd -DVERILATOR=1 -DVM_COVERAGE=0 -DVM_SC=0 -DVM_TIMING=1 -DVM_TRACE=1 -DVM_TRACE_FST=1 -DVM_TRACE_VCD=0 -DVM_TRACE_SAIF=0 -faligned-new -fbracket-depth=4096 -fcf-protection=none -Xclang -fno-pch-timestamp -Qunused-arguments -Wno-bool-operation -Wno-c++11-narrowing -Wno-constant-logical-operand -Wno-int-in-bool-context -Wno-non-pod-varargs -Wno-parentheses-equality -Wno-shadow -Wno-sign-compare -Wno-tautological-bitwise-compare -Wno-tautological-compare -Wno-uninitialized -Wno-unused-but-set-parameter -Wno-unused-but-set-variable -Wno-unused-parameter -Wno-unused-variable -Wno-vla-cxx-extension    -DVL_TIME_CONTEXT   -std=gnu++20 -include-pch Vtb_l2b_chain__pch.h.slow.gch -c -o Vtb_l2b_chain___024root__8__Slow.o Vtb_l2b_chain___024root__8__Slow.cpp
warning: unknown warning option '-Wno-vla-cxx-extension'; did you mean '-Wno-vla-extension'? [-Wunknown-warning-option]
1 warning generated.
c++   -I.  -MMD -I/opt/homebrew/Cellar/verilator/5.044/share/verilator/include -I/opt/homebrew/Cellar/verilator/5.044/share/verilator/include/vltstd -DVERILATOR=1 -DVM_COVERAGE=0 -DVM_SC=0 -DVM_TIMING=1 -DVM_TRACE=1 -DVM_TRACE_FST=1 -DVM_TRACE_VCD=0 -DVM_TRACE_SAIF=0 -faligned-new -fbracket-depth=4096 -fcf-protection=none -Xclang -fno-pch-timestamp -Qunused-arguments -Wno-bool-operation -Wno-c++11-narrowing -Wno-constant-logical-operand -Wno-int-in-bool-context -Wno-non-pod-varargs -Wno-parentheses-equality -Wno-shadow -Wno-sign-compare -Wno-tautological-bitwise-compare -Wno-tautological-compare -Wno-uninitialized -Wno-unused-but-set-parameter -Wno-unused-but-set-variable -Wno-unused-parameter -Wno-unused-variable -Wno-vla-cxx-extension    -DVL_TIME_CONTEXT   -std=gnu++20 -include-pch Vtb_l2b_chain__pch.h.slow.gch -c -o Vtb_l2b_chain___024root__9__Slow.o Vtb_l2b_chain___024root__9__Slow.cpp
warning: unknown warning option '-Wno-vla-cxx-extension'; did you mean '-Wno-vla-extension'? [-Wunknown-warning-option]
1 warning generated.
c++   -I.  -MMD -I/opt/homebrew/Cellar/verilator/5.044/share/verilator/include -I/opt/homebrew/Cellar/verilator/5.044/share/verilator/include/vltstd -DVERILATOR=1 -DVM_COVERAGE=0 -DVM_SC=0 -DVM_TIMING=1 -DVM_TRACE=1 -DVM_TRACE_FST=1 -DVM_TRACE_VCD=0 -DVM_TRACE_SAIF=0 -faligned-new -fbracket-depth=4096 -fcf-protection=none -Xclang -fno-pch-timestamp -Qunused-arguments -Wno-bool-operation -Wno-c++11-narrowing -Wno-constant-logical-operand -Wno-int-in-bool-context -Wno-non-pod-varargs -Wno-parentheses-equality -Wno-shadow -Wno-sign-compare -Wno-tautological-bitwise-compare -Wno-tautological-compare -Wno-uninitialized -Wno-unused-but-set-parameter -Wno-unused-but-set-variable -Wno-unused-parameter -Wno-unused-variable -Wno-vla-cxx-extension    -DVL_TIME_CONTEXT   -std=gnu++20 -include-pch Vtb_l2b_chain__pch.h.slow.gch -c -o Vtb_l2b_chain___024root__10__Slow.o Vtb_l2b_chain___024root__10__Slow.cpp
warning: unknown warning option '-Wno-vla-cxx-extension'; did you mean '-Wno-vla-extension'? [-Wunknown-warning-option]
1 warning generated.
c++   -I.  -MMD -I/opt/homebrew/Cellar/verilator/5.044/share/verilator/include -I/opt/homebrew/Cellar/verilator/5.044/share/verilator/include/vltstd -DVERILATOR=1 -DVM_COVERAGE=0 -DVM_SC=0 -DVM_TIMING=1 -DVM_TRACE=1 -DVM_TRACE_FST=1 -DVM_TRACE_VCD=0 -DVM_TRACE_SAIF=0 -faligned-new -fbracket-depth=4096 -fcf-protection=none -Xclang -fno-pch-timestamp -Qunused-arguments -Wno-bool-operation -Wno-c++11-narrowing -Wno-constant-logical-operand -Wno-int-in-bool-context -Wno-non-pod-varargs -Wno-parentheses-equality -Wno-shadow -Wno-sign-compare -Wno-tautological-bitwise-compare -Wno-tautological-compare -Wno-uninitialized -Wno-unused-but-set-parameter -Wno-unused-but-set-variable -Wno-unused-parameter -Wno-unused-variable -Wno-vla-cxx-extension    -DVL_TIME_CONTEXT   -std=gnu++20 -include-pch Vtb_l2b_chain__pch.h.slow.gch -c -o Vtb_l2b_chain___024root__11__Slow.o Vtb_l2b_chain___024root__11__Slow.cpp
warning: unknown warning option '-Wno-vla-cxx-extension'; did you mean '-Wno-vla-extension'? [-Wunknown-warning-option]
1 warning generated.
c++   -I.  -MMD -I/opt/homebrew/Cellar/verilator/5.044/share/verilator/include -I/opt/homebrew/Cellar/verilator/5.044/share/verilator/include/vltstd -DVERILATOR=1 -DVM_COVERAGE=0 -DVM_SC=0 -DVM_TIMING=1 -DVM_TRACE=1 -DVM_TRACE_FST=1 -DVM_TRACE_VCD=0 -DVM_TRACE_SAIF=0 -faligned-new -fbracket-depth=4096 -fcf-protection=none -Xclang -fno-pch-timestamp -Qunused-arguments -Wno-bool-operation -Wno-c++11-narrowing -Wno-constant-logical-operand -Wno-int-in-bool-context -Wno-non-pod-varargs -Wno-parentheses-equality -Wno-shadow -Wno-sign-compare -Wno-tautological-bitwise-compare -Wno-tautological-compare -Wno-uninitialized -Wno-unused-but-set-parameter -Wno-unused-but-set-variable -Wno-unused-parameter -Wno-unused-variable -Wno-vla-cxx-extension    -DVL_TIME_CONTEXT   -std=gnu++20 -include-pch Vtb_l2b_chain__pch.h.slow.gch -c -o Vtb_l2b_chain___024root__12__Slow.o Vtb_l2b_chain___024root__12__Slow.cpp
warning: unknown warning option '-Wno-vla-cxx-extension'; did you mean '-Wno-vla-extension'? [-Wunknown-warning-option]
1 warning generated.
c++   -I.  -MMD -I/opt/homebrew/Cellar/verilator/5.044/share/verilator/include -I/opt/homebrew/Cellar/verilator/5.044/share/verilator/include/vltstd -DVERILATOR=1 -DVM_COVERAGE=0 -DVM_SC=0 -DVM_TIMING=1 -DVM_TRACE=1 -DVM_TRACE_FST=1 -DVM_TRACE_VCD=0 -DVM_TRACE_SAIF=0 -faligned-new -fbracket-depth=4096 -fcf-protection=none -Xclang -fno-pch-timestamp -Qunused-arguments -Wno-bool-operation -Wno-c++11-narrowing -Wno-constant-logical-operand -Wno-int-in-bool-context -Wno-non-pod-varargs -Wno-parentheses-equality -Wno-shadow -Wno-sign-compare -Wno-tautological-bitwise-compare -Wno-tautological-compare -Wno-uninitialized -Wno-unused-but-set-parameter -Wno-unused-but-set-variable -Wno-unused-parameter -Wno-unused-variable -Wno-vla-cxx-extension    -DVL_TIME_CONTEXT   -std=gnu++20 -include-pch Vtb_l2b_chain__pch.h.slow.gch -c -o Vtb_l2b_chain__Syms__Slow.o Vtb_l2b_chain__Syms__Slow.cpp
warning: unknown warning option '-Wno-vla-cxx-extension'; did you mean '-Wno-vla-extension'? [-Wunknown-warning-option]
1 warning generated.
c++   -I.  -MMD -I/opt/homebrew/Cellar/verilator/5.044/share/verilator/include -I/opt/homebrew/Cellar/verilator/5.044/share/verilator/include/vltstd -DVERILATOR=1 -DVM_COVERAGE=0 -DVM_SC=0 -DVM_TIMING=1 -DVM_TRACE=1 -DVM_TRACE_FST=1 -DVM_TRACE_VCD=0 -DVM_TRACE_SAIF=0 -faligned-new -fbracket-depth=4096 -fcf-protection=none -Xclang -fno-pch-timestamp -Qunused-arguments -Wno-bool-operation -Wno-c++11-narrowing -Wno-constant-logical-operand -Wno-int-in-bool-context -Wno-non-pod-varargs -Wno-parentheses-equality -Wno-shadow -Wno-sign-compare -Wno-tautological-bitwise-compare -Wno-tautological-compare -Wno-uninitialized -Wno-unused-but-set-parameter -Wno-unused-but-set-variable -Wno-unused-parameter -Wno-unused-variable -Wno-vla-cxx-extension    -DVL_TIME_CONTEXT   -std=gnu++20 -include-pch Vtb_l2b_chain__pch.h.slow.gch -c -o Vtb_l2b_chain__Trace__0__Slow.o Vtb_l2b_chain__Trace__0__Slow.cpp
warning: unknown warning option '-Wno-vla-cxx-extension'; did you mean '-Wno-vla-extension'? [-Wunknown-warning-option]
1 warning generated.
c++   -I.  -MMD -I/opt/homebrew/Cellar/verilator/5.044/share/verilator/include -I/opt/homebrew/Cellar/verilator/5.044/share/verilator/include/vltstd -DVERILATOR=1 -DVM_COVERAGE=0 -DVM_SC=0 -DVM_TIMING=1 -DVM_TRACE=1 -DVM_TRACE_FST=1 -DVM_TRACE_VCD=0 -DVM_TRACE_SAIF=0 -faligned-new -fbracket-depth=4096 -fcf-protection=none -Xclang -fno-pch-timestamp -Qunused-arguments -Wno-bool-operation -Wno-c++11-narrowing -Wno-constant-logical-operand -Wno-int-in-bool-context -Wno-non-pod-varargs -Wno-parentheses-equality -Wno-shadow -Wno-sign-compare -Wno-tautological-bitwise-compare -Wno-tautological-compare -Wno-uninitialized -Wno-unused-but-set-parameter -Wno-unused-but-set-variable -Wno-unused-parameter -Wno-unused-variable -Wno-vla-cxx-extension    -DVL_TIME_CONTEXT   -std=gnu++20 -include-pch Vtb_l2b_chain__pch.h.slow.gch -c -o Vtb_l2b_chain__TraceDecls__0__Slow.o Vtb_l2b_chain__TraceDecls__0__Slow.cpp
warning: unknown warning option '-Wno-vla-cxx-extension'; did you mean '-Wno-vla-extension'? [-Wunknown-warning-option]
1 warning generated.
c++  -Wl,-U,__Z15vl_time_stamp64v,-U,__Z13sc_time_stampv   verilated.o verilated_fst_c.o verilated_timing.o verilated_threads.o Vtb_l2b_chain__ALL.a   -lz  -pthread -lpthread   -o Vtb_l2b_chain
rm Vtb_l2b_chain__ALL.verilator_deplist.tmp
- V e r i l a t i o n   R e p o r t: Verilator 5.044 2026-01-01 rev vUNKNOWN-built20260101
- Verilator: Built from 1.244 MB sources in 25 modules, into 19.216 MB in 35 C++ files needing 0.017 MB
- Verilator: Walltime 19.564 s (elab=0.030, cvt=1.653, bld=17.500); cpu 1.908 s on 1 threads; alloced 179.344 MB
set -o pipefail; build/obj_l2a/Vtb_l2a_chain +vectors=build/vectors_l2a_directed.txt +bp_mode=1 +stall_mode=1 \
	    +seed=201 | tee build/run_l2a_directed.log
[8] //  l2a directed: clean singles first, sticky-raising cases last

[8] //  job M=1 K=8 N=8 cols=8 chunked=0

[374] //  job M=1 K=64 N=8 cols=8 chunked=0

[948] //  job M=8 K=64 N=8 cols=64 chunked=0

[3874] //  job M=4 K=17 N=8 cols=29 chunked=0

[5121] //  job M=2 K=8 N=5 cols=16 chunked=0

[5791] //  job M=8 K=96 N=8 cols=61 chunked=0

[8793] //  job M=1 K=1 N=1 cols=1 chunked=0

[8877] //  job M=3 K=33 N=8 cols=24 chunked=0

[10013] //  job M=8 K=64 N=8 cols=64 chunked=0

[12921] //  illegal DJ cols=0 -> sd_job sticky; chain stays clean

[12923] //  illegal DESC K=0 -> mxe desc sticky

[12925] //  job M=2 K=16 N=8 cols=16 chunked=0

[13630] //  chunked: 3x M=1 MXE jobs -> one DJ cols=24 (frame sticky)

[13630] //  job M=3 K=64 N=8 cols=24 chunked=1

[15394] //  range_error: comp 2^40 saturates scores; probs still golden

L2A RESULT: cycles=15753 checks=655 errors=0
L2A PASS
- tb_l2a_chain.sv:482: Verilog $finish
- S i m u l a t i o n   R e p o r t: Verilator 5.044 2026-01-01
- Verilator: $finish at 158us; walltime 0.014 s; speed 11.580 ms/s
- Verilator: cpu 0.014 s on 1 threads; alloced 2 MB
set -o pipefail; build/obj_l2a/Vtb_l2a_chain +vectors=build/vectors_l2a_directed.txt +bp_mode=0 +stall_mode=0 \
	    +seed=202 | tee build/run_l2a_fast.log
[8] //  l2a directed: clean singles first, sticky-raising cases last

[8] //  job M=1 K=8 N=8 cols=8 chunked=0

[345] //  job M=1 K=64 N=8 cols=8 chunked=0

[822] //  job M=8 K=64 N=8 cols=64 chunked=0

[3490] //  job M=4 K=17 N=8 cols=29 chunked=0

[4653] //  job M=2 K=8 N=5 cols=16 chunked=0

[5279] //  job M=8 K=96 N=8 cols=61 chunked=0

[8003] //  job M=1 K=1 N=1 cols=1 chunked=0

[8081] //  job M=3 K=33 N=8 cols=24 chunked=0

[9106] //  job M=8 K=64 N=8 cols=64 chunked=0

[11774] //  illegal DJ cols=0 -> sd_job sticky; chain stays clean

[11776] //  illegal DESC K=0 -> mxe desc sticky

[11778] //  job M=2 K=16 N=8 cols=16 chunked=0

[12430] //  chunked: 3x M=1 MXE jobs -> one DJ cols=24 (frame sticky)

[12430] //  job M=3 K=64 N=8 cols=24 chunked=1

[13833] //  range_error: comp 2^40 saturates scores; probs still golden

L2A RESULT: cycles=14171 checks=655 errors=0
L2A PASS
- tb_l2a_chain.sv:482: Verilog $finish
- S i m u l a t i o n   R e p o r t: Verilator 5.044 2026-01-01
- Verilator: $finish at 142us; walltime 0.011 s; speed 12.586 ms/s
- Verilator: cpu 0.011 s on 1 threads; alloced 2 MB
set -o pipefail; build/obj_l2a/Vtb_l2a_chain +vectors=build/vectors_l2a_random.txt +bp_mode=1 +stall_mode=1 \
	    +seed=203 | tee build/run_l2a_random.log
[8] //  l2a random volume set

[8] //  job M=5 K=77 N=8 cols=38 chunked=0

[1909] //  job M=7 K=78 N=3 cols=49 chunked=0

[4288] //  job M=4 K=29 N=4 cols=26 chunked=0

[5438] //  job M=8 K=40 N=3 cols=57 chunked=0

[7864] //  job M=8 K=83 N=8 cols=63 chunked=0

[10867] //  job M=8 K=55 N=3 cols=63 chunked=0

[13635] //  job M=2 K=4 N=1 cols=15 chunked=0

[14242] //  job M=1 K=61 N=4 cols=7 chunked=0

[14708] //  job M=3 K=38 N=2 cols=17 chunked=0

[15529] //  job M=7 K=37 N=7 cols=49 chunked=0

[17670] //  job M=3 K=73 N=6 cols=20 chunked=0

[18782] //  job M=7 K=50 N=1 cols=51 chunked=0

[21062] //  job M=7 K=11 N=2 cols=50 chunked=0

[23073] //  job M=4 K=32 N=2 cols=25 chunked=0

[24186] //  job M=1 K=29 N=3 cols=5 chunked=0

[24491] //  job M=3 K=20 N=1 cols=21 chunked=0

[25390] //  job M=6 K=56 N=3 cols=43 chunked=0

[27354] //  job M=8 K=79 N=1 cols=61 chunked=0

[30189] //  job M=4 K=28 N=3 cols=26 chunked=0

[31331] //  job M=2 K=74 N=5 cols=14 chunked=0

[32147] //  job M=1 K=56 N=7 cols=6 chunked=0

[32609] //  job M=6 K=46 N=1 cols=44 chunked=0

[34552] //  job M=1 K=8 N=2 cols=3 chunked=0

[34710] //  job M=6 K=59 N=8 cols=42 chunked=0

[36730] //  job M=7 K=51 N=5 cols=54 chunked=0

[39125] //  job M=6 K=71 N=4 cols=43 chunked=0

[41178] //  job M=3 K=8 N=2 cols=21 chunked=0

[42036] //  job M=5 K=30 N=2 cols=33 chunked=0

[43460] //  job M=4 K=59 N=8 cols=27 chunked=0

[44841] //  job M=1 K=45 N=6 cols=1 chunked=0

[45053] //  job M=8 K=96 N=4 cols=58 chunked=0

[47903] //  job M=1 K=63 N=1 cols=3 chunked=0

[48217] //  job M=4 K=71 N=6 cols=25 chunked=0

[49502] //  job M=4 K=35 N=2 cols=26 chunked=0

[50683] //  job M=6 K=25 N=2 cols=44 chunked=0

[52543] //  job M=6 K=14 N=7 cols=42 chunked=0

[54251] //  job M=5 K=32 N=3 cols=39 chunked=0

[55905] //  job M=1 K=28 N=3 cols=7 chunked=0

[56285] //  job M=7 K=35 N=8 cols=55 chunked=0

[58666] //  job M=8 K=66 N=6 cols=60 chunked=0

[61429] //  job M=1 K=66 N=8 cols=7 chunked=0

[62003] //  job M=7 K=90 N=5 cols=55 chunked=0

[64700] //  job M=6 K=43 N=7 cols=48 chunked=0

[66811] //  job M=8 K=38 N=8 cols=58 chunked=0

[69298] //  job M=6 K=50 N=8 cols=41 chunked=0

[71240] //  job M=2 K=72 N=4 cols=9 chunked=0

[71844] //  job M=6 K=47 N=1 cols=42 chunked=0

[73710] //  job M=4 K=5 N=7 cols=29 chunked=0

L2A RESULT: cycles=74865 checks=3247 errors=0
L2A PASS
- tb_l2a_chain.sv:482: Verilog $finish
- S i m u l a t i o n   R e p o r t: Verilator 5.044 2026-01-01
- Verilator: $finish at 749us; walltime 0.041 s; speed 18.225 ms/s
- Verilator: cpu 0.041 s on 1 threads; alloced 2 MB
set -o pipefail; build/obj_l2a/Vtb_l2a_chain +vectors=build/vectors_l2a_random.txt +bp_mode=2 +stall_mode=2 \
	    +seed=204 +watchdog=20000000 | tee build/run_l2a_storm.log
[8] //  l2a random volume set

[8] //  job M=5 K=77 N=8 cols=38 chunked=0

[2946] //  job M=7 K=78 N=3 cols=49 chunked=0

[7107] //  job M=4 K=29 N=4 cols=26 chunked=0

[9233] //  job M=8 K=40 N=3 cols=57 chunked=0

[13353] //  job M=8 K=83 N=8 cols=63 chunked=0

[19233] //  job M=8 K=55 N=3 cols=63 chunked=0

[23902] //  job M=2 K=4 N=1 cols=15 chunked=0

[25027] //  job M=1 K=61 N=4 cols=7 chunked=0

[25799] //  job M=3 K=38 N=2 cols=17 chunked=0

[27633] //  job M=7 K=37 N=7 cols=49 chunked=0

[31582] //  job M=3 K=73 N=6 cols=20 chunked=0

[33993] //  job M=7 K=50 N=1 cols=51 chunked=0

[37615] //  job M=7 K=11 N=2 cols=50 chunked=0

[40946] //  job M=4 K=32 N=2 cols=25 chunked=0

[42793] //  job M=1 K=29 N=3 cols=5 chunked=0

[43557] //  job M=3 K=20 N=1 cols=21 chunked=0

[44975] //  job M=6 K=56 N=3 cols=43 chunked=0

[48497] //  job M=8 K=79 N=1 cols=61 chunked=0

[53304] //  job M=4 K=28 N=3 cols=26 chunked=0

[55242] //  job M=2 K=74 N=5 cols=14 chunked=0

[56847] //  job M=1 K=56 N=7 cols=6 chunked=0

[57646] //  job M=6 K=46 N=1 cols=44 chunked=0

[61663] //  job M=1 K=8 N=2 cols=3 chunked=0

[62008] //  job M=6 K=59 N=8 cols=42 chunked=0

[65817] //  job M=7 K=51 N=5 cols=54 chunked=0

[69675] //  job M=6 K=71 N=4 cols=43 chunked=0

[73486] //  job M=3 K=8 N=2 cols=21 chunked=0

[75027] //  job M=5 K=30 N=2 cols=33 chunked=0

[77238] //  job M=4 K=59 N=8 cols=27 chunked=0

[80233] //  job M=1 K=45 N=6 cols=1 chunked=0

[80799] //  job M=8 K=96 N=4 cols=58 chunked=0

[86181] //  job M=1 K=63 N=1 cols=3 chunked=0

[86809] //  job M=4 K=71 N=6 cols=25 chunked=0

[89645] //  job M=4 K=35 N=2 cols=26 chunked=0

[91711] //  job M=6 K=25 N=2 cols=44 chunked=0

[94752] //  job M=6 K=14 N=7 cols=42 chunked=0

[97835] //  job M=5 K=32 N=3 cols=39 chunked=0

[100589] //  job M=1 K=28 N=3 cols=7 chunked=0

[101099] //  job M=7 K=35 N=8 cols=55 chunked=0

[105482] //  job M=8 K=66 N=6 cols=60 chunked=0

[109997] //  job M=1 K=66 N=8 cols=7 chunked=0

[111195] //  job M=7 K=90 N=5 cols=55 chunked=0

[116434] //  job M=6 K=43 N=7 cols=48 chunked=0

[120390] //  job M=8 K=38 N=8 cols=58 chunked=0

[125185] //  job M=6 K=50 N=8 cols=41 chunked=0

[128692] //  job M=2 K=72 N=4 cols=9 chunked=0

[130343] //  job M=6 K=47 N=1 cols=42 chunked=0

[134181] //  job M=4 K=5 N=7 cols=29 chunked=0

L2A RESULT: cycles=136355 checks=3247 errors=0
L2A PASS
- tb_l2a_chain.sv:482: Verilog $finish
- S i m u l a t i o n   R e p o r t: Verilator 5.044 2026-01-01
- Verilator: $finish at 1ms; walltime 0.058 s; speed 23.337 ms/s
- Verilator: cpu 0.058 s on 1 threads; alloced 2 MB
set -o pipefail; build/obj_l2a/Vtb_l2a_chain +vectors=build/vectors_l2a_reset.txt +bp_mode=1 +stall_mode=0 \
	    +seed=205 | tee build/run_l2a_reset.log
[8] //  l2a mid-op reset: sacrificial partial job, reset, clean rerun

[36] mid-operation reset applied
[36] //  post-reset: stickies clear, full clean set

[36] //  job M=1 K=8 N=8 cols=8 chunked=0

[374] //  job M=8 K=64 N=8 cols=64 chunked=0

[3044] //  job M=4 K=17 N=8 cols=29 chunked=0

L2A RESULT: cycles=4211 checks=208 errors=0
L2A PASS
- tb_l2a_chain.sv:482: Verilog $finish
- S i m u l a t i o n   R e p o r t: Verilator 5.044 2026-01-01
- Verilator: $finish at 42us; walltime 0.003 s; speed 20.779 ms/s
- Verilator: cpu 0.002 s on 1 threads; alloced 2 MB
set -o pipefail; build/obj_l2b_t0/Vtb_l2b_chain \
	    +vectors=build/vectors_l2b_t0.txt +bp_mode=1 +stall_mode=1 \
	    +seed=211 | tee build/run_l2b_t0.log
[8] //  l2b config t0: TIER=0 G=16 oi=[]

[2509] //  t0/T5: k random-B rows 0..4

[3437] //  t0/T5: k8 identity j=0 rows 0..4

[4371] //  t0/T5: k8 identity j=1 rows 0..4

[5289] //  t0/T5: k8 identity j=2 rows 0..4

[6219] //  t0/T5: k8 identity j=3 rows 0..4

[7162] //  t0/T5: k8 identity j=4 rows 0..4

[8076] //  t0/T5: k8 identity j=5 rows 0..4

[9007] //  t0/T5: k8 identity j=6 rows 0..4

[9937] //  t0/T5: k8 identity j=7 rows 0..4

[10867] //  t0/T5: v random-B rows 0..4

[11804] //  t0/T5: v8 identity j=0 rows 0..4

[12731] //  t0/T5: v8 identity j=1 rows 0..4

[13666] //  t0/T5: v8 identity j=2 rows 0..4

[14598] //  t0/T5: v8 identity j=3 rows 0..4

[15523] //  t0/T5: v8 identity j=4 rows 0..4

[16440] //  t0/T5: v8 identity j=5 rows 0..4

[17378] //  t0/T5: v8 identity j=6 rows 0..4

[18314] //  t0/T5: v8 identity j=7 rows 0..4

[27238] //  t0/T16: k random-B rows 0..7

[28583] //  t0/T16: k8 identity j=0 rows 0..7

[29959] //  t0/T16: k8 identity j=1 rows 0..7

[31322] //  t0/T16: k8 identity j=2 rows 0..7

[32688] //  t0/T16: k8 identity j=3 rows 0..7

[34052] //  t0/T16: k8 identity j=4 rows 0..7

[35399] //  t0/T16: k8 identity j=5 rows 0..7

[36752] //  t0/T16: k8 identity j=6 rows 0..7

[38119] //  t0/T16: k8 identity j=7 rows 0..7

[39474] //  t0/T16: k random-B rows 8..15

[40824] //  t0/T16: k8 identity j=0 rows 8..15

[42176] //  t0/T16: k8 identity j=1 rows 8..15

[43527] //  t0/T16: k8 identity j=2 rows 8..15

[44876] //  t0/T16: k8 identity j=3 rows 8..15

[46231] //  t0/T16: k8 identity j=4 rows 8..15

[47579] //  t0/T16: k8 identity j=5 rows 8..15

[48917] //  t0/T16: k8 identity j=6 rows 8..15

[50282] //  t0/T16: k8 identity j=7 rows 8..15

[51650] //  t0/T16: v random-B rows 0..7

[53000] //  t0/T16: v8 identity j=0 rows 0..7

[54351] //  t0/T16: v8 identity j=1 rows 0..7

[55699] //  t0/T16: v8 identity j=2 rows 0..7

[57048] //  t0/T16: v8 identity j=3 rows 0..7

[58420] //  t0/T16: v8 identity j=4 rows 0..7

[59763] //  t0/T16: v8 identity j=5 rows 0..7

[61128] //  t0/T16: v8 identity j=6 rows 0..7

[62487] //  t0/T16: v8 identity j=7 rows 0..7

[63838] //  t0/T16: v random-B rows 8..15

[65188] //  t0/T16: v8 identity j=0 rows 8..15

[66542] //  t0/T16: v8 identity j=1 rows 8..15

[67892] //  t0/T16: v8 identity j=2 rows 8..15

[69248] //  t0/T16: v8 identity j=3 rows 8..15

[70608] //  t0/T16: v8 identity j=4 rows 8..15

[71953] //  t0/T16: v8 identity j=5 rows 8..15

[73319] //  t0/T16: v8 identity j=6 rows 8..15

[74680] //  t0/T16: v8 identity j=7 rows 8..15

[87533] //  t0/T23: k random-B rows 0..7

[88883] //  t0/T23: k8 identity j=0 rows 0..7

[90237] //  t0/T23: k random-B rows 8..15

[91592] //  t0/T23: k8 identity j=1 rows 8..15

[92930] //  t0/T23: k random-B rows 16..22

[94131] //  t0/T23: k8 identity j=2 rows 16..22

[95347] //  t0/T23: v random-B rows 0..7

[96707] //  t0/T23: v8 identity j=0 rows 0..7

[98054] //  t0/T23: v random-B rows 8..15

[99411] //  t0/T23: v8 identity j=1 rows 8..15

[100767] //  t0/T23: v random-B rows 16..22

[101982] //  t0/T23: v8 identity j=2 rows 16..22

L2B RESULT: cycles=103206 checks=944 errors=0
L2B PASS
- tb_l2b_chain.sv:604: Verilog $finish
- S i m u l a t i o n   R e p o r t: Verilator 5.044 2026-01-01
- Verilator: $finish at 1ms; walltime 0.107 s; speed 9.642 ms/s
- Verilator: cpu 0.107 s on 1 threads; alloced 2 MB
set -o pipefail; build/obj_l2b_t0/Vtb_l2b_chain \
	    +vectors=build/vectors_l2b_t0.txt +bp_mode=2 +stall_mode=2 \
	    +seed=212 +watchdog=60000000 | tee build/run_l2b_t0_storm.log
[8] //  l2b config t0: TIER=0 G=16 oi=[]

[7685] //  t0/T5: k random-B rows 0..4

[8911] //  t0/T5: k8 identity j=0 rows 0..4

[10344] //  t0/T5: k8 identity j=1 rows 0..4

[11892] //  t0/T5: k8 identity j=2 rows 0..4

[13078] //  t0/T5: k8 identity j=3 rows 0..4

[14345] //  t0/T5: k8 identity j=4 rows 0..4

[15337] //  t0/T5: k8 identity j=5 rows 0..4

[16665] //  t0/T5: k8 identity j=6 rows 0..4

[17777] //  t0/T5: k8 identity j=7 rows 0..4

[19174] //  t0/T5: v random-B rows 0..4

[20557] //  t0/T5: v8 identity j=0 rows 0..4

[21926] //  t0/T5: v8 identity j=1 rows 0..4

[23396] //  t0/T5: v8 identity j=2 rows 0..4

[24702] //  t0/T5: v8 identity j=3 rows 0..4

[25886] //  t0/T5: v8 identity j=4 rows 0..4

[27110] //  t0/T5: v8 identity j=5 rows 0..4

[28386] //  t0/T5: v8 identity j=6 rows 0..4

[29643] //  t0/T5: v8 identity j=7 rows 0..4

[53945] //  t0/T16: k random-B rows 0..7

[55744] //  t0/T16: k8 identity j=0 rows 0..7

[57843] //  t0/T16: k8 identity j=1 rows 0..7

[59816] //  t0/T16: k8 identity j=2 rows 0..7

[61556] //  t0/T16: k8 identity j=3 rows 0..7

[63281] //  t0/T16: k8 identity j=4 rows 0..7

[65271] //  t0/T16: k8 identity j=5 rows 0..7

[66896] //  t0/T16: k8 identity j=6 rows 0..7

[68551] //  t0/T16: k8 identity j=7 rows 0..7

[70533] //  t0/T16: k random-B rows 8..15

[72404] //  t0/T16: k8 identity j=0 rows 8..15

[74152] //  t0/T16: k8 identity j=1 rows 8..15

[75956] //  t0/T16: k8 identity j=2 rows 8..15

[77531] //  t0/T16: k8 identity j=3 rows 8..15

[79396] //  t0/T16: k8 identity j=4 rows 8..15

[81508] //  t0/T16: k8 identity j=5 rows 8..15

[83551] //  t0/T16: k8 identity j=6 rows 8..15

[85455] //  t0/T16: k8 identity j=7 rows 8..15

[87283] //  t0/T16: v random-B rows 0..7

[88814] //  t0/T16: v8 identity j=0 rows 0..7

[90772] //  t0/T16: v8 identity j=1 rows 0..7

[92297] //  t0/T16: v8 identity j=2 rows 0..7

[94024] //  t0/T16: v8 identity j=3 rows 0..7

[95711] //  t0/T16: v8 identity j=4 rows 0..7

[98107] //  t0/T16: v8 identity j=5 rows 0..7

[100008] //  t0/T16: v8 identity j=6 rows 0..7

[101541] //  t0/T16: v8 identity j=7 rows 0..7

[103500] //  t0/T16: v random-B rows 8..15

[105155] //  t0/T16: v8 identity j=0 rows 8..15

[107298] //  t0/T16: v8 identity j=1 rows 8..15

[108801] //  t0/T16: v8 identity j=2 rows 8..15

[110585] //  t0/T16: v8 identity j=3 rows 8..15

[112485] //  t0/T16: v8 identity j=4 rows 8..15

[114370] //  t0/T16: v8 identity j=5 rows 8..15

[115846] //  t0/T16: v8 identity j=6 rows 8..15

[117630] //  t0/T16: v8 identity j=7 rows 8..15

[153964] //  t0/T23: k random-B rows 0..7

[156173] //  t0/T23: k8 identity j=0 rows 0..7

[157756] //  t0/T23: k random-B rows 8..15

[159721] //  t0/T23: k8 identity j=1 rows 8..15

[161614] //  t0/T23: k random-B rows 16..22

[163280] //  t0/T23: k8 identity j=2 rows 16..22

[164886] //  t0/T23: v random-B rows 0..7

[166799] //  t0/T23: v8 identity j=0 rows 0..7

[168979] //  t0/T23: v random-B rows 8..15

[170558] //  t0/T23: v8 identity j=1 rows 8..15

[172430] //  t0/T23: v random-B rows 16..22

[174322] //  t0/T23: v8 identity j=2 rows 16..22

L2B RESULT: cycles=175657 checks=944 errors=0
L2B PASS
- tb_l2b_chain.sv:604: Verilog $finish
- S i m u l a t i o n   R e p o r t: Verilator 5.044 2026-01-01
- Verilator: $finish at 2ms; walltime 0.151 s; speed 11.665 ms/s
- Verilator: cpu 0.151 s on 1 threads; alloced 2 MB
set -o pipefail; build/obj_l2b_t1/Vtb_l2b_chain \
	    +vectors=build/vectors_l2b_t1.txt +bp_mode=1 +stall_mode=1 \
	    +seed=213 | tee build/run_l2b_t1.log
[8] //  l2b config t1: TIER=1 G=16 oi=[]

[10] //  t1/T5: key group tokens 0..4

[1116] //  partial group -> D-008 FLUSH

[2363] //  t1/T5: k random-B rows 0..4

[3301] //  t1/T5: k8 identity j=0 rows 0..4

[4234] //  t1/T5: k8 identity j=1 rows 0..4

[5162] //  t1/T5: k8 identity j=2 rows 0..4

[6100] //  t1/T5: k8 identity j=3 rows 0..4

[7035] //  t1/T5: k8 identity j=4 rows 0..4

[7966] //  t1/T5: k8 identity j=5 rows 0..4

[8899] //  t1/T5: k8 identity j=6 rows 0..4

[9829] //  t1/T5: k8 identity j=7 rows 0..4

[10755] //  t1/T5: v random-B rows 0..4

[11688] //  t1/T5: v8 identity j=0 rows 0..4

[12625] //  t1/T5: v8 identity j=1 rows 0..4

[13561] //  t1/T5: v8 identity j=2 rows 0..4

[14497] //  t1/T5: v8 identity j=3 rows 0..4

[15430] //  t1/T5: v8 identity j=4 rows 0..4

[16361] //  t1/T5: v8 identity j=5 rows 0..4

[17283] //  t1/T5: v8 identity j=6 rows 0..4

[18207] //  t1/T5: v8 identity j=7 rows 0..4

[19126] //  t1/T16: key group tokens 0..15

[26661] //  t1/T16: k random-B rows 0..7

[28017] //  t1/T16: k8 identity j=0 rows 0..7

[29369] //  t1/T16: k8 identity j=1 rows 0..7

[30721] //  t1/T16: k8 identity j=2 rows 0..7

[32069] //  t1/T16: k8 identity j=3 rows 0..7

[33434] //  t1/T16: k8 identity j=4 rows 0..7

[34787] //  t1/T16: k8 identity j=5 rows 0..7

[36134] //  t1/T16: k8 identity j=6 rows 0..7

[37502] //  t1/T16: k8 identity j=7 rows 0..7

[38851] //  t1/T16: k random-B rows 8..15

[40206] //  t1/T16: k8 identity j=0 rows 8..15

[41558] //  t1/T16: k8 identity j=1 rows 8..15

[42904] //  t1/T16: k8 identity j=2 rows 8..15

[44266] //  t1/T16: k8 identity j=3 rows 8..15

[45621] //  t1/T16: k8 identity j=4 rows 8..15

[46972] //  t1/T16: k8 identity j=5 rows 8..15

[48330] //  t1/T16: k8 identity j=6 rows 8..15

[49686] //  t1/T16: k8 identity j=7 rows 8..15

[51046] //  t1/T16: v random-B rows 0..7

[52403] //  t1/T16: v8 identity j=0 rows 0..7

[53754] //  t1/T16: v8 identity j=1 rows 0..7

[55126] //  t1/T16: v8 identity j=2 rows 0..7

[56471] //  t1/T16: v8 identity j=3 rows 0..7

[57837] //  t1/T16: v8 identity j=4 rows 0..7

[59180] //  t1/T16: v8 identity j=5 rows 0..7

[60544] //  t1/T16: v8 identity j=6 rows 0..7

[61895] //  t1/T16: v8 identity j=7 rows 0..7

[63258] //  t1/T16: v random-B rows 8..15

[64609] //  t1/T16: v8 identity j=0 rows 8..15

[65968] //  t1/T16: v8 identity j=1 rows 8..15

[67322] //  t1/T16: v8 identity j=2 rows 8..15

[68665] //  t1/T16: v8 identity j=3 rows 8..15

[70009] //  t1/T16: v8 identity j=4 rows 8..15

[71349] //  t1/T16: v8 identity j=5 rows 8..15

[72698] //  t1/T16: v8 identity j=6 rows 8..15

[74037] //  t1/T16: v8 identity j=7 rows 8..15

[75402] //  t1/T23: key group tokens 0..15

[79055] //  t1/T23: key group tokens 16..22

[80673] //  partial group -> D-008 FLUSH

[86475] //  t1/T23: k random-B rows 0..7

[87825] //  t1/T23: k8 identity j=0 rows 0..7

[89187] //  t1/T23: k random-B rows 8..15

[90557] //  t1/T23: k8 identity j=1 rows 8..15

[91902] //  t1/T23: k random-B rows 16..22

[93112] //  t1/T23: k8 identity j=2 rows 16..22

[94327] //  t1/T23: v random-B rows 0..7

[95678] //  t1/T23: v8 identity j=0 rows 0..7

[97031] //  t1/T23: v random-B rows 8..15

[98385] //  t1/T23: v8 identity j=1 rows 8..15

[99742] //  t1/T23: v random-B rows 16..22

[100969] //  t1/T23: v8 identity j=2 rows 16..22

[102190] //  t1/T37: key group tokens 0..15

[105835] //  t1/T37: key group tokens 16..31

[109509] //  t1/T37: key group tokens 32..36

[110651] //  partial group -> D-008 FLUSH

[119943] //  t1/T37: k random-B rows 0..7

[121295] //  t1/T37: k8 identity j=0 rows 0..7

[122644] //  t1/T37: k random-B rows 8..15

[123990] //  t1/T37: k8 identity j=1 rows 8..15

[125346] //  t1/T37: k random-B rows 16..23

[126690] //  t1/T37: k8 identity j=2 rows 16..23

[128052] //  t1/T37: k random-B rows 24..31

[129402] //  t1/T37: k8 identity j=3 rows 24..31

[130747] //  t1/T37: k random-B rows 32..36

[131663] //  t1/T37: k8 identity j=4 rows 32..36

[132591] //  t1/T37: v random-B rows 0..7

[133955] //  t1/T37: v8 identity j=0 rows 0..7

[135307] //  t1/T37: v random-B rows 8..15

[136656] //  t1/T37: v8 identity j=1 rows 8..15

[138005] //  t1/T37: v random-B rows 16..23

[139367] //  t1/T37: v8 identity j=2 rows 16..23

[140715] //  t1/T37: v random-B rows 24..31

[142071] //  t1/T37: v8 identity j=3 rows 24..31

[143423] //  t1/T37: v random-B rows 32..36

[144365] //  t1/T37: v8 identity j=4 rows 32..36

L2B RESULT: cycles=145295 checks=1240 errors=0
L2B PASS
- tb_l2b_chain.sv:604: Verilog $finish
- S i m u l a t i o n   R e p o r t: Verilator 5.044 2026-01-01
- Verilator: $finish at 1ms; walltime 0.256 s; speed 5.719 ms/s
- Verilator: cpu 0.254 s on 1 threads; alloced 3 MB
set -o pipefail; build/obj_l2b_t1/Vtb_l2b_chain \
	    +vectors=build/vectors_l2b_t1.txt +bp_mode=2 +stall_mode=2 \
	    +seed=214 +watchdog=60000000 | tee build/run_l2b_t1_storm.log
[8] //  l2b config t1: TIER=1 G=16 oi=[]

[10] //  t1/T5: key group tokens 0..4

[3686] //  partial group -> D-008 FLUSH

[7485] //  t1/T5: k random-B rows 0..4

[8776] //  t1/T5: k8 identity j=0 rows 0..4

[10215] //  t1/T5: k8 identity j=1 rows 0..4

[11476] //  t1/T5: k8 identity j=2 rows 0..4

[12538] //  t1/T5: k8 identity j=3 rows 0..4

[13890] //  t1/T5: k8 identity j=4 rows 0..4

[15152] //  t1/T5: k8 identity j=5 rows 0..4

[16564] //  t1/T5: k8 identity j=6 rows 0..4

[17698] //  t1/T5: k8 identity j=7 rows 0..4

[19008] //  t1/T5: v random-B rows 0..4

[20264] //  t1/T5: v8 identity j=0 rows 0..4

[21754] //  t1/T5: v8 identity j=1 rows 0..4

[22872] //  t1/T5: v8 identity j=2 rows 0..4

[24727] //  t1/T5: v8 identity j=3 rows 0..4

[26177] //  t1/T5: v8 identity j=4 rows 0..4

[27601] //  t1/T5: v8 identity j=5 rows 0..4

[28819] //  t1/T5: v8 identity j=6 rows 0..4

[30228] //  t1/T5: v8 identity j=7 rows 0..4

[31830] //  t1/T16: key group tokens 0..15

[55564] //  t1/T16: k random-B rows 0..7

[57527] //  t1/T16: k8 identity j=0 rows 0..7

[59313] //  t1/T16: k8 identity j=1 rows 0..7

[61282] //  t1/T16: k8 identity j=2 rows 0..7

[63166] //  t1/T16: k8 identity j=3 rows 0..7

[65012] //  t1/T16: k8 identity j=4 rows 0..7

[66955] //  t1/T16: k8 identity j=5 rows 0..7

[69040] //  t1/T16: k8 identity j=6 rows 0..7

[71196] //  t1/T16: k8 identity j=7 rows 0..7

[72975] //  t1/T16: k random-B rows 8..15

[74762] //  t1/T16: k8 identity j=0 rows 8..15

[76528] //  t1/T16: k8 identity j=1 rows 8..15

[78212] //  t1/T16: k8 identity j=2 rows 8..15

[80143] //  t1/T16: k8 identity j=3 rows 8..15

[82614] //  t1/T16: k8 identity j=4 rows 8..15

[84228] //  t1/T16: k8 identity j=5 rows 8..15

[86059] //  t1/T16: k8 identity j=6 rows 8..15

[87653] //  t1/T16: k8 identity j=7 rows 8..15

[89530] //  t1/T16: v random-B rows 0..7

[91166] //  t1/T16: v8 identity j=0 rows 0..7

[93098] //  t1/T16: v8 identity j=1 rows 0..7

[94930] //  t1/T16: v8 identity j=2 rows 0..7

[96640] //  t1/T16: v8 identity j=3 rows 0..7

[98434] //  t1/T16: v8 identity j=4 rows 0..7

[100458] //  t1/T16: v8 identity j=5 rows 0..7

[102077] //  t1/T16: v8 identity j=6 rows 0..7

[104025] //  t1/T16: v8 identity j=7 rows 0..7

[105510] //  t1/T16: v random-B rows 8..15

[107460] //  t1/T16: v8 identity j=0 rows 8..15

[109364] //  t1/T16: v8 identity j=1 rows 8..15

[111070] //  t1/T16: v8 identity j=2 rows 8..15

[112813] //  t1/T16: v8 identity j=3 rows 8..15

[114646] //  t1/T16: v8 identity j=4 rows 8..15

[116486] //  t1/T16: v8 identity j=5 rows 8..15

[119093] //  t1/T16: v8 identity j=6 rows 8..15

[120821] //  t1/T16: v8 identity j=7 rows 8..15

[122348] //  t1/T23: key group tokens 0..15

[135159] //  t1/T23: key group tokens 16..22

[139308] //  partial group -> D-008 FLUSH

[156695] //  t1/T23: k random-B rows 0..7

[158522] //  t1/T23: k8 identity j=0 rows 0..7

[160079] //  t1/T23: k random-B rows 8..15

[161977] //  t1/T23: k8 identity j=1 rows 8..15

[163909] //  t1/T23: k random-B rows 16..22

[165486] //  t1/T23: k8 identity j=2 rows 16..22

[167373] //  t1/T23: v random-B rows 0..7

[169089] //  t1/T23: v8 identity j=0 rows 0..7

[171046] //  t1/T23: v random-B rows 8..15

[173111] //  t1/T23: v8 identity j=1 rows 8..15

[174994] //  t1/T23: v random-B rows 16..22

[176954] //  t1/T23: v8 identity j=2 rows 16..22

[178505] //  t1/T37: key group tokens 0..15

[188084] //  t1/T37: key group tokens 16..31

[197806] //  t1/T37: key group tokens 32..36

[201120] //  partial group -> D-008 FLUSH

[228195] //  t1/T37: k random-B rows 0..7

[229946] //  t1/T37: k8 identity j=0 rows 0..7

[231823] //  t1/T37: k random-B rows 8..15

[233616] //  t1/T37: k8 identity j=1 rows 8..15

[235417] //  t1/T37: k random-B rows 16..23

[237353] //  t1/T37: k8 identity j=2 rows 16..23

[239478] //  t1/T37: k random-B rows 24..31

[241340] //  t1/T37: k8 identity j=3 rows 24..31

[243232] //  t1/T37: k random-B rows 32..36

[244477] //  t1/T37: k8 identity j=4 rows 32..36

[246109] //  t1/T37: v random-B rows 0..7

[248366] //  t1/T37: v8 identity j=0 rows 0..7

[250221] //  t1/T37: v random-B rows 8..15

[251826] //  t1/T37: v8 identity j=1 rows 8..15

[253597] //  t1/T37: v random-B rows 16..23

[255277] //  t1/T37: v8 identity j=2 rows 16..23

[257111] //  t1/T37: v random-B rows 24..31

[259035] //  t1/T37: v8 identity j=3 rows 24..31

[260616] //  t1/T37: v random-B rows 32..36

[261909] //  t1/T37: v8 identity j=4 rows 32..36

L2B RESULT: cycles=263402 checks=1240 errors=0
L2B PASS
- tb_l2b_chain.sv:604: Verilog $finish
- S i m u l a t i o n   R e p o r t: Verilator 5.044 2026-01-01
- Verilator: $finish at 3ms; walltime 0.416 s; speed 6.332 ms/s
- Verilator: cpu 0.416 s on 1 threads; alloced 3 MB
set -o pipefail; build/obj_l2b_t1/Vtb_l2b_chain \
	    +vectors=build/vectors_l2b_t1_reset.txt +bp_mode=1 +stall_mode=0 \
	    +seed=215 | tee build/run_l2b_t1_reset.log
[8] //  l2b config t1_reset: TIER=1 G=16 oi=[]

[10] //  sacrificial half token, then mid-op rst_n

[84] mid-operation reset applied
[86] //  D-020 soft reset mid-token

[156] //  t1r/T23: key group tokens 0..15

[2267] //  t1r/T23: key group tokens 16..22

[3173] //  partial group -> D-008 FLUSH

[6721] //  t1r/T23: k random-B rows 0..7

[8058] //  t1r/T23: k8 identity j=0 rows 0..7

[9397] //  t1r/T23: k random-B rows 8..15

[10742] //  t1r/T23: k8 identity j=1 rows 8..15

[12077] //  t1r/T23: k random-B rows 16..22

[13264] //  t1r/T23: k8 identity j=2 rows 16..22

[14450] //  t1r/T23: v random-B rows 0..7

[15786] //  t1r/T23: v8 identity j=0 rows 0..7

[17129] //  t1r/T23: v random-B rows 8..15

[18466] //  t1r/T23: v8 identity j=1 rows 8..15

[19797] //  t1r/T23: v random-B rows 16..22

[20984] //  t1r/T23: v8 identity j=2 rows 16..22

L2B RESULT: cycles=22170 checks=190 errors=0
L2B PASS
- tb_l2b_chain.sv:604: Verilog $finish
- S i m u l a t i o n   R e p o r t: Verilator 5.044 2026-01-01
- Verilator: $finish at 222us; walltime 0.036 s; speed 6.158 ms/s
- Verilator: cpu 0.036 s on 1 threads; alloced 3 MB
set -o pipefail; build/obj_l2b_t2/Vtb_l2b_chain \
	    +vectors=build/vectors_l2b_t2.txt +bp_mode=1 +stall_mode=1 \
	    +seed=216 | tee build/run_l2b_t2.log
[8] //  l2b config t2: TIER=2 G=16 oi=[5, 50]

[10] //  t2/T5: key group tokens 0..4

[1144] //  partial group -> D-008 FLUSH

[2371] //  t2/T5: k random-B rows 0..4

[3292] //  t2/T5: k8 identity j=0 rows 0..4

[4220] //  t2/T5: k8 identity j=1 rows 0..4

[5142] //  t2/T5: k8 identity j=2 rows 0..4

[6070] //  t2/T5: k8 identity j=3 rows 0..4

[6995] //  t2/T5: k8 identity j=4 rows 0..4

[7902] //  t2/T5: k8 identity j=5 rows 0..4

[8840] //  t2/T5: k8 identity j=6 rows 0..4

[9762] //  t2/T5: k8 identity j=7 rows 0..4

[10697] //  t2/T5: v random-B rows 0..4

[11637] //  t2/T5: v8 identity j=0 rows 0..4

[12565] //  t2/T5: v8 identity j=1 rows 0..4

[13490] //  t2/T5: v8 identity j=2 rows 0..4

[14431] //  t2/T5: v8 identity j=3 rows 0..4

[15349] //  t2/T5: v8 identity j=4 rows 0..4

[16276] //  t2/T5: v8 identity j=5 rows 0..4

[17193] //  t2/T5: v8 identity j=6 rows 0..4

[18129] //  t2/T5: v8 identity j=7 rows 0..4

[19057] //  t2/T16: key group tokens 0..15

[26712] //  t2/T16: k random-B rows 0..7

[28059] //  t2/T16: k8 identity j=0 rows 0..7

[29425] //  t2/T16: k8 identity j=1 rows 0..7

[30791] //  t2/T16: k8 identity j=2 rows 0..7

[32147] //  t2/T16: k8 identity j=3 rows 0..7

[33515] //  t2/T16: k8 identity j=4 rows 0..7

[34876] //  t2/T16: k8 identity j=5 rows 0..7

[36232] //  t2/T16: k8 identity j=6 rows 0..7

[37591] //  t2/T16: k8 identity j=7 rows 0..7

[38925] //  t2/T16: k random-B rows 8..15

[40268] //  t2/T16: k8 identity j=0 rows 8..15

[41624] //  t2/T16: k8 identity j=1 rows 8..15

[42982] //  t2/T16: k8 identity j=2 rows 8..15

[44330] //  t2/T16: k8 identity j=3 rows 8..15

[45681] //  t2/T16: k8 identity j=4 rows 8..15

[47035] //  t2/T16: k8 identity j=5 rows 8..15

[48378] //  t2/T16: k8 identity j=6 rows 8..15

[49726] //  t2/T16: k8 identity j=7 rows 8..15

[51084] //  t2/T16: v random-B rows 0..7

[52436] //  t2/T16: v8 identity j=0 rows 0..7

[53785] //  t2/T16: v8 identity j=1 rows 0..7

[55133] //  t2/T16: v8 identity j=2 rows 0..7

[56480] //  t2/T16: v8 identity j=3 rows 0..7

[57843] //  t2/T16: v8 identity j=4 rows 0..7

[59189] //  t2/T16: v8 identity j=5 rows 0..7

[60544] //  t2/T16: v8 identity j=6 rows 0..7

[61888] //  t2/T16: v8 identity j=7 rows 0..7

[63253] //  t2/T16: v random-B rows 8..15

[64603] //  t2/T16: v8 identity j=0 rows 8..15

[65958] //  t2/T16: v8 identity j=1 rows 8..15

[67317] //  t2/T16: v8 identity j=2 rows 8..15

[68670] //  t2/T16: v8 identity j=3 rows 8..15

[70022] //  t2/T16: v8 identity j=4 rows 8..15

[71373] //  t2/T16: v8 identity j=5 rows 8..15

[72725] //  t2/T16: v8 identity j=6 rows 8..15

[74080] //  t2/T16: v8 identity j=7 rows 8..15

[75435] //  t2/T23: key group tokens 0..15

[79100] //  t2/T23: key group tokens 16..22

[80688] //  partial group -> D-008 FLUSH

[86398] //  t2/T23: k random-B rows 0..7

[87746] //  t2/T23: k8 identity j=0 rows 0..7

[89089] //  t2/T23: k random-B rows 8..15

[90452] //  t2/T23: k8 identity j=1 rows 8..15

[91787] //  t2/T23: k random-B rows 16..22

[93008] //  t2/T23: k8 identity j=2 rows 16..22

[94222] //  t2/T23: v random-B rows 0..7

[95585] //  t2/T23: v8 identity j=0 rows 0..7

[96941] //  t2/T23: v random-B rows 8..15

[98295] //  t2/T23: v8 identity j=1 rows 8..15

[99642] //  t2/T23: v random-B rows 16..22

[100849] //  t2/T23: v8 identity j=2 rows 16..22

[102059] //  t2/T37: key group tokens 0..15

[105719] //  t2/T37: key group tokens 16..31

[109352] //  t2/T37: key group tokens 32..36

[110455] //  partial group -> D-008 FLUSH

[119656] //  t2/T37: k random-B rows 0..7

[121013] //  t2/T37: k8 identity j=0 rows 0..7

[122376] //  t2/T37: k random-B rows 8..15

[123714] //  t2/T37: k8 identity j=1 rows 8..15

[125057] //  t2/T37: k random-B rows 16..23

[126415] //  t2/T37: k8 identity j=2 rows 16..23

[127754] //  t2/T37: k random-B rows 24..31

[129128] //  t2/T37: k8 identity j=3 rows 24..31

[130486] //  t2/T37: k random-B rows 32..36

[131418] //  t2/T37: k8 identity j=4 rows 32..36

[132362] //  t2/T37: v random-B rows 0..7

[133717] //  t2/T37: v8 identity j=0 rows 0..7

[135066] //  t2/T37: v random-B rows 8..15

[136423] //  t2/T37: v8 identity j=1 rows 8..15

[137772] //  t2/T37: v random-B rows 16..23

[139125] //  t2/T37: v8 identity j=2 rows 16..23

[140485] //  t2/T37: v random-B rows 24..31

[141830] //  t2/T37: v8 identity j=3 rows 24..31

[143178] //  t2/T37: v random-B rows 32..36

[144105] //  t2/T37: v8 identity j=4 rows 32..36

[145022] //  t2/zeroV: key group tokens 0..7

[146833] //  partial group -> D-008 FLUSH

[148854] //  t2/zeroV: k random-B rows 0..7

[150197] //  t2/zeroV: k8 identity j=0 rows 0..7

[151542] //  t2/zeroV: k8 identity j=1 rows 0..7

[152878] //  t2/zeroV: k8 identity j=2 rows 0..7

[154226] //  t2/zeroV: k8 identity j=3 rows 0..7

[155588] //  t2/zeroV: k8 identity j=4 rows 0..7

[156959] //  t2/zeroV: k8 identity j=5 rows 0..7

[158332] //  t2/zeroV: k8 identity j=6 rows 0..7

[159679] //  t2/zeroV: k8 identity j=7 rows 0..7

[161033] //  t2/zeroV: v random-B rows 0..7

[162402] //  t2/zeroV: v8 identity j=0 rows 0..7

[163768] //  t2/zeroV: v8 identity j=1 rows 0..7

[165116] //  t2/zeroV: v8 identity j=2 rows 0..7

[166471] //  t2/zeroV: v8 identity j=3 rows 0..7

[167825] //  t2/zeroV: v8 identity j=4 rows 0..7

[169172] //  t2/zeroV: v8 identity j=5 rows 0..7

[170516] //  t2/zeroV: v8 identity j=6 rows 0..7

[171860] //  t2/zeroV: v8 identity j=7 rows 0..7

[173222] //  t2/zeroK: key group tokens 0..7

[175047] //  partial group -> D-008 FLUSH

[177089] //  t2/zeroK: k random-B rows 0..7

[178431] //  t2/zeroK: k8 identity j=0 rows 0..7

[179785] //  t2/zeroK: k8 identity j=1 rows 0..7

[181131] //  t2/zeroK: k8 identity j=2 rows 0..7

[182484] //  t2/zeroK: k8 identity j=3 rows 0..7

[183834] //  t2/zeroK: k8 identity j=4 rows 0..7

[185182] //  t2/zeroK: k8 identity j=5 rows 0..7

[186535] //  t2/zeroK: k8 identity j=6 rows 0..7

[187883] //  t2/zeroK: k8 identity j=7 rows 0..7

[189232] //  t2/zeroK: v random-B rows 0..7

[190581] //  t2/zeroK: v8 identity j=0 rows 0..7

[191946] //  t2/zeroK: v8 identity j=1 rows 0..7

[193304] //  t2/zeroK: v8 identity j=2 rows 0..7

[194645] //  t2/zeroK: v8 identity j=3 rows 0..7

[195985] //  t2/zeroK: v8 identity j=4 rows 0..7

[197352] //  t2/zeroK: v8 identity j=5 rows 0..7

[198710] //  t2/zeroK: v8 identity j=6 rows 0..7

[200060] //  t2/zeroK: v8 identity j=7 rows 0..7

L2B RESULT: cycles=201410 checks=1816 errors=0
L2B PASS
- tb_l2b_chain.sv:604: Verilog $finish
- S i m u l a t i o n   R e p o r t: Verilator 5.044 2026-01-01
- Verilator: $finish at 2ms; walltime 0.364 s; speed 5.581 ms/s
- Verilator: cpu 0.361 s on 1 threads; alloced 3 MB
set -o pipefail; build/obj_l2b_adv_T1/Vtb_l2b_chain \
	    +vectors=build/vectors_l2b_adv_T1.txt +bp_mode=1 +stall_mode=1 \
	    +seed=217 | tee build/run_l2b_adv_T1.log
[8] //  l2b config adv_T1: TIER=2 G=128 oi=[1, 2]

[10] //  adv/T1: key group tokens 0..0

[242] //  partial group -> D-008 FLUSH

[545] //  adv/T1: k acc_s (q8 col) rows 0..0

[923] //  adv/T1: k8 identity j=0 rows 0..0

[1275] //  adv/T1: k8 identity j=1 rows 0..0

[1633] //  adv/T1: k8 identity j=2 rows 0..0

[1995] //  adv/T1: k8 identity j=3 rows 0..0

[2360] //  adv/T1: k8 identity j=4 rows 0..0

[2731] //  adv/T1: k8 identity j=5 rows 0..0

[3092] //  adv/T1: k8 identity j=6 rows 0..0

[3453] //  adv/T1: k8 identity j=7 rows 0..0

[3832] //  adv/T1: v random-B rows 0..0

[4198] //  adv/T1: v8 identity j=0 rows 0..0

[4561] //  adv/T1: v8 identity j=1 rows 0..0

[4927] //  adv/T1: v8 identity j=2 rows 0..0

[5294] //  adv/T1: v8 identity j=3 rows 0..0

[5658] //  adv/T1: v8 identity j=4 rows 0..0

[6033] //  adv/T1: v8 identity j=5 rows 0..0

[6401] //  adv/T1: v8 identity j=6 rows 0..0

[6763] //  adv/T1: v8 identity j=7 rows 0..0

L2B RESULT: cycles=7129 checks=40 errors=0
L2B PASS
- tb_l2b_chain.sv:604: Verilog $finish
- S i m u l a t i o n   R e p o r t: Verilator 5.044 2026-01-01
- Verilator: $finish at 71us; walltime 0.023 s; speed 3.216 ms/s
- Verilator: cpu 0.022 s on 1 threads; alloced 3 MB
set -o pipefail; build/obj_l2b_adv_out1000/Vtb_l2b_chain \
	    +vectors=build/vectors_l2b_adv_out1000.txt +bp_mode=1 +stall_mode=0 \
	    +seed=218 +watchdog=120000000 | tee build/run_l2b_adv_out1000.log
[8] //  l2b config adv_out1000: TIER=2 G=128 oi=[5, 50]

[10] //  adv/outlier1000: key group tokens 0..127

[36388] //  adv/outlier1000: k acc_s (q8 col) rows 0..7

[37719] //  adv/outlier1000: k8 identity j=0 rows 0..7

[39052] //  adv/outlier1000: k acc_s (q8 col) rows 8..15

[40390] //  adv/outlier1000: k8 identity j=1 rows 8..15

[41725] //  adv/outlier1000: k acc_s (q8 col) rows 16..23

[43066] //  adv/outlier1000: k8 identity j=2 rows 16..23

[44398] //  adv/outlier1000: k acc_s (q8 col) rows 24..31

[45739] //  adv/outlier1000: k8 identity j=3 rows 24..31

[47088] //  adv/outlier1000: k acc_s (q8 col) rows 32..39

[48430] //  adv/outlier1000: k8 identity j=4 rows 32..39

[49766] //  adv/outlier1000: k acc_s (q8 col) rows 40..47

[51102] //  adv/outlier1000: k8 identity j=5 rows 40..47

[52441] //  adv/outlier1000: k acc_s (q8 col) rows 48..55

[53782] //  adv/outlier1000: k8 identity j=6 rows 48..55

[55123] //  adv/outlier1000: k acc_s (q8 col) rows 56..63

[56457] //  adv/outlier1000: k8 identity j=7 rows 56..63

[57795] //  adv/outlier1000: k acc_s (q8 col) rows 64..71

[59129] //  adv/outlier1000: k8 identity j=0 rows 64..71

[60462] //  adv/outlier1000: k acc_s (q8 col) rows 72..79

[61798] //  adv/outlier1000: k8 identity j=1 rows 72..79

[63140] //  adv/outlier1000: k acc_s (q8 col) rows 80..87

[64476] //  adv/outlier1000: k8 identity j=2 rows 80..87

[65809] //  adv/outlier1000: k acc_s (q8 col) rows 88..95

[67144] //  adv/outlier1000: k8 identity j=3 rows 88..95

[68486] //  adv/outlier1000: k acc_s (q8 col) rows 96..103

[69833] //  adv/outlier1000: k8 identity j=4 rows 96..103

[71166] //  adv/outlier1000: k acc_s (q8 col) rows 104..111

[72500] //  adv/outlier1000: k8 identity j=5 rows 104..111

[73835] //  adv/outlier1000: k acc_s (q8 col) rows 112..119

[75167] //  adv/outlier1000: k8 identity j=6 rows 112..119

[76503] //  adv/outlier1000: k acc_s (q8 col) rows 120..127

[77838] //  adv/outlier1000: k8 identity j=7 rows 120..127

[79170] //  adv/outlier1000: v random-B rows 0..7

[80506] //  adv/outlier1000: v8 identity j=0 rows 0..7

[81842] //  adv/outlier1000: v random-B rows 8..15

[83182] //  adv/outlier1000: v8 identity j=1 rows 8..15

[84520] //  adv/outlier1000: v random-B rows 16..23

[85857] //  adv/outlier1000: v8 identity j=2 rows 16..23

[87195] //  adv/outlier1000: v random-B rows 24..31

[88530] //  adv/outlier1000: v8 identity j=3 rows 24..31

[89867] //  adv/outlier1000: v random-B rows 32..39

[91199] //  adv/outlier1000: v8 identity j=4 rows 32..39

[92535] //  adv/outlier1000: v random-B rows 40..47

[93870] //  adv/outlier1000: v8 identity j=5 rows 40..47

[95215] //  adv/outlier1000: v random-B rows 48..55

[96558] //  adv/outlier1000: v8 identity j=6 rows 48..55

[97899] //  adv/outlier1000: v random-B rows 56..63

[99234] //  adv/outlier1000: v8 identity j=7 rows 56..63

[100574] //  adv/outlier1000: v random-B rows 64..71

[101909] //  adv/outlier1000: v8 identity j=0 rows 64..71

[103244] //  adv/outlier1000: v random-B rows 72..79

[104586] //  adv/outlier1000: v8 identity j=1 rows 72..79

[105922] //  adv/outlier1000: v random-B rows 80..87

[107261] //  adv/outlier1000: v8 identity j=2 rows 80..87

[108601] //  adv/outlier1000: v random-B rows 88..95

[109937] //  adv/outlier1000: v8 identity j=3 rows 88..95

[111281] //  adv/outlier1000: v random-B rows 96..103

[112618] //  adv/outlier1000: v8 identity j=4 rows 96..103

[113952] //  adv/outlier1000: v random-B rows 104..111

[115289] //  adv/outlier1000: v8 identity j=5 rows 104..111

[116628] //  adv/outlier1000: v random-B rows 112..119

[117969] //  adv/outlier1000: v8 identity j=6 rows 112..119

[119305] //  adv/outlier1000: v random-B rows 120..127

[120640] //  adv/outlier1000: v8 identity j=7 rows 120..127

L2B RESULT: cycles=121987 checks=1028 errors=0
L2B PASS
- tb_l2b_chain.sv:604: Verilog $finish
- S i m u l a t i o n   R e p o r t: Verilator 5.044 2026-01-01
- Verilator: $finish at 1ms; walltime 0.238 s; speed 5.144 ms/s
- Verilator: cpu 0.237 s on 1 threads; alloced 3 MB
set -o pipefail; build/obj_l2b_calib_T128/Vtb_l2b_chain \
	    +vectors=build/vectors_l2b_calib_T128.txt +bp_mode=1 +stall_mode=0 \
	    +seed=219 +watchdog=120000000 | tee build/run_l2b_calib_T128.log
[8] //  l2b config calib_T128: TIER=2 G=64 oi=[5, 50]

[10] //  calib/d64_T128_G64__CQ4: key group tokens 0..63

[8418] //  calib/d64_T128_G64__CQ4: key group tokens 64..127

[36414] //  calib/d64_T128_G64__CQ4: k acc_s (q8 col) rows 0..7

[37755] //  calib/d64_T128_G64__CQ4: k8 identity j=0 rows 0..7

[39091] //  calib/d64_T128_G64__CQ4: k acc_s (q8 col) rows 8..15

[40434] //  calib/d64_T128_G64__CQ4: k8 identity j=1 rows 8..15

[41765] //  calib/d64_T128_G64__CQ4: k acc_s (q8 col) rows 16..23

[43108] //  calib/d64_T128_G64__CQ4: k8 identity j=2 rows 16..23

[44450] //  calib/d64_T128_G64__CQ4: k acc_s (q8 col) rows 24..31

[45798] //  calib/d64_T128_G64__CQ4: k8 identity j=3 rows 24..31

[47135] //  calib/d64_T128_G64__CQ4: k acc_s (q8 col) rows 32..39

[48475] //  calib/d64_T128_G64__CQ4: k8 identity j=4 rows 32..39

[49821] //  calib/d64_T128_G64__CQ4: k acc_s (q8 col) rows 40..47

[51157] //  calib/d64_T128_G64__CQ4: k8 identity j=5 rows 40..47

[52495] //  calib/d64_T128_G64__CQ4: k acc_s (q8 col) rows 48..55

[53839] //  calib/d64_T128_G64__CQ4: k8 identity j=6 rows 48..55

[55178] //  calib/d64_T128_G64__CQ4: k acc_s (q8 col) rows 56..63

[56516] //  calib/d64_T128_G64__CQ4: k8 identity j=7 rows 56..63

[57854] //  calib/d64_T128_G64__CQ4: k acc_s (q8 col) rows 64..71

[59191] //  calib/d64_T128_G64__CQ4: k8 identity j=0 rows 64..71

[60526] //  calib/d64_T128_G64__CQ4: k acc_s (q8 col) rows 72..79

[61864] //  calib/d64_T128_G64__CQ4: k8 identity j=1 rows 72..79

[63198] //  calib/d64_T128_G64__CQ4: k acc_s (q8 col) rows 80..87

[64537] //  calib/d64_T128_G64__CQ4: k8 identity j=2 rows 80..87

[65873] //  calib/d64_T128_G64__CQ4: k acc_s (q8 col) rows 88..95

[67217] //  calib/d64_T128_G64__CQ4: k8 identity j=3 rows 88..95

[68555] //  calib/d64_T128_G64__CQ4: k acc_s (q8 col) rows 96..103

[69893] //  calib/d64_T128_G64__CQ4: k8 identity j=4 rows 96..103

[71234] //  calib/d64_T128_G64__CQ4: k acc_s (q8 col) rows 104..111

[72573] //  calib/d64_T128_G64__CQ4: k8 identity j=5 rows 104..111

[73920] //  calib/d64_T128_G64__CQ4: k acc_s (q8 col) rows 112..119

[75262] //  calib/d64_T128_G64__CQ4: k8 identity j=6 rows 112..119

[76606] //  calib/d64_T128_G64__CQ4: k acc_s (q8 col) rows 120..127

[77950] //  calib/d64_T128_G64__CQ4: k8 identity j=7 rows 120..127

[79283] //  calib/d64_T128_G64__CQ4: v random-B rows 0..7

[80617] //  calib/d64_T128_G64__CQ4: v8 identity j=0 rows 0..7

[81953] //  calib/d64_T128_G64__CQ4: v random-B rows 8..15

[83289] //  calib/d64_T128_G64__CQ4: v8 identity j=1 rows 8..15

[84625] //  calib/d64_T128_G64__CQ4: v random-B rows 16..23

[85968] //  calib/d64_T128_G64__CQ4: v8 identity j=2 rows 16..23

[87300] //  calib/d64_T128_G64__CQ4: v random-B rows 24..31

[88640] //  calib/d64_T128_G64__CQ4: v8 identity j=3 rows 24..31

[89978] //  calib/d64_T128_G64__CQ4: v random-B rows 32..39

[91317] //  calib/d64_T128_G64__CQ4: v8 identity j=4 rows 32..39

[92655] //  calib/d64_T128_G64__CQ4: v random-B rows 40..47

[93989] //  calib/d64_T128_G64__CQ4: v8 identity j=5 rows 40..47

[95327] //  calib/d64_T128_G64__CQ4: v random-B rows 48..55

[96668] //  calib/d64_T128_G64__CQ4: v8 identity j=6 rows 48..55

[98006] //  calib/d64_T128_G64__CQ4: v random-B rows 56..63

[99341] //  calib/d64_T128_G64__CQ4: v8 identity j=7 rows 56..63

[100677] //  calib/d64_T128_G64__CQ4: v random-B rows 64..71

[102014] //  calib/d64_T128_G64__CQ4: v8 identity j=0 rows 64..71

[103347] //  calib/d64_T128_G64__CQ4: v random-B rows 72..79

[104678] //  calib/d64_T128_G64__CQ4: v8 identity j=1 rows 72..79

[106012] //  calib/d64_T128_G64__CQ4: v random-B rows 80..87

[107353] //  calib/d64_T128_G64__CQ4: v8 identity j=2 rows 80..87

[108693] //  calib/d64_T128_G64__CQ4: v random-B rows 88..95

[110032] //  calib/d64_T128_G64__CQ4: v8 identity j=3 rows 88..95

[111371] //  calib/d64_T128_G64__CQ4: v random-B rows 96..103

[112704] //  calib/d64_T128_G64__CQ4: v8 identity j=4 rows 96..103

[114039] //  calib/d64_T128_G64__CQ4: v random-B rows 104..111

[115372] //  calib/d64_T128_G64__CQ4: v8 identity j=5 rows 104..111

[116712] //  calib/d64_T128_G64__CQ4: v random-B rows 112..119

[118048] //  calib/d64_T128_G64__CQ4: v8 identity j=6 rows 112..119

[119389] //  calib/d64_T128_G64__CQ4: v random-B rows 120..127

[120720] //  calib/d64_T128_G64__CQ4: v8 identity j=7 rows 120..127

L2B RESULT: cycles=122056 checks=1028 errors=0
L2B PASS
- tb_l2b_chain.sv:604: Verilog $finish
- S i m u l a t i o n   R e p o r t: Verilator 5.044 2026-01-01
- Verilator: $finish at 1ms; walltime 0.231 s; speed 5.335 ms/s
- Verilator: cpu 0.229 s on 1 threads; alloced 3 MB
set -o pipefail; build/obj_l2b_calib_T70/Vtb_l2b_chain \
	    +vectors=build/vectors_l2b_calib_T70.txt +bp_mode=1 +stall_mode=0 \
	    +seed=220 +watchdog=120000000 | tee build/run_l2b_calib_T70.log
[8] //  l2b config calib_T70: TIER=2 G=64 oi=[5, 50]

[10] //  calib/d64_T70_G64__CQ4: key group tokens 0..63

[8418] //  calib/d64_T70_G64__CQ4: key group tokens 64..69

[9195] //  partial group -> D-008 FLUSH

[19934] //  calib/d64_T70_G64__CQ4: k acc_s (q8 col) rows 0..7

[21268] //  calib/d64_T70_G64__CQ4: k8 identity j=0 rows 0..7

[22607] //  calib/d64_T70_G64__CQ4: k acc_s (q8 col) rows 8..15

[23947] //  calib/d64_T70_G64__CQ4: k8 identity j=1 rows 8..15

[25283] //  calib/d64_T70_G64__CQ4: k acc_s (q8 col) rows 16..23

[26616] //  calib/d64_T70_G64__CQ4: k8 identity j=2 rows 16..23

[27951] //  calib/d64_T70_G64__CQ4: k acc_s (q8 col) rows 24..31

[29290] //  calib/d64_T70_G64__CQ4: k8 identity j=3 rows 24..31

[30631] //  calib/d64_T70_G64__CQ4: k acc_s (q8 col) rows 32..39

[31968] //  calib/d64_T70_G64__CQ4: k8 identity j=4 rows 32..39

[33303] //  calib/d64_T70_G64__CQ4: k acc_s (q8 col) rows 40..47

[34641] //  calib/d64_T70_G64__CQ4: k8 identity j=5 rows 40..47

[35981] //  calib/d64_T70_G64__CQ4: k acc_s (q8 col) rows 48..55

[37314] //  calib/d64_T70_G64__CQ4: k8 identity j=6 rows 48..55

[38651] //  calib/d64_T70_G64__CQ4: k acc_s (q8 col) rows 56..63

[39991] //  calib/d64_T70_G64__CQ4: k8 identity j=7 rows 56..63

[41332] //  calib/d64_T70_G64__CQ4: k acc_s (q8 col) rows 64..69

[42377] //  calib/d64_T70_G64__CQ4: k8 identity j=0 rows 64..69

[43415] //  calib/d64_T70_G64__CQ4: v random-B rows 0..7

[44755] //  calib/d64_T70_G64__CQ4: v8 identity j=0 rows 0..7

[46098] //  calib/d64_T70_G64__CQ4: v random-B rows 8..15

[47437] //  calib/d64_T70_G64__CQ4: v8 identity j=1 rows 8..15

[48773] //  calib/d64_T70_G64__CQ4: v random-B rows 16..23

[50119] //  calib/d64_T70_G64__CQ4: v8 identity j=2 rows 16..23

[51463] //  calib/d64_T70_G64__CQ4: v random-B rows 24..31

[52801] //  calib/d64_T70_G64__CQ4: v8 identity j=3 rows 24..31

[54138] //  calib/d64_T70_G64__CQ4: v random-B rows 32..39

[55477] //  calib/d64_T70_G64__CQ4: v8 identity j=4 rows 32..39

[56817] //  calib/d64_T70_G64__CQ4: v random-B rows 40..47

[58156] //  calib/d64_T70_G64__CQ4: v8 identity j=5 rows 40..47

[59493] //  calib/d64_T70_G64__CQ4: v random-B rows 48..55

[60835] //  calib/d64_T70_G64__CQ4: v8 identity j=6 rows 48..55

[62168] //  calib/d64_T70_G64__CQ4: v random-B rows 56..63

[63504] //  calib/d64_T70_G64__CQ4: v8 identity j=7 rows 56..63

[64847] //  calib/d64_T70_G64__CQ4: v random-B rows 64..69

[65891] //  calib/d64_T70_G64__CQ4: v8 identity j=0 rows 64..69

L2B RESULT: cycles=66932 checks=564 errors=0
L2B PASS
- tb_l2b_chain.sv:604: Verilog $finish
- S i m u l a t i o n   R e p o r t: Verilator 5.044 2026-01-01
- Verilator: $finish at 669us; walltime 0.131 s; speed 5.112 ms/s
- Verilator: cpu 0.131 s on 1 threads; alloced 3 MB
set -o pipefail; build/obj_l2b_calib_d128/Vtb_l2b_chain \
	    +vectors=build/vectors_l2b_calib_d128.txt +bp_mode=1 +stall_mode=0 \
	    +seed=221 +watchdog=200000000 | tee build/run_l2b_calib_d128.log
[8] //  l2b config calib_d128: TIER=2 G=128 oi=[5, 100]

[10] //  calib/d128_T100_G128: key group tokens 0..99

[25713] //  partial group -> D-008 FLUSH

[54031] //  calib/d128_T100_G128: k acc_s (q8 col) rows 0..7

[56654] //  calib/d128_T100_G128: k8 identity j=0 rows 0..7

[59285] //  calib/d128_T100_G128: k acc_s (q8 col) rows 8..15

[61914] //  calib/d128_T100_G128: k8 identity j=1 rows 8..15

[64537] //  calib/d128_T100_G128: k acc_s (q8 col) rows 16..23

[67169] //  calib/d128_T100_G128: k8 identity j=2 rows 16..23

[69790] //  calib/d128_T100_G128: k acc_s (q8 col) rows 24..31

[72419] //  calib/d128_T100_G128: k8 identity j=3 rows 24..31

[75042] //  calib/d128_T100_G128: k acc_s (q8 col) rows 32..39

[77670] //  calib/d128_T100_G128: k8 identity j=4 rows 32..39

[80292] //  calib/d128_T100_G128: k acc_s (q8 col) rows 40..47

[82915] //  calib/d128_T100_G128: k8 identity j=5 rows 40..47

[85542] //  calib/d128_T100_G128: k acc_s (q8 col) rows 48..55

[88171] //  calib/d128_T100_G128: k8 identity j=6 rows 48..55

[90798] //  calib/d128_T100_G128: k acc_s (q8 col) rows 56..63

[93425] //  calib/d128_T100_G128: k8 identity j=7 rows 56..63

[96050] //  calib/d128_T100_G128: k acc_s (q8 col) rows 64..71

[98674] //  calib/d128_T100_G128: k8 identity j=8 rows 64..71

[101301] //  calib/d128_T100_G128: k acc_s (q8 col) rows 72..79

[103929] //  calib/d128_T100_G128: k8 identity j=9 rows 72..79

[106553] //  calib/d128_T100_G128: k acc_s (q8 col) rows 80..87

[109181] //  calib/d128_T100_G128: k8 identity j=10 rows 80..87

[111805] //  calib/d128_T100_G128: k acc_s (q8 col) rows 88..95

[114439] //  calib/d128_T100_G128: k8 identity j=11 rows 88..95

[117066] //  calib/d128_T100_G128: k acc_s (q8 col) rows 96..99

[118527] //  calib/d128_T100_G128: k8 identity j=12 rows 96..99

[119985] //  calib/d128_T100_G128: v random-B rows 0..7

[122611] //  calib/d128_T100_G128: v8 identity j=0 rows 0..7

[125232] //  calib/d128_T100_G128: v random-B rows 8..15

[127853] //  calib/d128_T100_G128: v8 identity j=1 rows 8..15

[130474] //  calib/d128_T100_G128: v random-B rows 16..23

[133099] //  calib/d128_T100_G128: v8 identity j=2 rows 16..23

[135726] //  calib/d128_T100_G128: v random-B rows 24..31

[138350] //  calib/d128_T100_G128: v8 identity j=3 rows 24..31

[140980] //  calib/d128_T100_G128: v random-B rows 32..39

[143606] //  calib/d128_T100_G128: v8 identity j=4 rows 32..39

[146232] //  calib/d128_T100_G128: v random-B rows 40..47

[148853] //  calib/d128_T100_G128: v8 identity j=5 rows 40..47

[151475] //  calib/d128_T100_G128: v random-B rows 48..55

[154101] //  calib/d128_T100_G128: v8 identity j=6 rows 48..55

[156731] //  calib/d128_T100_G128: v random-B rows 56..63

[159353] //  calib/d128_T100_G128: v8 identity j=7 rows 56..63

[161979] //  calib/d128_T100_G128: v random-B rows 64..71

[164601] //  calib/d128_T100_G128: v8 identity j=8 rows 64..71

[167236] //  calib/d128_T100_G128: v random-B rows 72..79

[169866] //  calib/d128_T100_G128: v8 identity j=9 rows 72..79

[172494] //  calib/d128_T100_G128: v random-B rows 80..87

[175130] //  calib/d128_T100_G128: v8 identity j=10 rows 80..87

[177761] //  calib/d128_T100_G128: v random-B rows 88..95

[180389] //  calib/d128_T100_G128: v8 identity j=11 rows 88..95

[183011] //  calib/d128_T100_G128: v random-B rows 96..99

[184467] //  calib/d128_T100_G128: v8 identity j=12 rows 96..99

L2B RESULT: cycles=185924 checks=804 errors=0
L2B PASS
- tb_l2b_chain.sv:604: Verilog $finish
- S i m u l a t i o n   R e p o r t: Verilator 5.044 2026-01-01
- Verilator: $finish at 2ms; walltime 0.970 s; speed 1.917 ms/s
- Verilator: cpu 0.970 s on 1 threads; alloced 4 MB
set -o pipefail; build/obj_l2c/Vtb_l2c_chain +vectors=build/vectors_l2c_directed.txt +bp_mode=1 +stall_mode=1 \
	    +seed=231 | tee build/run_l2c_directed.log
[8] //  l2c directed

[10] //  tile blk=0 cols=8 frame_break=0

[331] //  tile blk=0 cols=8 frame_break=0

[651] //  tile blk=0 cols=8 frame_break=0

[975] //  tile blk=0 cols=8 frame_break=0

[1300] //  tile blk=5 cols=1 frame_break=0

[1358] //  tile blk=5 cols=8 frame_break=0

[1681] //  tile blk=5 cols=8 frame_break=0

[2013] //  tile blk=9 cols=8 frame_break=0

[2342] //  tile blk=10 cols=8 frame_break=0

[2667] //  tile blk=11 cols=8 frame_break=0

[2992] //  frame guard: 12-score tile, TIP aborts, ASU row unaffected

[2992] //  tile blk=11 cols=12 frame_break=1

[3467] //  tile blk=11 cols=8 frame_break=0

[3785] //  tile blk=127 cols=4 frame_break=0

L2C RESULT: cycles=3959 checks=120 errors=0
L2C PASS
- tb_l2c_chain.sv:517: Verilog $finish
- S i m u l a t i o n   R e p o r t: Verilator 5.044 2026-01-01
- Verilator: $finish at 40us; walltime 0.002 s; speed 20.370 ms/s
- Verilator: cpu 0.002 s on 1 threads; alloced 2 MB
set -o pipefail; build/obj_l2c/Vtb_l2c_chain +vectors=build/vectors_l2c_directed.txt +bp_mode=0 +stall_mode=0 \
	    +seed=232 | tee build/run_l2c_fast.log
[8] //  l2c directed

[10] //  tile blk=0 cols=8 frame_break=0

[316] //  tile blk=0 cols=8 frame_break=0

[622] //  tile blk=0 cols=8 frame_break=0

[928] //  tile blk=0 cols=8 frame_break=0

[1237] //  tile blk=5 cols=1 frame_break=0

[1290] //  tile blk=5 cols=8 frame_break=0

[1598] //  tile blk=5 cols=8 frame_break=0

[1912] //  tile blk=9 cols=8 frame_break=0

[2224] //  tile blk=10 cols=8 frame_break=0

[2536] //  tile blk=11 cols=8 frame_break=0

[2842] //  frame guard: 12-score tile, TIP aborts, ASU row unaffected

[2842] //  tile blk=11 cols=12 frame_break=1

[3296] //  tile blk=11 cols=8 frame_break=0

[3605] //  tile blk=127 cols=4 frame_break=0

L2C RESULT: cycles=3765 checks=120 errors=0
L2C PASS
- tb_l2c_chain.sv:517: Verilog $finish
- S i m u l a t i o n   R e p o r t: Verilator 5.044 2026-01-01
- Verilator: $finish at 38us; walltime 0.003 s; speed 14.740 ms/s
- Verilator: cpu 0.003 s on 1 threads; alloced 2 MB
set -o pipefail; build/obj_l2c/Vtb_l2c_chain +vectors=build/vectors_l2c_random.txt +bp_mode=2 +stall_mode=2 \
	    +seed=233 +watchdog=20000000 | tee build/run_l2c_storm.log
[8] //  l2c random

[16] //  tile blk=5 cols=2 frame_break=0

[142] //  tile blk=5 cols=4 frame_break=0

[357] //  tile blk=5 cols=6 frame_break=0

[762] //  tile blk=5 cols=6 frame_break=0

[1015] //  tile blk=5 cols=8 frame_break=0

[1766] //  tile blk=5 cols=7 frame_break=0

[2147] //  tile blk=5 cols=2 frame_break=0

[2361] //  tile blk=5 cols=1 frame_break=0

[2468] //  tile blk=28 cols=5 frame_break=0

[2720] //  tile blk=28 cols=1 frame_break=0

[2921] //  tile blk=28 cols=3 frame_break=0

[3224] //  tile blk=28 cols=3 frame_break=0

[3387] //  tile blk=28 cols=6 frame_break=0

[3781] //  tile blk=28 cols=3 frame_break=0

[4020] //  tile blk=28 cols=2 frame_break=0

[4136] //  tile blk=28 cols=6 frame_break=0

[4552] //  tile blk=84 cols=7 frame_break=0

[5069] //  tile blk=84 cols=7 frame_break=0

[5497] //  tile blk=84 cols=8 frame_break=0

[6304] //  tile blk=84 cols=3 frame_break=0

[6606] //  tile blk=84 cols=5 frame_break=0

[6909] //  tile blk=84 cols=4 frame_break=0

[7174] //  tile blk=84 cols=2 frame_break=0

[7453] //  tile blk=84 cols=2 frame_break=0

[7615] //  tile blk=18 cols=7 frame_break=0

[7997] //  tile blk=18 cols=5 frame_break=0

[8233] //  tile blk=18 cols=4 frame_break=0

[8466] //  tile blk=18 cols=5 frame_break=0

[8828] //  tile blk=18 cols=1 frame_break=0

[9029] //  tile blk=18 cols=2 frame_break=0

[9292] //  tile blk=18 cols=6 frame_break=0

[9809] //  tile blk=18 cols=8 frame_break=0

[10443] //  tile blk=4 cols=4 frame_break=0

[10746] //  tile blk=4 cols=8 frame_break=0

[11445] //  tile blk=4 cols=1 frame_break=0

[11540] //  tile blk=4 cols=6 frame_break=0

[12065] //  tile blk=4 cols=2 frame_break=0

[12210] //  tile blk=4 cols=8 frame_break=0

[12685] //  tile blk=4 cols=6 frame_break=0

[13113] //  tile blk=4 cols=4 frame_break=0

[13532] //  tile blk=9 cols=7 frame_break=0

[13933] //  tile blk=9 cols=7 frame_break=0

[14412] //  tile blk=9 cols=2 frame_break=0

[14652] //  tile blk=9 cols=8 frame_break=0

[15252] //  tile blk=9 cols=8 frame_break=0

[15702] //  tile blk=9 cols=4 frame_break=0

[15976] //  tile blk=9 cols=2 frame_break=0

[16341] //  tile blk=9 cols=8 frame_break=0

[16788] //  tile blk=118 cols=3 frame_break=0

[16958] //  tile blk=118 cols=3 frame_break=0

[17311] //  tile blk=118 cols=1 frame_break=0

[17433] //  tile blk=118 cols=3 frame_break=0

[17748] //  tile blk=118 cols=6 frame_break=0

[18082] //  tile blk=118 cols=5 frame_break=0

[18357] //  tile blk=118 cols=3 frame_break=0

[18635] //  tile blk=118 cols=3 frame_break=0

[18919] //  tile blk=45 cols=6 frame_break=0

[19155] //  tile blk=45 cols=6 frame_break=0

[19746] //  tile blk=45 cols=7 frame_break=0

[20587] //  tile blk=45 cols=4 frame_break=0

[20966] //  tile blk=45 cols=3 frame_break=0

[21144] //  tile blk=45 cols=3 frame_break=0

[21667] //  tile blk=45 cols=8 frame_break=0

[22217] //  tile blk=45 cols=7 frame_break=0

L2C RESULT: cycles=22614 checks=364 errors=0
L2C PASS
- tb_l2c_chain.sv:517: Verilog $finish
- S i m u l a t i o n   R e p o r t: Verilator 5.044 2026-01-01
- Verilator: $finish at 226us; walltime 0.011 s; speed 21.691 ms/s
- Verilator: cpu 0.010 s on 1 threads; alloced 2 MB
set -o pipefail; build/obj_l2c/Vtb_l2c_chain +vectors=build/vectors_l2c_random.txt +bp_mode=1 +stall_mode=1 \
	    +seed=234 | tee build/run_l2c_random.log
[8] //  l2c random

[16] //  tile blk=5 cols=2 frame_break=0

[111] //  tile blk=5 cols=4 frame_break=0

[275] //  tile blk=5 cols=6 frame_break=0

[517] //  tile blk=5 cols=6 frame_break=0

[758] //  tile blk=5 cols=8 frame_break=0

[1076] //  tile blk=5 cols=7 frame_break=0

[1361] //  tile blk=5 cols=2 frame_break=0

[1452] //  tile blk=5 cols=1 frame_break=0

[1508] //  tile blk=28 cols=5 frame_break=0

[1708] //  tile blk=28 cols=1 frame_break=0

[1757] //  tile blk=28 cols=3 frame_break=0

[1884] //  tile blk=28 cols=3 frame_break=0

[2014] //  tile blk=28 cols=6 frame_break=0

[2258] //  tile blk=28 cols=3 frame_break=0

[2384] //  tile blk=28 cols=2 frame_break=0

[2479] //  tile blk=28 cols=6 frame_break=0

[2725] //  tile blk=84 cols=7 frame_break=0

[3004] //  tile blk=84 cols=7 frame_break=0

[3284] //  tile blk=84 cols=8 frame_break=0

[3607] //  tile blk=84 cols=3 frame_break=0

[3739] //  tile blk=84 cols=5 frame_break=0

[3940] //  tile blk=84 cols=4 frame_break=0

[4106] //  tile blk=84 cols=2 frame_break=0

[4196] //  tile blk=84 cols=2 frame_break=0

[4290] //  tile blk=18 cols=7 frame_break=0

[4573] //  tile blk=18 cols=5 frame_break=0

[4777] //  tile blk=18 cols=4 frame_break=0

[4941] //  tile blk=18 cols=5 frame_break=0

[5148] //  tile blk=18 cols=1 frame_break=0

[5199] //  tile blk=18 cols=2 frame_break=0

[5287] //  tile blk=18 cols=6 frame_break=0

[5527] //  tile blk=18 cols=8 frame_break=0

[5846] //  tile blk=4 cols=4 frame_break=0

[6010] //  tile blk=4 cols=8 frame_break=0

[6330] //  tile blk=4 cols=1 frame_break=0

[6382] //  tile blk=4 cols=6 frame_break=0

[6630] //  tile blk=4 cols=2 frame_break=0

[6719] //  tile blk=4 cols=8 frame_break=0

[7041] //  tile blk=4 cols=6 frame_break=0

[7285] //  tile blk=4 cols=4 frame_break=0

[7455] //  tile blk=9 cols=7 frame_break=0

[7740] //  tile blk=9 cols=7 frame_break=0

[8021] //  tile blk=9 cols=2 frame_break=0

[8110] //  tile blk=9 cols=8 frame_break=0

[8430] //  tile blk=9 cols=8 frame_break=0

[8752] //  tile blk=9 cols=4 frame_break=0

[8921] //  tile blk=9 cols=2 frame_break=0

[9009] //  tile blk=9 cols=8 frame_break=0

[9331] //  tile blk=118 cols=3 frame_break=0

[9457] //  tile blk=118 cols=3 frame_break=0

[9583] //  tile blk=118 cols=1 frame_break=0

[9635] //  tile blk=118 cols=3 frame_break=0

[9764] //  tile blk=118 cols=6 frame_break=0

[10004] //  tile blk=118 cols=5 frame_break=0

[10210] //  tile blk=118 cols=3 frame_break=0

[10340] //  tile blk=118 cols=3 frame_break=0

[10473] //  tile blk=45 cols=6 frame_break=0

[10714] //  tile blk=45 cols=6 frame_break=0

[10960] //  tile blk=45 cols=7 frame_break=0

[11239] //  tile blk=45 cols=4 frame_break=0

[11412] //  tile blk=45 cols=3 frame_break=0

[11547] //  tile blk=45 cols=3 frame_break=0

[11673] //  tile blk=45 cols=8 frame_break=0

[11989] //  tile blk=45 cols=7 frame_break=0

L2C RESULT: cycles=12268 checks=364 errors=0
L2C PASS
- tb_l2c_chain.sv:517: Verilog $finish
- S i m u l a t i o n   R e p o r t: Verilator 5.044 2026-01-01
- Verilator: $finish at 123us; walltime 0.006 s; speed 21.727 ms/s
- Verilator: cpu 0.006 s on 1 threads; alloced 2 MB
set -o pipefail; build/obj_l2c/Vtb_l2c_chain +vectors=build/vectors_l2c_reset.txt +bp_mode=1 +stall_mode=0 \
	    +seed=235 | tee build/run_l2c_reset.log
[8] //  l2c reset: tile mid-flight in dequant+fork+TIP, then rst_n

[54] mid-operation reset applied
[54] //  post-reset clean set

[54] //  tile blk=3 cols=8 frame_break=0

[360] //  tile blk=3 cols=5 frame_break=0

[556] //  tile blk=3 cols=1 frame_break=0

[603] //  tile blk=3 cols=8 frame_break=0

[913] //  tile blk=3 cols=3 frame_break=0

[1034] //  tile blk=3 cols=8 frame_break=0

L2C RESULT: cycles=1341 checks=45 errors=0
L2C PASS
- tb_l2c_chain.sv:517: Verilog $finish
- S i m u l a t i o n   R e p o r t: Verilator 5.044 2026-01-01
- Verilator: $finish at 13us; walltime 0.001 s; speed 22.404 ms/s
- Verilator: cpu 0.001 s on 1 threads; alloced 2 MB
set -o pipefail; /Users/nabilabdelazizferhattaleb/.pyenv/versions/3.11.5/bin/python coverage_report.py build | tee build/coverage.txt
== Layer-2 coverage gate ==
  [ok ] l2a.chunked = 1
  [ok ] l2a.cols64 = 1
  [ok ] l2a.illegal = 2
  [ok ] l2a.jobs = 63
  [ok ] l2a.ktail = 42
  [ok ] l2a.m1 = 11
  [ok ] l2a.m8 = 9
  [ok ] l2a.n_lt8 = 42
  [ok ] l2a.neg_ext = 1
  [ok ] l2a.reset = 1
  [ok ] l2a.sat = 1
  [ok ] l2a.tail_cols = 50
  [ok ] l2b_t0.cases = 3
  [ok ] l2b_t1.cases = 4
  [ok ] l2b_t1.flush = 3
  [ok ] l2b_t1.identity = 64
  [ok ] l2b_t1.straddle_eq = 1
  [ok ] l2b_t1.straddle_gt = 2
  [ok ] l2b_t1.straddle_lt = 1
  [ok ] l2b_t1_reset.reset = 1
  [ok ] l2b_t2.cases = 6
  [ok ] l2b_t2.flush = 5
  [ok ] l2b_t2.identity = 96
  [ok ] l2b_adv_T1.acc_s = 1
  [ok ] l2b_adv_T1.cases = 1
  [ok ] l2b_adv_T1.flush = 1
  [ok ] l2b_adv_out1000.acc_s = 16
  [ok ] l2b_adv_out1000.cases = 1
  [ok ] l2b_calib_T128.acc_s = 16
  [ok ] l2b_calib_T128.cases = 1
  [ok ] l2b_calib_T70.acc_s = 9
  [ok ] l2b_calib_T70.cases = 1
  [ok ] l2b_calib_T70.flush = 1
  [ok ] l2b_calib_d128.acc_s = 13
  [ok ] l2b_calib_d128.cases = 1
  [ok ] l2b_calib_d128.flush = 1
  [ok ] l2c.blk_hi = 1
  [ok ] l2c.fp16 = 1
  [ok ] l2c.frame = 1
  [ok ] l2c.imprd = 3
  [ok ] l2c.int8 = 1
  [ok ] l2c.intmin = 1
  [ok ] l2c.reset = 1
  [ok ] l2c.single = 1
  [ok ] l2c.thr_extreme = 2
  [ok ] l2c.tiles = 83
  [ok ] l2c.zero_tile = 1
  [ok ] run_l2a_directed.log: checks=655 errors=0
  [ok ] run_l2a_fast.log: checks=655 errors=0
  [ok ] run_l2a_random.log: checks=3247 errors=0
  [ok ] run_l2a_storm.log: checks=3247 errors=0
  [ok ] run_l2a_reset.log: checks=208 errors=0
  [ok ] run_l2b_t0.log: checks=944 errors=0
  [ok ] run_l2b_t0_storm.log: checks=944 errors=0
  [ok ] run_l2b_t1.log: checks=1240 errors=0
  [ok ] run_l2b_t1_storm.log: checks=1240 errors=0
  [ok ] run_l2b_t1_reset.log: checks=190 errors=0
  [ok ] run_l2b_t2.log: checks=1816 errors=0
  [ok ] run_l2b_adv_T1.log: checks=40 errors=0
  [ok ] run_l2b_adv_out1000.log: checks=1028 errors=0
  [ok ] run_l2b_calib_T128.log: checks=1028 errors=0
  [ok ] run_l2b_calib_T70.log: checks=564 errors=0
  [ok ] run_l2b_calib_d128.log: checks=804 errors=0
  [ok ] run_l2c_directed.log: checks=120 errors=0
  [ok ] run_l2c_fast.log: checks=120 errors=0
  [ok ] run_l2c_storm.log: checks=364 errors=0
  [ok ] run_l2c_random.log: checks=364 errors=0
  [ok ] run_l2c_reset.log: checks=45 errors=0
total checks across required runs: 18863
L2 COVERAGE GATE: PASS
exit=0
