/opt/homebrew/bin/verilator --lint-only -Wall --timing --assert --timescale 1ns/1ps -I../../../verif/common -I../../../rtl/asu -I. lint_waivers.vlt --top-module apex_top ../../../rtl/apex_pkg.sv ../../../rtl/mxe/mxe_cfg_pkg.sv ../../../rtl/xbr/stream_skid.sv ../../../rtl/mxe/mxe_pe.sv ../../../rtl/mxe/mxe_array.sv ../../../rtl/mxe/mxe_buf.sv ../../../rtl/mxe/mxe_requant.sv ../../../rtl/mxe/mxe_ctrl.sv ../../../rtl/mxe/mxe_top.sv ../../../rtl/asu/asu_exp_lut.sv ../../../rtl/asu/asu_softmax.sv ../../../rtl/asu/rsqrt.sv ../../../rtl/asu/asu_rmsnorm.sv ../../../rtl/kvq/cores/cq_fp_pkg.sv ../../../rtl/kvq/cores/amax_unit.sv ../../../rtl/kvq/cores/cq_scale_unit.sv ../../../rtl/kvq/cores/cq_quant_unit.sv ../../../rtl/kvq/cores/cq_dequant_unit.sv ../../../rtl/kvq/cores/scale_bank.sv ../../../rtl/kvq/cores/residual_buffer.sv ../../../rtl/kvq/cores/sram_controller.sv ../../../rtl/kvq/cores/cq_value_path.sv ../../../rtl/kvq/cores/cq_key_path.sv ../../../rtl/kvq/kvq_engine.sv ../../../rtl/top/glue/apex_kvq_bank.sv ../../../rtl/tip/tip_decide.sv ../../../rtl/tip/tip_importance.sv ../../../rtl/tip/tip_top.sv ../../../rtl/seq/seq_walker.sv ../../../rtl/csr/csr_regs.sv ../../../rtl/seam/seam_feeder_quant.sv ../../../rtl/seam/seam_score_dequant.sv ../../../rtl/top/glue/apex_q78_to_fp32.sv ../../../rtl/top/glue/apex_lane32_ser.sv ../../../rtl/top/glue/apex_stage_buf.sv ../../../rtl/top/glue/apex_score_fork.sv ../../../rtl/top/glue/apex_scale_quant.sv ../../../rtl/top/apex_top.sv
- V e r i l a t i o n   R e p o r t: Verilator 5.044 2026-01-01 rev vUNKNOWN-built20260101
- Verilator: Built from 3.958 MB sources in 39 modules, into 18.056 MB in 35 C++ files needing 0.000 MB
- Verilator: Walltime 1.507 s (elab=0.078, cvt=1.174, bld=0.000); cpu 1.458 s on 1 threads; alloced 182.141 MB
LINT CLEAN (-Wall; waivers scoped to frozen apex_pkg + vendored files only)
mkdir -p build
set -o pipefail; /Users/nabilabdelazizferhattaleb/.pyenv/versions/3.11.5/bin/python gen_l3_vectors.py build | tee build/gen.log
case adv_T1: build=b64 T=1 D=64 checks=168 expect=pass
case adv_outlier1000: build=b64 T=128 D=64 checks=17821 expect=pass
case adv_T1_cq4p: build=b64 T=1 D=64 checks=168 expect=pass
case adv_outlier1000_cq4p: build=b64 T=128 D=64 checks=17821 expect=pass
case tip_auto_mixed: build=b64 T=32 D=64 checks=8685 expect=pass
case adv_zeroV: build=b64 T=16 D=64 checks=2253 expect=pass
case calib_d64_T128: build=b64 T=128 D=64 checks=17821 expect=pass
case calib_d64_T70: build=b64 T=70 D=64 checks=9759 expect=pass
case calib_d128_T100: build=b128 T=100 D=128 checks=27537 expect=pass
case bug_d128_stagebuf_nb: build=b128 T=4 D=128 checks=1142 expect=pass
case rand_d64_T1: build=b64 T=1 D=64 checks=170 expect=pass
case rand_d64_T2: build=b64 T=2 D=64 checks=310 expect=pass
case rand_d64_T3: build=b64 T=3 D=64 checks=450 expect=pass
case rand_d64_T5: build=b64 T=5 D=64 checks=730 expect=pass
case rand_d64_T6: build=b64 T=6 D=64 checks=870 expect=pass
case rand_d64_T8: build=b64 T=8 D=64 checks=1150 expect=pass
case rand_d64_T9: build=b64 T=9 D=64 checks=1290 expect=pass
case rand_d64_T10: build=b64 T=10 D=64 checks=1430 expect=pass
case rand_d64_T12: build=b64 T=12 D=64 checks=1710 expect=pass
case rand_d64_T16: build=b64 T=16 D=64 checks=2270 expect=pass
case rand_d64_T17: build=b64 T=17 D=64 checks=2410 expect=pass
case rand_d64_T20: build=b64 T=20 D=64 checks=2830 expect=pass
case rand_d64_T24: build=b64 T=24 D=64 checks=3390 expect=pass
case rand_d64_T28: build=b64 T=28 D=64 checks=3950 expect=pass
case rand_d64_T30: build=b64 T=30 D=64 checks=4230 expect=pass
case rand_d128_T5: build=b128 T=5 D=128 checks=1418 expect=pass
case rand_d128_T12: build=b128 T=12 D=128 checks=3350 expect=pass
INFEASIBLE: T > 128 attention rows -- F-1 envelope: apex_top T_ROW_MAX=128 (one score-dequant job == one last-framed ASU row). Raising it further is sizing + re-verification work (ASU SM_ROW_MAX=1024 headroom exists); T<=128 is the verified v0.2 envelope.
INFEASIBLE: KVQ eviction paths at tile level -- F-4: DEPTH=256 holds the full 2*T=256 records at T=128; §8's eviction obligation remains block-level only (verif/kvq sram_full).
INFEASIBLE: CQ-4+ at D=128 through the tile -- F-2 residual: MASK_FILE is one ROM per BUILD; the b128 build ships without a mask (INFO_TIER=0x3, CQ-4+ degenerates to CQ-4 there). D=128 CQ-4+ stays covered at L2 chain (b) through the real kvq_engine with its own calib mask.
INFEASIBLE: TIP decision (and thus AUTO tier update) for score tiles longer than 8 -- F-3 residual: the TIP tap is BLOCK_M=1 x BLOCK_N=8 — a T>8 last-framed tile frame-errors in TIP (sticky now W1C-clearable via ERR_STICKY 0x58); auto-mode profiling therefore uses per-block 8-score tiles (tip_auto_mixed), never the full row.
INFEASIBLE: mid-run tier switching (sub-transaction granularity) -- D-024 contract: the tier select is quasi-static per KVQ transaction run — per token (values), per group (keys), per record (reads), per block (auto mode). The engines' TIER stays a synthesis parameter; runtime control is by BANKING verified engines, honestly documented.
L3 cases: 27 total (23 b64, 4 b128), 135133 scripted checks
mkdir -p build/obj_b64 build/obj_b128
/opt/homebrew/bin/verilator --binary -Wall --timing --assert --timescale 1ns/1ps -I../../../verif/common -I../../../rtl/asu -I. lint_waivers.vlt --trace-fst -GCFG_D=64 -GG_CFG=16 \
	    -GDEPTH=256 -GOUTK=2 -GMASKF='"build/mask_l3_b64.hex"' \
	    --top-module tb_apex_l3 -Mdir build/obj_b64 \
	    ../../../rtl/apex_pkg.sv ../../../rtl/mxe/mxe_cfg_pkg.sv ../../../rtl/xbr/stream_skid.sv ../../../rtl/mxe/mxe_pe.sv ../../../rtl/mxe/mxe_array.sv ../../../rtl/mxe/mxe_buf.sv ../../../rtl/mxe/mxe_requant.sv ../../../rtl/mxe/mxe_ctrl.sv ../../../rtl/mxe/mxe_top.sv ../../../rtl/asu/asu_exp_lut.sv ../../../rtl/asu/asu_softmax.sv ../../../rtl/asu/rsqrt.sv ../../../rtl/asu/asu_rmsnorm.sv ../../../rtl/kvq/cores/cq_fp_pkg.sv ../../../rtl/kvq/cores/amax_unit.sv ../../../rtl/kvq/cores/cq_scale_unit.sv ../../../rtl/kvq/cores/cq_quant_unit.sv ../../../rtl/kvq/cores/cq_dequant_unit.sv ../../../rtl/kvq/cores/scale_bank.sv ../../../rtl/kvq/cores/residual_buffer.sv ../../../rtl/kvq/cores/sram_controller.sv ../../../rtl/kvq/cores/cq_value_path.sv ../../../rtl/kvq/cores/cq_key_path.sv ../../../rtl/kvq/kvq_engine.sv ../../../rtl/top/glue/apex_kvq_bank.sv ../../../rtl/tip/tip_decide.sv ../../../rtl/tip/tip_importance.sv ../../../rtl/tip/tip_top.sv ../../../rtl/seq/seq_walker.sv ../../../rtl/csr/csr_regs.sv ../../../rtl/seam/seam_feeder_quant.sv ../../../rtl/seam/seam_score_dequant.sv ../../../rtl/top/glue/apex_q78_to_fp32.sv ../../../rtl/top/glue/apex_lane32_ser.sv ../../../rtl/top/glue/apex_stage_buf.sv ../../../rtl/top/glue/apex_score_fork.sv ../../../rtl/top/glue/apex_scale_quant.sv ../../../rtl/top/apex_top.sv tb_apex_l3.sv
c++ -Os  -I.  -MMD -I/opt/homebrew/Cellar/verilator/5.044/share/verilator/include -I/opt/homebrew/Cellar/verilator/5.044/share/verilator/include/vltstd -DVERILATOR=1 -DVM_COVERAGE=0 -DVM_SC=0 -DVM_TIMING=1 -DVM_TRACE=1 -DVM_TRACE_FST=1 -DVM_TRACE_VCD=0 -DVM_TRACE_SAIF=0 -faligned-new -fbracket-depth=4096 -fcf-protection=none -Xclang -fno-pch-timestamp -Qunused-arguments -Wno-bool-operation -Wno-c++11-narrowing -Wno-constant-logical-operand -Wno-int-in-bool-context -Wno-non-pod-varargs -Wno-parentheses-equality -Wno-shadow -Wno-sign-compare -Wno-tautological-bitwise-compare -Wno-tautological-compare -Wno-uninitialized -Wno-unused-but-set-parameter -Wno-unused-but-set-variable -Wno-unused-parameter -Wno-unused-variable -Wno-vla-cxx-extension    -DVL_TIME_CONTEXT   -std=gnu++20 -c -o verilated.o /opt/homebrew/Cellar/verilator/5.044/share/verilator/include/verilated.cpp
warning: unknown warning option '-Wno-vla-cxx-extension'; did you mean '-Wno-vla-extension'? [-Wunknown-warning-option]
1 warning generated.
c++ -Os  -I.  -MMD -I/opt/homebrew/Cellar/verilator/5.044/share/verilator/include -I/opt/homebrew/Cellar/verilator/5.044/share/verilator/include/vltstd -DVERILATOR=1 -DVM_COVERAGE=0 -DVM_SC=0 -DVM_TIMING=1 -DVM_TRACE=1 -DVM_TRACE_FST=1 -DVM_TRACE_VCD=0 -DVM_TRACE_SAIF=0 -faligned-new -fbracket-depth=4096 -fcf-protection=none -Xclang -fno-pch-timestamp -Qunused-arguments -Wno-bool-operation -Wno-c++11-narrowing -Wno-constant-logical-operand -Wno-int-in-bool-context -Wno-non-pod-varargs -Wno-parentheses-equality -Wno-shadow -Wno-sign-compare -Wno-tautological-bitwise-compare -Wno-tautological-compare -Wno-uninitialized -Wno-unused-but-set-parameter -Wno-unused-but-set-variable -Wno-unused-parameter -Wno-unused-variable -Wno-vla-cxx-extension    -DVL_TIME_CONTEXT   -std=gnu++20 -c -o verilated_fst_c.o /opt/homebrew/Cellar/verilator/5.044/share/verilator/include/verilated_fst_c.cpp
warning: unknown warning option '-Wno-vla-cxx-extension'; did you mean '-Wno-vla-extension'? [-Wunknown-warning-option]
1 warning generated.
c++ -Os  -I.  -MMD -I/opt/homebrew/Cellar/verilator/5.044/share/verilator/include -I/opt/homebrew/Cellar/verilator/5.044/share/verilator/include/vltstd -DVERILATOR=1 -DVM_COVERAGE=0 -DVM_SC=0 -DVM_TIMING=1 -DVM_TRACE=1 -DVM_TRACE_FST=1 -DVM_TRACE_VCD=0 -DVM_TRACE_SAIF=0 -faligned-new -fbracket-depth=4096 -fcf-protection=none -Xclang -fno-pch-timestamp -Qunused-arguments -Wno-bool-operation -Wno-c++11-narrowing -Wno-constant-logical-operand -Wno-int-in-bool-context -Wno-non-pod-varargs -Wno-parentheses-equality -Wno-shadow -Wno-sign-compare -Wno-tautological-bitwise-compare -Wno-tautological-compare -Wno-uninitialized -Wno-unused-but-set-parameter -Wno-unused-but-set-variable -Wno-unused-parameter -Wno-unused-variable -Wno-vla-cxx-extension    -DVL_TIME_CONTEXT   -std=gnu++20 -c -o verilated_timing.o /opt/homebrew/Cellar/verilator/5.044/share/verilator/include/verilated_timing.cpp
warning: unknown warning option '-Wno-vla-cxx-extension'; did you mean '-Wno-vla-extension'? [-Wunknown-warning-option]
1 warning generated.
c++ -Os  -I.  -MMD -I/opt/homebrew/Cellar/verilator/5.044/share/verilator/include -I/opt/homebrew/Cellar/verilator/5.044/share/verilator/include/vltstd -DVERILATOR=1 -DVM_COVERAGE=0 -DVM_SC=0 -DVM_TIMING=1 -DVM_TRACE=1 -DVM_TRACE_FST=1 -DVM_TRACE_VCD=0 -DVM_TRACE_SAIF=0 -faligned-new -fbracket-depth=4096 -fcf-protection=none -Xclang -fno-pch-timestamp -Qunused-arguments -Wno-bool-operation -Wno-c++11-narrowing -Wno-constant-logical-operand -Wno-int-in-bool-context -Wno-non-pod-varargs -Wno-parentheses-equality -Wno-shadow -Wno-sign-compare -Wno-tautological-bitwise-compare -Wno-tautological-compare -Wno-uninitialized -Wno-unused-but-set-parameter -Wno-unused-but-set-variable -Wno-unused-parameter -Wno-unused-variable -Wno-vla-cxx-extension    -DVL_TIME_CONTEXT   -std=gnu++20 -c -o verilated_threads.o /opt/homebrew/Cellar/verilator/5.044/share/verilator/include/verilated_threads.cpp
warning: unknown warning option '-Wno-vla-cxx-extension'; did you mean '-Wno-vla-extension'? [-Wunknown-warning-option]
1 warning generated.
c++ -Os  -I.  -MMD -I/opt/homebrew/Cellar/verilator/5.044/share/verilator/include -I/opt/homebrew/Cellar/verilator/5.044/share/verilator/include/vltstd -DVERILATOR=1 -DVM_COVERAGE=0 -DVM_SC=0 -DVM_TIMING=1 -DVM_TRACE=1 -DVM_TRACE_FST=1 -DVM_TRACE_VCD=0 -DVM_TRACE_SAIF=0 -faligned-new -fbracket-depth=4096 -fcf-protection=none -Xclang -fno-pch-timestamp -Qunused-arguments -Wno-bool-operation -Wno-c++11-narrowing -Wno-constant-logical-operand -Wno-int-in-bool-context -Wno-non-pod-varargs -Wno-parentheses-equality -Wno-shadow -Wno-sign-compare -Wno-tautological-bitwise-compare -Wno-tautological-compare -Wno-uninitialized -Wno-unused-but-set-parameter -Wno-unused-but-set-variable -Wno-unused-parameter -Wno-unused-variable -Wno-vla-cxx-extension    -DVL_TIME_CONTEXT   -std=gnu++20 -x c++-header Vtb_apex_l3__pch.h -o Vtb_apex_l3__pch.h.fast.gch
warning: unknown warning option '-Wno-vla-cxx-extension'; did you mean '-Wno-vla-extension'? [-Wunknown-warning-option]
1 warning generated.
c++ -Os  -I.  -MMD -I/opt/homebrew/Cellar/verilator/5.044/share/verilator/include -I/opt/homebrew/Cellar/verilator/5.044/share/verilator/include/vltstd -DVERILATOR=1 -DVM_COVERAGE=0 -DVM_SC=0 -DVM_TIMING=1 -DVM_TRACE=1 -DVM_TRACE_FST=1 -DVM_TRACE_VCD=0 -DVM_TRACE_SAIF=0 -faligned-new -fbracket-depth=4096 -fcf-protection=none -Xclang -fno-pch-timestamp -Qunused-arguments -Wno-bool-operation -Wno-c++11-narrowing -Wno-constant-logical-operand -Wno-int-in-bool-context -Wno-non-pod-varargs -Wno-parentheses-equality -Wno-shadow -Wno-sign-compare -Wno-tautological-bitwise-compare -Wno-tautological-compare -Wno-uninitialized -Wno-unused-but-set-parameter -Wno-unused-but-set-variable -Wno-unused-parameter -Wno-unused-variable -Wno-vla-cxx-extension    -DVL_TIME_CONTEXT   -std=gnu++20 -include-pch Vtb_apex_l3__pch.h.fast.gch -c -o Vtb_apex_l3.o Vtb_apex_l3.cpp
warning: unknown warning option '-Wno-vla-cxx-extension'; did you mean '-Wno-vla-extension'? [-Wunknown-warning-option]
1 warning generated.
c++ -Os  -I.  -MMD -I/opt/homebrew/Cellar/verilator/5.044/share/verilator/include -I/opt/homebrew/Cellar/verilator/5.044/share/verilator/include/vltstd -DVERILATOR=1 -DVM_COVERAGE=0 -DVM_SC=0 -DVM_TIMING=1 -DVM_TRACE=1 -DVM_TRACE_FST=1 -DVM_TRACE_VCD=0 -DVM_TRACE_SAIF=0 -faligned-new -fbracket-depth=4096 -fcf-protection=none -Xclang -fno-pch-timestamp -Qunused-arguments -Wno-bool-operation -Wno-c++11-narrowing -Wno-constant-logical-operand -Wno-int-in-bool-context -Wno-non-pod-varargs -Wno-parentheses-equality -Wno-shadow -Wno-sign-compare -Wno-tautological-bitwise-compare -Wno-tautological-compare -Wno-uninitialized -Wno-unused-but-set-parameter -Wno-unused-but-set-variable -Wno-unused-parameter -Wno-unused-variable -Wno-vla-cxx-extension    -DVL_TIME_CONTEXT   -std=gnu++20 -include-pch Vtb_apex_l3__pch.h.fast.gch -c -o Vtb_apex_l3___024root__0.o Vtb_apex_l3___024root__0.cpp
warning: unknown warning option '-Wno-vla-cxx-extension'; did you mean '-Wno-vla-extension'? [-Wunknown-warning-option]
1 warning generated.
c++ -Os  -I.  -MMD -I/opt/homebrew/Cellar/verilator/5.044/share/verilator/include -I/opt/homebrew/Cellar/verilator/5.044/share/verilator/include/vltstd -DVERILATOR=1 -DVM_COVERAGE=0 -DVM_SC=0 -DVM_TIMING=1 -DVM_TRACE=1 -DVM_TRACE_FST=1 -DVM_TRACE_VCD=0 -DVM_TRACE_SAIF=0 -faligned-new -fbracket-depth=4096 -fcf-protection=none -Xclang -fno-pch-timestamp -Qunused-arguments -Wno-bool-operation -Wno-c++11-narrowing -Wno-constant-logical-operand -Wno-int-in-bool-context -Wno-non-pod-varargs -Wno-parentheses-equality -Wno-shadow -Wno-sign-compare -Wno-tautological-bitwise-compare -Wno-tautological-compare -Wno-uninitialized -Wno-unused-but-set-parameter -Wno-unused-but-set-variable -Wno-unused-parameter -Wno-unused-variable -Wno-vla-cxx-extension    -DVL_TIME_CONTEXT   -std=gnu++20 -include-pch Vtb_apex_l3__pch.h.fast.gch -c -o Vtb_apex_l3___024root__1.o Vtb_apex_l3___024root__1.cpp
warning: unknown warning option '-Wno-vla-cxx-extension'; did you mean '-Wno-vla-extension'? [-Wunknown-warning-option]
1 warning generated.
c++ -Os  -I.  -MMD -I/opt/homebrew/Cellar/verilator/5.044/share/verilator/include -I/opt/homebrew/Cellar/verilator/5.044/share/verilator/include/vltstd -DVERILATOR=1 -DVM_COVERAGE=0 -DVM_SC=0 -DVM_TIMING=1 -DVM_TRACE=1 -DVM_TRACE_FST=1 -DVM_TRACE_VCD=0 -DVM_TRACE_SAIF=0 -faligned-new -fbracket-depth=4096 -fcf-protection=none -Xclang -fno-pch-timestamp -Qunused-arguments -Wno-bool-operation -Wno-c++11-narrowing -Wno-constant-logical-operand -Wno-int-in-bool-context -Wno-non-pod-varargs -Wno-parentheses-equality -Wno-shadow -Wno-sign-compare -Wno-tautological-bitwise-compare -Wno-tautological-compare -Wno-uninitialized -Wno-unused-but-set-parameter -Wno-unused-but-set-variable -Wno-unused-parameter -Wno-unused-variable -Wno-vla-cxx-extension    -DVL_TIME_CONTEXT   -std=gnu++20 -include-pch Vtb_apex_l3__pch.h.fast.gch -c -o Vtb_apex_l3___024root__2.o Vtb_apex_l3___024root__2.cpp
warning: unknown warning option '-Wno-vla-cxx-extension'; did you mean '-Wno-vla-extension'? [-Wunknown-warning-option]
1 warning generated.
c++ -Os  -I.  -MMD -I/opt/homebrew/Cellar/verilator/5.044/share/verilator/include -I/opt/homebrew/Cellar/verilator/5.044/share/verilator/include/vltstd -DVERILATOR=1 -DVM_COVERAGE=0 -DVM_SC=0 -DVM_TIMING=1 -DVM_TRACE=1 -DVM_TRACE_FST=1 -DVM_TRACE_VCD=0 -DVM_TRACE_SAIF=0 -faligned-new -fbracket-depth=4096 -fcf-protection=none -Xclang -fno-pch-timestamp -Qunused-arguments -Wno-bool-operation -Wno-c++11-narrowing -Wno-constant-logical-operand -Wno-int-in-bool-context -Wno-non-pod-varargs -Wno-parentheses-equality -Wno-shadow -Wno-sign-compare -Wno-tautological-bitwise-compare -Wno-tautological-compare -Wno-uninitialized -Wno-unused-but-set-parameter -Wno-unused-but-set-variable -Wno-unused-parameter -Wno-unused-variable -Wno-vla-cxx-extension    -DVL_TIME_CONTEXT   -std=gnu++20 -include-pch Vtb_apex_l3__pch.h.fast.gch -c -o Vtb_apex_l3___024root__3.o Vtb_apex_l3___024root__3.cpp
warning: unknown warning option '-Wno-vla-cxx-extension'; did you mean '-Wno-vla-extension'? [-Wunknown-warning-option]
1 warning generated.
c++ -Os  -I.  -MMD -I/opt/homebrew/Cellar/verilator/5.044/share/verilator/include -I/opt/homebrew/Cellar/verilator/5.044/share/verilator/include/vltstd -DVERILATOR=1 -DVM_COVERAGE=0 -DVM_SC=0 -DVM_TIMING=1 -DVM_TRACE=1 -DVM_TRACE_FST=1 -DVM_TRACE_VCD=0 -DVM_TRACE_SAIF=0 -faligned-new -fbracket-depth=4096 -fcf-protection=none -Xclang -fno-pch-timestamp -Qunused-arguments -Wno-bool-operation -Wno-c++11-narrowing -Wno-constant-logical-operand -Wno-int-in-bool-context -Wno-non-pod-varargs -Wno-parentheses-equality -Wno-shadow -Wno-sign-compare -Wno-tautological-bitwise-compare -Wno-tautological-compare -Wno-uninitialized -Wno-unused-but-set-parameter -Wno-unused-but-set-variable -Wno-unused-parameter -Wno-unused-variable -Wno-vla-cxx-extension    -DVL_TIME_CONTEXT   -std=gnu++20 -include-pch Vtb_apex_l3__pch.h.fast.gch -c -o Vtb_apex_l3_cq_value_path__D40__0.o Vtb_apex_l3_cq_value_path__D40__0.cpp
warning: unknown warning option '-Wno-vla-cxx-extension'; did you mean '-Wno-vla-extension'? [-Wunknown-warning-option]
1 warning generated.
c++ -Os  -I.  -MMD -I/opt/homebrew/Cellar/verilator/5.044/share/verilator/include -I/opt/homebrew/Cellar/verilator/5.044/share/verilator/include/vltstd -DVERILATOR=1 -DVM_COVERAGE=0 -DVM_SC=0 -DVM_TIMING=1 -DVM_TRACE=1 -DVM_TRACE_FST=1 -DVM_TRACE_VCD=0 -DVM_TRACE_SAIF=0 -faligned-new -fbracket-depth=4096 -fcf-protection=none -Xclang -fno-pch-timestamp -Qunused-arguments -Wno-bool-operation -Wno-c++11-narrowing -Wno-constant-logical-operand -Wno-int-in-bool-context -Wno-non-pod-varargs -Wno-parentheses-equality -Wno-shadow -Wno-sign-compare -Wno-tautological-bitwise-compare -Wno-tautological-compare -Wno-uninitialized -Wno-unused-but-set-parameter -Wno-unused-but-set-variable -Wno-unused-parameter -Wno-unused-variable -Wno-vla-cxx-extension    -DVL_TIME_CONTEXT   -std=gnu++20 -include-pch Vtb_apex_l3__pch.h.fast.gch -c -o Vtb_apex_l3_cq_value_path__D40__1.o Vtb_apex_l3_cq_value_path__D40__1.cpp
warning: unknown warning option '-Wno-vla-cxx-extension'; did you mean '-Wno-vla-extension'? [-Wunknown-warning-option]
1 warning generated.
c++ -Os  -I.  -MMD -I/opt/homebrew/Cellar/verilator/5.044/share/verilator/include -I/opt/homebrew/Cellar/verilator/5.044/share/verilator/include/vltstd -DVERILATOR=1 -DVM_COVERAGE=0 -DVM_SC=0 -DVM_TIMING=1 -DVM_TRACE=1 -DVM_TRACE_FST=1 -DVM_TRACE_VCD=0 -DVM_TRACE_SAIF=0 -faligned-new -fbracket-depth=4096 -fcf-protection=none -Xclang -fno-pch-timestamp -Qunused-arguments -Wno-bool-operation -Wno-c++11-narrowing -Wno-constant-logical-operand -Wno-int-in-bool-context -Wno-non-pod-varargs -Wno-parentheses-equality -Wno-shadow -Wno-sign-compare -Wno-tautological-bitwise-compare -Wno-tautological-compare -Wno-uninitialized -Wno-unused-but-set-parameter -Wno-unused-but-set-variable -Wno-unused-parameter -Wno-unused-variable -Wno-vla-cxx-extension    -DVL_TIME_CONTEXT   -std=gnu++20 -include-pch Vtb_apex_l3__pch.h.fast.gch -c -o Vtb_apex_l3_cq_value_path__D40__2.o Vtb_apex_l3_cq_value_path__D40__2.cpp
warning: unknown warning option '-Wno-vla-cxx-extension'; did you mean '-Wno-vla-extension'? [-Wunknown-warning-option]
1 warning generated.
c++ -Os  -I.  -MMD -I/opt/homebrew/Cellar/verilator/5.044/share/verilator/include -I/opt/homebrew/Cellar/verilator/5.044/share/verilator/include/vltstd -DVERILATOR=1 -DVM_COVERAGE=0 -DVM_SC=0 -DVM_TIMING=1 -DVM_TRACE=1 -DVM_TRACE_FST=1 -DVM_TRACE_VCD=0 -DVM_TRACE_SAIF=0 -faligned-new -fbracket-depth=4096 -fcf-protection=none -Xclang -fno-pch-timestamp -Qunused-arguments -Wno-bool-operation -Wno-c++11-narrowing -Wno-constant-logical-operand -Wno-int-in-bool-context -Wno-non-pod-varargs -Wno-parentheses-equality -Wno-shadow -Wno-sign-compare -Wno-tautological-bitwise-compare -Wno-tautological-compare -Wno-uninitialized -Wno-unused-but-set-parameter -Wno-unused-but-set-variable -Wno-unused-parameter -Wno-unused-variable -Wno-vla-cxx-extension    -DVL_TIME_CONTEXT   -std=gnu++20 -include-pch Vtb_apex_l3__pch.h.fast.gch -c -o Vtb_apex_l3_cq_value_path__D40__3.o Vtb_apex_l3_cq_value_path__D40__3.cpp
warning: unknown warning option '-Wno-vla-cxx-extension'; did you mean '-Wno-vla-extension'? [-Wunknown-warning-option]
1 warning generated.
c++ -Os  -I.  -MMD -I/opt/homebrew/Cellar/verilator/5.044/share/verilator/include -I/opt/homebrew/Cellar/verilator/5.044/share/verilator/include/vltstd -DVERILATOR=1 -DVM_COVERAGE=0 -DVM_SC=0 -DVM_TIMING=1 -DVM_TRACE=1 -DVM_TRACE_FST=1 -DVM_TRACE_VCD=0 -DVM_TRACE_SAIF=0 -faligned-new -fbracket-depth=4096 -fcf-protection=none -Xclang -fno-pch-timestamp -Qunused-arguments -Wno-bool-operation -Wno-c++11-narrowing -Wno-constant-logical-operand -Wno-int-in-bool-context -Wno-non-pod-varargs -Wno-parentheses-equality -Wno-shadow -Wno-sign-compare -Wno-tautological-bitwise-compare -Wno-tautological-compare -Wno-uninitialized -Wno-unused-but-set-parameter -Wno-unused-but-set-variable -Wno-unused-parameter -Wno-unused-variable -Wno-vla-cxx-extension    -DVL_TIME_CONTEXT   -std=gnu++20 -include-pch Vtb_apex_l3__pch.h.fast.gch -c -o Vtb_apex_l3_cq_key_path__D40_G10__0.o Vtb_apex_l3_cq_key_path__D40_G10__0.cpp
warning: unknown warning option '-Wno-vla-cxx-extension'; did you mean '-Wno-vla-extension'? [-Wunknown-warning-option]
1 warning generated.
c++ -Os  -I.  -MMD -I/opt/homebrew/Cellar/verilator/5.044/share/verilator/include -I/opt/homebrew/Cellar/verilator/5.044/share/verilator/include/vltstd -DVERILATOR=1 -DVM_COVERAGE=0 -DVM_SC=0 -DVM_TIMING=1 -DVM_TRACE=1 -DVM_TRACE_FST=1 -DVM_TRACE_VCD=0 -DVM_TRACE_SAIF=0 -faligned-new -fbracket-depth=4096 -fcf-protection=none -Xclang -fno-pch-timestamp -Qunused-arguments -Wno-bool-operation -Wno-c++11-narrowing -Wno-constant-logical-operand -Wno-int-in-bool-context -Wno-non-pod-varargs -Wno-parentheses-equality -Wno-shadow -Wno-sign-compare -Wno-tautological-bitwise-compare -Wno-tautological-compare -Wno-uninitialized -Wno-unused-but-set-parameter -Wno-unused-but-set-variable -Wno-unused-parameter -Wno-unused-variable -Wno-vla-cxx-extension    -DVL_TIME_CONTEXT   -std=gnu++20 -include-pch Vtb_apex_l3__pch.h.fast.gch -c -o Vtb_apex_l3_cq_key_path__D40_G10__1.o Vtb_apex_l3_cq_key_path__D40_G10__1.cpp
warning: unknown warning option '-Wno-vla-cxx-extension'; did you mean '-Wno-vla-extension'? [-Wunknown-warning-option]
1 warning generated.
c++ -Os  -I.  -MMD -I/opt/homebrew/Cellar/verilator/5.044/share/verilator/include -I/opt/homebrew/Cellar/verilator/5.044/share/verilator/include/vltstd -DVERILATOR=1 -DVM_COVERAGE=0 -DVM_SC=0 -DVM_TIMING=1 -DVM_TRACE=1 -DVM_TRACE_FST=1 -DVM_TRACE_VCD=0 -DVM_TRACE_SAIF=0 -faligned-new -fbracket-depth=4096 -fcf-protection=none -Xclang -fno-pch-timestamp -Qunused-arguments -Wno-bool-operation -Wno-c++11-narrowing -Wno-constant-logical-operand -Wno-int-in-bool-context -Wno-non-pod-varargs -Wno-parentheses-equality -Wno-shadow -Wno-sign-compare -Wno-tautological-bitwise-compare -Wno-tautological-compare -Wno-uninitialized -Wno-unused-but-set-parameter -Wno-unused-but-set-variable -Wno-unused-parameter -Wno-unused-variable -Wno-vla-cxx-extension    -DVL_TIME_CONTEXT   -std=gnu++20 -include-pch Vtb_apex_l3__pch.h.fast.gch -c -o Vtb_apex_l3_cq_key_path__D40_G10__2.o Vtb_apex_l3_cq_key_path__D40_G10__2.cpp
warning: unknown warning option '-Wno-vla-cxx-extension'; did you mean '-Wno-vla-extension'? [-Wunknown-warning-option]
1 warning generated.
c++ -Os  -I.  -MMD -I/opt/homebrew/Cellar/verilator/5.044/share/verilator/include -I/opt/homebrew/Cellar/verilator/5.044/share/verilator/include/vltstd -DVERILATOR=1 -DVM_COVERAGE=0 -DVM_SC=0 -DVM_TIMING=1 -DVM_TRACE=1 -DVM_TRACE_FST=1 -DVM_TRACE_VCD=0 -DVM_TRACE_SAIF=0 -faligned-new -fbracket-depth=4096 -fcf-protection=none -Xclang -fno-pch-timestamp -Qunused-arguments -Wno-bool-operation -Wno-c++11-narrowing -Wno-constant-logical-operand -Wno-int-in-bool-context -Wno-non-pod-varargs -Wno-parentheses-equality -Wno-shadow -Wno-sign-compare -Wno-tautological-bitwise-compare -Wno-tautological-compare -Wno-uninitialized -Wno-unused-but-set-parameter -Wno-unused-but-set-variable -Wno-unused-parameter -Wno-unused-variable -Wno-vla-cxx-extension    -DVL_TIME_CONTEXT   -std=gnu++20 -include-pch Vtb_apex_l3__pch.h.fast.gch -c -o Vtb_apex_l3_cq_key_path__D40_G10__3.o Vtb_apex_l3_cq_key_path__D40_G10__3.cpp
warning: unknown warning option '-Wno-vla-cxx-extension'; did you mean '-Wno-vla-extension'? [-Wunknown-warning-option]
1 warning generated.
c++ -Os  -I.  -MMD -I/opt/homebrew/Cellar/verilator/5.044/share/verilator/include -I/opt/homebrew/Cellar/verilator/5.044/share/verilator/include/vltstd -DVERILATOR=1 -DVM_COVERAGE=0 -DVM_SC=0 -DVM_TIMING=1 -DVM_TRACE=1 -DVM_TRACE_FST=1 -DVM_TRACE_VCD=0 -DVM_TRACE_SAIF=0 -faligned-new -fbracket-depth=4096 -fcf-protection=none -Xclang -fno-pch-timestamp -Qunused-arguments -Wno-bool-operation -Wno-c++11-narrowing -Wno-constant-logical-operand -Wno-int-in-bool-context -Wno-non-pod-varargs -Wno-parentheses-equality -Wno-shadow -Wno-sign-compare -Wno-tautological-bitwise-compare -Wno-tautological-compare -Wno-uninitialized -Wno-unused-but-set-parameter -Wno-unused-but-set-variable -Wno-unused-parameter -Wno-unused-variable -Wno-vla-cxx-extension    -DVL_TIME_CONTEXT   -std=gnu++20 -include-pch Vtb_apex_l3__pch.h.fast.gch -c -o Vtb_apex_l3_cq_key_path__D40_G10__4.o Vtb_apex_l3_cq_key_path__D40_G10__4.cpp
warning: unknown warning option '-Wno-vla-cxx-extension'; did you mean '-Wno-vla-extension'? [-Wunknown-warning-option]
1 warning generated.
c++ -Os  -I.  -MMD -I/opt/homebrew/Cellar/verilator/5.044/share/verilator/include -I/opt/homebrew/Cellar/verilator/5.044/share/verilator/include/vltstd -DVERILATOR=1 -DVM_COVERAGE=0 -DVM_SC=0 -DVM_TIMING=1 -DVM_TRACE=1 -DVM_TRACE_FST=1 -DVM_TRACE_VCD=0 -DVM_TRACE_SAIF=0 -faligned-new -fbracket-depth=4096 -fcf-protection=none -Xclang -fno-pch-timestamp -Qunused-arguments -Wno-bool-operation -Wno-c++11-narrowing -Wno-constant-logical-operand -Wno-int-in-bool-context -Wno-non-pod-varargs -Wno-parentheses-equality -Wno-shadow -Wno-sign-compare -Wno-tautological-bitwise-compare -Wno-tautological-compare -Wno-uninitialized -Wno-unused-but-set-parameter -Wno-unused-but-set-variable -Wno-unused-parameter -Wno-unused-variable -Wno-vla-cxx-extension    -DVL_TIME_CONTEXT   -std=gnu++20 -include-pch Vtb_apex_l3__pch.h.fast.gch -c -o Vtb_apex_l3_cq_key_path__D40_G10__5.o Vtb_apex_l3_cq_key_path__D40_G10__5.cpp
warning: unknown warning option '-Wno-vla-cxx-extension'; did you mean '-Wno-vla-extension'? [-Wunknown-warning-option]
1 warning generated.
c++ -Os  -I.  -MMD -I/opt/homebrew/Cellar/verilator/5.044/share/verilator/include -I/opt/homebrew/Cellar/verilator/5.044/share/verilator/include/vltstd -DVERILATOR=1 -DVM_COVERAGE=0 -DVM_SC=0 -DVM_TIMING=1 -DVM_TRACE=1 -DVM_TRACE_FST=1 -DVM_TRACE_VCD=0 -DVM_TRACE_SAIF=0 -faligned-new -fbracket-depth=4096 -fcf-protection=none -Xclang -fno-pch-timestamp -Qunused-arguments -Wno-bool-operation -Wno-c++11-narrowing -Wno-constant-logical-operand -Wno-int-in-bool-context -Wno-non-pod-varargs -Wno-parentheses-equality -Wno-shadow -Wno-sign-compare -Wno-tautological-bitwise-compare -Wno-tautological-compare -Wno-uninitialized -Wno-unused-but-set-parameter -Wno-unused-but-set-variable -Wno-unused-parameter -Wno-unused-variable -Wno-vla-cxx-extension    -DVL_TIME_CONTEXT   -std=gnu++20 -include-pch Vtb_apex_l3__pch.h.fast.gch -c -o Vtb_apex_l3_cq_key_path__D40_G10__6.o Vtb_apex_l3_cq_key_path__D40_G10__6.cpp
warning: unknown warning option '-Wno-vla-cxx-extension'; did you mean '-Wno-vla-extension'? [-Wunknown-warning-option]
1 warning generated.
c++ -Os  -I.  -MMD -I/opt/homebrew/Cellar/verilator/5.044/share/verilator/include -I/opt/homebrew/Cellar/verilator/5.044/share/verilator/include/vltstd -DVERILATOR=1 -DVM_COVERAGE=0 -DVM_SC=0 -DVM_TIMING=1 -DVM_TRACE=1 -DVM_TRACE_FST=1 -DVM_TRACE_VCD=0 -DVM_TRACE_SAIF=0 -faligned-new -fbracket-depth=4096 -fcf-protection=none -Xclang -fno-pch-timestamp -Qunused-arguments -Wno-bool-operation -Wno-c++11-narrowing -Wno-constant-logical-operand -Wno-int-in-bool-context -Wno-non-pod-varargs -Wno-parentheses-equality -Wno-shadow -Wno-sign-compare -Wno-tautological-bitwise-compare -Wno-tautological-compare -Wno-uninitialized -Wno-unused-but-set-parameter -Wno-unused-but-set-variable -Wno-unused-parameter -Wno-unused-variable -Wno-vla-cxx-extension    -DVL_TIME_CONTEXT   -std=gnu++20 -include-pch Vtb_apex_l3__pch.h.fast.gch -c -o Vtb_apex_l3_cq_key_path__D40_G10__7.o Vtb_apex_l3_cq_key_path__D40_G10__7.cpp
warning: unknown warning option '-Wno-vla-cxx-extension'; did you mean '-Wno-vla-extension'? [-Wunknown-warning-option]
1 warning generated.
c++ -Os  -I.  -MMD -I/opt/homebrew/Cellar/verilator/5.044/share/verilator/include -I/opt/homebrew/Cellar/verilator/5.044/share/verilator/include/vltstd -DVERILATOR=1 -DVM_COVERAGE=0 -DVM_SC=0 -DVM_TIMING=1 -DVM_TRACE=1 -DVM_TRACE_FST=1 -DVM_TRACE_VCD=0 -DVM_TRACE_SAIF=0 -faligned-new -fbracket-depth=4096 -fcf-protection=none -Xclang -fno-pch-timestamp -Qunused-arguments -Wno-bool-operation -Wno-c++11-narrowing -Wno-constant-logical-operand -Wno-int-in-bool-context -Wno-non-pod-varargs -Wno-parentheses-equality -Wno-shadow -Wno-sign-compare -Wno-tautological-bitwise-compare -Wno-tautological-compare -Wno-uninitialized -Wno-unused-but-set-parameter -Wno-unused-but-set-variable -Wno-unused-parameter -Wno-unused-variable -Wno-vla-cxx-extension    -DVL_TIME_CONTEXT   -std=gnu++20 -include-pch Vtb_apex_l3__pch.h.fast.gch -c -o Vtb_apex_l3_cq_key_path__D40_G10__8.o Vtb_apex_l3_cq_key_path__D40_G10__8.cpp
warning: unknown warning option '-Wno-vla-cxx-extension'; did you mean '-Wno-vla-extension'? [-Wunknown-warning-option]
1 warning generated.
c++ -Os  -I.  -MMD -I/opt/homebrew/Cellar/verilator/5.044/share/verilator/include -I/opt/homebrew/Cellar/verilator/5.044/share/verilator/include/vltstd -DVERILATOR=1 -DVM_COVERAGE=0 -DVM_SC=0 -DVM_TIMING=1 -DVM_TRACE=1 -DVM_TRACE_FST=1 -DVM_TRACE_VCD=0 -DVM_TRACE_SAIF=0 -faligned-new -fbracket-depth=4096 -fcf-protection=none -Xclang -fno-pch-timestamp -Qunused-arguments -Wno-bool-operation -Wno-c++11-narrowing -Wno-constant-logical-operand -Wno-int-in-bool-context -Wno-non-pod-varargs -Wno-parentheses-equality -Wno-shadow -Wno-sign-compare -Wno-tautological-bitwise-compare -Wno-tautological-compare -Wno-uninitialized -Wno-unused-but-set-parameter -Wno-unused-but-set-variable -Wno-unused-parameter -Wno-unused-variable -Wno-vla-cxx-extension    -DVL_TIME_CONTEXT   -std=gnu++20 -include-pch Vtb_apex_l3__pch.h.fast.gch -c -o Vtb_apex_l3_cq_key_path__D40_G10__9.o Vtb_apex_l3_cq_key_path__D40_G10__9.cpp
warning: unknown warning option '-Wno-vla-cxx-extension'; did you mean '-Wno-vla-extension'? [-Wunknown-warning-option]
1 warning generated.
c++ -Os  -I.  -MMD -I/opt/homebrew/Cellar/verilator/5.044/share/verilator/include -I/opt/homebrew/Cellar/verilator/5.044/share/verilator/include/vltstd -DVERILATOR=1 -DVM_COVERAGE=0 -DVM_SC=0 -DVM_TIMING=1 -DVM_TRACE=1 -DVM_TRACE_FST=1 -DVM_TRACE_VCD=0 -DVM_TRACE_SAIF=0 -faligned-new -fbracket-depth=4096 -fcf-protection=none -Xclang -fno-pch-timestamp -Qunused-arguments -Wno-bool-operation -Wno-c++11-narrowing -Wno-constant-logical-operand -Wno-int-in-bool-context -Wno-non-pod-varargs -Wno-parentheses-equality -Wno-shadow -Wno-sign-compare -Wno-tautological-bitwise-compare -Wno-tautological-compare -Wno-uninitialized -Wno-unused-but-set-parameter -Wno-unused-but-set-variable -Wno-unused-parameter -Wno-unused-variable -Wno-vla-cxx-extension    -DVL_TIME_CONTEXT   -std=gnu++20 -include-pch Vtb_apex_l3__pch.h.fast.gch -c -o Vtb_apex_l3_cq_key_path__D40_G10__10.o Vtb_apex_l3_cq_key_path__D40_G10__10.cpp
warning: unknown warning option '-Wno-vla-cxx-extension'; did you mean '-Wno-vla-extension'? [-Wunknown-warning-option]
1 warning generated.
c++ -Os  -I.  -MMD -I/opt/homebrew/Cellar/verilator/5.044/share/verilator/include -I/opt/homebrew/Cellar/verilator/5.044/share/verilator/include/vltstd -DVERILATOR=1 -DVM_COVERAGE=0 -DVM_SC=0 -DVM_TIMING=1 -DVM_TRACE=1 -DVM_TRACE_FST=1 -DVM_TRACE_VCD=0 -DVM_TRACE_SAIF=0 -faligned-new -fbracket-depth=4096 -fcf-protection=none -Xclang -fno-pch-timestamp -Qunused-arguments -Wno-bool-operation -Wno-c++11-narrowing -Wno-constant-logical-operand -Wno-int-in-bool-context -Wno-non-pod-varargs -Wno-parentheses-equality -Wno-shadow -Wno-sign-compare -Wno-tautological-bitwise-compare -Wno-tautological-compare -Wno-uninitialized -Wno-unused-but-set-parameter -Wno-unused-but-set-variable -Wno-unused-parameter -Wno-unused-variable -Wno-vla-cxx-extension    -DVL_TIME_CONTEXT   -std=gnu++20 -include-pch Vtb_apex_l3__pch.h.fast.gch -c -o Vtb_apex_l3__main.o Vtb_apex_l3__main.cpp
warning: unknown warning option '-Wno-vla-cxx-extension'; did you mean '-Wno-vla-extension'? [-Wunknown-warning-option]
1 warning generated.
c++ -Os  -I.  -MMD -I/opt/homebrew/Cellar/verilator/5.044/share/verilator/include -I/opt/homebrew/Cellar/verilator/5.044/share/verilator/include/vltstd -DVERILATOR=1 -DVM_COVERAGE=0 -DVM_SC=0 -DVM_TIMING=1 -DVM_TRACE=1 -DVM_TRACE_FST=1 -DVM_TRACE_VCD=0 -DVM_TRACE_SAIF=0 -faligned-new -fbracket-depth=4096 -fcf-protection=none -Xclang -fno-pch-timestamp -Qunused-arguments -Wno-bool-operation -Wno-c++11-narrowing -Wno-constant-logical-operand -Wno-int-in-bool-context -Wno-non-pod-varargs -Wno-parentheses-equality -Wno-shadow -Wno-sign-compare -Wno-tautological-bitwise-compare -Wno-tautological-compare -Wno-uninitialized -Wno-unused-but-set-parameter -Wno-unused-but-set-variable -Wno-unused-parameter -Wno-unused-variable -Wno-vla-cxx-extension    -DVL_TIME_CONTEXT   -std=gnu++20 -include-pch Vtb_apex_l3__pch.h.fast.gch -c -o Vtb_apex_l3__Trace__0.o Vtb_apex_l3__Trace__0.cpp
warning: unknown warning option '-Wno-vla-cxx-extension'; did you mean '-Wno-vla-extension'? [-Wunknown-warning-option]
1 warning generated.
c++   -I.  -MMD -I/opt/homebrew/Cellar/verilator/5.044/share/verilator/include -I/opt/homebrew/Cellar/verilator/5.044/share/verilator/include/vltstd -DVERILATOR=1 -DVM_COVERAGE=0 -DVM_SC=0 -DVM_TIMING=1 -DVM_TRACE=1 -DVM_TRACE_FST=1 -DVM_TRACE_VCD=0 -DVM_TRACE_SAIF=0 -faligned-new -fbracket-depth=4096 -fcf-protection=none -Xclang -fno-pch-timestamp -Qunused-arguments -Wno-bool-operation -Wno-c++11-narrowing -Wno-constant-logical-operand -Wno-int-in-bool-context -Wno-non-pod-varargs -Wno-parentheses-equality -Wno-shadow -Wno-sign-compare -Wno-tautological-bitwise-compare -Wno-tautological-compare -Wno-uninitialized -Wno-unused-but-set-parameter -Wno-unused-but-set-variable -Wno-unused-parameter -Wno-unused-variable -Wno-vla-cxx-extension    -DVL_TIME_CONTEXT   -std=gnu++20 -x c++-header Vtb_apex_l3__pch.h -o Vtb_apex_l3__pch.h.slow.gch
warning: unknown warning option '-Wno-vla-cxx-extension'; did you mean '-Wno-vla-extension'? [-Wunknown-warning-option]
1 warning generated.
c++   -I.  -MMD -I/opt/homebrew/Cellar/verilator/5.044/share/verilator/include -I/opt/homebrew/Cellar/verilator/5.044/share/verilator/include/vltstd -DVERILATOR=1 -DVM_COVERAGE=0 -DVM_SC=0 -DVM_TIMING=1 -DVM_TRACE=1 -DVM_TRACE_FST=1 -DVM_TRACE_VCD=0 -DVM_TRACE_SAIF=0 -faligned-new -fbracket-depth=4096 -fcf-protection=none -Xclang -fno-pch-timestamp -Qunused-arguments -Wno-bool-operation -Wno-c++11-narrowing -Wno-constant-logical-operand -Wno-int-in-bool-context -Wno-non-pod-varargs -Wno-parentheses-equality -Wno-shadow -Wno-sign-compare -Wno-tautological-bitwise-compare -Wno-tautological-compare -Wno-uninitialized -Wno-unused-but-set-parameter -Wno-unused-but-set-variable -Wno-unused-parameter -Wno-unused-variable -Wno-vla-cxx-extension    -DVL_TIME_CONTEXT   -std=gnu++20 -include-pch Vtb_apex_l3__pch.h.slow.gch -c -o Vtb_apex_l3__ConstPool__0__Slow.o Vtb_apex_l3__ConstPool__0__Slow.cpp
warning: unknown warning option '-Wno-vla-cxx-extension'; did you mean '-Wno-vla-extension'? [-Wunknown-warning-option]
1 warning generated.
c++   -I.  -MMD -I/opt/homebrew/Cellar/verilator/5.044/share/verilator/include -I/opt/homebrew/Cellar/verilator/5.044/share/verilator/include/vltstd -DVERILATOR=1 -DVM_COVERAGE=0 -DVM_SC=0 -DVM_TIMING=1 -DVM_TRACE=1 -DVM_TRACE_FST=1 -DVM_TRACE_VCD=0 -DVM_TRACE_SAIF=0 -faligned-new -fbracket-depth=4096 -fcf-protection=none -Xclang -fno-pch-timestamp -Qunused-arguments -Wno-bool-operation -Wno-c++11-narrowing -Wno-constant-logical-operand -Wno-int-in-bool-context -Wno-non-pod-varargs -Wno-parentheses-equality -Wno-shadow -Wno-sign-compare -Wno-tautological-bitwise-compare -Wno-tautological-compare -Wno-uninitialized -Wno-unused-but-set-parameter -Wno-unused-but-set-variable -Wno-unused-parameter -Wno-unused-variable -Wno-vla-cxx-extension    -DVL_TIME_CONTEXT   -std=gnu++20 -include-pch Vtb_apex_l3__pch.h.slow.gch -c -o Vtb_apex_l3___024root__Slow.o Vtb_apex_l3___024root__Slow.cpp
warning: unknown warning option '-Wno-vla-cxx-extension'; did you mean '-Wno-vla-extension'? [-Wunknown-warning-option]
1 warning generated.
c++   -I.  -MMD -I/opt/homebrew/Cellar/verilator/5.044/share/verilator/include -I/opt/homebrew/Cellar/verilator/5.044/share/verilator/include/vltstd -DVERILATOR=1 -DVM_COVERAGE=0 -DVM_SC=0 -DVM_TIMING=1 -DVM_TRACE=1 -DVM_TRACE_FST=1 -DVM_TRACE_VCD=0 -DVM_TRACE_SAIF=0 -faligned-new -fbracket-depth=4096 -fcf-protection=none -Xclang -fno-pch-timestamp -Qunused-arguments -Wno-bool-operation -Wno-c++11-narrowing -Wno-constant-logical-operand -Wno-int-in-bool-context -Wno-non-pod-varargs -Wno-parentheses-equality -Wno-shadow -Wno-sign-compare -Wno-tautological-bitwise-compare -Wno-tautological-compare -Wno-uninitialized -Wno-unused-but-set-parameter -Wno-unused-but-set-variable -Wno-unused-parameter -Wno-unused-variable -Wno-vla-cxx-extension    -DVL_TIME_CONTEXT   -std=gnu++20 -include-pch Vtb_apex_l3__pch.h.slow.gch -c -o Vtb_apex_l3___024root__0__Slow.o Vtb_apex_l3___024root__0__Slow.cpp
warning: unknown warning option '-Wno-vla-cxx-extension'; did you mean '-Wno-vla-extension'? [-Wunknown-warning-option]
1 warning generated.
c++   -I.  -MMD -I/opt/homebrew/Cellar/verilator/5.044/share/verilator/include -I/opt/homebrew/Cellar/verilator/5.044/share/verilator/include/vltstd -DVERILATOR=1 -DVM_COVERAGE=0 -DVM_SC=0 -DVM_TIMING=1 -DVM_TRACE=1 -DVM_TRACE_FST=1 -DVM_TRACE_VCD=0 -DVM_TRACE_SAIF=0 -faligned-new -fbracket-depth=4096 -fcf-protection=none -Xclang -fno-pch-timestamp -Qunused-arguments -Wno-bool-operation -Wno-c++11-narrowing -Wno-constant-logical-operand -Wno-int-in-bool-context -Wno-non-pod-varargs -Wno-parentheses-equality -Wno-shadow -Wno-sign-compare -Wno-tautological-bitwise-compare -Wno-tautological-compare -Wno-uninitialized -Wno-unused-but-set-parameter -Wno-unused-but-set-variable -Wno-unused-parameter -Wno-unused-variable -Wno-vla-cxx-extension    -DVL_TIME_CONTEXT   -std=gnu++20 -include-pch Vtb_apex_l3__pch.h.slow.gch -c -o Vtb_apex_l3___024root__1__Slow.o Vtb_apex_l3___024root__1__Slow.cpp
warning: unknown warning option '-Wno-vla-cxx-extension'; did you mean '-Wno-vla-extension'? [-Wunknown-warning-option]
1 warning generated.
c++   -I.  -MMD -I/opt/homebrew/Cellar/verilator/5.044/share/verilator/include -I/opt/homebrew/Cellar/verilator/5.044/share/verilator/include/vltstd -DVERILATOR=1 -DVM_COVERAGE=0 -DVM_SC=0 -DVM_TIMING=1 -DVM_TRACE=1 -DVM_TRACE_FST=1 -DVM_TRACE_VCD=0 -DVM_TRACE_SAIF=0 -faligned-new -fbracket-depth=4096 -fcf-protection=none -Xclang -fno-pch-timestamp -Qunused-arguments -Wno-bool-operation -Wno-c++11-narrowing -Wno-constant-logical-operand -Wno-int-in-bool-context -Wno-non-pod-varargs -Wno-parentheses-equality -Wno-shadow -Wno-sign-compare -Wno-tautological-bitwise-compare -Wno-tautological-compare -Wno-uninitialized -Wno-unused-but-set-parameter -Wno-unused-but-set-variable -Wno-unused-parameter -Wno-unused-variable -Wno-vla-cxx-extension    -DVL_TIME_CONTEXT   -std=gnu++20 -include-pch Vtb_apex_l3__pch.h.slow.gch -c -o Vtb_apex_l3_cq_value_path__D40__Slow.o Vtb_apex_l3_cq_value_path__D40__Slow.cpp
warning: unknown warning option '-Wno-vla-cxx-extension'; did you mean '-Wno-vla-extension'? [-Wunknown-warning-option]
1 warning generated.
c++   -I.  -MMD -I/opt/homebrew/Cellar/verilator/5.044/share/verilator/include -I/opt/homebrew/Cellar/verilator/5.044/share/verilator/include/vltstd -DVERILATOR=1 -DVM_COVERAGE=0 -DVM_SC=0 -DVM_TIMING=1 -DVM_TRACE=1 -DVM_TRACE_FST=1 -DVM_TRACE_VCD=0 -DVM_TRACE_SAIF=0 -faligned-new -fbracket-depth=4096 -fcf-protection=none -Xclang -fno-pch-timestamp -Qunused-arguments -Wno-bool-operation -Wno-c++11-narrowing -Wno-constant-logical-operand -Wno-int-in-bool-context -Wno-non-pod-varargs -Wno-parentheses-equality -Wno-shadow -Wno-sign-compare -Wno-tautological-bitwise-compare -Wno-tautological-compare -Wno-uninitialized -Wno-unused-but-set-parameter -Wno-unused-but-set-variable -Wno-unused-parameter -Wno-unused-variable -Wno-vla-cxx-extension    -DVL_TIME_CONTEXT   -std=gnu++20 -include-pch Vtb_apex_l3__pch.h.slow.gch -c -o Vtb_apex_l3_cq_value_path__D40__0__Slow.o Vtb_apex_l3_cq_value_path__D40__0__Slow.cpp
warning: unknown warning option '-Wno-vla-cxx-extension'; did you mean '-Wno-vla-extension'? [-Wunknown-warning-option]
1 warning generated.
c++   -I.  -MMD -I/opt/homebrew/Cellar/verilator/5.044/share/verilator/include -I/opt/homebrew/Cellar/verilator/5.044/share/verilator/include/vltstd -DVERILATOR=1 -DVM_COVERAGE=0 -DVM_SC=0 -DVM_TIMING=1 -DVM_TRACE=1 -DVM_TRACE_FST=1 -DVM_TRACE_VCD=0 -DVM_TRACE_SAIF=0 -faligned-new -fbracket-depth=4096 -fcf-protection=none -Xclang -fno-pch-timestamp -Qunused-arguments -Wno-bool-operation -Wno-c++11-narrowing -Wno-constant-logical-operand -Wno-int-in-bool-context -Wno-non-pod-varargs -Wno-parentheses-equality -Wno-shadow -Wno-sign-compare -Wno-tautological-bitwise-compare -Wno-tautological-compare -Wno-uninitialized -Wno-unused-but-set-parameter -Wno-unused-but-set-variable -Wno-unused-parameter -Wno-unused-variable -Wno-vla-cxx-extension    -DVL_TIME_CONTEXT   -std=gnu++20 -include-pch Vtb_apex_l3__pch.h.slow.gch -c -o Vtb_apex_l3_cq_value_path__D40__1__Slow.o Vtb_apex_l3_cq_value_path__D40__1__Slow.cpp
warning: unknown warning option '-Wno-vla-cxx-extension'; did you mean '-Wno-vla-extension'? [-Wunknown-warning-option]
1 warning generated.
c++   -I.  -MMD -I/opt/homebrew/Cellar/verilator/5.044/share/verilator/include -I/opt/homebrew/Cellar/verilator/5.044/share/verilator/include/vltstd -DVERILATOR=1 -DVM_COVERAGE=0 -DVM_SC=0 -DVM_TIMING=1 -DVM_TRACE=1 -DVM_TRACE_FST=1 -DVM_TRACE_VCD=0 -DVM_TRACE_SAIF=0 -faligned-new -fbracket-depth=4096 -fcf-protection=none -Xclang -fno-pch-timestamp -Qunused-arguments -Wno-bool-operation -Wno-c++11-narrowing -Wno-constant-logical-operand -Wno-int-in-bool-context -Wno-non-pod-varargs -Wno-parentheses-equality -Wno-shadow -Wno-sign-compare -Wno-tautological-bitwise-compare -Wno-tautological-compare -Wno-uninitialized -Wno-unused-but-set-parameter -Wno-unused-but-set-variable -Wno-unused-parameter -Wno-unused-variable -Wno-vla-cxx-extension    -DVL_TIME_CONTEXT   -std=gnu++20 -include-pch Vtb_apex_l3__pch.h.slow.gch -c -o Vtb_apex_l3_cq_value_path__D40__2__Slow.o Vtb_apex_l3_cq_value_path__D40__2__Slow.cpp
warning: unknown warning option '-Wno-vla-cxx-extension'; did you mean '-Wno-vla-extension'? [-Wunknown-warning-option]
1 warning generated.
c++   -I.  -MMD -I/opt/homebrew/Cellar/verilator/5.044/share/verilator/include -I/opt/homebrew/Cellar/verilator/5.044/share/verilator/include/vltstd -DVERILATOR=1 -DVM_COVERAGE=0 -DVM_SC=0 -DVM_TIMING=1 -DVM_TRACE=1 -DVM_TRACE_FST=1 -DVM_TRACE_VCD=0 -DVM_TRACE_SAIF=0 -faligned-new -fbracket-depth=4096 -fcf-protection=none -Xclang -fno-pch-timestamp -Qunused-arguments -Wno-bool-operation -Wno-c++11-narrowing -Wno-constant-logical-operand -Wno-int-in-bool-context -Wno-non-pod-varargs -Wno-parentheses-equality -Wno-shadow -Wno-sign-compare -Wno-tautological-bitwise-compare -Wno-tautological-compare -Wno-uninitialized -Wno-unused-but-set-parameter -Wno-unused-but-set-variable -Wno-unused-parameter -Wno-unused-variable -Wno-vla-cxx-extension    -DVL_TIME_CONTEXT   -std=gnu++20 -include-pch Vtb_apex_l3__pch.h.slow.gch -c -o Vtb_apex_l3_cq_value_path__D40__3__Slow.o Vtb_apex_l3_cq_value_path__D40__3__Slow.cpp
warning: unknown warning option '-Wno-vla-cxx-extension'; did you mean '-Wno-vla-extension'? [-Wunknown-warning-option]
1 warning generated.
c++   -I.  -MMD -I/opt/homebrew/Cellar/verilator/5.044/share/verilator/include -I/opt/homebrew/Cellar/verilator/5.044/share/verilator/include/vltstd -DVERILATOR=1 -DVM_COVERAGE=0 -DVM_SC=0 -DVM_TIMING=1 -DVM_TRACE=1 -DVM_TRACE_FST=1 -DVM_TRACE_VCD=0 -DVM_TRACE_SAIF=0 -faligned-new -fbracket-depth=4096 -fcf-protection=none -Xclang -fno-pch-timestamp -Qunused-arguments -Wno-bool-operation -Wno-c++11-narrowing -Wno-constant-logical-operand -Wno-int-in-bool-context -Wno-non-pod-varargs -Wno-parentheses-equality -Wno-shadow -Wno-sign-compare -Wno-tautological-bitwise-compare -Wno-tautological-compare -Wno-uninitialized -Wno-unused-but-set-parameter -Wno-unused-but-set-variable -Wno-unused-parameter -Wno-unused-variable -Wno-vla-cxx-extension    -DVL_TIME_CONTEXT   -std=gnu++20 -include-pch Vtb_apex_l3__pch.h.slow.gch -c -o Vtb_apex_l3_cq_key_path__D40_G10__Slow.o Vtb_apex_l3_cq_key_path__D40_G10__Slow.cpp
warning: unknown warning option '-Wno-vla-cxx-extension'; did you mean '-Wno-vla-extension'? [-Wunknown-warning-option]
1 warning generated.
c++   -I.  -MMD -I/opt/homebrew/Cellar/verilator/5.044/share/verilator/include -I/opt/homebrew/Cellar/verilator/5.044/share/verilator/include/vltstd -DVERILATOR=1 -DVM_COVERAGE=0 -DVM_SC=0 -DVM_TIMING=1 -DVM_TRACE=1 -DVM_TRACE_FST=1 -DVM_TRACE_VCD=0 -DVM_TRACE_SAIF=0 -faligned-new -fbracket-depth=4096 -fcf-protection=none -Xclang -fno-pch-timestamp -Qunused-arguments -Wno-bool-operation -Wno-c++11-narrowing -Wno-constant-logical-operand -Wno-int-in-bool-context -Wno-non-pod-varargs -Wno-parentheses-equality -Wno-shadow -Wno-sign-compare -Wno-tautological-bitwise-compare -Wno-tautological-compare -Wno-uninitialized -Wno-unused-but-set-parameter -Wno-unused-but-set-variable -Wno-unused-parameter -Wno-unused-variable -Wno-vla-cxx-extension    -DVL_TIME_CONTEXT   -std=gnu++20 -include-pch Vtb_apex_l3__pch.h.slow.gch -c -o Vtb_apex_l3_cq_key_path__D40_G10__0__Slow.o Vtb_apex_l3_cq_key_path__D40_G10__0__Slow.cpp
warning: unknown warning option '-Wno-vla-cxx-extension'; did you mean '-Wno-vla-extension'? [-Wunknown-warning-option]
1 warning generated.
c++   -I.  -MMD -I/opt/homebrew/Cellar/verilator/5.044/share/verilator/include -I/opt/homebrew/Cellar/verilator/5.044/share/verilator/include/vltstd -DVERILATOR=1 -DVM_COVERAGE=0 -DVM_SC=0 -DVM_TIMING=1 -DVM_TRACE=1 -DVM_TRACE_FST=1 -DVM_TRACE_VCD=0 -DVM_TRACE_SAIF=0 -faligned-new -fbracket-depth=4096 -fcf-protection=none -Xclang -fno-pch-timestamp -Qunused-arguments -Wno-bool-operation -Wno-c++11-narrowing -Wno-constant-logical-operand -Wno-int-in-bool-context -Wno-non-pod-varargs -Wno-parentheses-equality -Wno-shadow -Wno-sign-compare -Wno-tautological-bitwise-compare -Wno-tautological-compare -Wno-uninitialized -Wno-unused-but-set-parameter -Wno-unused-but-set-variable -Wno-unused-parameter -Wno-unused-variable -Wno-vla-cxx-extension    -DVL_TIME_CONTEXT   -std=gnu++20 -include-pch Vtb_apex_l3__pch.h.slow.gch -c -o Vtb_apex_l3_cq_key_path__D40_G10__1__Slow.o Vtb_apex_l3_cq_key_path__D40_G10__1__Slow.cpp
warning: unknown warning option '-Wno-vla-cxx-extension'; did you mean '-Wno-vla-extension'? [-Wunknown-warning-option]
1 warning generated.
c++   -I.  -MMD -I/opt/homebrew/Cellar/verilator/5.044/share/verilator/include -I/opt/homebrew/Cellar/verilator/5.044/share/verilator/include/vltstd -DVERILATOR=1 -DVM_COVERAGE=0 -DVM_SC=0 -DVM_TIMING=1 -DVM_TRACE=1 -DVM_TRACE_FST=1 -DVM_TRACE_VCD=0 -DVM_TRACE_SAIF=0 -faligned-new -fbracket-depth=4096 -fcf-protection=none -Xclang -fno-pch-timestamp -Qunused-arguments -Wno-bool-operation -Wno-c++11-narrowing -Wno-constant-logical-operand -Wno-int-in-bool-context -Wno-non-pod-varargs -Wno-parentheses-equality -Wno-shadow -Wno-sign-compare -Wno-tautological-bitwise-compare -Wno-tautological-compare -Wno-uninitialized -Wno-unused-but-set-parameter -Wno-unused-but-set-variable -Wno-unused-parameter -Wno-unused-variable -Wno-vla-cxx-extension    -DVL_TIME_CONTEXT   -std=gnu++20 -include-pch Vtb_apex_l3__pch.h.slow.gch -c -o Vtb_apex_l3_cq_key_path__D40_G10__2__Slow.o Vtb_apex_l3_cq_key_path__D40_G10__2__Slow.cpp
warning: unknown warning option '-Wno-vla-cxx-extension'; did you mean '-Wno-vla-extension'? [-Wunknown-warning-option]
1 warning generated.
c++   -I.  -MMD -I/opt/homebrew/Cellar/verilator/5.044/share/verilator/include -I/opt/homebrew/Cellar/verilator/5.044/share/verilator/include/vltstd -DVERILATOR=1 -DVM_COVERAGE=0 -DVM_SC=0 -DVM_TIMING=1 -DVM_TRACE=1 -DVM_TRACE_FST=1 -DVM_TRACE_VCD=0 -DVM_TRACE_SAIF=0 -faligned-new -fbracket-depth=4096 -fcf-protection=none -Xclang -fno-pch-timestamp -Qunused-arguments -Wno-bool-operation -Wno-c++11-narrowing -Wno-constant-logical-operand -Wno-int-in-bool-context -Wno-non-pod-varargs -Wno-parentheses-equality -Wno-shadow -Wno-sign-compare -Wno-tautological-bitwise-compare -Wno-tautological-compare -Wno-uninitialized -Wno-unused-but-set-parameter -Wno-unused-but-set-variable -Wno-unused-parameter -Wno-unused-variable -Wno-vla-cxx-extension    -DVL_TIME_CONTEXT   -std=gnu++20 -include-pch Vtb_apex_l3__pch.h.slow.gch -c -o Vtb_apex_l3_cq_key_path__D40_G10__3__Slow.o Vtb_apex_l3_cq_key_path__D40_G10__3__Slow.cpp
warning: unknown warning option '-Wno-vla-cxx-extension'; did you mean '-Wno-vla-extension'? [-Wunknown-warning-option]
1 warning generated.
c++   -I.  -MMD -I/opt/homebrew/Cellar/verilator/5.044/share/verilator/include -I/opt/homebrew/Cellar/verilator/5.044/share/verilator/include/vltstd -DVERILATOR=1 -DVM_COVERAGE=0 -DVM_SC=0 -DVM_TIMING=1 -DVM_TRACE=1 -DVM_TRACE_FST=1 -DVM_TRACE_VCD=0 -DVM_TRACE_SAIF=0 -faligned-new -fbracket-depth=4096 -fcf-protection=none -Xclang -fno-pch-timestamp -Qunused-arguments -Wno-bool-operation -Wno-c++11-narrowing -Wno-constant-logical-operand -Wno-int-in-bool-context -Wno-non-pod-varargs -Wno-parentheses-equality -Wno-shadow -Wno-sign-compare -Wno-tautological-bitwise-compare -Wno-tautological-compare -Wno-uninitialized -Wno-unused-but-set-parameter -Wno-unused-but-set-variable -Wno-unused-parameter -Wno-unused-variable -Wno-vla-cxx-extension    -DVL_TIME_CONTEXT   -std=gnu++20 -include-pch Vtb_apex_l3__pch.h.slow.gch -c -o Vtb_apex_l3_cq_key_path__D40_G10__4__Slow.o Vtb_apex_l3_cq_key_path__D40_G10__4__Slow.cpp
warning: unknown warning option '-Wno-vla-cxx-extension'; did you mean '-Wno-vla-extension'? [-Wunknown-warning-option]
1 warning generated.
c++   -I.  -MMD -I/opt/homebrew/Cellar/verilator/5.044/share/verilator/include -I/opt/homebrew/Cellar/verilator/5.044/share/verilator/include/vltstd -DVERILATOR=1 -DVM_COVERAGE=0 -DVM_SC=0 -DVM_TIMING=1 -DVM_TRACE=1 -DVM_TRACE_FST=1 -DVM_TRACE_VCD=0 -DVM_TRACE_SAIF=0 -faligned-new -fbracket-depth=4096 -fcf-protection=none -Xclang -fno-pch-timestamp -Qunused-arguments -Wno-bool-operation -Wno-c++11-narrowing -Wno-constant-logical-operand -Wno-int-in-bool-context -Wno-non-pod-varargs -Wno-parentheses-equality -Wno-shadow -Wno-sign-compare -Wno-tautological-bitwise-compare -Wno-tautological-compare -Wno-uninitialized -Wno-unused-but-set-parameter -Wno-unused-but-set-variable -Wno-unused-parameter -Wno-unused-variable -Wno-vla-cxx-extension    -DVL_TIME_CONTEXT   -std=gnu++20 -include-pch Vtb_apex_l3__pch.h.slow.gch -c -o Vtb_apex_l3_cq_key_path__D40_G10__5__Slow.o Vtb_apex_l3_cq_key_path__D40_G10__5__Slow.cpp
warning: unknown warning option '-Wno-vla-cxx-extension'; did you mean '-Wno-vla-extension'? [-Wunknown-warning-option]
1 warning generated.
c++   -I.  -MMD -I/opt/homebrew/Cellar/verilator/5.044/share/verilator/include -I/opt/homebrew/Cellar/verilator/5.044/share/verilator/include/vltstd -DVERILATOR=1 -DVM_COVERAGE=0 -DVM_SC=0 -DVM_TIMING=1 -DVM_TRACE=1 -DVM_TRACE_FST=1 -DVM_TRACE_VCD=0 -DVM_TRACE_SAIF=0 -faligned-new -fbracket-depth=4096 -fcf-protection=none -Xclang -fno-pch-timestamp -Qunused-arguments -Wno-bool-operation -Wno-c++11-narrowing -Wno-constant-logical-operand -Wno-int-in-bool-context -Wno-non-pod-varargs -Wno-parentheses-equality -Wno-shadow -Wno-sign-compare -Wno-tautological-bitwise-compare -Wno-tautological-compare -Wno-uninitialized -Wno-unused-but-set-parameter -Wno-unused-but-set-variable -Wno-unused-parameter -Wno-unused-variable -Wno-vla-cxx-extension    -DVL_TIME_CONTEXT   -std=gnu++20 -include-pch Vtb_apex_l3__pch.h.slow.gch -c -o Vtb_apex_l3_cq_key_path__D40_G10__6__Slow.o Vtb_apex_l3_cq_key_path__D40_G10__6__Slow.cpp
warning: unknown warning option '-Wno-vla-cxx-extension'; did you mean '-Wno-vla-extension'? [-Wunknown-warning-option]
1 warning generated.
c++   -I.  -MMD -I/opt/homebrew/Cellar/verilator/5.044/share/verilator/include -I/opt/homebrew/Cellar/verilator/5.044/share/verilator/include/vltstd -DVERILATOR=1 -DVM_COVERAGE=0 -DVM_SC=0 -DVM_TIMING=1 -DVM_TRACE=1 -DVM_TRACE_FST=1 -DVM_TRACE_VCD=0 -DVM_TRACE_SAIF=0 -faligned-new -fbracket-depth=4096 -fcf-protection=none -Xclang -fno-pch-timestamp -Qunused-arguments -Wno-bool-operation -Wno-c++11-narrowing -Wno-constant-logical-operand -Wno-int-in-bool-context -Wno-non-pod-varargs -Wno-parentheses-equality -Wno-shadow -Wno-sign-compare -Wno-tautological-bitwise-compare -Wno-tautological-compare -Wno-uninitialized -Wno-unused-but-set-parameter -Wno-unused-but-set-variable -Wno-unused-parameter -Wno-unused-variable -Wno-vla-cxx-extension    -DVL_TIME_CONTEXT   -std=gnu++20 -include-pch Vtb_apex_l3__pch.h.slow.gch -c -o Vtb_apex_l3_cq_key_path__D40_G10__7__Slow.o Vtb_apex_l3_cq_key_path__D40_G10__7__Slow.cpp
warning: unknown warning option '-Wno-vla-cxx-extension'; did you mean '-Wno-vla-extension'? [-Wunknown-warning-option]
1 warning generated.
c++   -I.  -MMD -I/opt/homebrew/Cellar/verilator/5.044/share/verilator/include -I/opt/homebrew/Cellar/verilator/5.044/share/verilator/include/vltstd -DVERILATOR=1 -DVM_COVERAGE=0 -DVM_SC=0 -DVM_TIMING=1 -DVM_TRACE=1 -DVM_TRACE_FST=1 -DVM_TRACE_VCD=0 -DVM_TRACE_SAIF=0 -faligned-new -fbracket-depth=4096 -fcf-protection=none -Xclang -fno-pch-timestamp -Qunused-arguments -Wno-bool-operation -Wno-c++11-narrowing -Wno-constant-logical-operand -Wno-int-in-bool-context -Wno-non-pod-varargs -Wno-parentheses-equality -Wno-shadow -Wno-sign-compare -Wno-tautological-bitwise-compare -Wno-tautological-compare -Wno-uninitialized -Wno-unused-but-set-parameter -Wno-unused-but-set-variable -Wno-unused-parameter -Wno-unused-variable -Wno-vla-cxx-extension    -DVL_TIME_CONTEXT   -std=gnu++20 -include-pch Vtb_apex_l3__pch.h.slow.gch -c -o Vtb_apex_l3_cq_key_path__D40_G10__8__Slow.o Vtb_apex_l3_cq_key_path__D40_G10__8__Slow.cpp
warning: unknown warning option '-Wno-vla-cxx-extension'; did you mean '-Wno-vla-extension'? [-Wunknown-warning-option]
1 warning generated.
c++   -I.  -MMD -I/opt/homebrew/Cellar/verilator/5.044/share/verilator/include -I/opt/homebrew/Cellar/verilator/5.044/share/verilator/include/vltstd -DVERILATOR=1 -DVM_COVERAGE=0 -DVM_SC=0 -DVM_TIMING=1 -DVM_TRACE=1 -DVM_TRACE_FST=1 -DVM_TRACE_VCD=0 -DVM_TRACE_SAIF=0 -faligned-new -fbracket-depth=4096 -fcf-protection=none -Xclang -fno-pch-timestamp -Qunused-arguments -Wno-bool-operation -Wno-c++11-narrowing -Wno-constant-logical-operand -Wno-int-in-bool-context -Wno-non-pod-varargs -Wno-parentheses-equality -Wno-shadow -Wno-sign-compare -Wno-tautological-bitwise-compare -Wno-tautological-compare -Wno-uninitialized -Wno-unused-but-set-parameter -Wno-unused-but-set-variable -Wno-unused-parameter -Wno-unused-variable -Wno-vla-cxx-extension    -DVL_TIME_CONTEXT   -std=gnu++20 -include-pch Vtb_apex_l3__pch.h.slow.gch -c -o Vtb_apex_l3_cq_key_path__D40_G10__9__Slow.o Vtb_apex_l3_cq_key_path__D40_G10__9__Slow.cpp
warning: unknown warning option '-Wno-vla-cxx-extension'; did you mean '-Wno-vla-extension'? [-Wunknown-warning-option]
1 warning generated.
c++   -I.  -MMD -I/opt/homebrew/Cellar/verilator/5.044/share/verilator/include -I/opt/homebrew/Cellar/verilator/5.044/share/verilator/include/vltstd -DVERILATOR=1 -DVM_COVERAGE=0 -DVM_SC=0 -DVM_TIMING=1 -DVM_TRACE=1 -DVM_TRACE_FST=1 -DVM_TRACE_VCD=0 -DVM_TRACE_SAIF=0 -faligned-new -fbracket-depth=4096 -fcf-protection=none -Xclang -fno-pch-timestamp -Qunused-arguments -Wno-bool-operation -Wno-c++11-narrowing -Wno-constant-logical-operand -Wno-int-in-bool-context -Wno-non-pod-varargs -Wno-parentheses-equality -Wno-shadow -Wno-sign-compare -Wno-tautological-bitwise-compare -Wno-tautological-compare -Wno-uninitialized -Wno-unused-but-set-parameter -Wno-unused-but-set-variable -Wno-unused-parameter -Wno-unused-variable -Wno-vla-cxx-extension    -DVL_TIME_CONTEXT   -std=gnu++20 -include-pch Vtb_apex_l3__pch.h.slow.gch -c -o Vtb_apex_l3_cq_key_path__D40_G10__10__Slow.o Vtb_apex_l3_cq_key_path__D40_G10__10__Slow.cpp
warning: unknown warning option '-Wno-vla-cxx-extension'; did you mean '-Wno-vla-extension'? [-Wunknown-warning-option]
1 warning generated.
c++   -I.  -MMD -I/opt/homebrew/Cellar/verilator/5.044/share/verilator/include -I/opt/homebrew/Cellar/verilator/5.044/share/verilator/include/vltstd -DVERILATOR=1 -DVM_COVERAGE=0 -DVM_SC=0 -DVM_TIMING=1 -DVM_TRACE=1 -DVM_TRACE_FST=1 -DVM_TRACE_VCD=0 -DVM_TRACE_SAIF=0 -faligned-new -fbracket-depth=4096 -fcf-protection=none -Xclang -fno-pch-timestamp -Qunused-arguments -Wno-bool-operation -Wno-c++11-narrowing -Wno-constant-logical-operand -Wno-int-in-bool-context -Wno-non-pod-varargs -Wno-parentheses-equality -Wno-shadow -Wno-sign-compare -Wno-tautological-bitwise-compare -Wno-tautological-compare -Wno-uninitialized -Wno-unused-but-set-parameter -Wno-unused-but-set-variable -Wno-unused-parameter -Wno-unused-variable -Wno-vla-cxx-extension    -DVL_TIME_CONTEXT   -std=gnu++20 -include-pch Vtb_apex_l3__pch.h.slow.gch -c -o Vtb_apex_l3__Syms__Slow.o Vtb_apex_l3__Syms__Slow.cpp
warning: unknown warning option '-Wno-vla-cxx-extension'; did you mean '-Wno-vla-extension'? [-Wunknown-warning-option]
1 warning generated.
c++   -I.  -MMD -I/opt/homebrew/Cellar/verilator/5.044/share/verilator/include -I/opt/homebrew/Cellar/verilator/5.044/share/verilator/include/vltstd -DVERILATOR=1 -DVM_COVERAGE=0 -DVM_SC=0 -DVM_TIMING=1 -DVM_TRACE=1 -DVM_TRACE_FST=1 -DVM_TRACE_VCD=0 -DVM_TRACE_SAIF=0 -faligned-new -fbracket-depth=4096 -fcf-protection=none -Xclang -fno-pch-timestamp -Qunused-arguments -Wno-bool-operation -Wno-c++11-narrowing -Wno-constant-logical-operand -Wno-int-in-bool-context -Wno-non-pod-varargs -Wno-parentheses-equality -Wno-shadow -Wno-sign-compare -Wno-tautological-bitwise-compare -Wno-tautological-compare -Wno-uninitialized -Wno-unused-but-set-parameter -Wno-unused-but-set-variable -Wno-unused-parameter -Wno-unused-variable -Wno-vla-cxx-extension    -DVL_TIME_CONTEXT   -std=gnu++20 -include-pch Vtb_apex_l3__pch.h.slow.gch -c -o Vtb_apex_l3__Trace__0__Slow.o Vtb_apex_l3__Trace__0__Slow.cpp
warning: unknown warning option '-Wno-vla-cxx-extension'; did you mean '-Wno-vla-extension'? [-Wunknown-warning-option]
1 warning generated.
c++   -I.  -MMD -I/opt/homebrew/Cellar/verilator/5.044/share/verilator/include -I/opt/homebrew/Cellar/verilator/5.044/share/verilator/include/vltstd -DVERILATOR=1 -DVM_COVERAGE=0 -DVM_SC=0 -DVM_TIMING=1 -DVM_TRACE=1 -DVM_TRACE_FST=1 -DVM_TRACE_VCD=0 -DVM_TRACE_SAIF=0 -faligned-new -fbracket-depth=4096 -fcf-protection=none -Xclang -fno-pch-timestamp -Qunused-arguments -Wno-bool-operation -Wno-c++11-narrowing -Wno-constant-logical-operand -Wno-int-in-bool-context -Wno-non-pod-varargs -Wno-parentheses-equality -Wno-shadow -Wno-sign-compare -Wno-tautological-bitwise-compare -Wno-tautological-compare -Wno-uninitialized -Wno-unused-but-set-parameter -Wno-unused-but-set-variable -Wno-unused-parameter -Wno-unused-variable -Wno-vla-cxx-extension    -DVL_TIME_CONTEXT   -std=gnu++20 -include-pch Vtb_apex_l3__pch.h.slow.gch -c -o Vtb_apex_l3__TraceDecls__0__Slow.o Vtb_apex_l3__TraceDecls__0__Slow.cpp
warning: unknown warning option '-Wno-vla-cxx-extension'; did you mean '-Wno-vla-extension'? [-Wunknown-warning-option]
1 warning generated.
c++  -Wl,-U,__Z15vl_time_stamp64v,-U,__Z13sc_time_stampv   verilated.o verilated_fst_c.o verilated_timing.o verilated_threads.o Vtb_apex_l3__ALL.a   -lz  -pthread -lpthread   -o Vtb_apex_l3
rm Vtb_apex_l3__ALL.verilator_deplist.tmp
- V e r i l a t i o n   R e p o r t: Verilator 5.044 2026-01-01 rev vUNKNOWN-built20260101
- Verilator: Built from 4.245 MB sources in 42 modules, into 24.544 MB in 46 C++ files needing 0.019 MB
- Verilator: Walltime 24.628 s (elab=0.043, cvt=1.731, bld=22.525); cpu 2.088 s on 1 threads; alloced 207.781 MB
/opt/homebrew/bin/verilator --binary -Wall --timing --assert --timescale 1ns/1ps -I../../../verif/common -I../../../rtl/asu -I. lint_waivers.vlt --trace-fst -GCFG_D=128 -GG_CFG=16 \
	    -GDEPTH=256 --top-module tb_apex_l3 -Mdir build/obj_b128 \
	    ../../../rtl/apex_pkg.sv ../../../rtl/mxe/mxe_cfg_pkg.sv ../../../rtl/xbr/stream_skid.sv ../../../rtl/mxe/mxe_pe.sv ../../../rtl/mxe/mxe_array.sv ../../../rtl/mxe/mxe_buf.sv ../../../rtl/mxe/mxe_requant.sv ../../../rtl/mxe/mxe_ctrl.sv ../../../rtl/mxe/mxe_top.sv ../../../rtl/asu/asu_exp_lut.sv ../../../rtl/asu/asu_softmax.sv ../../../rtl/asu/rsqrt.sv ../../../rtl/asu/asu_rmsnorm.sv ../../../rtl/kvq/cores/cq_fp_pkg.sv ../../../rtl/kvq/cores/amax_unit.sv ../../../rtl/kvq/cores/cq_scale_unit.sv ../../../rtl/kvq/cores/cq_quant_unit.sv ../../../rtl/kvq/cores/cq_dequant_unit.sv ../../../rtl/kvq/cores/scale_bank.sv ../../../rtl/kvq/cores/residual_buffer.sv ../../../rtl/kvq/cores/sram_controller.sv ../../../rtl/kvq/cores/cq_value_path.sv ../../../rtl/kvq/cores/cq_key_path.sv ../../../rtl/kvq/kvq_engine.sv ../../../rtl/top/glue/apex_kvq_bank.sv ../../../rtl/tip/tip_decide.sv ../../../rtl/tip/tip_importance.sv ../../../rtl/tip/tip_top.sv ../../../rtl/seq/seq_walker.sv ../../../rtl/csr/csr_regs.sv ../../../rtl/seam/seam_feeder_quant.sv ../../../rtl/seam/seam_score_dequant.sv ../../../rtl/top/glue/apex_q78_to_fp32.sv ../../../rtl/top/glue/apex_lane32_ser.sv ../../../rtl/top/glue/apex_stage_buf.sv ../../../rtl/top/glue/apex_score_fork.sv ../../../rtl/top/glue/apex_scale_quant.sv ../../../rtl/top/apex_top.sv tb_apex_l3.sv
c++ -Os  -I.  -MMD -I/opt/homebrew/Cellar/verilator/5.044/share/verilator/include -I/opt/homebrew/Cellar/verilator/5.044/share/verilator/include/vltstd -DVERILATOR=1 -DVM_COVERAGE=0 -DVM_SC=0 -DVM_TIMING=1 -DVM_TRACE=1 -DVM_TRACE_FST=1 -DVM_TRACE_VCD=0 -DVM_TRACE_SAIF=0 -faligned-new -fbracket-depth=4096 -fcf-protection=none -Xclang -fno-pch-timestamp -Qunused-arguments -Wno-bool-operation -Wno-c++11-narrowing -Wno-constant-logical-operand -Wno-int-in-bool-context -Wno-non-pod-varargs -Wno-parentheses-equality -Wno-shadow -Wno-sign-compare -Wno-tautological-bitwise-compare -Wno-tautological-compare -Wno-uninitialized -Wno-unused-but-set-parameter -Wno-unused-but-set-variable -Wno-unused-parameter -Wno-unused-variable -Wno-vla-cxx-extension    -DVL_TIME_CONTEXT   -std=gnu++20 -c -o verilated.o /opt/homebrew/Cellar/verilator/5.044/share/verilator/include/verilated.cpp
warning: unknown warning option '-Wno-vla-cxx-extension'; did you mean '-Wno-vla-extension'? [-Wunknown-warning-option]
1 warning generated.
c++ -Os  -I.  -MMD -I/opt/homebrew/Cellar/verilator/5.044/share/verilator/include -I/opt/homebrew/Cellar/verilator/5.044/share/verilator/include/vltstd -DVERILATOR=1 -DVM_COVERAGE=0 -DVM_SC=0 -DVM_TIMING=1 -DVM_TRACE=1 -DVM_TRACE_FST=1 -DVM_TRACE_VCD=0 -DVM_TRACE_SAIF=0 -faligned-new -fbracket-depth=4096 -fcf-protection=none -Xclang -fno-pch-timestamp -Qunused-arguments -Wno-bool-operation -Wno-c++11-narrowing -Wno-constant-logical-operand -Wno-int-in-bool-context -Wno-non-pod-varargs -Wno-parentheses-equality -Wno-shadow -Wno-sign-compare -Wno-tautological-bitwise-compare -Wno-tautological-compare -Wno-uninitialized -Wno-unused-but-set-parameter -Wno-unused-but-set-variable -Wno-unused-parameter -Wno-unused-variable -Wno-vla-cxx-extension    -DVL_TIME_CONTEXT   -std=gnu++20 -c -o verilated_fst_c.o /opt/homebrew/Cellar/verilator/5.044/share/verilator/include/verilated_fst_c.cpp
warning: unknown warning option '-Wno-vla-cxx-extension'; did you mean '-Wno-vla-extension'? [-Wunknown-warning-option]
1 warning generated.
c++ -Os  -I.  -MMD -I/opt/homebrew/Cellar/verilator/5.044/share/verilator/include -I/opt/homebrew/Cellar/verilator/5.044/share/verilator/include/vltstd -DVERILATOR=1 -DVM_COVERAGE=0 -DVM_SC=0 -DVM_TIMING=1 -DVM_TRACE=1 -DVM_TRACE_FST=1 -DVM_TRACE_VCD=0 -DVM_TRACE_SAIF=0 -faligned-new -fbracket-depth=4096 -fcf-protection=none -Xclang -fno-pch-timestamp -Qunused-arguments -Wno-bool-operation -Wno-c++11-narrowing -Wno-constant-logical-operand -Wno-int-in-bool-context -Wno-non-pod-varargs -Wno-parentheses-equality -Wno-shadow -Wno-sign-compare -Wno-tautological-bitwise-compare -Wno-tautological-compare -Wno-uninitialized -Wno-unused-but-set-parameter -Wno-unused-but-set-variable -Wno-unused-parameter -Wno-unused-variable -Wno-vla-cxx-extension    -DVL_TIME_CONTEXT   -std=gnu++20 -c -o verilated_timing.o /opt/homebrew/Cellar/verilator/5.044/share/verilator/include/verilated_timing.cpp
warning: unknown warning option '-Wno-vla-cxx-extension'; did you mean '-Wno-vla-extension'? [-Wunknown-warning-option]
1 warning generated.
c++ -Os  -I.  -MMD -I/opt/homebrew/Cellar/verilator/5.044/share/verilator/include -I/opt/homebrew/Cellar/verilator/5.044/share/verilator/include/vltstd -DVERILATOR=1 -DVM_COVERAGE=0 -DVM_SC=0 -DVM_TIMING=1 -DVM_TRACE=1 -DVM_TRACE_FST=1 -DVM_TRACE_VCD=0 -DVM_TRACE_SAIF=0 -faligned-new -fbracket-depth=4096 -fcf-protection=none -Xclang -fno-pch-timestamp -Qunused-arguments -Wno-bool-operation -Wno-c++11-narrowing -Wno-constant-logical-operand -Wno-int-in-bool-context -Wno-non-pod-varargs -Wno-parentheses-equality -Wno-shadow -Wno-sign-compare -Wno-tautological-bitwise-compare -Wno-tautological-compare -Wno-uninitialized -Wno-unused-but-set-parameter -Wno-unused-but-set-variable -Wno-unused-parameter -Wno-unused-variable -Wno-vla-cxx-extension    -DVL_TIME_CONTEXT   -std=gnu++20 -c -o verilated_threads.o /opt/homebrew/Cellar/verilator/5.044/share/verilator/include/verilated_threads.cpp
warning: unknown warning option '-Wno-vla-cxx-extension'; did you mean '-Wno-vla-extension'? [-Wunknown-warning-option]
1 warning generated.
c++ -Os  -I.  -MMD -I/opt/homebrew/Cellar/verilator/5.044/share/verilator/include -I/opt/homebrew/Cellar/verilator/5.044/share/verilator/include/vltstd -DVERILATOR=1 -DVM_COVERAGE=0 -DVM_SC=0 -DVM_TIMING=1 -DVM_TRACE=1 -DVM_TRACE_FST=1 -DVM_TRACE_VCD=0 -DVM_TRACE_SAIF=0 -faligned-new -fbracket-depth=4096 -fcf-protection=none -Xclang -fno-pch-timestamp -Qunused-arguments -Wno-bool-operation -Wno-c++11-narrowing -Wno-constant-logical-operand -Wno-int-in-bool-context -Wno-non-pod-varargs -Wno-parentheses-equality -Wno-shadow -Wno-sign-compare -Wno-tautological-bitwise-compare -Wno-tautological-compare -Wno-uninitialized -Wno-unused-but-set-parameter -Wno-unused-but-set-variable -Wno-unused-parameter -Wno-unused-variable -Wno-vla-cxx-extension    -DVL_TIME_CONTEXT   -std=gnu++20 -x c++-header Vtb_apex_l3__pch.h -o Vtb_apex_l3__pch.h.fast.gch
warning: unknown warning option '-Wno-vla-cxx-extension'; did you mean '-Wno-vla-extension'? [-Wunknown-warning-option]
1 warning generated.
c++ -Os  -I.  -MMD -I/opt/homebrew/Cellar/verilator/5.044/share/verilator/include -I/opt/homebrew/Cellar/verilator/5.044/share/verilator/include/vltstd -DVERILATOR=1 -DVM_COVERAGE=0 -DVM_SC=0 -DVM_TIMING=1 -DVM_TRACE=1 -DVM_TRACE_FST=1 -DVM_TRACE_VCD=0 -DVM_TRACE_SAIF=0 -faligned-new -fbracket-depth=4096 -fcf-protection=none -Xclang -fno-pch-timestamp -Qunused-arguments -Wno-bool-operation -Wno-c++11-narrowing -Wno-constant-logical-operand -Wno-int-in-bool-context -Wno-non-pod-varargs -Wno-parentheses-equality -Wno-shadow -Wno-sign-compare -Wno-tautological-bitwise-compare -Wno-tautological-compare -Wno-uninitialized -Wno-unused-but-set-parameter -Wno-unused-but-set-variable -Wno-unused-parameter -Wno-unused-variable -Wno-vla-cxx-extension    -DVL_TIME_CONTEXT   -std=gnu++20 -include-pch Vtb_apex_l3__pch.h.fast.gch -c -o Vtb_apex_l3.o Vtb_apex_l3.cpp
warning: unknown warning option '-Wno-vla-cxx-extension'; did you mean '-Wno-vla-extension'? [-Wunknown-warning-option]
1 warning generated.
c++ -Os  -I.  -MMD -I/opt/homebrew/Cellar/verilator/5.044/share/verilator/include -I/opt/homebrew/Cellar/verilator/5.044/share/verilator/include/vltstd -DVERILATOR=1 -DVM_COVERAGE=0 -DVM_SC=0 -DVM_TIMING=1 -DVM_TRACE=1 -DVM_TRACE_FST=1 -DVM_TRACE_VCD=0 -DVM_TRACE_SAIF=0 -faligned-new -fbracket-depth=4096 -fcf-protection=none -Xclang -fno-pch-timestamp -Qunused-arguments -Wno-bool-operation -Wno-c++11-narrowing -Wno-constant-logical-operand -Wno-int-in-bool-context -Wno-non-pod-varargs -Wno-parentheses-equality -Wno-shadow -Wno-sign-compare -Wno-tautological-bitwise-compare -Wno-tautological-compare -Wno-uninitialized -Wno-unused-but-set-parameter -Wno-unused-but-set-variable -Wno-unused-parameter -Wno-unused-variable -Wno-vla-cxx-extension    -DVL_TIME_CONTEXT   -std=gnu++20 -include-pch Vtb_apex_l3__pch.h.fast.gch -c -o Vtb_apex_l3___024root__0.o Vtb_apex_l3___024root__0.cpp
warning: unknown warning option '-Wno-vla-cxx-extension'; did you mean '-Wno-vla-extension'? [-Wunknown-warning-option]
1 warning generated.
c++ -Os  -I.  -MMD -I/opt/homebrew/Cellar/verilator/5.044/share/verilator/include -I/opt/homebrew/Cellar/verilator/5.044/share/verilator/include/vltstd -DVERILATOR=1 -DVM_COVERAGE=0 -DVM_SC=0 -DVM_TIMING=1 -DVM_TRACE=1 -DVM_TRACE_FST=1 -DVM_TRACE_VCD=0 -DVM_TRACE_SAIF=0 -faligned-new -fbracket-depth=4096 -fcf-protection=none -Xclang -fno-pch-timestamp -Qunused-arguments -Wno-bool-operation -Wno-c++11-narrowing -Wno-constant-logical-operand -Wno-int-in-bool-context -Wno-non-pod-varargs -Wno-parentheses-equality -Wno-shadow -Wno-sign-compare -Wno-tautological-bitwise-compare -Wno-tautological-compare -Wno-uninitialized -Wno-unused-but-set-parameter -Wno-unused-but-set-variable -Wno-unused-parameter -Wno-unused-variable -Wno-vla-cxx-extension    -DVL_TIME_CONTEXT   -std=gnu++20 -include-pch Vtb_apex_l3__pch.h.fast.gch -c -o Vtb_apex_l3___024root__1.o Vtb_apex_l3___024root__1.cpp
warning: unknown warning option '-Wno-vla-cxx-extension'; did you mean '-Wno-vla-extension'? [-Wunknown-warning-option]
1 warning generated.
c++ -Os  -I.  -MMD -I/opt/homebrew/Cellar/verilator/5.044/share/verilator/include -I/opt/homebrew/Cellar/verilator/5.044/share/verilator/include/vltstd -DVERILATOR=1 -DVM_COVERAGE=0 -DVM_SC=0 -DVM_TIMING=1 -DVM_TRACE=1 -DVM_TRACE_FST=1 -DVM_TRACE_VCD=0 -DVM_TRACE_SAIF=0 -faligned-new -fbracket-depth=4096 -fcf-protection=none -Xclang -fno-pch-timestamp -Qunused-arguments -Wno-bool-operation -Wno-c++11-narrowing -Wno-constant-logical-operand -Wno-int-in-bool-context -Wno-non-pod-varargs -Wno-parentheses-equality -Wno-shadow -Wno-sign-compare -Wno-tautological-bitwise-compare -Wno-tautological-compare -Wno-uninitialized -Wno-unused-but-set-parameter -Wno-unused-but-set-variable -Wno-unused-parameter -Wno-unused-variable -Wno-vla-cxx-extension    -DVL_TIME_CONTEXT   -std=gnu++20 -include-pch Vtb_apex_l3__pch.h.fast.gch -c -o Vtb_apex_l3___024root__2.o Vtb_apex_l3___024root__2.cpp
warning: unknown warning option '-Wno-vla-cxx-extension'; did you mean '-Wno-vla-extension'? [-Wunknown-warning-option]
1 warning generated.
c++ -Os  -I.  -MMD -I/opt/homebrew/Cellar/verilator/5.044/share/verilator/include -I/opt/homebrew/Cellar/verilator/5.044/share/verilator/include/vltstd -DVERILATOR=1 -DVM_COVERAGE=0 -DVM_SC=0 -DVM_TIMING=1 -DVM_TRACE=1 -DVM_TRACE_FST=1 -DVM_TRACE_VCD=0 -DVM_TRACE_SAIF=0 -faligned-new -fbracket-depth=4096 -fcf-protection=none -Xclang -fno-pch-timestamp -Qunused-arguments -Wno-bool-operation -Wno-c++11-narrowing -Wno-constant-logical-operand -Wno-int-in-bool-context -Wno-non-pod-varargs -Wno-parentheses-equality -Wno-shadow -Wno-sign-compare -Wno-tautological-bitwise-compare -Wno-tautological-compare -Wno-uninitialized -Wno-unused-but-set-parameter -Wno-unused-but-set-variable -Wno-unused-parameter -Wno-unused-variable -Wno-vla-cxx-extension    -DVL_TIME_CONTEXT   -std=gnu++20 -include-pch Vtb_apex_l3__pch.h.fast.gch -c -o Vtb_apex_l3___024root__3.o Vtb_apex_l3___024root__3.cpp
warning: unknown warning option '-Wno-vla-cxx-extension'; did you mean '-Wno-vla-extension'? [-Wunknown-warning-option]
1 warning generated.
c++ -Os  -I.  -MMD -I/opt/homebrew/Cellar/verilator/5.044/share/verilator/include -I/opt/homebrew/Cellar/verilator/5.044/share/verilator/include/vltstd -DVERILATOR=1 -DVM_COVERAGE=0 -DVM_SC=0 -DVM_TIMING=1 -DVM_TRACE=1 -DVM_TRACE_FST=1 -DVM_TRACE_VCD=0 -DVM_TRACE_SAIF=0 -faligned-new -fbracket-depth=4096 -fcf-protection=none -Xclang -fno-pch-timestamp -Qunused-arguments -Wno-bool-operation -Wno-c++11-narrowing -Wno-constant-logical-operand -Wno-int-in-bool-context -Wno-non-pod-varargs -Wno-parentheses-equality -Wno-shadow -Wno-sign-compare -Wno-tautological-bitwise-compare -Wno-tautological-compare -Wno-uninitialized -Wno-unused-but-set-parameter -Wno-unused-but-set-variable -Wno-unused-parameter -Wno-unused-variable -Wno-vla-cxx-extension    -DVL_TIME_CONTEXT   -std=gnu++20 -include-pch Vtb_apex_l3__pch.h.fast.gch -c -o Vtb_apex_l3_cq_value_path__D80__0.o Vtb_apex_l3_cq_value_path__D80__0.cpp
warning: unknown warning option '-Wno-vla-cxx-extension'; did you mean '-Wno-vla-extension'? [-Wunknown-warning-option]
1 warning generated.
c++ -Os  -I.  -MMD -I/opt/homebrew/Cellar/verilator/5.044/share/verilator/include -I/opt/homebrew/Cellar/verilator/5.044/share/verilator/include/vltstd -DVERILATOR=1 -DVM_COVERAGE=0 -DVM_SC=0 -DVM_TIMING=1 -DVM_TRACE=1 -DVM_TRACE_FST=1 -DVM_TRACE_VCD=0 -DVM_TRACE_SAIF=0 -faligned-new -fbracket-depth=4096 -fcf-protection=none -Xclang -fno-pch-timestamp -Qunused-arguments -Wno-bool-operation -Wno-c++11-narrowing -Wno-constant-logical-operand -Wno-int-in-bool-context -Wno-non-pod-varargs -Wno-parentheses-equality -Wno-shadow -Wno-sign-compare -Wno-tautological-bitwise-compare -Wno-tautological-compare -Wno-uninitialized -Wno-unused-but-set-parameter -Wno-unused-but-set-variable -Wno-unused-parameter -Wno-unused-variable -Wno-vla-cxx-extension    -DVL_TIME_CONTEXT   -std=gnu++20 -include-pch Vtb_apex_l3__pch.h.fast.gch -c -o Vtb_apex_l3_cq_value_path__D80__1.o Vtb_apex_l3_cq_value_path__D80__1.cpp
warning: unknown warning option '-Wno-vla-cxx-extension'; did you mean '-Wno-vla-extension'? [-Wunknown-warning-option]
1 warning generated.
c++ -Os  -I.  -MMD -I/opt/homebrew/Cellar/verilator/5.044/share/verilator/include -I/opt/homebrew/Cellar/verilator/5.044/share/verilator/include/vltstd -DVERILATOR=1 -DVM_COVERAGE=0 -DVM_SC=0 -DVM_TIMING=1 -DVM_TRACE=1 -DVM_TRACE_FST=1 -DVM_TRACE_VCD=0 -DVM_TRACE_SAIF=0 -faligned-new -fbracket-depth=4096 -fcf-protection=none -Xclang -fno-pch-timestamp -Qunused-arguments -Wno-bool-operation -Wno-c++11-narrowing -Wno-constant-logical-operand -Wno-int-in-bool-context -Wno-non-pod-varargs -Wno-parentheses-equality -Wno-shadow -Wno-sign-compare -Wno-tautological-bitwise-compare -Wno-tautological-compare -Wno-uninitialized -Wno-unused-but-set-parameter -Wno-unused-but-set-variable -Wno-unused-parameter -Wno-unused-variable -Wno-vla-cxx-extension    -DVL_TIME_CONTEXT   -std=gnu++20 -include-pch Vtb_apex_l3__pch.h.fast.gch -c -o Vtb_apex_l3_cq_value_path__D80__2.o Vtb_apex_l3_cq_value_path__D80__2.cpp
warning: unknown warning option '-Wno-vla-cxx-extension'; did you mean '-Wno-vla-extension'? [-Wunknown-warning-option]
1 warning generated.
c++ -Os  -I.  -MMD -I/opt/homebrew/Cellar/verilator/5.044/share/verilator/include -I/opt/homebrew/Cellar/verilator/5.044/share/verilator/include/vltstd -DVERILATOR=1 -DVM_COVERAGE=0 -DVM_SC=0 -DVM_TIMING=1 -DVM_TRACE=1 -DVM_TRACE_FST=1 -DVM_TRACE_VCD=0 -DVM_TRACE_SAIF=0 -faligned-new -fbracket-depth=4096 -fcf-protection=none -Xclang -fno-pch-timestamp -Qunused-arguments -Wno-bool-operation -Wno-c++11-narrowing -Wno-constant-logical-operand -Wno-int-in-bool-context -Wno-non-pod-varargs -Wno-parentheses-equality -Wno-shadow -Wno-sign-compare -Wno-tautological-bitwise-compare -Wno-tautological-compare -Wno-uninitialized -Wno-unused-but-set-parameter -Wno-unused-but-set-variable -Wno-unused-parameter -Wno-unused-variable -Wno-vla-cxx-extension    -DVL_TIME_CONTEXT   -std=gnu++20 -include-pch Vtb_apex_l3__pch.h.fast.gch -c -o Vtb_apex_l3_cq_value_path__D80__3.o Vtb_apex_l3_cq_value_path__D80__3.cpp
warning: unknown warning option '-Wno-vla-cxx-extension'; did you mean '-Wno-vla-extension'? [-Wunknown-warning-option]
1 warning generated.
c++ -Os  -I.  -MMD -I/opt/homebrew/Cellar/verilator/5.044/share/verilator/include -I/opt/homebrew/Cellar/verilator/5.044/share/verilator/include/vltstd -DVERILATOR=1 -DVM_COVERAGE=0 -DVM_SC=0 -DVM_TIMING=1 -DVM_TRACE=1 -DVM_TRACE_FST=1 -DVM_TRACE_VCD=0 -DVM_TRACE_SAIF=0 -faligned-new -fbracket-depth=4096 -fcf-protection=none -Xclang -fno-pch-timestamp -Qunused-arguments -Wno-bool-operation -Wno-c++11-narrowing -Wno-constant-logical-operand -Wno-int-in-bool-context -Wno-non-pod-varargs -Wno-parentheses-equality -Wno-shadow -Wno-sign-compare -Wno-tautological-bitwise-compare -Wno-tautological-compare -Wno-uninitialized -Wno-unused-but-set-parameter -Wno-unused-but-set-variable -Wno-unused-parameter -Wno-unused-variable -Wno-vla-cxx-extension    -DVL_TIME_CONTEXT   -std=gnu++20 -include-pch Vtb_apex_l3__pch.h.fast.gch -c -o Vtb_apex_l3_cq_value_path__D80__4.o Vtb_apex_l3_cq_value_path__D80__4.cpp
warning: unknown warning option '-Wno-vla-cxx-extension'; did you mean '-Wno-vla-extension'? [-Wunknown-warning-option]
1 warning generated.
c++ -Os  -I.  -MMD -I/opt/homebrew/Cellar/verilator/5.044/share/verilator/include -I/opt/homebrew/Cellar/verilator/5.044/share/verilator/include/vltstd -DVERILATOR=1 -DVM_COVERAGE=0 -DVM_SC=0 -DVM_TIMING=1 -DVM_TRACE=1 -DVM_TRACE_FST=1 -DVM_TRACE_VCD=0 -DVM_TRACE_SAIF=0 -faligned-new -fbracket-depth=4096 -fcf-protection=none -Xclang -fno-pch-timestamp -Qunused-arguments -Wno-bool-operation -Wno-c++11-narrowing -Wno-constant-logical-operand -Wno-int-in-bool-context -Wno-non-pod-varargs -Wno-parentheses-equality -Wno-shadow -Wno-sign-compare -Wno-tautological-bitwise-compare -Wno-tautological-compare -Wno-uninitialized -Wno-unused-but-set-parameter -Wno-unused-but-set-variable -Wno-unused-parameter -Wno-unused-variable -Wno-vla-cxx-extension    -DVL_TIME_CONTEXT   -std=gnu++20 -include-pch Vtb_apex_l3__pch.h.fast.gch -c -o Vtb_apex_l3_cq_value_path__D80__5.o Vtb_apex_l3_cq_value_path__D80__5.cpp
warning: unknown warning option '-Wno-vla-cxx-extension'; did you mean '-Wno-vla-extension'? [-Wunknown-warning-option]
1 warning generated.
c++ -Os  -I.  -MMD -I/opt/homebrew/Cellar/verilator/5.044/share/verilator/include -I/opt/homebrew/Cellar/verilator/5.044/share/verilator/include/vltstd -DVERILATOR=1 -DVM_COVERAGE=0 -DVM_SC=0 -DVM_TIMING=1 -DVM_TRACE=1 -DVM_TRACE_FST=1 -DVM_TRACE_VCD=0 -DVM_TRACE_SAIF=0 -faligned-new -fbracket-depth=4096 -fcf-protection=none -Xclang -fno-pch-timestamp -Qunused-arguments -Wno-bool-operation -Wno-c++11-narrowing -Wno-constant-logical-operand -Wno-int-in-bool-context -Wno-non-pod-varargs -Wno-parentheses-equality -Wno-shadow -Wno-sign-compare -Wno-tautological-bitwise-compare -Wno-tautological-compare -Wno-uninitialized -Wno-unused-but-set-parameter -Wno-unused-but-set-variable -Wno-unused-parameter -Wno-unused-variable -Wno-vla-cxx-extension    -DVL_TIME_CONTEXT   -std=gnu++20 -include-pch Vtb_apex_l3__pch.h.fast.gch -c -o Vtb_apex_l3_cq_value_path__D80__6.o Vtb_apex_l3_cq_value_path__D80__6.cpp
warning: unknown warning option '-Wno-vla-cxx-extension'; did you mean '-Wno-vla-extension'? [-Wunknown-warning-option]
1 warning generated.
c++ -Os  -I.  -MMD -I/opt/homebrew/Cellar/verilator/5.044/share/verilator/include -I/opt/homebrew/Cellar/verilator/5.044/share/verilator/include/vltstd -DVERILATOR=1 -DVM_COVERAGE=0 -DVM_SC=0 -DVM_TIMING=1 -DVM_TRACE=1 -DVM_TRACE_FST=1 -DVM_TRACE_VCD=0 -DVM_TRACE_SAIF=0 -faligned-new -fbracket-depth=4096 -fcf-protection=none -Xclang -fno-pch-timestamp -Qunused-arguments -Wno-bool-operation -Wno-c++11-narrowing -Wno-constant-logical-operand -Wno-int-in-bool-context -Wno-non-pod-varargs -Wno-parentheses-equality -Wno-shadow -Wno-sign-compare -Wno-tautological-bitwise-compare -Wno-tautological-compare -Wno-uninitialized -Wno-unused-but-set-parameter -Wno-unused-but-set-variable -Wno-unused-parameter -Wno-unused-variable -Wno-vla-cxx-extension    -DVL_TIME_CONTEXT   -std=gnu++20 -include-pch Vtb_apex_l3__pch.h.fast.gch -c -o Vtb_apex_l3_cq_key_path__D80_G10__0.o Vtb_apex_l3_cq_key_path__D80_G10__0.cpp
warning: unknown warning option '-Wno-vla-cxx-extension'; did you mean '-Wno-vla-extension'? [-Wunknown-warning-option]
1 warning generated.
c++ -Os  -I.  -MMD -I/opt/homebrew/Cellar/verilator/5.044/share/verilator/include -I/opt/homebrew/Cellar/verilator/5.044/share/verilator/include/vltstd -DVERILATOR=1 -DVM_COVERAGE=0 -DVM_SC=0 -DVM_TIMING=1 -DVM_TRACE=1 -DVM_TRACE_FST=1 -DVM_TRACE_VCD=0 -DVM_TRACE_SAIF=0 -faligned-new -fbracket-depth=4096 -fcf-protection=none -Xclang -fno-pch-timestamp -Qunused-arguments -Wno-bool-operation -Wno-c++11-narrowing -Wno-constant-logical-operand -Wno-int-in-bool-context -Wno-non-pod-varargs -Wno-parentheses-equality -Wno-shadow -Wno-sign-compare -Wno-tautological-bitwise-compare -Wno-tautological-compare -Wno-uninitialized -Wno-unused-but-set-parameter -Wno-unused-but-set-variable -Wno-unused-parameter -Wno-unused-variable -Wno-vla-cxx-extension    -DVL_TIME_CONTEXT   -std=gnu++20 -include-pch Vtb_apex_l3__pch.h.fast.gch -c -o Vtb_apex_l3_cq_key_path__D80_G10__1.o Vtb_apex_l3_cq_key_path__D80_G10__1.cpp
warning: unknown warning option '-Wno-vla-cxx-extension'; did you mean '-Wno-vla-extension'? [-Wunknown-warning-option]
1 warning generated.
c++ -Os  -I.  -MMD -I/opt/homebrew/Cellar/verilator/5.044/share/verilator/include -I/opt/homebrew/Cellar/verilator/5.044/share/verilator/include/vltstd -DVERILATOR=1 -DVM_COVERAGE=0 -DVM_SC=0 -DVM_TIMING=1 -DVM_TRACE=1 -DVM_TRACE_FST=1 -DVM_TRACE_VCD=0 -DVM_TRACE_SAIF=0 -faligned-new -fbracket-depth=4096 -fcf-protection=none -Xclang -fno-pch-timestamp -Qunused-arguments -Wno-bool-operation -Wno-c++11-narrowing -Wno-constant-logical-operand -Wno-int-in-bool-context -Wno-non-pod-varargs -Wno-parentheses-equality -Wno-shadow -Wno-sign-compare -Wno-tautological-bitwise-compare -Wno-tautological-compare -Wno-uninitialized -Wno-unused-but-set-parameter -Wno-unused-but-set-variable -Wno-unused-parameter -Wno-unused-variable -Wno-vla-cxx-extension    -DVL_TIME_CONTEXT   -std=gnu++20 -include-pch Vtb_apex_l3__pch.h.fast.gch -c -o Vtb_apex_l3_cq_key_path__D80_G10__2.o Vtb_apex_l3_cq_key_path__D80_G10__2.cpp
warning: unknown warning option '-Wno-vla-cxx-extension'; did you mean '-Wno-vla-extension'? [-Wunknown-warning-option]
1 warning generated.
c++ -Os  -I.  -MMD -I/opt/homebrew/Cellar/verilator/5.044/share/verilator/include -I/opt/homebrew/Cellar/verilator/5.044/share/verilator/include/vltstd -DVERILATOR=1 -DVM_COVERAGE=0 -DVM_SC=0 -DVM_TIMING=1 -DVM_TRACE=1 -DVM_TRACE_FST=1 -DVM_TRACE_VCD=0 -DVM_TRACE_SAIF=0 -faligned-new -fbracket-depth=4096 -fcf-protection=none -Xclang -fno-pch-timestamp -Qunused-arguments -Wno-bool-operation -Wno-c++11-narrowing -Wno-constant-logical-operand -Wno-int-in-bool-context -Wno-non-pod-varargs -Wno-parentheses-equality -Wno-shadow -Wno-sign-compare -Wno-tautological-bitwise-compare -Wno-tautological-compare -Wno-uninitialized -Wno-unused-but-set-parameter -Wno-unused-but-set-variable -Wno-unused-parameter -Wno-unused-variable -Wno-vla-cxx-extension    -DVL_TIME_CONTEXT   -std=gnu++20 -include-pch Vtb_apex_l3__pch.h.fast.gch -c -o Vtb_apex_l3_cq_key_path__D80_G10__3.o Vtb_apex_l3_cq_key_path__D80_G10__3.cpp
warning: unknown warning option '-Wno-vla-cxx-extension'; did you mean '-Wno-vla-extension'? [-Wunknown-warning-option]
1 warning generated.
c++ -Os  -I.  -MMD -I/opt/homebrew/Cellar/verilator/5.044/share/verilator/include -I/opt/homebrew/Cellar/verilator/5.044/share/verilator/include/vltstd -DVERILATOR=1 -DVM_COVERAGE=0 -DVM_SC=0 -DVM_TIMING=1 -DVM_TRACE=1 -DVM_TRACE_FST=1 -DVM_TRACE_VCD=0 -DVM_TRACE_SAIF=0 -faligned-new -fbracket-depth=4096 -fcf-protection=none -Xclang -fno-pch-timestamp -Qunused-arguments -Wno-bool-operation -Wno-c++11-narrowing -Wno-constant-logical-operand -Wno-int-in-bool-context -Wno-non-pod-varargs -Wno-parentheses-equality -Wno-shadow -Wno-sign-compare -Wno-tautological-bitwise-compare -Wno-tautological-compare -Wno-uninitialized -Wno-unused-but-set-parameter -Wno-unused-but-set-variable -Wno-unused-parameter -Wno-unused-variable -Wno-vla-cxx-extension    -DVL_TIME_CONTEXT   -std=gnu++20 -include-pch Vtb_apex_l3__pch.h.fast.gch -c -o Vtb_apex_l3_cq_key_path__D80_G10__4.o Vtb_apex_l3_cq_key_path__D80_G10__4.cpp
warning: unknown warning option '-Wno-vla-cxx-extension'; did you mean '-Wno-vla-extension'? [-Wunknown-warning-option]
1 warning generated.
c++ -Os  -I.  -MMD -I/opt/homebrew/Cellar/verilator/5.044/share/verilator/include -I/opt/homebrew/Cellar/verilator/5.044/share/verilator/include/vltstd -DVERILATOR=1 -DVM_COVERAGE=0 -DVM_SC=0 -DVM_TIMING=1 -DVM_TRACE=1 -DVM_TRACE_FST=1 -DVM_TRACE_VCD=0 -DVM_TRACE_SAIF=0 -faligned-new -fbracket-depth=4096 -fcf-protection=none -Xclang -fno-pch-timestamp -Qunused-arguments -Wno-bool-operation -Wno-c++11-narrowing -Wno-constant-logical-operand -Wno-int-in-bool-context -Wno-non-pod-varargs -Wno-parentheses-equality -Wno-shadow -Wno-sign-compare -Wno-tautological-bitwise-compare -Wno-tautological-compare -Wno-uninitialized -Wno-unused-but-set-parameter -Wno-unused-but-set-variable -Wno-unused-parameter -Wno-unused-variable -Wno-vla-cxx-extension    -DVL_TIME_CONTEXT   -std=gnu++20 -include-pch Vtb_apex_l3__pch.h.fast.gch -c -o Vtb_apex_l3_cq_key_path__D80_G10__5.o Vtb_apex_l3_cq_key_path__D80_G10__5.cpp
warning: unknown warning option '-Wno-vla-cxx-extension'; did you mean '-Wno-vla-extension'? [-Wunknown-warning-option]
1 warning generated.
c++ -Os  -I.  -MMD -I/opt/homebrew/Cellar/verilator/5.044/share/verilator/include -I/opt/homebrew/Cellar/verilator/5.044/share/verilator/include/vltstd -DVERILATOR=1 -DVM_COVERAGE=0 -DVM_SC=0 -DVM_TIMING=1 -DVM_TRACE=1 -DVM_TRACE_FST=1 -DVM_TRACE_VCD=0 -DVM_TRACE_SAIF=0 -faligned-new -fbracket-depth=4096 -fcf-protection=none -Xclang -fno-pch-timestamp -Qunused-arguments -Wno-bool-operation -Wno-c++11-narrowing -Wno-constant-logical-operand -Wno-int-in-bool-context -Wno-non-pod-varargs -Wno-parentheses-equality -Wno-shadow -Wno-sign-compare -Wno-tautological-bitwise-compare -Wno-tautological-compare -Wno-uninitialized -Wno-unused-but-set-parameter -Wno-unused-but-set-variable -Wno-unused-parameter -Wno-unused-variable -Wno-vla-cxx-extension    -DVL_TIME_CONTEXT   -std=gnu++20 -include-pch Vtb_apex_l3__pch.h.fast.gch -c -o Vtb_apex_l3_cq_key_path__D80_G10__6.o Vtb_apex_l3_cq_key_path__D80_G10__6.cpp
warning: unknown warning option '-Wno-vla-cxx-extension'; did you mean '-Wno-vla-extension'? [-Wunknown-warning-option]
1 warning generated.
c++ -Os  -I.  -MMD -I/opt/homebrew/Cellar/verilator/5.044/share/verilator/include -I/opt/homebrew/Cellar/verilator/5.044/share/verilator/include/vltstd -DVERILATOR=1 -DVM_COVERAGE=0 -DVM_SC=0 -DVM_TIMING=1 -DVM_TRACE=1 -DVM_TRACE_FST=1 -DVM_TRACE_VCD=0 -DVM_TRACE_SAIF=0 -faligned-new -fbracket-depth=4096 -fcf-protection=none -Xclang -fno-pch-timestamp -Qunused-arguments -Wno-bool-operation -Wno-c++11-narrowing -Wno-constant-logical-operand -Wno-int-in-bool-context -Wno-non-pod-varargs -Wno-parentheses-equality -Wno-shadow -Wno-sign-compare -Wno-tautological-bitwise-compare -Wno-tautological-compare -Wno-uninitialized -Wno-unused-but-set-parameter -Wno-unused-but-set-variable -Wno-unused-parameter -Wno-unused-variable -Wno-vla-cxx-extension    -DVL_TIME_CONTEXT   -std=gnu++20 -include-pch Vtb_apex_l3__pch.h.fast.gch -c -o Vtb_apex_l3_cq_key_path__D80_G10__7.o Vtb_apex_l3_cq_key_path__D80_G10__7.cpp
warning: unknown warning option '-Wno-vla-cxx-extension'; did you mean '-Wno-vla-extension'? [-Wunknown-warning-option]
1 warning generated.
c++ -Os  -I.  -MMD -I/opt/homebrew/Cellar/verilator/5.044/share/verilator/include -I/opt/homebrew/Cellar/verilator/5.044/share/verilator/include/vltstd -DVERILATOR=1 -DVM_COVERAGE=0 -DVM_SC=0 -DVM_TIMING=1 -DVM_TRACE=1 -DVM_TRACE_FST=1 -DVM_TRACE_VCD=0 -DVM_TRACE_SAIF=0 -faligned-new -fbracket-depth=4096 -fcf-protection=none -Xclang -fno-pch-timestamp -Qunused-arguments -Wno-bool-operation -Wno-c++11-narrowing -Wno-constant-logical-operand -Wno-int-in-bool-context -Wno-non-pod-varargs -Wno-parentheses-equality -Wno-shadow -Wno-sign-compare -Wno-tautological-bitwise-compare -Wno-tautological-compare -Wno-uninitialized -Wno-unused-but-set-parameter -Wno-unused-but-set-variable -Wno-unused-parameter -Wno-unused-variable -Wno-vla-cxx-extension    -DVL_TIME_CONTEXT   -std=gnu++20 -include-pch Vtb_apex_l3__pch.h.fast.gch -c -o Vtb_apex_l3_cq_key_path__D80_G10__8.o Vtb_apex_l3_cq_key_path__D80_G10__8.cpp
warning: unknown warning option '-Wno-vla-cxx-extension'; did you mean '-Wno-vla-extension'? [-Wunknown-warning-option]
1 warning generated.
c++ -Os  -I.  -MMD -I/opt/homebrew/Cellar/verilator/5.044/share/verilator/include -I/opt/homebrew/Cellar/verilator/5.044/share/verilator/include/vltstd -DVERILATOR=1 -DVM_COVERAGE=0 -DVM_SC=0 -DVM_TIMING=1 -DVM_TRACE=1 -DVM_TRACE_FST=1 -DVM_TRACE_VCD=0 -DVM_TRACE_SAIF=0 -faligned-new -fbracket-depth=4096 -fcf-protection=none -Xclang -fno-pch-timestamp -Qunused-arguments -Wno-bool-operation -Wno-c++11-narrowing -Wno-constant-logical-operand -Wno-int-in-bool-context -Wno-non-pod-varargs -Wno-parentheses-equality -Wno-shadow -Wno-sign-compare -Wno-tautological-bitwise-compare -Wno-tautological-compare -Wno-uninitialized -Wno-unused-but-set-parameter -Wno-unused-but-set-variable -Wno-unused-parameter -Wno-unused-variable -Wno-vla-cxx-extension    -DVL_TIME_CONTEXT   -std=gnu++20 -include-pch Vtb_apex_l3__pch.h.fast.gch -c -o Vtb_apex_l3_cq_key_path__D80_G10__9.o Vtb_apex_l3_cq_key_path__D80_G10__9.cpp
warning: unknown warning option '-Wno-vla-cxx-extension'; did you mean '-Wno-vla-extension'? [-Wunknown-warning-option]
1 warning generated.
c++ -Os  -I.  -MMD -I/opt/homebrew/Cellar/verilator/5.044/share/verilator/include -I/opt/homebrew/Cellar/verilator/5.044/share/verilator/include/vltstd -DVERILATOR=1 -DVM_COVERAGE=0 -DVM_SC=0 -DVM_TIMING=1 -DVM_TRACE=1 -DVM_TRACE_FST=1 -DVM_TRACE_VCD=0 -DVM_TRACE_SAIF=0 -faligned-new -fbracket-depth=4096 -fcf-protection=none -Xclang -fno-pch-timestamp -Qunused-arguments -Wno-bool-operation -Wno-c++11-narrowing -Wno-constant-logical-operand -Wno-int-in-bool-context -Wno-non-pod-varargs -Wno-parentheses-equality -Wno-shadow -Wno-sign-compare -Wno-tautological-bitwise-compare -Wno-tautological-compare -Wno-uninitialized -Wno-unused-but-set-parameter -Wno-unused-but-set-variable -Wno-unused-parameter -Wno-unused-variable -Wno-vla-cxx-extension    -DVL_TIME_CONTEXT   -std=gnu++20 -include-pch Vtb_apex_l3__pch.h.fast.gch -c -o Vtb_apex_l3_cq_key_path__D80_G10__10.o Vtb_apex_l3_cq_key_path__D80_G10__10.cpp
warning: unknown warning option '-Wno-vla-cxx-extension'; did you mean '-Wno-vla-extension'? [-Wunknown-warning-option]
1 warning generated.
c++ -Os  -I.  -MMD -I/opt/homebrew/Cellar/verilator/5.044/share/verilator/include -I/opt/homebrew/Cellar/verilator/5.044/share/verilator/include/vltstd -DVERILATOR=1 -DVM_COVERAGE=0 -DVM_SC=0 -DVM_TIMING=1 -DVM_TRACE=1 -DVM_TRACE_FST=1 -DVM_TRACE_VCD=0 -DVM_TRACE_SAIF=0 -faligned-new -fbracket-depth=4096 -fcf-protection=none -Xclang -fno-pch-timestamp -Qunused-arguments -Wno-bool-operation -Wno-c++11-narrowing -Wno-constant-logical-operand -Wno-int-in-bool-context -Wno-non-pod-varargs -Wno-parentheses-equality -Wno-shadow -Wno-sign-compare -Wno-tautological-bitwise-compare -Wno-tautological-compare -Wno-uninitialized -Wno-unused-but-set-parameter -Wno-unused-but-set-variable -Wno-unused-parameter -Wno-unused-variable -Wno-vla-cxx-extension    -DVL_TIME_CONTEXT   -std=gnu++20 -include-pch Vtb_apex_l3__pch.h.fast.gch -c -o Vtb_apex_l3_cq_key_path__D80_G10__11.o Vtb_apex_l3_cq_key_path__D80_G10__11.cpp
warning: unknown warning option '-Wno-vla-cxx-extension'; did you mean '-Wno-vla-extension'? [-Wunknown-warning-option]
1 warning generated.
c++ -Os  -I.  -MMD -I/opt/homebrew/Cellar/verilator/5.044/share/verilator/include -I/opt/homebrew/Cellar/verilator/5.044/share/verilator/include/vltstd -DVERILATOR=1 -DVM_COVERAGE=0 -DVM_SC=0 -DVM_TIMING=1 -DVM_TRACE=1 -DVM_TRACE_FST=1 -DVM_TRACE_VCD=0 -DVM_TRACE_SAIF=0 -faligned-new -fbracket-depth=4096 -fcf-protection=none -Xclang -fno-pch-timestamp -Qunused-arguments -Wno-bool-operation -Wno-c++11-narrowing -Wno-constant-logical-operand -Wno-int-in-bool-context -Wno-non-pod-varargs -Wno-parentheses-equality -Wno-shadow -Wno-sign-compare -Wno-tautological-bitwise-compare -Wno-tautological-compare -Wno-uninitialized -Wno-unused-but-set-parameter -Wno-unused-but-set-variable -Wno-unused-parameter -Wno-unused-variable -Wno-vla-cxx-extension    -DVL_TIME_CONTEXT   -std=gnu++20 -include-pch Vtb_apex_l3__pch.h.fast.gch -c -o Vtb_apex_l3_cq_key_path__D80_G10__12.o Vtb_apex_l3_cq_key_path__D80_G10__12.cpp
warning: unknown warning option '-Wno-vla-cxx-extension'; did you mean '-Wno-vla-extension'? [-Wunknown-warning-option]
1 warning generated.
c++ -Os  -I.  -MMD -I/opt/homebrew/Cellar/verilator/5.044/share/verilator/include -I/opt/homebrew/Cellar/verilator/5.044/share/verilator/include/vltstd -DVERILATOR=1 -DVM_COVERAGE=0 -DVM_SC=0 -DVM_TIMING=1 -DVM_TRACE=1 -DVM_TRACE_FST=1 -DVM_TRACE_VCD=0 -DVM_TRACE_SAIF=0 -faligned-new -fbracket-depth=4096 -fcf-protection=none -Xclang -fno-pch-timestamp -Qunused-arguments -Wno-bool-operation -Wno-c++11-narrowing -Wno-constant-logical-operand -Wno-int-in-bool-context -Wno-non-pod-varargs -Wno-parentheses-equality -Wno-shadow -Wno-sign-compare -Wno-tautological-bitwise-compare -Wno-tautological-compare -Wno-uninitialized -Wno-unused-but-set-parameter -Wno-unused-but-set-variable -Wno-unused-parameter -Wno-unused-variable -Wno-vla-cxx-extension    -DVL_TIME_CONTEXT   -std=gnu++20 -include-pch Vtb_apex_l3__pch.h.fast.gch -c -o Vtb_apex_l3_cq_key_path__D80_G10__13.o Vtb_apex_l3_cq_key_path__D80_G10__13.cpp
warning: unknown warning option '-Wno-vla-cxx-extension'; did you mean '-Wno-vla-extension'? [-Wunknown-warning-option]
1 warning generated.
c++ -Os  -I.  -MMD -I/opt/homebrew/Cellar/verilator/5.044/share/verilator/include -I/opt/homebrew/Cellar/verilator/5.044/share/verilator/include/vltstd -DVERILATOR=1 -DVM_COVERAGE=0 -DVM_SC=0 -DVM_TIMING=1 -DVM_TRACE=1 -DVM_TRACE_FST=1 -DVM_TRACE_VCD=0 -DVM_TRACE_SAIF=0 -faligned-new -fbracket-depth=4096 -fcf-protection=none -Xclang -fno-pch-timestamp -Qunused-arguments -Wno-bool-operation -Wno-c++11-narrowing -Wno-constant-logical-operand -Wno-int-in-bool-context -Wno-non-pod-varargs -Wno-parentheses-equality -Wno-shadow -Wno-sign-compare -Wno-tautological-bitwise-compare -Wno-tautological-compare -Wno-uninitialized -Wno-unused-but-set-parameter -Wno-unused-but-set-variable -Wno-unused-parameter -Wno-unused-variable -Wno-vla-cxx-extension    -DVL_TIME_CONTEXT   -std=gnu++20 -include-pch Vtb_apex_l3__pch.h.fast.gch -c -o Vtb_apex_l3_cq_key_path__D80_G10__14.o Vtb_apex_l3_cq_key_path__D80_G10__14.cpp
warning: unknown warning option '-Wno-vla-cxx-extension'; did you mean '-Wno-vla-extension'? [-Wunknown-warning-option]
1 warning generated.
c++ -Os  -I.  -MMD -I/opt/homebrew/Cellar/verilator/5.044/share/verilator/include -I/opt/homebrew/Cellar/verilator/5.044/share/verilator/include/vltstd -DVERILATOR=1 -DVM_COVERAGE=0 -DVM_SC=0 -DVM_TIMING=1 -DVM_TRACE=1 -DVM_TRACE_FST=1 -DVM_TRACE_VCD=0 -DVM_TRACE_SAIF=0 -faligned-new -fbracket-depth=4096 -fcf-protection=none -Xclang -fno-pch-timestamp -Qunused-arguments -Wno-bool-operation -Wno-c++11-narrowing -Wno-constant-logical-operand -Wno-int-in-bool-context -Wno-non-pod-varargs -Wno-parentheses-equality -Wno-shadow -Wno-sign-compare -Wno-tautological-bitwise-compare -Wno-tautological-compare -Wno-uninitialized -Wno-unused-but-set-parameter -Wno-unused-but-set-variable -Wno-unused-parameter -Wno-unused-variable -Wno-vla-cxx-extension    -DVL_TIME_CONTEXT   -std=gnu++20 -include-pch Vtb_apex_l3__pch.h.fast.gch -c -o Vtb_apex_l3_cq_key_path__D80_G10__15.o Vtb_apex_l3_cq_key_path__D80_G10__15.cpp
warning: unknown warning option '-Wno-vla-cxx-extension'; did you mean '-Wno-vla-extension'? [-Wunknown-warning-option]
1 warning generated.
c++ -Os  -I.  -MMD -I/opt/homebrew/Cellar/verilator/5.044/share/verilator/include -I/opt/homebrew/Cellar/verilator/5.044/share/verilator/include/vltstd -DVERILATOR=1 -DVM_COVERAGE=0 -DVM_SC=0 -DVM_TIMING=1 -DVM_TRACE=1 -DVM_TRACE_FST=1 -DVM_TRACE_VCD=0 -DVM_TRACE_SAIF=0 -faligned-new -fbracket-depth=4096 -fcf-protection=none -Xclang -fno-pch-timestamp -Qunused-arguments -Wno-bool-operation -Wno-c++11-narrowing -Wno-constant-logical-operand -Wno-int-in-bool-context -Wno-non-pod-varargs -Wno-parentheses-equality -Wno-shadow -Wno-sign-compare -Wno-tautological-bitwise-compare -Wno-tautological-compare -Wno-uninitialized -Wno-unused-but-set-parameter -Wno-unused-but-set-variable -Wno-unused-parameter -Wno-unused-variable -Wno-vla-cxx-extension    -DVL_TIME_CONTEXT   -std=gnu++20 -include-pch Vtb_apex_l3__pch.h.fast.gch -c -o Vtb_apex_l3_cq_key_path__D80_G10__16.o Vtb_apex_l3_cq_key_path__D80_G10__16.cpp
warning: unknown warning option '-Wno-vla-cxx-extension'; did you mean '-Wno-vla-extension'? [-Wunknown-warning-option]
1 warning generated.
c++ -Os  -I.  -MMD -I/opt/homebrew/Cellar/verilator/5.044/share/verilator/include -I/opt/homebrew/Cellar/verilator/5.044/share/verilator/include/vltstd -DVERILATOR=1 -DVM_COVERAGE=0 -DVM_SC=0 -DVM_TIMING=1 -DVM_TRACE=1 -DVM_TRACE_FST=1 -DVM_TRACE_VCD=0 -DVM_TRACE_SAIF=0 -faligned-new -fbracket-depth=4096 -fcf-protection=none -Xclang -fno-pch-timestamp -Qunused-arguments -Wno-bool-operation -Wno-c++11-narrowing -Wno-constant-logical-operand -Wno-int-in-bool-context -Wno-non-pod-varargs -Wno-parentheses-equality -Wno-shadow -Wno-sign-compare -Wno-tautological-bitwise-compare -Wno-tautological-compare -Wno-uninitialized -Wno-unused-but-set-parameter -Wno-unused-but-set-variable -Wno-unused-parameter -Wno-unused-variable -Wno-vla-cxx-extension    -DVL_TIME_CONTEXT   -std=gnu++20 -include-pch Vtb_apex_l3__pch.h.fast.gch -c -o Vtb_apex_l3_cq_key_path__D80_G10__17.o Vtb_apex_l3_cq_key_path__D80_G10__17.cpp
warning: unknown warning option '-Wno-vla-cxx-extension'; did you mean '-Wno-vla-extension'? [-Wunknown-warning-option]
1 warning generated.
c++ -Os  -I.  -MMD -I/opt/homebrew/Cellar/verilator/5.044/share/verilator/include -I/opt/homebrew/Cellar/verilator/5.044/share/verilator/include/vltstd -DVERILATOR=1 -DVM_COVERAGE=0 -DVM_SC=0 -DVM_TIMING=1 -DVM_TRACE=1 -DVM_TRACE_FST=1 -DVM_TRACE_VCD=0 -DVM_TRACE_SAIF=0 -faligned-new -fbracket-depth=4096 -fcf-protection=none -Xclang -fno-pch-timestamp -Qunused-arguments -Wno-bool-operation -Wno-c++11-narrowing -Wno-constant-logical-operand -Wno-int-in-bool-context -Wno-non-pod-varargs -Wno-parentheses-equality -Wno-shadow -Wno-sign-compare -Wno-tautological-bitwise-compare -Wno-tautological-compare -Wno-uninitialized -Wno-unused-but-set-parameter -Wno-unused-but-set-variable -Wno-unused-parameter -Wno-unused-variable -Wno-vla-cxx-extension    -DVL_TIME_CONTEXT   -std=gnu++20 -include-pch Vtb_apex_l3__pch.h.fast.gch -c -o Vtb_apex_l3_cq_key_path__D80_G10__18.o Vtb_apex_l3_cq_key_path__D80_G10__18.cpp
warning: unknown warning option '-Wno-vla-cxx-extension'; did you mean '-Wno-vla-extension'? [-Wunknown-warning-option]
1 warning generated.
c++ -Os  -I.  -MMD -I/opt/homebrew/Cellar/verilator/5.044/share/verilator/include -I/opt/homebrew/Cellar/verilator/5.044/share/verilator/include/vltstd -DVERILATOR=1 -DVM_COVERAGE=0 -DVM_SC=0 -DVM_TIMING=1 -DVM_TRACE=1 -DVM_TRACE_FST=1 -DVM_TRACE_VCD=0 -DVM_TRACE_SAIF=0 -faligned-new -fbracket-depth=4096 -fcf-protection=none -Xclang -fno-pch-timestamp -Qunused-arguments -Wno-bool-operation -Wno-c++11-narrowing -Wno-constant-logical-operand -Wno-int-in-bool-context -Wno-non-pod-varargs -Wno-parentheses-equality -Wno-shadow -Wno-sign-compare -Wno-tautological-bitwise-compare -Wno-tautological-compare -Wno-uninitialized -Wno-unused-but-set-parameter -Wno-unused-but-set-variable -Wno-unused-parameter -Wno-unused-variable -Wno-vla-cxx-extension    -DVL_TIME_CONTEXT   -std=gnu++20 -include-pch Vtb_apex_l3__pch.h.fast.gch -c -o Vtb_apex_l3__main.o Vtb_apex_l3__main.cpp
warning: unknown warning option '-Wno-vla-cxx-extension'; did you mean '-Wno-vla-extension'? [-Wunknown-warning-option]
1 warning generated.
c++ -Os  -I.  -MMD -I/opt/homebrew/Cellar/verilator/5.044/share/verilator/include -I/opt/homebrew/Cellar/verilator/5.044/share/verilator/include/vltstd -DVERILATOR=1 -DVM_COVERAGE=0 -DVM_SC=0 -DVM_TIMING=1 -DVM_TRACE=1 -DVM_TRACE_FST=1 -DVM_TRACE_VCD=0 -DVM_TRACE_SAIF=0 -faligned-new -fbracket-depth=4096 -fcf-protection=none -Xclang -fno-pch-timestamp -Qunused-arguments -Wno-bool-operation -Wno-c++11-narrowing -Wno-constant-logical-operand -Wno-int-in-bool-context -Wno-non-pod-varargs -Wno-parentheses-equality -Wno-shadow -Wno-sign-compare -Wno-tautological-bitwise-compare -Wno-tautological-compare -Wno-uninitialized -Wno-unused-but-set-parameter -Wno-unused-but-set-variable -Wno-unused-parameter -Wno-unused-variable -Wno-vla-cxx-extension    -DVL_TIME_CONTEXT   -std=gnu++20 -include-pch Vtb_apex_l3__pch.h.fast.gch -c -o Vtb_apex_l3__Trace__0.o Vtb_apex_l3__Trace__0.cpp
warning: unknown warning option '-Wno-vla-cxx-extension'; did you mean '-Wno-vla-extension'? [-Wunknown-warning-option]
1 warning generated.
c++ -Os  -I.  -MMD -I/opt/homebrew/Cellar/verilator/5.044/share/verilator/include -I/opt/homebrew/Cellar/verilator/5.044/share/verilator/include/vltstd -DVERILATOR=1 -DVM_COVERAGE=0 -DVM_SC=0 -DVM_TIMING=1 -DVM_TRACE=1 -DVM_TRACE_FST=1 -DVM_TRACE_VCD=0 -DVM_TRACE_SAIF=0 -faligned-new -fbracket-depth=4096 -fcf-protection=none -Xclang -fno-pch-timestamp -Qunused-arguments -Wno-bool-operation -Wno-c++11-narrowing -Wno-constant-logical-operand -Wno-int-in-bool-context -Wno-non-pod-varargs -Wno-parentheses-equality -Wno-shadow -Wno-sign-compare -Wno-tautological-bitwise-compare -Wno-tautological-compare -Wno-uninitialized -Wno-unused-but-set-parameter -Wno-unused-but-set-variable -Wno-unused-parameter -Wno-unused-variable -Wno-vla-cxx-extension    -DVL_TIME_CONTEXT   -std=gnu++20 -include-pch Vtb_apex_l3__pch.h.fast.gch -c -o Vtb_apex_l3__Trace__1.o Vtb_apex_l3__Trace__1.cpp
warning: unknown warning option '-Wno-vla-cxx-extension'; did you mean '-Wno-vla-extension'? [-Wunknown-warning-option]
1 warning generated.
c++   -I.  -MMD -I/opt/homebrew/Cellar/verilator/5.044/share/verilator/include -I/opt/homebrew/Cellar/verilator/5.044/share/verilator/include/vltstd -DVERILATOR=1 -DVM_COVERAGE=0 -DVM_SC=0 -DVM_TIMING=1 -DVM_TRACE=1 -DVM_TRACE_FST=1 -DVM_TRACE_VCD=0 -DVM_TRACE_SAIF=0 -faligned-new -fbracket-depth=4096 -fcf-protection=none -Xclang -fno-pch-timestamp -Qunused-arguments -Wno-bool-operation -Wno-c++11-narrowing -Wno-constant-logical-operand -Wno-int-in-bool-context -Wno-non-pod-varargs -Wno-parentheses-equality -Wno-shadow -Wno-sign-compare -Wno-tautological-bitwise-compare -Wno-tautological-compare -Wno-uninitialized -Wno-unused-but-set-parameter -Wno-unused-but-set-variable -Wno-unused-parameter -Wno-unused-variable -Wno-vla-cxx-extension    -DVL_TIME_CONTEXT   -std=gnu++20 -x c++-header Vtb_apex_l3__pch.h -o Vtb_apex_l3__pch.h.slow.gch
warning: unknown warning option '-Wno-vla-cxx-extension'; did you mean '-Wno-vla-extension'? [-Wunknown-warning-option]
1 warning generated.
c++   -I.  -MMD -I/opt/homebrew/Cellar/verilator/5.044/share/verilator/include -I/opt/homebrew/Cellar/verilator/5.044/share/verilator/include/vltstd -DVERILATOR=1 -DVM_COVERAGE=0 -DVM_SC=0 -DVM_TIMING=1 -DVM_TRACE=1 -DVM_TRACE_FST=1 -DVM_TRACE_VCD=0 -DVM_TRACE_SAIF=0 -faligned-new -fbracket-depth=4096 -fcf-protection=none -Xclang -fno-pch-timestamp -Qunused-arguments -Wno-bool-operation -Wno-c++11-narrowing -Wno-constant-logical-operand -Wno-int-in-bool-context -Wno-non-pod-varargs -Wno-parentheses-equality -Wno-shadow -Wno-sign-compare -Wno-tautological-bitwise-compare -Wno-tautological-compare -Wno-uninitialized -Wno-unused-but-set-parameter -Wno-unused-but-set-variable -Wno-unused-parameter -Wno-unused-variable -Wno-vla-cxx-extension    -DVL_TIME_CONTEXT   -std=gnu++20 -include-pch Vtb_apex_l3__pch.h.slow.gch -c -o Vtb_apex_l3__ConstPool__0__Slow.o Vtb_apex_l3__ConstPool__0__Slow.cpp
warning: unknown warning option '-Wno-vla-cxx-extension'; did you mean '-Wno-vla-extension'? [-Wunknown-warning-option]
1 warning generated.
c++   -I.  -MMD -I/opt/homebrew/Cellar/verilator/5.044/share/verilator/include -I/opt/homebrew/Cellar/verilator/5.044/share/verilator/include/vltstd -DVERILATOR=1 -DVM_COVERAGE=0 -DVM_SC=0 -DVM_TIMING=1 -DVM_TRACE=1 -DVM_TRACE_FST=1 -DVM_TRACE_VCD=0 -DVM_TRACE_SAIF=0 -faligned-new -fbracket-depth=4096 -fcf-protection=none -Xclang -fno-pch-timestamp -Qunused-arguments -Wno-bool-operation -Wno-c++11-narrowing -Wno-constant-logical-operand -Wno-int-in-bool-context -Wno-non-pod-varargs -Wno-parentheses-equality -Wno-shadow -Wno-sign-compare -Wno-tautological-bitwise-compare -Wno-tautological-compare -Wno-uninitialized -Wno-unused-but-set-parameter -Wno-unused-but-set-variable -Wno-unused-parameter -Wno-unused-variable -Wno-vla-cxx-extension    -DVL_TIME_CONTEXT   -std=gnu++20 -include-pch Vtb_apex_l3__pch.h.slow.gch -c -o Vtb_apex_l3___024root__Slow.o Vtb_apex_l3___024root__Slow.cpp
warning: unknown warning option '-Wno-vla-cxx-extension'; did you mean '-Wno-vla-extension'? [-Wunknown-warning-option]
1 warning generated.
c++   -I.  -MMD -I/opt/homebrew/Cellar/verilator/5.044/share/verilator/include -I/opt/homebrew/Cellar/verilator/5.044/share/verilator/include/vltstd -DVERILATOR=1 -DVM_COVERAGE=0 -DVM_SC=0 -DVM_TIMING=1 -DVM_TRACE=1 -DVM_TRACE_FST=1 -DVM_TRACE_VCD=0 -DVM_TRACE_SAIF=0 -faligned-new -fbracket-depth=4096 -fcf-protection=none -Xclang -fno-pch-timestamp -Qunused-arguments -Wno-bool-operation -Wno-c++11-narrowing -Wno-constant-logical-operand -Wno-int-in-bool-context -Wno-non-pod-varargs -Wno-parentheses-equality -Wno-shadow -Wno-sign-compare -Wno-tautological-bitwise-compare -Wno-tautological-compare -Wno-uninitialized -Wno-unused-but-set-parameter -Wno-unused-but-set-variable -Wno-unused-parameter -Wno-unused-variable -Wno-vla-cxx-extension    -DVL_TIME_CONTEXT   -std=gnu++20 -include-pch Vtb_apex_l3__pch.h.slow.gch -c -o Vtb_apex_l3___024root__0__Slow.o Vtb_apex_l3___024root__0__Slow.cpp
warning: unknown warning option '-Wno-vla-cxx-extension'; did you mean '-Wno-vla-extension'? [-Wunknown-warning-option]
1 warning generated.
c++   -I.  -MMD -I/opt/homebrew/Cellar/verilator/5.044/share/verilator/include -I/opt/homebrew/Cellar/verilator/5.044/share/verilator/include/vltstd -DVERILATOR=1 -DVM_COVERAGE=0 -DVM_SC=0 -DVM_TIMING=1 -DVM_TRACE=1 -DVM_TRACE_FST=1 -DVM_TRACE_VCD=0 -DVM_TRACE_SAIF=0 -faligned-new -fbracket-depth=4096 -fcf-protection=none -Xclang -fno-pch-timestamp -Qunused-arguments -Wno-bool-operation -Wno-c++11-narrowing -Wno-constant-logical-operand -Wno-int-in-bool-context -Wno-non-pod-varargs -Wno-parentheses-equality -Wno-shadow -Wno-sign-compare -Wno-tautological-bitwise-compare -Wno-tautological-compare -Wno-uninitialized -Wno-unused-but-set-parameter -Wno-unused-but-set-variable -Wno-unused-parameter -Wno-unused-variable -Wno-vla-cxx-extension    -DVL_TIME_CONTEXT   -std=gnu++20 -include-pch Vtb_apex_l3__pch.h.slow.gch -c -o Vtb_apex_l3___024root__1__Slow.o Vtb_apex_l3___024root__1__Slow.cpp
warning: unknown warning option '-Wno-vla-cxx-extension'; did you mean '-Wno-vla-extension'? [-Wunknown-warning-option]
1 warning generated.
c++   -I.  -MMD -I/opt/homebrew/Cellar/verilator/5.044/share/verilator/include -I/opt/homebrew/Cellar/verilator/5.044/share/verilator/include/vltstd -DVERILATOR=1 -DVM_COVERAGE=0 -DVM_SC=0 -DVM_TIMING=1 -DVM_TRACE=1 -DVM_TRACE_FST=1 -DVM_TRACE_VCD=0 -DVM_TRACE_SAIF=0 -faligned-new -fbracket-depth=4096 -fcf-protection=none -Xclang -fno-pch-timestamp -Qunused-arguments -Wno-bool-operation -Wno-c++11-narrowing -Wno-constant-logical-operand -Wno-int-in-bool-context -Wno-non-pod-varargs -Wno-parentheses-equality -Wno-shadow -Wno-sign-compare -Wno-tautological-bitwise-compare -Wno-tautological-compare -Wno-uninitialized -Wno-unused-but-set-parameter -Wno-unused-but-set-variable -Wno-unused-parameter -Wno-unused-variable -Wno-vla-cxx-extension    -DVL_TIME_CONTEXT   -std=gnu++20 -include-pch Vtb_apex_l3__pch.h.slow.gch -c -o Vtb_apex_l3_cq_value_path__D80__Slow.o Vtb_apex_l3_cq_value_path__D80__Slow.cpp
warning: unknown warning option '-Wno-vla-cxx-extension'; did you mean '-Wno-vla-extension'? [-Wunknown-warning-option]
1 warning generated.
c++   -I.  -MMD -I/opt/homebrew/Cellar/verilator/5.044/share/verilator/include -I/opt/homebrew/Cellar/verilator/5.044/share/verilator/include/vltstd -DVERILATOR=1 -DVM_COVERAGE=0 -DVM_SC=0 -DVM_TIMING=1 -DVM_TRACE=1 -DVM_TRACE_FST=1 -DVM_TRACE_VCD=0 -DVM_TRACE_SAIF=0 -faligned-new -fbracket-depth=4096 -fcf-protection=none -Xclang -fno-pch-timestamp -Qunused-arguments -Wno-bool-operation -Wno-c++11-narrowing -Wno-constant-logical-operand -Wno-int-in-bool-context -Wno-non-pod-varargs -Wno-parentheses-equality -Wno-shadow -Wno-sign-compare -Wno-tautological-bitwise-compare -Wno-tautological-compare -Wno-uninitialized -Wno-unused-but-set-parameter -Wno-unused-but-set-variable -Wno-unused-parameter -Wno-unused-variable -Wno-vla-cxx-extension    -DVL_TIME_CONTEXT   -std=gnu++20 -include-pch Vtb_apex_l3__pch.h.slow.gch -c -o Vtb_apex_l3_cq_value_path__D80__0__Slow.o Vtb_apex_l3_cq_value_path__D80__0__Slow.cpp
warning: unknown warning option '-Wno-vla-cxx-extension'; did you mean '-Wno-vla-extension'? [-Wunknown-warning-option]
1 warning generated.
c++   -I.  -MMD -I/opt/homebrew/Cellar/verilator/5.044/share/verilator/include -I/opt/homebrew/Cellar/verilator/5.044/share/verilator/include/vltstd -DVERILATOR=1 -DVM_COVERAGE=0 -DVM_SC=0 -DVM_TIMING=1 -DVM_TRACE=1 -DVM_TRACE_FST=1 -DVM_TRACE_VCD=0 -DVM_TRACE_SAIF=0 -faligned-new -fbracket-depth=4096 -fcf-protection=none -Xclang -fno-pch-timestamp -Qunused-arguments -Wno-bool-operation -Wno-c++11-narrowing -Wno-constant-logical-operand -Wno-int-in-bool-context -Wno-non-pod-varargs -Wno-parentheses-equality -Wno-shadow -Wno-sign-compare -Wno-tautological-bitwise-compare -Wno-tautological-compare -Wno-uninitialized -Wno-unused-but-set-parameter -Wno-unused-but-set-variable -Wno-unused-parameter -Wno-unused-variable -Wno-vla-cxx-extension    -DVL_TIME_CONTEXT   -std=gnu++20 -include-pch Vtb_apex_l3__pch.h.slow.gch -c -o Vtb_apex_l3_cq_value_path__D80__1__Slow.o Vtb_apex_l3_cq_value_path__D80__1__Slow.cpp
warning: unknown warning option '-Wno-vla-cxx-extension'; did you mean '-Wno-vla-extension'? [-Wunknown-warning-option]
1 warning generated.
c++   -I.  -MMD -I/opt/homebrew/Cellar/verilator/5.044/share/verilator/include -I/opt/homebrew/Cellar/verilator/5.044/share/verilator/include/vltstd -DVERILATOR=1 -DVM_COVERAGE=0 -DVM_SC=0 -DVM_TIMING=1 -DVM_TRACE=1 -DVM_TRACE_FST=1 -DVM_TRACE_VCD=0 -DVM_TRACE_SAIF=0 -faligned-new -fbracket-depth=4096 -fcf-protection=none -Xclang -fno-pch-timestamp -Qunused-arguments -Wno-bool-operation -Wno-c++11-narrowing -Wno-constant-logical-operand -Wno-int-in-bool-context -Wno-non-pod-varargs -Wno-parentheses-equality -Wno-shadow -Wno-sign-compare -Wno-tautological-bitwise-compare -Wno-tautological-compare -Wno-uninitialized -Wno-unused-but-set-parameter -Wno-unused-but-set-variable -Wno-unused-parameter -Wno-unused-variable -Wno-vla-cxx-extension    -DVL_TIME_CONTEXT   -std=gnu++20 -include-pch Vtb_apex_l3__pch.h.slow.gch -c -o Vtb_apex_l3_cq_value_path__D80__2__Slow.o Vtb_apex_l3_cq_value_path__D80__2__Slow.cpp
warning: unknown warning option '-Wno-vla-cxx-extension'; did you mean '-Wno-vla-extension'? [-Wunknown-warning-option]
1 warning generated.
c++   -I.  -MMD -I/opt/homebrew/Cellar/verilator/5.044/share/verilator/include -I/opt/homebrew/Cellar/verilator/5.044/share/verilator/include/vltstd -DVERILATOR=1 -DVM_COVERAGE=0 -DVM_SC=0 -DVM_TIMING=1 -DVM_TRACE=1 -DVM_TRACE_FST=1 -DVM_TRACE_VCD=0 -DVM_TRACE_SAIF=0 -faligned-new -fbracket-depth=4096 -fcf-protection=none -Xclang -fno-pch-timestamp -Qunused-arguments -Wno-bool-operation -Wno-c++11-narrowing -Wno-constant-logical-operand -Wno-int-in-bool-context -Wno-non-pod-varargs -Wno-parentheses-equality -Wno-shadow -Wno-sign-compare -Wno-tautological-bitwise-compare -Wno-tautological-compare -Wno-uninitialized -Wno-unused-but-set-parameter -Wno-unused-but-set-variable -Wno-unused-parameter -Wno-unused-variable -Wno-vla-cxx-extension    -DVL_TIME_CONTEXT   -std=gnu++20 -include-pch Vtb_apex_l3__pch.h.slow.gch -c -o Vtb_apex_l3_cq_value_path__D80__3__Slow.o Vtb_apex_l3_cq_value_path__D80__3__Slow.cpp
warning: unknown warning option '-Wno-vla-cxx-extension'; did you mean '-Wno-vla-extension'? [-Wunknown-warning-option]
1 warning generated.
c++   -I.  -MMD -I/opt/homebrew/Cellar/verilator/5.044/share/verilator/include -I/opt/homebrew/Cellar/verilator/5.044/share/verilator/include/vltstd -DVERILATOR=1 -DVM_COVERAGE=0 -DVM_SC=0 -DVM_TIMING=1 -DVM_TRACE=1 -DVM_TRACE_FST=1 -DVM_TRACE_VCD=0 -DVM_TRACE_SAIF=0 -faligned-new -fbracket-depth=4096 -fcf-protection=none -Xclang -fno-pch-timestamp -Qunused-arguments -Wno-bool-operation -Wno-c++11-narrowing -Wno-constant-logical-operand -Wno-int-in-bool-context -Wno-non-pod-varargs -Wno-parentheses-equality -Wno-shadow -Wno-sign-compare -Wno-tautological-bitwise-compare -Wno-tautological-compare -Wno-uninitialized -Wno-unused-but-set-parameter -Wno-unused-but-set-variable -Wno-unused-parameter -Wno-unused-variable -Wno-vla-cxx-extension    -DVL_TIME_CONTEXT   -std=gnu++20 -include-pch Vtb_apex_l3__pch.h.slow.gch -c -o Vtb_apex_l3_cq_key_path__D80_G10__Slow.o Vtb_apex_l3_cq_key_path__D80_G10__Slow.cpp
warning: unknown warning option '-Wno-vla-cxx-extension'; did you mean '-Wno-vla-extension'? [-Wunknown-warning-option]
1 warning generated.
c++   -I.  -MMD -I/opt/homebrew/Cellar/verilator/5.044/share/verilator/include -I/opt/homebrew/Cellar/verilator/5.044/share/verilator/include/vltstd -DVERILATOR=1 -DVM_COVERAGE=0 -DVM_SC=0 -DVM_TIMING=1 -DVM_TRACE=1 -DVM_TRACE_FST=1 -DVM_TRACE_VCD=0 -DVM_TRACE_SAIF=0 -faligned-new -fbracket-depth=4096 -fcf-protection=none -Xclang -fno-pch-timestamp -Qunused-arguments -Wno-bool-operation -Wno-c++11-narrowing -Wno-constant-logical-operand -Wno-int-in-bool-context -Wno-non-pod-varargs -Wno-parentheses-equality -Wno-shadow -Wno-sign-compare -Wno-tautological-bitwise-compare -Wno-tautological-compare -Wno-uninitialized -Wno-unused-but-set-parameter -Wno-unused-but-set-variable -Wno-unused-parameter -Wno-unused-variable -Wno-vla-cxx-extension    -DVL_TIME_CONTEXT   -std=gnu++20 -include-pch Vtb_apex_l3__pch.h.slow.gch -c -o Vtb_apex_l3_cq_key_path__D80_G10__0__Slow.o Vtb_apex_l3_cq_key_path__D80_G10__0__Slow.cpp
warning: unknown warning option '-Wno-vla-cxx-extension'; did you mean '-Wno-vla-extension'? [-Wunknown-warning-option]
1 warning generated.
c++   -I.  -MMD -I/opt/homebrew/Cellar/verilator/5.044/share/verilator/include -I/opt/homebrew/Cellar/verilator/5.044/share/verilator/include/vltstd -DVERILATOR=1 -DVM_COVERAGE=0 -DVM_SC=0 -DVM_TIMING=1 -DVM_TRACE=1 -DVM_TRACE_FST=1 -DVM_TRACE_VCD=0 -DVM_TRACE_SAIF=0 -faligned-new -fbracket-depth=4096 -fcf-protection=none -Xclang -fno-pch-timestamp -Qunused-arguments -Wno-bool-operation -Wno-c++11-narrowing -Wno-constant-logical-operand -Wno-int-in-bool-context -Wno-non-pod-varargs -Wno-parentheses-equality -Wno-shadow -Wno-sign-compare -Wno-tautological-bitwise-compare -Wno-tautological-compare -Wno-uninitialized -Wno-unused-but-set-parameter -Wno-unused-but-set-variable -Wno-unused-parameter -Wno-unused-variable -Wno-vla-cxx-extension    -DVL_TIME_CONTEXT   -std=gnu++20 -include-pch Vtb_apex_l3__pch.h.slow.gch -c -o Vtb_apex_l3_cq_key_path__D80_G10__1__Slow.o Vtb_apex_l3_cq_key_path__D80_G10__1__Slow.cpp
warning: unknown warning option '-Wno-vla-cxx-extension'; did you mean '-Wno-vla-extension'? [-Wunknown-warning-option]
1 warning generated.
c++   -I.  -MMD -I/opt/homebrew/Cellar/verilator/5.044/share/verilator/include -I/opt/homebrew/Cellar/verilator/5.044/share/verilator/include/vltstd -DVERILATOR=1 -DVM_COVERAGE=0 -DVM_SC=0 -DVM_TIMING=1 -DVM_TRACE=1 -DVM_TRACE_FST=1 -DVM_TRACE_VCD=0 -DVM_TRACE_SAIF=0 -faligned-new -fbracket-depth=4096 -fcf-protection=none -Xclang -fno-pch-timestamp -Qunused-arguments -Wno-bool-operation -Wno-c++11-narrowing -Wno-constant-logical-operand -Wno-int-in-bool-context -Wno-non-pod-varargs -Wno-parentheses-equality -Wno-shadow -Wno-sign-compare -Wno-tautological-bitwise-compare -Wno-tautological-compare -Wno-uninitialized -Wno-unused-but-set-parameter -Wno-unused-but-set-variable -Wno-unused-parameter -Wno-unused-variable -Wno-vla-cxx-extension    -DVL_TIME_CONTEXT   -std=gnu++20 -include-pch Vtb_apex_l3__pch.h.slow.gch -c -o Vtb_apex_l3_cq_key_path__D80_G10__2__Slow.o Vtb_apex_l3_cq_key_path__D80_G10__2__Slow.cpp
warning: unknown warning option '-Wno-vla-cxx-extension'; did you mean '-Wno-vla-extension'? [-Wunknown-warning-option]
1 warning generated.
c++   -I.  -MMD -I/opt/homebrew/Cellar/verilator/5.044/share/verilator/include -I/opt/homebrew/Cellar/verilator/5.044/share/verilator/include/vltstd -DVERILATOR=1 -DVM_COVERAGE=0 -DVM_SC=0 -DVM_TIMING=1 -DVM_TRACE=1 -DVM_TRACE_FST=1 -DVM_TRACE_VCD=0 -DVM_TRACE_SAIF=0 -faligned-new -fbracket-depth=4096 -fcf-protection=none -Xclang -fno-pch-timestamp -Qunused-arguments -Wno-bool-operation -Wno-c++11-narrowing -Wno-constant-logical-operand -Wno-int-in-bool-context -Wno-non-pod-varargs -Wno-parentheses-equality -Wno-shadow -Wno-sign-compare -Wno-tautological-bitwise-compare -Wno-tautological-compare -Wno-uninitialized -Wno-unused-but-set-parameter -Wno-unused-but-set-variable -Wno-unused-parameter -Wno-unused-variable -Wno-vla-cxx-extension    -DVL_TIME_CONTEXT   -std=gnu++20 -include-pch Vtb_apex_l3__pch.h.slow.gch -c -o Vtb_apex_l3_cq_key_path__D80_G10__3__Slow.o Vtb_apex_l3_cq_key_path__D80_G10__3__Slow.cpp
warning: unknown warning option '-Wno-vla-cxx-extension'; did you mean '-Wno-vla-extension'? [-Wunknown-warning-option]
1 warning generated.
c++   -I.  -MMD -I/opt/homebrew/Cellar/verilator/5.044/share/verilator/include -I/opt/homebrew/Cellar/verilator/5.044/share/verilator/include/vltstd -DVERILATOR=1 -DVM_COVERAGE=0 -DVM_SC=0 -DVM_TIMING=1 -DVM_TRACE=1 -DVM_TRACE_FST=1 -DVM_TRACE_VCD=0 -DVM_TRACE_SAIF=0 -faligned-new -fbracket-depth=4096 -fcf-protection=none -Xclang -fno-pch-timestamp -Qunused-arguments -Wno-bool-operation -Wno-c++11-narrowing -Wno-constant-logical-operand -Wno-int-in-bool-context -Wno-non-pod-varargs -Wno-parentheses-equality -Wno-shadow -Wno-sign-compare -Wno-tautological-bitwise-compare -Wno-tautological-compare -Wno-uninitialized -Wno-unused-but-set-parameter -Wno-unused-but-set-variable -Wno-unused-parameter -Wno-unused-variable -Wno-vla-cxx-extension    -DVL_TIME_CONTEXT   -std=gnu++20 -include-pch Vtb_apex_l3__pch.h.slow.gch -c -o Vtb_apex_l3_cq_key_path__D80_G10__4__Slow.o Vtb_apex_l3_cq_key_path__D80_G10__4__Slow.cpp
warning: unknown warning option '-Wno-vla-cxx-extension'; did you mean '-Wno-vla-extension'? [-Wunknown-warning-option]
1 warning generated.
c++   -I.  -MMD -I/opt/homebrew/Cellar/verilator/5.044/share/verilator/include -I/opt/homebrew/Cellar/verilator/5.044/share/verilator/include/vltstd -DVERILATOR=1 -DVM_COVERAGE=0 -DVM_SC=0 -DVM_TIMING=1 -DVM_TRACE=1 -DVM_TRACE_FST=1 -DVM_TRACE_VCD=0 -DVM_TRACE_SAIF=0 -faligned-new -fbracket-depth=4096 -fcf-protection=none -Xclang -fno-pch-timestamp -Qunused-arguments -Wno-bool-operation -Wno-c++11-narrowing -Wno-constant-logical-operand -Wno-int-in-bool-context -Wno-non-pod-varargs -Wno-parentheses-equality -Wno-shadow -Wno-sign-compare -Wno-tautological-bitwise-compare -Wno-tautological-compare -Wno-uninitialized -Wno-unused-but-set-parameter -Wno-unused-but-set-variable -Wno-unused-parameter -Wno-unused-variable -Wno-vla-cxx-extension    -DVL_TIME_CONTEXT   -std=gnu++20 -include-pch Vtb_apex_l3__pch.h.slow.gch -c -o Vtb_apex_l3_cq_key_path__D80_G10__5__Slow.o Vtb_apex_l3_cq_key_path__D80_G10__5__Slow.cpp
warning: unknown warning option '-Wno-vla-cxx-extension'; did you mean '-Wno-vla-extension'? [-Wunknown-warning-option]
1 warning generated.
c++   -I.  -MMD -I/opt/homebrew/Cellar/verilator/5.044/share/verilator/include -I/opt/homebrew/Cellar/verilator/5.044/share/verilator/include/vltstd -DVERILATOR=1 -DVM_COVERAGE=0 -DVM_SC=0 -DVM_TIMING=1 -DVM_TRACE=1 -DVM_TRACE_FST=1 -DVM_TRACE_VCD=0 -DVM_TRACE_SAIF=0 -faligned-new -fbracket-depth=4096 -fcf-protection=none -Xclang -fno-pch-timestamp -Qunused-arguments -Wno-bool-operation -Wno-c++11-narrowing -Wno-constant-logical-operand -Wno-int-in-bool-context -Wno-non-pod-varargs -Wno-parentheses-equality -Wno-shadow -Wno-sign-compare -Wno-tautological-bitwise-compare -Wno-tautological-compare -Wno-uninitialized -Wno-unused-but-set-parameter -Wno-unused-but-set-variable -Wno-unused-parameter -Wno-unused-variable -Wno-vla-cxx-extension    -DVL_TIME_CONTEXT   -std=gnu++20 -include-pch Vtb_apex_l3__pch.h.slow.gch -c -o Vtb_apex_l3_cq_key_path__D80_G10__6__Slow.o Vtb_apex_l3_cq_key_path__D80_G10__6__Slow.cpp
warning: unknown warning option '-Wno-vla-cxx-extension'; did you mean '-Wno-vla-extension'? [-Wunknown-warning-option]
1 warning generated.
c++   -I.  -MMD -I/opt/homebrew/Cellar/verilator/5.044/share/verilator/include -I/opt/homebrew/Cellar/verilator/5.044/share/verilator/include/vltstd -DVERILATOR=1 -DVM_COVERAGE=0 -DVM_SC=0 -DVM_TIMING=1 -DVM_TRACE=1 -DVM_TRACE_FST=1 -DVM_TRACE_VCD=0 -DVM_TRACE_SAIF=0 -faligned-new -fbracket-depth=4096 -fcf-protection=none -Xclang -fno-pch-timestamp -Qunused-arguments -Wno-bool-operation -Wno-c++11-narrowing -Wno-constant-logical-operand -Wno-int-in-bool-context -Wno-non-pod-varargs -Wno-parentheses-equality -Wno-shadow -Wno-sign-compare -Wno-tautological-bitwise-compare -Wno-tautological-compare -Wno-uninitialized -Wno-unused-but-set-parameter -Wno-unused-but-set-variable -Wno-unused-parameter -Wno-unused-variable -Wno-vla-cxx-extension    -DVL_TIME_CONTEXT   -std=gnu++20 -include-pch Vtb_apex_l3__pch.h.slow.gch -c -o Vtb_apex_l3__Syms__Slow.o Vtb_apex_l3__Syms__Slow.cpp
warning: unknown warning option '-Wno-vla-cxx-extension'; did you mean '-Wno-vla-extension'? [-Wunknown-warning-option]
1 warning generated.
c++   -I.  -MMD -I/opt/homebrew/Cellar/verilator/5.044/share/verilator/include -I/opt/homebrew/Cellar/verilator/5.044/share/verilator/include/vltstd -DVERILATOR=1 -DVM_COVERAGE=0 -DVM_SC=0 -DVM_TIMING=1 -DVM_TRACE=1 -DVM_TRACE_FST=1 -DVM_TRACE_VCD=0 -DVM_TRACE_SAIF=0 -faligned-new -fbracket-depth=4096 -fcf-protection=none -Xclang -fno-pch-timestamp -Qunused-arguments -Wno-bool-operation -Wno-c++11-narrowing -Wno-constant-logical-operand -Wno-int-in-bool-context -Wno-non-pod-varargs -Wno-parentheses-equality -Wno-shadow -Wno-sign-compare -Wno-tautological-bitwise-compare -Wno-tautological-compare -Wno-uninitialized -Wno-unused-but-set-parameter -Wno-unused-but-set-variable -Wno-unused-parameter -Wno-unused-variable -Wno-vla-cxx-extension    -DVL_TIME_CONTEXT   -std=gnu++20 -include-pch Vtb_apex_l3__pch.h.slow.gch -c -o Vtb_apex_l3__Trace__0__Slow.o Vtb_apex_l3__Trace__0__Slow.cpp
warning: unknown warning option '-Wno-vla-cxx-extension'; did you mean '-Wno-vla-extension'? [-Wunknown-warning-option]
1 warning generated.
c++   -I.  -MMD -I/opt/homebrew/Cellar/verilator/5.044/share/verilator/include -I/opt/homebrew/Cellar/verilator/5.044/share/verilator/include/vltstd -DVERILATOR=1 -DVM_COVERAGE=0 -DVM_SC=0 -DVM_TIMING=1 -DVM_TRACE=1 -DVM_TRACE_FST=1 -DVM_TRACE_VCD=0 -DVM_TRACE_SAIF=0 -faligned-new -fbracket-depth=4096 -fcf-protection=none -Xclang -fno-pch-timestamp -Qunused-arguments -Wno-bool-operation -Wno-c++11-narrowing -Wno-constant-logical-operand -Wno-int-in-bool-context -Wno-non-pod-varargs -Wno-parentheses-equality -Wno-shadow -Wno-sign-compare -Wno-tautological-bitwise-compare -Wno-tautological-compare -Wno-uninitialized -Wno-unused-but-set-parameter -Wno-unused-but-set-variable -Wno-unused-parameter -Wno-unused-variable -Wno-vla-cxx-extension    -DVL_TIME_CONTEXT   -std=gnu++20 -include-pch Vtb_apex_l3__pch.h.slow.gch -c -o Vtb_apex_l3__TraceDecls__0__Slow.o Vtb_apex_l3__TraceDecls__0__Slow.cpp
warning: unknown warning option '-Wno-vla-cxx-extension'; did you mean '-Wno-vla-extension'? [-Wunknown-warning-option]
1 warning generated.
c++  -Wl,-U,__Z15vl_time_stamp64v,-U,__Z13sc_time_stampv   verilated.o verilated_fst_c.o verilated_timing.o verilated_threads.o Vtb_apex_l3__ALL.a   -lz  -pthread -lpthread   -o Vtb_apex_l3
rm Vtb_apex_l3__ALL.verilator_deplist.tmp
- V e r i l a t i o n   R e p o r t: Verilator 5.044 2026-01-01 rev vUNKNOWN-built20260101
- Verilator: Built from 4.245 MB sources in 42 modules, into 33.191 MB in 54 C++ files needing 0.034 MB
- Verilator: Walltime 31.278 s (elab=0.057, cvt=3.148, bld=27.617); cpu 3.643 s on 1 threads; alloced 283.406 MB
mkdir -p build/obj_unit
/opt/homebrew/bin/verilator --binary -Wall --timing --assert --timescale 1ns/1ps -I../../../verif/common -I../../../rtl/asu -I. lint_waivers.vlt --top-module tb_stagebuf_patd \
	    -Mdir build/obj_unit ../../../rtl/apex_pkg.sv \
	    ../../../rtl/xbr/stream_skid.sv \
	    ../../../rtl/top/glue/apex_stage_buf.sv tb_stagebuf_patd.sv
c++ -Os  -I.  -MMD -I/opt/homebrew/Cellar/verilator/5.044/share/verilator/include -I/opt/homebrew/Cellar/verilator/5.044/share/verilator/include/vltstd -DVERILATOR=1 -DVM_COVERAGE=0 -DVM_SC=0 -DVM_TIMING=1 -DVM_TRACE=0 -DVM_TRACE_FST=0 -DVM_TRACE_VCD=0 -DVM_TRACE_SAIF=0 -faligned-new -fbracket-depth=4096 -fcf-protection=none -Xclang -fno-pch-timestamp -Qunused-arguments -Wno-bool-operation -Wno-c++11-narrowing -Wno-constant-logical-operand -Wno-int-in-bool-context -Wno-non-pod-varargs -Wno-parentheses-equality -Wno-shadow -Wno-sign-compare -Wno-tautological-bitwise-compare -Wno-tautological-compare -Wno-uninitialized -Wno-unused-but-set-parameter -Wno-unused-but-set-variable -Wno-unused-parameter -Wno-unused-variable -Wno-vla-cxx-extension    -DVL_TIME_CONTEXT   -std=gnu++20 -c -o verilated.o /opt/homebrew/Cellar/verilator/5.044/share/verilator/include/verilated.cpp
warning: unknown warning option '-Wno-vla-cxx-extension'; did you mean '-Wno-vla-extension'? [-Wunknown-warning-option]
1 warning generated.
c++ -Os  -I.  -MMD -I/opt/homebrew/Cellar/verilator/5.044/share/verilator/include -I/opt/homebrew/Cellar/verilator/5.044/share/verilator/include/vltstd -DVERILATOR=1 -DVM_COVERAGE=0 -DVM_SC=0 -DVM_TIMING=1 -DVM_TRACE=0 -DVM_TRACE_FST=0 -DVM_TRACE_VCD=0 -DVM_TRACE_SAIF=0 -faligned-new -fbracket-depth=4096 -fcf-protection=none -Xclang -fno-pch-timestamp -Qunused-arguments -Wno-bool-operation -Wno-c++11-narrowing -Wno-constant-logical-operand -Wno-int-in-bool-context -Wno-non-pod-varargs -Wno-parentheses-equality -Wno-shadow -Wno-sign-compare -Wno-tautological-bitwise-compare -Wno-tautological-compare -Wno-uninitialized -Wno-unused-but-set-parameter -Wno-unused-but-set-variable -Wno-unused-parameter -Wno-unused-variable -Wno-vla-cxx-extension    -DVL_TIME_CONTEXT   -std=gnu++20 -c -o verilated_timing.o /opt/homebrew/Cellar/verilator/5.044/share/verilator/include/verilated_timing.cpp
warning: unknown warning option '-Wno-vla-cxx-extension'; did you mean '-Wno-vla-extension'? [-Wunknown-warning-option]
1 warning generated.
c++ -Os  -I.  -MMD -I/opt/homebrew/Cellar/verilator/5.044/share/verilator/include -I/opt/homebrew/Cellar/verilator/5.044/share/verilator/include/vltstd -DVERILATOR=1 -DVM_COVERAGE=0 -DVM_SC=0 -DVM_TIMING=1 -DVM_TRACE=0 -DVM_TRACE_FST=0 -DVM_TRACE_VCD=0 -DVM_TRACE_SAIF=0 -faligned-new -fbracket-depth=4096 -fcf-protection=none -Xclang -fno-pch-timestamp -Qunused-arguments -Wno-bool-operation -Wno-c++11-narrowing -Wno-constant-logical-operand -Wno-int-in-bool-context -Wno-non-pod-varargs -Wno-parentheses-equality -Wno-shadow -Wno-sign-compare -Wno-tautological-bitwise-compare -Wno-tautological-compare -Wno-uninitialized -Wno-unused-but-set-parameter -Wno-unused-but-set-variable -Wno-unused-parameter -Wno-unused-variable -Wno-vla-cxx-extension    -DVL_TIME_CONTEXT   -std=gnu++20 -c -o verilated_threads.o /opt/homebrew/Cellar/verilator/5.044/share/verilator/include/verilated_threads.cpp
warning: unknown warning option '-Wno-vla-cxx-extension'; did you mean '-Wno-vla-extension'? [-Wunknown-warning-option]
1 warning generated.
python3 /opt/homebrew/Cellar/verilator/5.044/share/verilator/bin/verilator_includer -DVL_INCLUDE_OPT=include Vtb_stagebuf_patd.cpp Vtb_stagebuf_patd___024root__0.cpp Vtb_stagebuf_patd__main.cpp Vtb_stagebuf_patd___024root__Slow.cpp Vtb_stagebuf_patd___024root__0__Slow.cpp Vtb_stagebuf_patd__Syms__Slow.cpp > Vtb_stagebuf_patd__ALL.cpp
c++ -Os  -I.  -MMD -I/opt/homebrew/Cellar/verilator/5.044/share/verilator/include -I/opt/homebrew/Cellar/verilator/5.044/share/verilator/include/vltstd -DVERILATOR=1 -DVM_COVERAGE=0 -DVM_SC=0 -DVM_TIMING=1 -DVM_TRACE=0 -DVM_TRACE_FST=0 -DVM_TRACE_VCD=0 -DVM_TRACE_SAIF=0 -faligned-new -fbracket-depth=4096 -fcf-protection=none -Xclang -fno-pch-timestamp -Qunused-arguments -Wno-bool-operation -Wno-c++11-narrowing -Wno-constant-logical-operand -Wno-int-in-bool-context -Wno-non-pod-varargs -Wno-parentheses-equality -Wno-shadow -Wno-sign-compare -Wno-tautological-bitwise-compare -Wno-tautological-compare -Wno-uninitialized -Wno-unused-but-set-parameter -Wno-unused-but-set-variable -Wno-unused-parameter -Wno-unused-variable -Wno-vla-cxx-extension    -DVL_TIME_CONTEXT   -std=gnu++20 -c -o Vtb_stagebuf_patd__ALL.o Vtb_stagebuf_patd__ALL.cpp
warning: unknown warning option '-Wno-vla-cxx-extension'; did you mean '-Wno-vla-extension'? [-Wunknown-warning-option]
1 warning generated.
c++  -Wl,-U,__Z15vl_time_stamp64v,-U,__Z13sc_time_stampv   verilated.o verilated_timing.o verilated_threads.o Vtb_stagebuf_patd__ALL.a    -pthread -lpthread   -o Vtb_stagebuf_patd
rm Vtb_stagebuf_patd__ALL.verilator_deplist.tmp
- V e r i l a t i o n   R e p o r t: Verilator 5.044 2026-01-01 rev vUNKNOWN-built20260101
- Verilator: Built from 0.126 MB sources in 5 modules, into 0.213 MB in 6 C++ files needing 0.001 MB
- Verilator: Walltime 3.576 s (elab=0.002, cvt=0.011, bld=3.552); cpu 0.020 s on 1 threads; alloced 10.172 MB
set -o pipefail; build/obj_unit/Vtb_stagebuf_patd \
	    | tee build/run_unit_stagebuf.log
[8] LOAD bank0: 8 rows x nb=16 (F-5a)
[267] EMIT PAT_D sel=0 (F-5b)
[279] EMIT PAT_D sel=1 (F-5b)
[291] EMIT PAT_D sel=2 (F-5b)
[303] EMIT PAT_D sel=3 (F-5b)
[315] EMIT PAT_D sel=4 (F-5b)
[327] EMIT PAT_D sel=5 (F-5b)
[339] EMIT PAT_D sel=6 (F-5b)
[351] EMIT PAT_D sel=7 (F-5b)
[363] EMIT PAT_D sel=8 (F-5b)
[375] EMIT PAT_D sel=9 (F-5b)
[387] EMIT PAT_D sel=10 (F-5b)
[399] EMIT PAT_D sel=11 (F-5b)
[411] EMIT PAT_D sel=12 (F-5b)
[423] EMIT PAT_D sel=13 (F-5b)
[435] EMIT PAT_D sel=14 (F-5b)
[447] EMIT PAT_D sel=15 (F-5b)
[459] EMIT PAT_D sel=15 rows=3 (zero-fill)
[471] EMIT PAT_ROW row 3, nb=16 (F-5a)
[491] EMIT PAT_D sel=16 (illegal, expect reject)
STAGEBUF PATD RESULT: cycles=505 checks=184 errors=0
STAGEBUF PATD PASS
- tb_stagebuf_patd.sv:262: Verilog $finish
- S i m u l a t i o n   R e p o r t: Verilator 5.044 2026-01-01
- Verilator: $finish at 5us; walltime 0.000 s; speed 27.324 ms/s
- Verilator: cpu 0.000 s on 1 threads; alloced 1 MB
set -o pipefail; /Users/nabilabdelazizferhattaleb/.pyenv/versions/3.11.5/bin/python run_cases.py build | tee build/run_all.txt
[PASS] adv_T1: L3 RESULT: cycles=3931 checks=172 errors=0
[PASS] adv_outlier1000: L3 RESULT: cycles=295422 checks=17825 errors=0
[PASS] adv_T1_cq4p: L3 RESULT: cycles=3941 checks=172 errors=0
[PASS] adv_outlier1000_cq4p: L3 RESULT: cycles=292730 checks=17825 errors=0
[PASS] tip_auto_mixed: L3 RESULT: cycles=112138 checks=8689 errors=0
[PASS] adv_zeroV: L3 RESULT: cycles=38058 checks=2257 errors=0
[PASS] calib_d64_T128: L3 RESULT: cycles=295422 checks=17825 errors=0
[PASS] calib_d64_T70: L3 RESULT: cycles=162295 checks=9763 errors=0
[PASS] calib_d128_T100: L3 RESULT: cycles=665074 checks=27541 errors=0
[PASS] bug_d128_stagebuf_nb: L3 RESULT: cycles=70499 checks=1146 errors=0
[PASS] rand_d64_T1: L3 RESULT: cycles=7226 checks=174 errors=0
[PASS] rand_d64_T2: L3 RESULT: cycles=11777 checks=314 errors=0
[PASS] rand_d64_T3: L3 RESULT: cycles=16328 checks=454 errors=0
[PASS] rand_d64_T5: L3 RESULT: cycles=25430 checks=734 errors=0
[PASS] rand_d64_T6: L3 RESULT: cycles=29981 checks=874 errors=0
[PASS] rand_d64_T8: L3 RESULT: cycles=39083 checks=1154 errors=0
[PASS] rand_d64_T9: L3 RESULT: cycles=43996 checks=1294 errors=0
[PASS] rand_d64_T10: L3 RESULT: cycles=48547 checks=1434 errors=0
[PASS] rand_d64_T12: L3 RESULT: cycles=57649 checks=1714 errors=0
[PASS] rand_d64_T16: L3 RESULT: cycles=75853 checks=2274 errors=0
[PASS] rand_d64_T17: L3 RESULT: cycles=80783 checks=2414 errors=0
[PASS] rand_d64_T20: L3 RESULT: cycles=94436 checks=2834 errors=0
[PASS] rand_d64_T24: L3 RESULT: cycles=112640 checks=3394 errors=0
[PASS] rand_d64_T28: L3 RESULT: cycles=131202 checks=3954 errors=0
[PASS] rand_d64_T30: L3 RESULT: cycles=140304 checks=4234 errors=0
[PASS] rand_d128_T5: L3 RESULT: cycles=86272 checks=1422 errors=0
[PASS] rand_d128_T12: L3 RESULT: cycles=197420 checks=3354 errors=0
L3 RUNS: all 27 cases passed
set -o pipefail; /Users/nabilabdelazizferhattaleb/.pyenv/versions/3.11.5/bin/python coverage_report.py build | tee build/coverage.txt
== Layer-3 case gate ==
  [ok ] adv_T1: checks=172 (scripted 168) errors=0
  [ok ] adv_outlier1000: checks=17825 (scripted 17821) errors=0
  [ok ] adv_T1_cq4p: checks=172 (scripted 168) errors=0
  [ok ] adv_outlier1000_cq4p: checks=17825 (scripted 17821) errors=0
  [ok ] tip_auto_mixed: checks=8689 (scripted 8685) errors=0
  [ok ] adv_zeroV: checks=2257 (scripted 2253) errors=0
  [ok ] calib_d64_T128: checks=17825 (scripted 17821) errors=0
  [ok ] calib_d64_T70: checks=9763 (scripted 9759) errors=0
  [ok ] calib_d128_T100: checks=27541 (scripted 27537) errors=0
  [ok ] bug_d128_stagebuf_nb: checks=1146 (scripted 1142) errors=0
  [ok ] rand_d64_T1: checks=174 (scripted 170) errors=0
  [ok ] rand_d64_T2: checks=314 (scripted 310) errors=0
  [ok ] rand_d64_T3: checks=454 (scripted 450) errors=0
  [ok ] rand_d64_T5: checks=734 (scripted 730) errors=0
  [ok ] rand_d64_T6: checks=874 (scripted 870) errors=0
  [ok ] rand_d64_T8: checks=1154 (scripted 1150) errors=0
  [ok ] rand_d64_T9: checks=1294 (scripted 1290) errors=0
  [ok ] rand_d64_T10: checks=1434 (scripted 1430) errors=0
  [ok ] rand_d64_T12: checks=1714 (scripted 1710) errors=0
  [ok ] rand_d64_T16: checks=2274 (scripted 2270) errors=0
  [ok ] rand_d64_T17: checks=2414 (scripted 2410) errors=0
  [ok ] rand_d64_T20: checks=2834 (scripted 2830) errors=0
  [ok ] rand_d64_T24: checks=3394 (scripted 3390) errors=0
  [ok ] rand_d64_T28: checks=3954 (scripted 3950) errors=0
  [ok ] rand_d64_T30: checks=4234 (scripted 4230) errors=0
  [ok ] rand_d128_T5: checks=1422 (scripted 1418) errors=0
  [ok ] rand_d128_T12: checks=3354 (scripted 3350) errors=0
== case-matrix buckets ==
  [ok ] named cases >= 6
  [ok ] random full-chain jobs >= 15
  [ok ] F-5 fix regression (D=128 full chain, kept-passing) present
  [ok ] D=128 cases >= 4 (F-5 closure breadth)
  [ok ] T=1 present
  [ok ] T>8 chunked cases >= 6
  [ok ] T %% 8 != 0 cases >= 4
  [ok ] full-length T=128 cases >= 2 (F-1 envelope edge)
  [ok ] T=100 at D=128 present (F-1 x F-5, partial-group tensor)
  [ok ] T=70 full-length present (F-1 split-row staging, nbT%%BPR!=0)
  [ok ] F-2 CLOSED: CQ-4+ tile cases >= 2 (grouped keys + mask)
  [ok ] F-2/D-008: tile-level partial-group FLUSH case present (T=1 CQ-4+)
  [ok ] F-2: full-group CQ-4+ case present (T=128 = 8 full G=16 groups)
  [ok ] D-022 actuation: TIP-auto mixed-tier case present
  [ok ] F-2/F-3 residuals documented in the infeasibility register
== documented-infeasible register ==
  DOC T > 128 attention rows: F-1 envelope: apex_top T_ROW_MAX=128 (one score-dequant job == one last-framed ASU row). Raising it further is sizing + re-verification work (ASU SM_ROW_MAX=1024 headroom exists); T<=128 is the verified v0.2 envelope.
  DOC KVQ eviction paths at tile level: F-4: DEPTH=256 holds the full 2*T=256 records at T=128; §8's eviction obligation remains block-level only (verif/kvq sram_full).
  DOC CQ-4+ at D=128 through the tile: F-2 residual: MASK_FILE is one ROM per BUILD; the b128 build ships without a mask (INFO_TIER=0x3, CQ-4+ degenerates to CQ-4 there). D=128 CQ-4+ stays covered at L2 chain (b) through the real kvq_engine with its own calib mask.
  DOC TIP decision (and thus AUTO tier update) for score tiles longer than 8: F-3 residual: the TIP tap is BLOCK_M=1 x BLOCK_N=8 — a T>8 last-framed tile frame-errors in TIP (sticky now W1C-clearable via ERR_STICKY 0x58); auto-mode profiling therefore uses per-block 8-score tiles (tip_auto_mixed), never the full row.
  DOC mid-run tier switching (sub-transaction granularity): D-024 contract: the tier select is quasi-static per KVQ transaction run — per token (values), per group (keys), per record (reads), per block (auto mode). The engines' TIER stays a synthesis parameter; runtime control is by BANKING verified engines, honestly documented.
total checks: 135241
L3 COVERAGE GATE: PASS
rm -f build/mutation.txt
/Users/nabilabdelazizferhattaleb/.pyenv/versions/3.11.5/bin/python mutate.py patch M1 build/mut_M1
M1: patched copy written to build/mut_M1/apex_top.sv
mkdir -p build/obj_mut_M1
/opt/homebrew/bin/verilator --binary -Wall --timing --assert --timescale 1ns/1ps -I../../../verif/common -I../../../rtl/asu -I. lint_waivers.vlt --trace-fst -GCFG_D=64 -GG_CFG=16 -GDEPTH=256 -GOUTK=2 -GMASKF='"build/mask_l3_b64.hex"' --top-module tb_apex_l3 -Mdir build/obj_mut_M1 ../../../rtl/apex_pkg.sv ../../../rtl/mxe/mxe_cfg_pkg.sv ../../../rtl/xbr/stream_skid.sv ../../../rtl/mxe/mxe_pe.sv ../../../rtl/mxe/mxe_array.sv ../../../rtl/mxe/mxe_buf.sv ../../../rtl/mxe/mxe_requant.sv ../../../rtl/mxe/mxe_ctrl.sv ../../../rtl/mxe/mxe_top.sv ../../../rtl/asu/asu_exp_lut.sv ../../../rtl/asu/asu_softmax.sv ../../../rtl/asu/rsqrt.sv ../../../rtl/asu/asu_rmsnorm.sv ../../../rtl/kvq/cores/cq_fp_pkg.sv ../../../rtl/kvq/cores/amax_unit.sv ../../../rtl/kvq/cores/cq_scale_unit.sv ../../../rtl/kvq/cores/cq_quant_unit.sv ../../../rtl/kvq/cores/cq_dequant_unit.sv ../../../rtl/kvq/cores/scale_bank.sv ../../../rtl/kvq/cores/residual_buffer.sv ../../../rtl/kvq/cores/sram_controller.sv ../../../rtl/kvq/cores/cq_value_path.sv ../../../rtl/kvq/cores/cq_key_path.sv ../../../rtl/kvq/kvq_engine.sv ../../../rtl/top/glue/apex_kvq_bank.sv ../../../rtl/tip/tip_decide.sv ../../../rtl/tip/tip_importance.sv ../../../rtl/tip/tip_top.sv ../../../rtl/seq/seq_walker.sv ../../../rtl/csr/csr_regs.sv ../../../rtl/seam/seam_feeder_quant.sv ../../../rtl/seam/seam_score_dequant.sv ../../../rtl/top/glue/apex_q78_to_fp32.sv ../../../rtl/top/glue/apex_lane32_ser.sv ../../../rtl/top/glue/apex_stage_buf.sv ../../../rtl/top/glue/apex_score_fork.sv ../../../rtl/top/glue/apex_scale_quant.sv build/mut_M1/apex_top.sv tb_apex_l3.sv
c++ -Os  -I.  -MMD -I/opt/homebrew/Cellar/verilator/5.044/share/verilator/include -I/opt/homebrew/Cellar/verilator/5.044/share/verilator/include/vltstd -DVERILATOR=1 -DVM_COVERAGE=0 -DVM_SC=0 -DVM_TIMING=1 -DVM_TRACE=1 -DVM_TRACE_FST=1 -DVM_TRACE_VCD=0 -DVM_TRACE_SAIF=0 -faligned-new -fbracket-depth=4096 -fcf-protection=none -Xclang -fno-pch-timestamp -Qunused-arguments -Wno-bool-operation -Wno-c++11-narrowing -Wno-constant-logical-operand -Wno-int-in-bool-context -Wno-non-pod-varargs -Wno-parentheses-equality -Wno-shadow -Wno-sign-compare -Wno-tautological-bitwise-compare -Wno-tautological-compare -Wno-uninitialized -Wno-unused-but-set-parameter -Wno-unused-but-set-variable -Wno-unused-parameter -Wno-unused-variable -Wno-vla-cxx-extension    -DVL_TIME_CONTEXT   -std=gnu++20 -c -o verilated.o /opt/homebrew/Cellar/verilator/5.044/share/verilator/include/verilated.cpp
warning: unknown warning option '-Wno-vla-cxx-extension'; did you mean '-Wno-vla-extension'? [-Wunknown-warning-option]
1 warning generated.
c++ -Os  -I.  -MMD -I/opt/homebrew/Cellar/verilator/5.044/share/verilator/include -I/opt/homebrew/Cellar/verilator/5.044/share/verilator/include/vltstd -DVERILATOR=1 -DVM_COVERAGE=0 -DVM_SC=0 -DVM_TIMING=1 -DVM_TRACE=1 -DVM_TRACE_FST=1 -DVM_TRACE_VCD=0 -DVM_TRACE_SAIF=0 -faligned-new -fbracket-depth=4096 -fcf-protection=none -Xclang -fno-pch-timestamp -Qunused-arguments -Wno-bool-operation -Wno-c++11-narrowing -Wno-constant-logical-operand -Wno-int-in-bool-context -Wno-non-pod-varargs -Wno-parentheses-equality -Wno-shadow -Wno-sign-compare -Wno-tautological-bitwise-compare -Wno-tautological-compare -Wno-uninitialized -Wno-unused-but-set-parameter -Wno-unused-but-set-variable -Wno-unused-parameter -Wno-unused-variable -Wno-vla-cxx-extension    -DVL_TIME_CONTEXT   -std=gnu++20 -c -o verilated_fst_c.o /opt/homebrew/Cellar/verilator/5.044/share/verilator/include/verilated_fst_c.cpp
warning: unknown warning option '-Wno-vla-cxx-extension'; did you mean '-Wno-vla-extension'? [-Wunknown-warning-option]
1 warning generated.
c++ -Os  -I.  -MMD -I/opt/homebrew/Cellar/verilator/5.044/share/verilator/include -I/opt/homebrew/Cellar/verilator/5.044/share/verilator/include/vltstd -DVERILATOR=1 -DVM_COVERAGE=0 -DVM_SC=0 -DVM_TIMING=1 -DVM_TRACE=1 -DVM_TRACE_FST=1 -DVM_TRACE_VCD=0 -DVM_TRACE_SAIF=0 -faligned-new -fbracket-depth=4096 -fcf-protection=none -Xclang -fno-pch-timestamp -Qunused-arguments -Wno-bool-operation -Wno-c++11-narrowing -Wno-constant-logical-operand -Wno-int-in-bool-context -Wno-non-pod-varargs -Wno-parentheses-equality -Wno-shadow -Wno-sign-compare -Wno-tautological-bitwise-compare -Wno-tautological-compare -Wno-uninitialized -Wno-unused-but-set-parameter -Wno-unused-but-set-variable -Wno-unused-parameter -Wno-unused-variable -Wno-vla-cxx-extension    -DVL_TIME_CONTEXT   -std=gnu++20 -c -o verilated_timing.o /opt/homebrew/Cellar/verilator/5.044/share/verilator/include/verilated_timing.cpp
warning: unknown warning option '-Wno-vla-cxx-extension'; did you mean '-Wno-vla-extension'? [-Wunknown-warning-option]
1 warning generated.
c++ -Os  -I.  -MMD -I/opt/homebrew/Cellar/verilator/5.044/share/verilator/include -I/opt/homebrew/Cellar/verilator/5.044/share/verilator/include/vltstd -DVERILATOR=1 -DVM_COVERAGE=0 -DVM_SC=0 -DVM_TIMING=1 -DVM_TRACE=1 -DVM_TRACE_FST=1 -DVM_TRACE_VCD=0 -DVM_TRACE_SAIF=0 -faligned-new -fbracket-depth=4096 -fcf-protection=none -Xclang -fno-pch-timestamp -Qunused-arguments -Wno-bool-operation -Wno-c++11-narrowing -Wno-constant-logical-operand -Wno-int-in-bool-context -Wno-non-pod-varargs -Wno-parentheses-equality -Wno-shadow -Wno-sign-compare -Wno-tautological-bitwise-compare -Wno-tautological-compare -Wno-uninitialized -Wno-unused-but-set-parameter -Wno-unused-but-set-variable -Wno-unused-parameter -Wno-unused-variable -Wno-vla-cxx-extension    -DVL_TIME_CONTEXT   -std=gnu++20 -c -o verilated_threads.o /opt/homebrew/Cellar/verilator/5.044/share/verilator/include/verilated_threads.cpp
warning: unknown warning option '-Wno-vla-cxx-extension'; did you mean '-Wno-vla-extension'? [-Wunknown-warning-option]
1 warning generated.
c++ -Os  -I.  -MMD -I/opt/homebrew/Cellar/verilator/5.044/share/verilator/include -I/opt/homebrew/Cellar/verilator/5.044/share/verilator/include/vltstd -DVERILATOR=1 -DVM_COVERAGE=0 -DVM_SC=0 -DVM_TIMING=1 -DVM_TRACE=1 -DVM_TRACE_FST=1 -DVM_TRACE_VCD=0 -DVM_TRACE_SAIF=0 -faligned-new -fbracket-depth=4096 -fcf-protection=none -Xclang -fno-pch-timestamp -Qunused-arguments -Wno-bool-operation -Wno-c++11-narrowing -Wno-constant-logical-operand -Wno-int-in-bool-context -Wno-non-pod-varargs -Wno-parentheses-equality -Wno-shadow -Wno-sign-compare -Wno-tautological-bitwise-compare -Wno-tautological-compare -Wno-uninitialized -Wno-unused-but-set-parameter -Wno-unused-but-set-variable -Wno-unused-parameter -Wno-unused-variable -Wno-vla-cxx-extension    -DVL_TIME_CONTEXT   -std=gnu++20 -x c++-header Vtb_apex_l3__pch.h -o Vtb_apex_l3__pch.h.fast.gch
warning: unknown warning option '-Wno-vla-cxx-extension'; did you mean '-Wno-vla-extension'? [-Wunknown-warning-option]
1 warning generated.
c++ -Os  -I.  -MMD -I/opt/homebrew/Cellar/verilator/5.044/share/verilator/include -I/opt/homebrew/Cellar/verilator/5.044/share/verilator/include/vltstd -DVERILATOR=1 -DVM_COVERAGE=0 -DVM_SC=0 -DVM_TIMING=1 -DVM_TRACE=1 -DVM_TRACE_FST=1 -DVM_TRACE_VCD=0 -DVM_TRACE_SAIF=0 -faligned-new -fbracket-depth=4096 -fcf-protection=none -Xclang -fno-pch-timestamp -Qunused-arguments -Wno-bool-operation -Wno-c++11-narrowing -Wno-constant-logical-operand -Wno-int-in-bool-context -Wno-non-pod-varargs -Wno-parentheses-equality -Wno-shadow -Wno-sign-compare -Wno-tautological-bitwise-compare -Wno-tautological-compare -Wno-uninitialized -Wno-unused-but-set-parameter -Wno-unused-but-set-variable -Wno-unused-parameter -Wno-unused-variable -Wno-vla-cxx-extension    -DVL_TIME_CONTEXT   -std=gnu++20 -include-pch Vtb_apex_l3__pch.h.fast.gch -c -o Vtb_apex_l3.o Vtb_apex_l3.cpp
warning: unknown warning option '-Wno-vla-cxx-extension'; did you mean '-Wno-vla-extension'? [-Wunknown-warning-option]
1 warning generated.
c++ -Os  -I.  -MMD -I/opt/homebrew/Cellar/verilator/5.044/share/verilator/include -I/opt/homebrew/Cellar/verilator/5.044/share/verilator/include/vltstd -DVERILATOR=1 -DVM_COVERAGE=0 -DVM_SC=0 -DVM_TIMING=1 -DVM_TRACE=1 -DVM_TRACE_FST=1 -DVM_TRACE_VCD=0 -DVM_TRACE_SAIF=0 -faligned-new -fbracket-depth=4096 -fcf-protection=none -Xclang -fno-pch-timestamp -Qunused-arguments -Wno-bool-operation -Wno-c++11-narrowing -Wno-constant-logical-operand -Wno-int-in-bool-context -Wno-non-pod-varargs -Wno-parentheses-equality -Wno-shadow -Wno-sign-compare -Wno-tautological-bitwise-compare -Wno-tautological-compare -Wno-uninitialized -Wno-unused-but-set-parameter -Wno-unused-but-set-variable -Wno-unused-parameter -Wno-unused-variable -Wno-vla-cxx-extension    -DVL_TIME_CONTEXT   -std=gnu++20 -include-pch Vtb_apex_l3__pch.h.fast.gch -c -o Vtb_apex_l3___024root__0.o Vtb_apex_l3___024root__0.cpp
warning: unknown warning option '-Wno-vla-cxx-extension'; did you mean '-Wno-vla-extension'? [-Wunknown-warning-option]
1 warning generated.
c++ -Os  -I.  -MMD -I/opt/homebrew/Cellar/verilator/5.044/share/verilator/include -I/opt/homebrew/Cellar/verilator/5.044/share/verilator/include/vltstd -DVERILATOR=1 -DVM_COVERAGE=0 -DVM_SC=0 -DVM_TIMING=1 -DVM_TRACE=1 -DVM_TRACE_FST=1 -DVM_TRACE_VCD=0 -DVM_TRACE_SAIF=0 -faligned-new -fbracket-depth=4096 -fcf-protection=none -Xclang -fno-pch-timestamp -Qunused-arguments -Wno-bool-operation -Wno-c++11-narrowing -Wno-constant-logical-operand -Wno-int-in-bool-context -Wno-non-pod-varargs -Wno-parentheses-equality -Wno-shadow -Wno-sign-compare -Wno-tautological-bitwise-compare -Wno-tautological-compare -Wno-uninitialized -Wno-unused-but-set-parameter -Wno-unused-but-set-variable -Wno-unused-parameter -Wno-unused-variable -Wno-vla-cxx-extension    -DVL_TIME_CONTEXT   -std=gnu++20 -include-pch Vtb_apex_l3__pch.h.fast.gch -c -o Vtb_apex_l3___024root__1.o Vtb_apex_l3___024root__1.cpp
warning: unknown warning option '-Wno-vla-cxx-extension'; did you mean '-Wno-vla-extension'? [-Wunknown-warning-option]
1 warning generated.
c++ -Os  -I.  -MMD -I/opt/homebrew/Cellar/verilator/5.044/share/verilator/include -I/opt/homebrew/Cellar/verilator/5.044/share/verilator/include/vltstd -DVERILATOR=1 -DVM_COVERAGE=0 -DVM_SC=0 -DVM_TIMING=1 -DVM_TRACE=1 -DVM_TRACE_FST=1 -DVM_TRACE_VCD=0 -DVM_TRACE_SAIF=0 -faligned-new -fbracket-depth=4096 -fcf-protection=none -Xclang -fno-pch-timestamp -Qunused-arguments -Wno-bool-operation -Wno-c++11-narrowing -Wno-constant-logical-operand -Wno-int-in-bool-context -Wno-non-pod-varargs -Wno-parentheses-equality -Wno-shadow -Wno-sign-compare -Wno-tautological-bitwise-compare -Wno-tautological-compare -Wno-uninitialized -Wno-unused-but-set-parameter -Wno-unused-but-set-variable -Wno-unused-parameter -Wno-unused-variable -Wno-vla-cxx-extension    -DVL_TIME_CONTEXT   -std=gnu++20 -include-pch Vtb_apex_l3__pch.h.fast.gch -c -o Vtb_apex_l3___024root__2.o Vtb_apex_l3___024root__2.cpp
warning: unknown warning option '-Wno-vla-cxx-extension'; did you mean '-Wno-vla-extension'? [-Wunknown-warning-option]
1 warning generated.
c++ -Os  -I.  -MMD -I/opt/homebrew/Cellar/verilator/5.044/share/verilator/include -I/opt/homebrew/Cellar/verilator/5.044/share/verilator/include/vltstd -DVERILATOR=1 -DVM_COVERAGE=0 -DVM_SC=0 -DVM_TIMING=1 -DVM_TRACE=1 -DVM_TRACE_FST=1 -DVM_TRACE_VCD=0 -DVM_TRACE_SAIF=0 -faligned-new -fbracket-depth=4096 -fcf-protection=none -Xclang -fno-pch-timestamp -Qunused-arguments -Wno-bool-operation -Wno-c++11-narrowing -Wno-constant-logical-operand -Wno-int-in-bool-context -Wno-non-pod-varargs -Wno-parentheses-equality -Wno-shadow -Wno-sign-compare -Wno-tautological-bitwise-compare -Wno-tautological-compare -Wno-uninitialized -Wno-unused-but-set-parameter -Wno-unused-but-set-variable -Wno-unused-parameter -Wno-unused-variable -Wno-vla-cxx-extension    -DVL_TIME_CONTEXT   -std=gnu++20 -include-pch Vtb_apex_l3__pch.h.fast.gch -c -o Vtb_apex_l3___024root__3.o Vtb_apex_l3___024root__3.cpp
warning: unknown warning option '-Wno-vla-cxx-extension'; did you mean '-Wno-vla-extension'? [-Wunknown-warning-option]
1 warning generated.
c++ -Os  -I.  -MMD -I/opt/homebrew/Cellar/verilator/5.044/share/verilator/include -I/opt/homebrew/Cellar/verilator/5.044/share/verilator/include/vltstd -DVERILATOR=1 -DVM_COVERAGE=0 -DVM_SC=0 -DVM_TIMING=1 -DVM_TRACE=1 -DVM_TRACE_FST=1 -DVM_TRACE_VCD=0 -DVM_TRACE_SAIF=0 -faligned-new -fbracket-depth=4096 -fcf-protection=none -Xclang -fno-pch-timestamp -Qunused-arguments -Wno-bool-operation -Wno-c++11-narrowing -Wno-constant-logical-operand -Wno-int-in-bool-context -Wno-non-pod-varargs -Wno-parentheses-equality -Wno-shadow -Wno-sign-compare -Wno-tautological-bitwise-compare -Wno-tautological-compare -Wno-uninitialized -Wno-unused-but-set-parameter -Wno-unused-but-set-variable -Wno-unused-parameter -Wno-unused-variable -Wno-vla-cxx-extension    -DVL_TIME_CONTEXT   -std=gnu++20 -include-pch Vtb_apex_l3__pch.h.fast.gch -c -o Vtb_apex_l3_cq_value_path__D40__0.o Vtb_apex_l3_cq_value_path__D40__0.cpp
warning: unknown warning option '-Wno-vla-cxx-extension'; did you mean '-Wno-vla-extension'? [-Wunknown-warning-option]
1 warning generated.
c++ -Os  -I.  -MMD -I/opt/homebrew/Cellar/verilator/5.044/share/verilator/include -I/opt/homebrew/Cellar/verilator/5.044/share/verilator/include/vltstd -DVERILATOR=1 -DVM_COVERAGE=0 -DVM_SC=0 -DVM_TIMING=1 -DVM_TRACE=1 -DVM_TRACE_FST=1 -DVM_TRACE_VCD=0 -DVM_TRACE_SAIF=0 -faligned-new -fbracket-depth=4096 -fcf-protection=none -Xclang -fno-pch-timestamp -Qunused-arguments -Wno-bool-operation -Wno-c++11-narrowing -Wno-constant-logical-operand -Wno-int-in-bool-context -Wno-non-pod-varargs -Wno-parentheses-equality -Wno-shadow -Wno-sign-compare -Wno-tautological-bitwise-compare -Wno-tautological-compare -Wno-uninitialized -Wno-unused-but-set-parameter -Wno-unused-but-set-variable -Wno-unused-parameter -Wno-unused-variable -Wno-vla-cxx-extension    -DVL_TIME_CONTEXT   -std=gnu++20 -include-pch Vtb_apex_l3__pch.h.fast.gch -c -o Vtb_apex_l3_cq_value_path__D40__1.o Vtb_apex_l3_cq_value_path__D40__1.cpp
warning: unknown warning option '-Wno-vla-cxx-extension'; did you mean '-Wno-vla-extension'? [-Wunknown-warning-option]
1 warning generated.
c++ -Os  -I.  -MMD -I/opt/homebrew/Cellar/verilator/5.044/share/verilator/include -I/opt/homebrew/Cellar/verilator/5.044/share/verilator/include/vltstd -DVERILATOR=1 -DVM_COVERAGE=0 -DVM_SC=0 -DVM_TIMING=1 -DVM_TRACE=1 -DVM_TRACE_FST=1 -DVM_TRACE_VCD=0 -DVM_TRACE_SAIF=0 -faligned-new -fbracket-depth=4096 -fcf-protection=none -Xclang -fno-pch-timestamp -Qunused-arguments -Wno-bool-operation -Wno-c++11-narrowing -Wno-constant-logical-operand -Wno-int-in-bool-context -Wno-non-pod-varargs -Wno-parentheses-equality -Wno-shadow -Wno-sign-compare -Wno-tautological-bitwise-compare -Wno-tautological-compare -Wno-uninitialized -Wno-unused-but-set-parameter -Wno-unused-but-set-variable -Wno-unused-parameter -Wno-unused-variable -Wno-vla-cxx-extension    -DVL_TIME_CONTEXT   -std=gnu++20 -include-pch Vtb_apex_l3__pch.h.fast.gch -c -o Vtb_apex_l3_cq_value_path__D40__2.o Vtb_apex_l3_cq_value_path__D40__2.cpp
warning: unknown warning option '-Wno-vla-cxx-extension'; did you mean '-Wno-vla-extension'? [-Wunknown-warning-option]
1 warning generated.
c++ -Os  -I.  -MMD -I/opt/homebrew/Cellar/verilator/5.044/share/verilator/include -I/opt/homebrew/Cellar/verilator/5.044/share/verilator/include/vltstd -DVERILATOR=1 -DVM_COVERAGE=0 -DVM_SC=0 -DVM_TIMING=1 -DVM_TRACE=1 -DVM_TRACE_FST=1 -DVM_TRACE_VCD=0 -DVM_TRACE_SAIF=0 -faligned-new -fbracket-depth=4096 -fcf-protection=none -Xclang -fno-pch-timestamp -Qunused-arguments -Wno-bool-operation -Wno-c++11-narrowing -Wno-constant-logical-operand -Wno-int-in-bool-context -Wno-non-pod-varargs -Wno-parentheses-equality -Wno-shadow -Wno-sign-compare -Wno-tautological-bitwise-compare -Wno-tautological-compare -Wno-uninitialized -Wno-unused-but-set-parameter -Wno-unused-but-set-variable -Wno-unused-parameter -Wno-unused-variable -Wno-vla-cxx-extension    -DVL_TIME_CONTEXT   -std=gnu++20 -include-pch Vtb_apex_l3__pch.h.fast.gch -c -o Vtb_apex_l3_cq_value_path__D40__3.o Vtb_apex_l3_cq_value_path__D40__3.cpp
warning: unknown warning option '-Wno-vla-cxx-extension'; did you mean '-Wno-vla-extension'? [-Wunknown-warning-option]
1 warning generated.
c++ -Os  -I.  -MMD -I/opt/homebrew/Cellar/verilator/5.044/share/verilator/include -I/opt/homebrew/Cellar/verilator/5.044/share/verilator/include/vltstd -DVERILATOR=1 -DVM_COVERAGE=0 -DVM_SC=0 -DVM_TIMING=1 -DVM_TRACE=1 -DVM_TRACE_FST=1 -DVM_TRACE_VCD=0 -DVM_TRACE_SAIF=0 -faligned-new -fbracket-depth=4096 -fcf-protection=none -Xclang -fno-pch-timestamp -Qunused-arguments -Wno-bool-operation -Wno-c++11-narrowing -Wno-constant-logical-operand -Wno-int-in-bool-context -Wno-non-pod-varargs -Wno-parentheses-equality -Wno-shadow -Wno-sign-compare -Wno-tautological-bitwise-compare -Wno-tautological-compare -Wno-uninitialized -Wno-unused-but-set-parameter -Wno-unused-but-set-variable -Wno-unused-parameter -Wno-unused-variable -Wno-vla-cxx-extension    -DVL_TIME_CONTEXT   -std=gnu++20 -include-pch Vtb_apex_l3__pch.h.fast.gch -c -o Vtb_apex_l3_cq_key_path__D40_G10__0.o Vtb_apex_l3_cq_key_path__D40_G10__0.cpp
warning: unknown warning option '-Wno-vla-cxx-extension'; did you mean '-Wno-vla-extension'? [-Wunknown-warning-option]
1 warning generated.
c++ -Os  -I.  -MMD -I/opt/homebrew/Cellar/verilator/5.044/share/verilator/include -I/opt/homebrew/Cellar/verilator/5.044/share/verilator/include/vltstd -DVERILATOR=1 -DVM_COVERAGE=0 -DVM_SC=0 -DVM_TIMING=1 -DVM_TRACE=1 -DVM_TRACE_FST=1 -DVM_TRACE_VCD=0 -DVM_TRACE_SAIF=0 -faligned-new -fbracket-depth=4096 -fcf-protection=none -Xclang -fno-pch-timestamp -Qunused-arguments -Wno-bool-operation -Wno-c++11-narrowing -Wno-constant-logical-operand -Wno-int-in-bool-context -Wno-non-pod-varargs -Wno-parentheses-equality -Wno-shadow -Wno-sign-compare -Wno-tautological-bitwise-compare -Wno-tautological-compare -Wno-uninitialized -Wno-unused-but-set-parameter -Wno-unused-but-set-variable -Wno-unused-parameter -Wno-unused-variable -Wno-vla-cxx-extension    -DVL_TIME_CONTEXT   -std=gnu++20 -include-pch Vtb_apex_l3__pch.h.fast.gch -c -o Vtb_apex_l3_cq_key_path__D40_G10__1.o Vtb_apex_l3_cq_key_path__D40_G10__1.cpp
warning: unknown warning option '-Wno-vla-cxx-extension'; did you mean '-Wno-vla-extension'? [-Wunknown-warning-option]
1 warning generated.
c++ -Os  -I.  -MMD -I/opt/homebrew/Cellar/verilator/5.044/share/verilator/include -I/opt/homebrew/Cellar/verilator/5.044/share/verilator/include/vltstd -DVERILATOR=1 -DVM_COVERAGE=0 -DVM_SC=0 -DVM_TIMING=1 -DVM_TRACE=1 -DVM_TRACE_FST=1 -DVM_TRACE_VCD=0 -DVM_TRACE_SAIF=0 -faligned-new -fbracket-depth=4096 -fcf-protection=none -Xclang -fno-pch-timestamp -Qunused-arguments -Wno-bool-operation -Wno-c++11-narrowing -Wno-constant-logical-operand -Wno-int-in-bool-context -Wno-non-pod-varargs -Wno-parentheses-equality -Wno-shadow -Wno-sign-compare -Wno-tautological-bitwise-compare -Wno-tautological-compare -Wno-uninitialized -Wno-unused-but-set-parameter -Wno-unused-but-set-variable -Wno-unused-parameter -Wno-unused-variable -Wno-vla-cxx-extension    -DVL_TIME_CONTEXT   -std=gnu++20 -include-pch Vtb_apex_l3__pch.h.fast.gch -c -o Vtb_apex_l3_cq_key_path__D40_G10__2.o Vtb_apex_l3_cq_key_path__D40_G10__2.cpp
warning: unknown warning option '-Wno-vla-cxx-extension'; did you mean '-Wno-vla-extension'? [-Wunknown-warning-option]
1 warning generated.
c++ -Os  -I.  -MMD -I/opt/homebrew/Cellar/verilator/5.044/share/verilator/include -I/opt/homebrew/Cellar/verilator/5.044/share/verilator/include/vltstd -DVERILATOR=1 -DVM_COVERAGE=0 -DVM_SC=0 -DVM_TIMING=1 -DVM_TRACE=1 -DVM_TRACE_FST=1 -DVM_TRACE_VCD=0 -DVM_TRACE_SAIF=0 -faligned-new -fbracket-depth=4096 -fcf-protection=none -Xclang -fno-pch-timestamp -Qunused-arguments -Wno-bool-operation -Wno-c++11-narrowing -Wno-constant-logical-operand -Wno-int-in-bool-context -Wno-non-pod-varargs -Wno-parentheses-equality -Wno-shadow -Wno-sign-compare -Wno-tautological-bitwise-compare -Wno-tautological-compare -Wno-uninitialized -Wno-unused-but-set-parameter -Wno-unused-but-set-variable -Wno-unused-parameter -Wno-unused-variable -Wno-vla-cxx-extension    -DVL_TIME_CONTEXT   -std=gnu++20 -include-pch Vtb_apex_l3__pch.h.fast.gch -c -o Vtb_apex_l3_cq_key_path__D40_G10__3.o Vtb_apex_l3_cq_key_path__D40_G10__3.cpp
warning: unknown warning option '-Wno-vla-cxx-extension'; did you mean '-Wno-vla-extension'? [-Wunknown-warning-option]
1 warning generated.
c++ -Os  -I.  -MMD -I/opt/homebrew/Cellar/verilator/5.044/share/verilator/include -I/opt/homebrew/Cellar/verilator/5.044/share/verilator/include/vltstd -DVERILATOR=1 -DVM_COVERAGE=0 -DVM_SC=0 -DVM_TIMING=1 -DVM_TRACE=1 -DVM_TRACE_FST=1 -DVM_TRACE_VCD=0 -DVM_TRACE_SAIF=0 -faligned-new -fbracket-depth=4096 -fcf-protection=none -Xclang -fno-pch-timestamp -Qunused-arguments -Wno-bool-operation -Wno-c++11-narrowing -Wno-constant-logical-operand -Wno-int-in-bool-context -Wno-non-pod-varargs -Wno-parentheses-equality -Wno-shadow -Wno-sign-compare -Wno-tautological-bitwise-compare -Wno-tautological-compare -Wno-uninitialized -Wno-unused-but-set-parameter -Wno-unused-but-set-variable -Wno-unused-parameter -Wno-unused-variable -Wno-vla-cxx-extension    -DVL_TIME_CONTEXT   -std=gnu++20 -include-pch Vtb_apex_l3__pch.h.fast.gch -c -o Vtb_apex_l3_cq_key_path__D40_G10__4.o Vtb_apex_l3_cq_key_path__D40_G10__4.cpp
warning: unknown warning option '-Wno-vla-cxx-extension'; did you mean '-Wno-vla-extension'? [-Wunknown-warning-option]
1 warning generated.
c++ -Os  -I.  -MMD -I/opt/homebrew/Cellar/verilator/5.044/share/verilator/include -I/opt/homebrew/Cellar/verilator/5.044/share/verilator/include/vltstd -DVERILATOR=1 -DVM_COVERAGE=0 -DVM_SC=0 -DVM_TIMING=1 -DVM_TRACE=1 -DVM_TRACE_FST=1 -DVM_TRACE_VCD=0 -DVM_TRACE_SAIF=0 -faligned-new -fbracket-depth=4096 -fcf-protection=none -Xclang -fno-pch-timestamp -Qunused-arguments -Wno-bool-operation -Wno-c++11-narrowing -Wno-constant-logical-operand -Wno-int-in-bool-context -Wno-non-pod-varargs -Wno-parentheses-equality -Wno-shadow -Wno-sign-compare -Wno-tautological-bitwise-compare -Wno-tautological-compare -Wno-uninitialized -Wno-unused-but-set-parameter -Wno-unused-but-set-variable -Wno-unused-parameter -Wno-unused-variable -Wno-vla-cxx-extension    -DVL_TIME_CONTEXT   -std=gnu++20 -include-pch Vtb_apex_l3__pch.h.fast.gch -c -o Vtb_apex_l3_cq_key_path__D40_G10__5.o Vtb_apex_l3_cq_key_path__D40_G10__5.cpp
warning: unknown warning option '-Wno-vla-cxx-extension'; did you mean '-Wno-vla-extension'? [-Wunknown-warning-option]
1 warning generated.
c++ -Os  -I.  -MMD -I/opt/homebrew/Cellar/verilator/5.044/share/verilator/include -I/opt/homebrew/Cellar/verilator/5.044/share/verilator/include/vltstd -DVERILATOR=1 -DVM_COVERAGE=0 -DVM_SC=0 -DVM_TIMING=1 -DVM_TRACE=1 -DVM_TRACE_FST=1 -DVM_TRACE_VCD=0 -DVM_TRACE_SAIF=0 -faligned-new -fbracket-depth=4096 -fcf-protection=none -Xclang -fno-pch-timestamp -Qunused-arguments -Wno-bool-operation -Wno-c++11-narrowing -Wno-constant-logical-operand -Wno-int-in-bool-context -Wno-non-pod-varargs -Wno-parentheses-equality -Wno-shadow -Wno-sign-compare -Wno-tautological-bitwise-compare -Wno-tautological-compare -Wno-uninitialized -Wno-unused-but-set-parameter -Wno-unused-but-set-variable -Wno-unused-parameter -Wno-unused-variable -Wno-vla-cxx-extension    -DVL_TIME_CONTEXT   -std=gnu++20 -include-pch Vtb_apex_l3__pch.h.fast.gch -c -o Vtb_apex_l3_cq_key_path__D40_G10__6.o Vtb_apex_l3_cq_key_path__D40_G10__6.cpp
warning: unknown warning option '-Wno-vla-cxx-extension'; did you mean '-Wno-vla-extension'? [-Wunknown-warning-option]
1 warning generated.
c++ -Os  -I.  -MMD -I/opt/homebrew/Cellar/verilator/5.044/share/verilator/include -I/opt/homebrew/Cellar/verilator/5.044/share/verilator/include/vltstd -DVERILATOR=1 -DVM_COVERAGE=0 -DVM_SC=0 -DVM_TIMING=1 -DVM_TRACE=1 -DVM_TRACE_FST=1 -DVM_TRACE_VCD=0 -DVM_TRACE_SAIF=0 -faligned-new -fbracket-depth=4096 -fcf-protection=none -Xclang -fno-pch-timestamp -Qunused-arguments -Wno-bool-operation -Wno-c++11-narrowing -Wno-constant-logical-operand -Wno-int-in-bool-context -Wno-non-pod-varargs -Wno-parentheses-equality -Wno-shadow -Wno-sign-compare -Wno-tautological-bitwise-compare -Wno-tautological-compare -Wno-uninitialized -Wno-unused-but-set-parameter -Wno-unused-but-set-variable -Wno-unused-parameter -Wno-unused-variable -Wno-vla-cxx-extension    -DVL_TIME_CONTEXT   -std=gnu++20 -include-pch Vtb_apex_l3__pch.h.fast.gch -c -o Vtb_apex_l3_cq_key_path__D40_G10__7.o Vtb_apex_l3_cq_key_path__D40_G10__7.cpp
warning: unknown warning option '-Wno-vla-cxx-extension'; did you mean '-Wno-vla-extension'? [-Wunknown-warning-option]
1 warning generated.
c++ -Os  -I.  -MMD -I/opt/homebrew/Cellar/verilator/5.044/share/verilator/include -I/opt/homebrew/Cellar/verilator/5.044/share/verilator/include/vltstd -DVERILATOR=1 -DVM_COVERAGE=0 -DVM_SC=0 -DVM_TIMING=1 -DVM_TRACE=1 -DVM_TRACE_FST=1 -DVM_TRACE_VCD=0 -DVM_TRACE_SAIF=0 -faligned-new -fbracket-depth=4096 -fcf-protection=none -Xclang -fno-pch-timestamp -Qunused-arguments -Wno-bool-operation -Wno-c++11-narrowing -Wno-constant-logical-operand -Wno-int-in-bool-context -Wno-non-pod-varargs -Wno-parentheses-equality -Wno-shadow -Wno-sign-compare -Wno-tautological-bitwise-compare -Wno-tautological-compare -Wno-uninitialized -Wno-unused-but-set-parameter -Wno-unused-but-set-variable -Wno-unused-parameter -Wno-unused-variable -Wno-vla-cxx-extension    -DVL_TIME_CONTEXT   -std=gnu++20 -include-pch Vtb_apex_l3__pch.h.fast.gch -c -o Vtb_apex_l3_cq_key_path__D40_G10__8.o Vtb_apex_l3_cq_key_path__D40_G10__8.cpp
warning: unknown warning option '-Wno-vla-cxx-extension'; did you mean '-Wno-vla-extension'? [-Wunknown-warning-option]
1 warning generated.
c++ -Os  -I.  -MMD -I/opt/homebrew/Cellar/verilator/5.044/share/verilator/include -I/opt/homebrew/Cellar/verilator/5.044/share/verilator/include/vltstd -DVERILATOR=1 -DVM_COVERAGE=0 -DVM_SC=0 -DVM_TIMING=1 -DVM_TRACE=1 -DVM_TRACE_FST=1 -DVM_TRACE_VCD=0 -DVM_TRACE_SAIF=0 -faligned-new -fbracket-depth=4096 -fcf-protection=none -Xclang -fno-pch-timestamp -Qunused-arguments -Wno-bool-operation -Wno-c++11-narrowing -Wno-constant-logical-operand -Wno-int-in-bool-context -Wno-non-pod-varargs -Wno-parentheses-equality -Wno-shadow -Wno-sign-compare -Wno-tautological-bitwise-compare -Wno-tautological-compare -Wno-uninitialized -Wno-unused-but-set-parameter -Wno-unused-but-set-variable -Wno-unused-parameter -Wno-unused-variable -Wno-vla-cxx-extension    -DVL_TIME_CONTEXT   -std=gnu++20 -include-pch Vtb_apex_l3__pch.h.fast.gch -c -o Vtb_apex_l3_cq_key_path__D40_G10__9.o Vtb_apex_l3_cq_key_path__D40_G10__9.cpp
warning: unknown warning option '-Wno-vla-cxx-extension'; did you mean '-Wno-vla-extension'? [-Wunknown-warning-option]
1 warning generated.
c++ -Os  -I.  -MMD -I/opt/homebrew/Cellar/verilator/5.044/share/verilator/include -I/opt/homebrew/Cellar/verilator/5.044/share/verilator/include/vltstd -DVERILATOR=1 -DVM_COVERAGE=0 -DVM_SC=0 -DVM_TIMING=1 -DVM_TRACE=1 -DVM_TRACE_FST=1 -DVM_TRACE_VCD=0 -DVM_TRACE_SAIF=0 -faligned-new -fbracket-depth=4096 -fcf-protection=none -Xclang -fno-pch-timestamp -Qunused-arguments -Wno-bool-operation -Wno-c++11-narrowing -Wno-constant-logical-operand -Wno-int-in-bool-context -Wno-non-pod-varargs -Wno-parentheses-equality -Wno-shadow -Wno-sign-compare -Wno-tautological-bitwise-compare -Wno-tautological-compare -Wno-uninitialized -Wno-unused-but-set-parameter -Wno-unused-but-set-variable -Wno-unused-parameter -Wno-unused-variable -Wno-vla-cxx-extension    -DVL_TIME_CONTEXT   -std=gnu++20 -include-pch Vtb_apex_l3__pch.h.fast.gch -c -o Vtb_apex_l3_cq_key_path__D40_G10__10.o Vtb_apex_l3_cq_key_path__D40_G10__10.cpp
warning: unknown warning option '-Wno-vla-cxx-extension'; did you mean '-Wno-vla-extension'? [-Wunknown-warning-option]
1 warning generated.
c++ -Os  -I.  -MMD -I/opt/homebrew/Cellar/verilator/5.044/share/verilator/include -I/opt/homebrew/Cellar/verilator/5.044/share/verilator/include/vltstd -DVERILATOR=1 -DVM_COVERAGE=0 -DVM_SC=0 -DVM_TIMING=1 -DVM_TRACE=1 -DVM_TRACE_FST=1 -DVM_TRACE_VCD=0 -DVM_TRACE_SAIF=0 -faligned-new -fbracket-depth=4096 -fcf-protection=none -Xclang -fno-pch-timestamp -Qunused-arguments -Wno-bool-operation -Wno-c++11-narrowing -Wno-constant-logical-operand -Wno-int-in-bool-context -Wno-non-pod-varargs -Wno-parentheses-equality -Wno-shadow -Wno-sign-compare -Wno-tautological-bitwise-compare -Wno-tautological-compare -Wno-uninitialized -Wno-unused-but-set-parameter -Wno-unused-but-set-variable -Wno-unused-parameter -Wno-unused-variable -Wno-vla-cxx-extension    -DVL_TIME_CONTEXT   -std=gnu++20 -include-pch Vtb_apex_l3__pch.h.fast.gch -c -o Vtb_apex_l3__main.o Vtb_apex_l3__main.cpp
warning: unknown warning option '-Wno-vla-cxx-extension'; did you mean '-Wno-vla-extension'? [-Wunknown-warning-option]
1 warning generated.
c++ -Os  -I.  -MMD -I/opt/homebrew/Cellar/verilator/5.044/share/verilator/include -I/opt/homebrew/Cellar/verilator/5.044/share/verilator/include/vltstd -DVERILATOR=1 -DVM_COVERAGE=0 -DVM_SC=0 -DVM_TIMING=1 -DVM_TRACE=1 -DVM_TRACE_FST=1 -DVM_TRACE_VCD=0 -DVM_TRACE_SAIF=0 -faligned-new -fbracket-depth=4096 -fcf-protection=none -Xclang -fno-pch-timestamp -Qunused-arguments -Wno-bool-operation -Wno-c++11-narrowing -Wno-constant-logical-operand -Wno-int-in-bool-context -Wno-non-pod-varargs -Wno-parentheses-equality -Wno-shadow -Wno-sign-compare -Wno-tautological-bitwise-compare -Wno-tautological-compare -Wno-uninitialized -Wno-unused-but-set-parameter -Wno-unused-but-set-variable -Wno-unused-parameter -Wno-unused-variable -Wno-vla-cxx-extension    -DVL_TIME_CONTEXT   -std=gnu++20 -include-pch Vtb_apex_l3__pch.h.fast.gch -c -o Vtb_apex_l3__Trace__0.o Vtb_apex_l3__Trace__0.cpp
warning: unknown warning option '-Wno-vla-cxx-extension'; did you mean '-Wno-vla-extension'? [-Wunknown-warning-option]
1 warning generated.
c++   -I.  -MMD -I/opt/homebrew/Cellar/verilator/5.044/share/verilator/include -I/opt/homebrew/Cellar/verilator/5.044/share/verilator/include/vltstd -DVERILATOR=1 -DVM_COVERAGE=0 -DVM_SC=0 -DVM_TIMING=1 -DVM_TRACE=1 -DVM_TRACE_FST=1 -DVM_TRACE_VCD=0 -DVM_TRACE_SAIF=0 -faligned-new -fbracket-depth=4096 -fcf-protection=none -Xclang -fno-pch-timestamp -Qunused-arguments -Wno-bool-operation -Wno-c++11-narrowing -Wno-constant-logical-operand -Wno-int-in-bool-context -Wno-non-pod-varargs -Wno-parentheses-equality -Wno-shadow -Wno-sign-compare -Wno-tautological-bitwise-compare -Wno-tautological-compare -Wno-uninitialized -Wno-unused-but-set-parameter -Wno-unused-but-set-variable -Wno-unused-parameter -Wno-unused-variable -Wno-vla-cxx-extension    -DVL_TIME_CONTEXT   -std=gnu++20 -x c++-header Vtb_apex_l3__pch.h -o Vtb_apex_l3__pch.h.slow.gch
warning: unknown warning option '-Wno-vla-cxx-extension'; did you mean '-Wno-vla-extension'? [-Wunknown-warning-option]
1 warning generated.
c++   -I.  -MMD -I/opt/homebrew/Cellar/verilator/5.044/share/verilator/include -I/opt/homebrew/Cellar/verilator/5.044/share/verilator/include/vltstd -DVERILATOR=1 -DVM_COVERAGE=0 -DVM_SC=0 -DVM_TIMING=1 -DVM_TRACE=1 -DVM_TRACE_FST=1 -DVM_TRACE_VCD=0 -DVM_TRACE_SAIF=0 -faligned-new -fbracket-depth=4096 -fcf-protection=none -Xclang -fno-pch-timestamp -Qunused-arguments -Wno-bool-operation -Wno-c++11-narrowing -Wno-constant-logical-operand -Wno-int-in-bool-context -Wno-non-pod-varargs -Wno-parentheses-equality -Wno-shadow -Wno-sign-compare -Wno-tautological-bitwise-compare -Wno-tautological-compare -Wno-uninitialized -Wno-unused-but-set-parameter -Wno-unused-but-set-variable -Wno-unused-parameter -Wno-unused-variable -Wno-vla-cxx-extension    -DVL_TIME_CONTEXT   -std=gnu++20 -include-pch Vtb_apex_l3__pch.h.slow.gch -c -o Vtb_apex_l3__ConstPool__0__Slow.o Vtb_apex_l3__ConstPool__0__Slow.cpp
warning: unknown warning option '-Wno-vla-cxx-extension'; did you mean '-Wno-vla-extension'? [-Wunknown-warning-option]
1 warning generated.
c++   -I.  -MMD -I/opt/homebrew/Cellar/verilator/5.044/share/verilator/include -I/opt/homebrew/Cellar/verilator/5.044/share/verilator/include/vltstd -DVERILATOR=1 -DVM_COVERAGE=0 -DVM_SC=0 -DVM_TIMING=1 -DVM_TRACE=1 -DVM_TRACE_FST=1 -DVM_TRACE_VCD=0 -DVM_TRACE_SAIF=0 -faligned-new -fbracket-depth=4096 -fcf-protection=none -Xclang -fno-pch-timestamp -Qunused-arguments -Wno-bool-operation -Wno-c++11-narrowing -Wno-constant-logical-operand -Wno-int-in-bool-context -Wno-non-pod-varargs -Wno-parentheses-equality -Wno-shadow -Wno-sign-compare -Wno-tautological-bitwise-compare -Wno-tautological-compare -Wno-uninitialized -Wno-unused-but-set-parameter -Wno-unused-but-set-variable -Wno-unused-parameter -Wno-unused-variable -Wno-vla-cxx-extension    -DVL_TIME_CONTEXT   -std=gnu++20 -include-pch Vtb_apex_l3__pch.h.slow.gch -c -o Vtb_apex_l3___024root__Slow.o Vtb_apex_l3___024root__Slow.cpp
warning: unknown warning option '-Wno-vla-cxx-extension'; did you mean '-Wno-vla-extension'? [-Wunknown-warning-option]
1 warning generated.
c++   -I.  -MMD -I/opt/homebrew/Cellar/verilator/5.044/share/verilator/include -I/opt/homebrew/Cellar/verilator/5.044/share/verilator/include/vltstd -DVERILATOR=1 -DVM_COVERAGE=0 -DVM_SC=0 -DVM_TIMING=1 -DVM_TRACE=1 -DVM_TRACE_FST=1 -DVM_TRACE_VCD=0 -DVM_TRACE_SAIF=0 -faligned-new -fbracket-depth=4096 -fcf-protection=none -Xclang -fno-pch-timestamp -Qunused-arguments -Wno-bool-operation -Wno-c++11-narrowing -Wno-constant-logical-operand -Wno-int-in-bool-context -Wno-non-pod-varargs -Wno-parentheses-equality -Wno-shadow -Wno-sign-compare -Wno-tautological-bitwise-compare -Wno-tautological-compare -Wno-uninitialized -Wno-unused-but-set-parameter -Wno-unused-but-set-variable -Wno-unused-parameter -Wno-unused-variable -Wno-vla-cxx-extension    -DVL_TIME_CONTEXT   -std=gnu++20 -include-pch Vtb_apex_l3__pch.h.slow.gch -c -o Vtb_apex_l3___024root__0__Slow.o Vtb_apex_l3___024root__0__Slow.cpp
warning: unknown warning option '-Wno-vla-cxx-extension'; did you mean '-Wno-vla-extension'? [-Wunknown-warning-option]
1 warning generated.
c++   -I.  -MMD -I/opt/homebrew/Cellar/verilator/5.044/share/verilator/include -I/opt/homebrew/Cellar/verilator/5.044/share/verilator/include/vltstd -DVERILATOR=1 -DVM_COVERAGE=0 -DVM_SC=0 -DVM_TIMING=1 -DVM_TRACE=1 -DVM_TRACE_FST=1 -DVM_TRACE_VCD=0 -DVM_TRACE_SAIF=0 -faligned-new -fbracket-depth=4096 -fcf-protection=none -Xclang -fno-pch-timestamp -Qunused-arguments -Wno-bool-operation -Wno-c++11-narrowing -Wno-constant-logical-operand -Wno-int-in-bool-context -Wno-non-pod-varargs -Wno-parentheses-equality -Wno-shadow -Wno-sign-compare -Wno-tautological-bitwise-compare -Wno-tautological-compare -Wno-uninitialized -Wno-unused-but-set-parameter -Wno-unused-but-set-variable -Wno-unused-parameter -Wno-unused-variable -Wno-vla-cxx-extension    -DVL_TIME_CONTEXT   -std=gnu++20 -include-pch Vtb_apex_l3__pch.h.slow.gch -c -o Vtb_apex_l3___024root__1__Slow.o Vtb_apex_l3___024root__1__Slow.cpp
warning: unknown warning option '-Wno-vla-cxx-extension'; did you mean '-Wno-vla-extension'? [-Wunknown-warning-option]
1 warning generated.
c++   -I.  -MMD -I/opt/homebrew/Cellar/verilator/5.044/share/verilator/include -I/opt/homebrew/Cellar/verilator/5.044/share/verilator/include/vltstd -DVERILATOR=1 -DVM_COVERAGE=0 -DVM_SC=0 -DVM_TIMING=1 -DVM_TRACE=1 -DVM_TRACE_FST=1 -DVM_TRACE_VCD=0 -DVM_TRACE_SAIF=0 -faligned-new -fbracket-depth=4096 -fcf-protection=none -Xclang -fno-pch-timestamp -Qunused-arguments -Wno-bool-operation -Wno-c++11-narrowing -Wno-constant-logical-operand -Wno-int-in-bool-context -Wno-non-pod-varargs -Wno-parentheses-equality -Wno-shadow -Wno-sign-compare -Wno-tautological-bitwise-compare -Wno-tautological-compare -Wno-uninitialized -Wno-unused-but-set-parameter -Wno-unused-but-set-variable -Wno-unused-parameter -Wno-unused-variable -Wno-vla-cxx-extension    -DVL_TIME_CONTEXT   -std=gnu++20 -include-pch Vtb_apex_l3__pch.h.slow.gch -c -o Vtb_apex_l3_cq_value_path__D40__Slow.o Vtb_apex_l3_cq_value_path__D40__Slow.cpp
warning: unknown warning option '-Wno-vla-cxx-extension'; did you mean '-Wno-vla-extension'? [-Wunknown-warning-option]
1 warning generated.
c++   -I.  -MMD -I/opt/homebrew/Cellar/verilator/5.044/share/verilator/include -I/opt/homebrew/Cellar/verilator/5.044/share/verilator/include/vltstd -DVERILATOR=1 -DVM_COVERAGE=0 -DVM_SC=0 -DVM_TIMING=1 -DVM_TRACE=1 -DVM_TRACE_FST=1 -DVM_TRACE_VCD=0 -DVM_TRACE_SAIF=0 -faligned-new -fbracket-depth=4096 -fcf-protection=none -Xclang -fno-pch-timestamp -Qunused-arguments -Wno-bool-operation -Wno-c++11-narrowing -Wno-constant-logical-operand -Wno-int-in-bool-context -Wno-non-pod-varargs -Wno-parentheses-equality -Wno-shadow -Wno-sign-compare -Wno-tautological-bitwise-compare -Wno-tautological-compare -Wno-uninitialized -Wno-unused-but-set-parameter -Wno-unused-but-set-variable -Wno-unused-parameter -Wno-unused-variable -Wno-vla-cxx-extension    -DVL_TIME_CONTEXT   -std=gnu++20 -include-pch Vtb_apex_l3__pch.h.slow.gch -c -o Vtb_apex_l3_cq_value_path__D40__0__Slow.o Vtb_apex_l3_cq_value_path__D40__0__Slow.cpp
warning: unknown warning option '-Wno-vla-cxx-extension'; did you mean '-Wno-vla-extension'? [-Wunknown-warning-option]
1 warning generated.
c++   -I.  -MMD -I/opt/homebrew/Cellar/verilator/5.044/share/verilator/include -I/opt/homebrew/Cellar/verilator/5.044/share/verilator/include/vltstd -DVERILATOR=1 -DVM_COVERAGE=0 -DVM_SC=0 -DVM_TIMING=1 -DVM_TRACE=1 -DVM_TRACE_FST=1 -DVM_TRACE_VCD=0 -DVM_TRACE_SAIF=0 -faligned-new -fbracket-depth=4096 -fcf-protection=none -Xclang -fno-pch-timestamp -Qunused-arguments -Wno-bool-operation -Wno-c++11-narrowing -Wno-constant-logical-operand -Wno-int-in-bool-context -Wno-non-pod-varargs -Wno-parentheses-equality -Wno-shadow -Wno-sign-compare -Wno-tautological-bitwise-compare -Wno-tautological-compare -Wno-uninitialized -Wno-unused-but-set-parameter -Wno-unused-but-set-variable -Wno-unused-parameter -Wno-unused-variable -Wno-vla-cxx-extension    -DVL_TIME_CONTEXT   -std=gnu++20 -include-pch Vtb_apex_l3__pch.h.slow.gch -c -o Vtb_apex_l3_cq_value_path__D40__1__Slow.o Vtb_apex_l3_cq_value_path__D40__1__Slow.cpp
warning: unknown warning option '-Wno-vla-cxx-extension'; did you mean '-Wno-vla-extension'? [-Wunknown-warning-option]
1 warning generated.
c++   -I.  -MMD -I/opt/homebrew/Cellar/verilator/5.044/share/verilator/include -I/opt/homebrew/Cellar/verilator/5.044/share/verilator/include/vltstd -DVERILATOR=1 -DVM_COVERAGE=0 -DVM_SC=0 -DVM_TIMING=1 -DVM_TRACE=1 -DVM_TRACE_FST=1 -DVM_TRACE_VCD=0 -DVM_TRACE_SAIF=0 -faligned-new -fbracket-depth=4096 -fcf-protection=none -Xclang -fno-pch-timestamp -Qunused-arguments -Wno-bool-operation -Wno-c++11-narrowing -Wno-constant-logical-operand -Wno-int-in-bool-context -Wno-non-pod-varargs -Wno-parentheses-equality -Wno-shadow -Wno-sign-compare -Wno-tautological-bitwise-compare -Wno-tautological-compare -Wno-uninitialized -Wno-unused-but-set-parameter -Wno-unused-but-set-variable -Wno-unused-parameter -Wno-unused-variable -Wno-vla-cxx-extension    -DVL_TIME_CONTEXT   -std=gnu++20 -include-pch Vtb_apex_l3__pch.h.slow.gch -c -o Vtb_apex_l3_cq_value_path__D40__2__Slow.o Vtb_apex_l3_cq_value_path__D40__2__Slow.cpp
warning: unknown warning option '-Wno-vla-cxx-extension'; did you mean '-Wno-vla-extension'? [-Wunknown-warning-option]
1 warning generated.
c++   -I.  -MMD -I/opt/homebrew/Cellar/verilator/5.044/share/verilator/include -I/opt/homebrew/Cellar/verilator/5.044/share/verilator/include/vltstd -DVERILATOR=1 -DVM_COVERAGE=0 -DVM_SC=0 -DVM_TIMING=1 -DVM_TRACE=1 -DVM_TRACE_FST=1 -DVM_TRACE_VCD=0 -DVM_TRACE_SAIF=0 -faligned-new -fbracket-depth=4096 -fcf-protection=none -Xclang -fno-pch-timestamp -Qunused-arguments -Wno-bool-operation -Wno-c++11-narrowing -Wno-constant-logical-operand -Wno-int-in-bool-context -Wno-non-pod-varargs -Wno-parentheses-equality -Wno-shadow -Wno-sign-compare -Wno-tautological-bitwise-compare -Wno-tautological-compare -Wno-uninitialized -Wno-unused-but-set-parameter -Wno-unused-but-set-variable -Wno-unused-parameter -Wno-unused-variable -Wno-vla-cxx-extension    -DVL_TIME_CONTEXT   -std=gnu++20 -include-pch Vtb_apex_l3__pch.h.slow.gch -c -o Vtb_apex_l3_cq_value_path__D40__3__Slow.o Vtb_apex_l3_cq_value_path__D40__3__Slow.cpp
warning: unknown warning option '-Wno-vla-cxx-extension'; did you mean '-Wno-vla-extension'? [-Wunknown-warning-option]
1 warning generated.
c++   -I.  -MMD -I/opt/homebrew/Cellar/verilator/5.044/share/verilator/include -I/opt/homebrew/Cellar/verilator/5.044/share/verilator/include/vltstd -DVERILATOR=1 -DVM_COVERAGE=0 -DVM_SC=0 -DVM_TIMING=1 -DVM_TRACE=1 -DVM_TRACE_FST=1 -DVM_TRACE_VCD=0 -DVM_TRACE_SAIF=0 -faligned-new -fbracket-depth=4096 -fcf-protection=none -Xclang -fno-pch-timestamp -Qunused-arguments -Wno-bool-operation -Wno-c++11-narrowing -Wno-constant-logical-operand -Wno-int-in-bool-context -Wno-non-pod-varargs -Wno-parentheses-equality -Wno-shadow -Wno-sign-compare -Wno-tautological-bitwise-compare -Wno-tautological-compare -Wno-uninitialized -Wno-unused-but-set-parameter -Wno-unused-but-set-variable -Wno-unused-parameter -Wno-unused-variable -Wno-vla-cxx-extension    -DVL_TIME_CONTEXT   -std=gnu++20 -include-pch Vtb_apex_l3__pch.h.slow.gch -c -o Vtb_apex_l3_cq_key_path__D40_G10__Slow.o Vtb_apex_l3_cq_key_path__D40_G10__Slow.cpp
warning: unknown warning option '-Wno-vla-cxx-extension'; did you mean '-Wno-vla-extension'? [-Wunknown-warning-option]
1 warning generated.
c++   -I.  -MMD -I/opt/homebrew/Cellar/verilator/5.044/share/verilator/include -I/opt/homebrew/Cellar/verilator/5.044/share/verilator/include/vltstd -DVERILATOR=1 -DVM_COVERAGE=0 -DVM_SC=0 -DVM_TIMING=1 -DVM_TRACE=1 -DVM_TRACE_FST=1 -DVM_TRACE_VCD=0 -DVM_TRACE_SAIF=0 -faligned-new -fbracket-depth=4096 -fcf-protection=none -Xclang -fno-pch-timestamp -Qunused-arguments -Wno-bool-operation -Wno-c++11-narrowing -Wno-constant-logical-operand -Wno-int-in-bool-context -Wno-non-pod-varargs -Wno-parentheses-equality -Wno-shadow -Wno-sign-compare -Wno-tautological-bitwise-compare -Wno-tautological-compare -Wno-uninitialized -Wno-unused-but-set-parameter -Wno-unused-but-set-variable -Wno-unused-parameter -Wno-unused-variable -Wno-vla-cxx-extension    -DVL_TIME_CONTEXT   -std=gnu++20 -include-pch Vtb_apex_l3__pch.h.slow.gch -c -o Vtb_apex_l3_cq_key_path__D40_G10__0__Slow.o Vtb_apex_l3_cq_key_path__D40_G10__0__Slow.cpp
warning: unknown warning option '-Wno-vla-cxx-extension'; did you mean '-Wno-vla-extension'? [-Wunknown-warning-option]
1 warning generated.
c++   -I.  -MMD -I/opt/homebrew/Cellar/verilator/5.044/share/verilator/include -I/opt/homebrew/Cellar/verilator/5.044/share/verilator/include/vltstd -DVERILATOR=1 -DVM_COVERAGE=0 -DVM_SC=0 -DVM_TIMING=1 -DVM_TRACE=1 -DVM_TRACE_FST=1 -DVM_TRACE_VCD=0 -DVM_TRACE_SAIF=0 -faligned-new -fbracket-depth=4096 -fcf-protection=none -Xclang -fno-pch-timestamp -Qunused-arguments -Wno-bool-operation -Wno-c++11-narrowing -Wno-constant-logical-operand -Wno-int-in-bool-context -Wno-non-pod-varargs -Wno-parentheses-equality -Wno-shadow -Wno-sign-compare -Wno-tautological-bitwise-compare -Wno-tautological-compare -Wno-uninitialized -Wno-unused-but-set-parameter -Wno-unused-but-set-variable -Wno-unused-parameter -Wno-unused-variable -Wno-vla-cxx-extension    -DVL_TIME_CONTEXT   -std=gnu++20 -include-pch Vtb_apex_l3__pch.h.slow.gch -c -o Vtb_apex_l3_cq_key_path__D40_G10__1__Slow.o Vtb_apex_l3_cq_key_path__D40_G10__1__Slow.cpp
warning: unknown warning option '-Wno-vla-cxx-extension'; did you mean '-Wno-vla-extension'? [-Wunknown-warning-option]
1 warning generated.
c++   -I.  -MMD -I/opt/homebrew/Cellar/verilator/5.044/share/verilator/include -I/opt/homebrew/Cellar/verilator/5.044/share/verilator/include/vltstd -DVERILATOR=1 -DVM_COVERAGE=0 -DVM_SC=0 -DVM_TIMING=1 -DVM_TRACE=1 -DVM_TRACE_FST=1 -DVM_TRACE_VCD=0 -DVM_TRACE_SAIF=0 -faligned-new -fbracket-depth=4096 -fcf-protection=none -Xclang -fno-pch-timestamp -Qunused-arguments -Wno-bool-operation -Wno-c++11-narrowing -Wno-constant-logical-operand -Wno-int-in-bool-context -Wno-non-pod-varargs -Wno-parentheses-equality -Wno-shadow -Wno-sign-compare -Wno-tautological-bitwise-compare -Wno-tautological-compare -Wno-uninitialized -Wno-unused-but-set-parameter -Wno-unused-but-set-variable -Wno-unused-parameter -Wno-unused-variable -Wno-vla-cxx-extension    -DVL_TIME_CONTEXT   -std=gnu++20 -include-pch Vtb_apex_l3__pch.h.slow.gch -c -o Vtb_apex_l3_cq_key_path__D40_G10__2__Slow.o Vtb_apex_l3_cq_key_path__D40_G10__2__Slow.cpp
warning: unknown warning option '-Wno-vla-cxx-extension'; did you mean '-Wno-vla-extension'? [-Wunknown-warning-option]
1 warning generated.
c++   -I.  -MMD -I/opt/homebrew/Cellar/verilator/5.044/share/verilator/include -I/opt/homebrew/Cellar/verilator/5.044/share/verilator/include/vltstd -DVERILATOR=1 -DVM_COVERAGE=0 -DVM_SC=0 -DVM_TIMING=1 -DVM_TRACE=1 -DVM_TRACE_FST=1 -DVM_TRACE_VCD=0 -DVM_TRACE_SAIF=0 -faligned-new -fbracket-depth=4096 -fcf-protection=none -Xclang -fno-pch-timestamp -Qunused-arguments -Wno-bool-operation -Wno-c++11-narrowing -Wno-constant-logical-operand -Wno-int-in-bool-context -Wno-non-pod-varargs -Wno-parentheses-equality -Wno-shadow -Wno-sign-compare -Wno-tautological-bitwise-compare -Wno-tautological-compare -Wno-uninitialized -Wno-unused-but-set-parameter -Wno-unused-but-set-variable -Wno-unused-parameter -Wno-unused-variable -Wno-vla-cxx-extension    -DVL_TIME_CONTEXT   -std=gnu++20 -include-pch Vtb_apex_l3__pch.h.slow.gch -c -o Vtb_apex_l3_cq_key_path__D40_G10__3__Slow.o Vtb_apex_l3_cq_key_path__D40_G10__3__Slow.cpp
warning: unknown warning option '-Wno-vla-cxx-extension'; did you mean '-Wno-vla-extension'? [-Wunknown-warning-option]
1 warning generated.
c++   -I.  -MMD -I/opt/homebrew/Cellar/verilator/5.044/share/verilator/include -I/opt/homebrew/Cellar/verilator/5.044/share/verilator/include/vltstd -DVERILATOR=1 -DVM_COVERAGE=0 -DVM_SC=0 -DVM_TIMING=1 -DVM_TRACE=1 -DVM_TRACE_FST=1 -DVM_TRACE_VCD=0 -DVM_TRACE_SAIF=0 -faligned-new -fbracket-depth=4096 -fcf-protection=none -Xclang -fno-pch-timestamp -Qunused-arguments -Wno-bool-operation -Wno-c++11-narrowing -Wno-constant-logical-operand -Wno-int-in-bool-context -Wno-non-pod-varargs -Wno-parentheses-equality -Wno-shadow -Wno-sign-compare -Wno-tautological-bitwise-compare -Wno-tautological-compare -Wno-uninitialized -Wno-unused-but-set-parameter -Wno-unused-but-set-variable -Wno-unused-parameter -Wno-unused-variable -Wno-vla-cxx-extension    -DVL_TIME_CONTEXT   -std=gnu++20 -include-pch Vtb_apex_l3__pch.h.slow.gch -c -o Vtb_apex_l3_cq_key_path__D40_G10__4__Slow.o Vtb_apex_l3_cq_key_path__D40_G10__4__Slow.cpp
warning: unknown warning option '-Wno-vla-cxx-extension'; did you mean '-Wno-vla-extension'? [-Wunknown-warning-option]
1 warning generated.
c++   -I.  -MMD -I/opt/homebrew/Cellar/verilator/5.044/share/verilator/include -I/opt/homebrew/Cellar/verilator/5.044/share/verilator/include/vltstd -DVERILATOR=1 -DVM_COVERAGE=0 -DVM_SC=0 -DVM_TIMING=1 -DVM_TRACE=1 -DVM_TRACE_FST=1 -DVM_TRACE_VCD=0 -DVM_TRACE_SAIF=0 -faligned-new -fbracket-depth=4096 -fcf-protection=none -Xclang -fno-pch-timestamp -Qunused-arguments -Wno-bool-operation -Wno-c++11-narrowing -Wno-constant-logical-operand -Wno-int-in-bool-context -Wno-non-pod-varargs -Wno-parentheses-equality -Wno-shadow -Wno-sign-compare -Wno-tautological-bitwise-compare -Wno-tautological-compare -Wno-uninitialized -Wno-unused-but-set-parameter -Wno-unused-but-set-variable -Wno-unused-parameter -Wno-unused-variable -Wno-vla-cxx-extension    -DVL_TIME_CONTEXT   -std=gnu++20 -include-pch Vtb_apex_l3__pch.h.slow.gch -c -o Vtb_apex_l3_cq_key_path__D40_G10__5__Slow.o Vtb_apex_l3_cq_key_path__D40_G10__5__Slow.cpp
warning: unknown warning option '-Wno-vla-cxx-extension'; did you mean '-Wno-vla-extension'? [-Wunknown-warning-option]
1 warning generated.
c++   -I.  -MMD -I/opt/homebrew/Cellar/verilator/5.044/share/verilator/include -I/opt/homebrew/Cellar/verilator/5.044/share/verilator/include/vltstd -DVERILATOR=1 -DVM_COVERAGE=0 -DVM_SC=0 -DVM_TIMING=1 -DVM_TRACE=1 -DVM_TRACE_FST=1 -DVM_TRACE_VCD=0 -DVM_TRACE_SAIF=0 -faligned-new -fbracket-depth=4096 -fcf-protection=none -Xclang -fno-pch-timestamp -Qunused-arguments -Wno-bool-operation -Wno-c++11-narrowing -Wno-constant-logical-operand -Wno-int-in-bool-context -Wno-non-pod-varargs -Wno-parentheses-equality -Wno-shadow -Wno-sign-compare -Wno-tautological-bitwise-compare -Wno-tautological-compare -Wno-uninitialized -Wno-unused-but-set-parameter -Wno-unused-but-set-variable -Wno-unused-parameter -Wno-unused-variable -Wno-vla-cxx-extension    -DVL_TIME_CONTEXT   -std=gnu++20 -include-pch Vtb_apex_l3__pch.h.slow.gch -c -o Vtb_apex_l3_cq_key_path__D40_G10__6__Slow.o Vtb_apex_l3_cq_key_path__D40_G10__6__Slow.cpp
warning: unknown warning option '-Wno-vla-cxx-extension'; did you mean '-Wno-vla-extension'? [-Wunknown-warning-option]
1 warning generated.
c++   -I.  -MMD -I/opt/homebrew/Cellar/verilator/5.044/share/verilator/include -I/opt/homebrew/Cellar/verilator/5.044/share/verilator/include/vltstd -DVERILATOR=1 -DVM_COVERAGE=0 -DVM_SC=0 -DVM_TIMING=1 -DVM_TRACE=1 -DVM_TRACE_FST=1 -DVM_TRACE_VCD=0 -DVM_TRACE_SAIF=0 -faligned-new -fbracket-depth=4096 -fcf-protection=none -Xclang -fno-pch-timestamp -Qunused-arguments -Wno-bool-operation -Wno-c++11-narrowing -Wno-constant-logical-operand -Wno-int-in-bool-context -Wno-non-pod-varargs -Wno-parentheses-equality -Wno-shadow -Wno-sign-compare -Wno-tautological-bitwise-compare -Wno-tautological-compare -Wno-uninitialized -Wno-unused-but-set-parameter -Wno-unused-but-set-variable -Wno-unused-parameter -Wno-unused-variable -Wno-vla-cxx-extension    -DVL_TIME_CONTEXT   -std=gnu++20 -include-pch Vtb_apex_l3__pch.h.slow.gch -c -o Vtb_apex_l3_cq_key_path__D40_G10__7__Slow.o Vtb_apex_l3_cq_key_path__D40_G10__7__Slow.cpp
warning: unknown warning option '-Wno-vla-cxx-extension'; did you mean '-Wno-vla-extension'? [-Wunknown-warning-option]
1 warning generated.
c++   -I.  -MMD -I/opt/homebrew/Cellar/verilator/5.044/share/verilator/include -I/opt/homebrew/Cellar/verilator/5.044/share/verilator/include/vltstd -DVERILATOR=1 -DVM_COVERAGE=0 -DVM_SC=0 -DVM_TIMING=1 -DVM_TRACE=1 -DVM_TRACE_FST=1 -DVM_TRACE_VCD=0 -DVM_TRACE_SAIF=0 -faligned-new -fbracket-depth=4096 -fcf-protection=none -Xclang -fno-pch-timestamp -Qunused-arguments -Wno-bool-operation -Wno-c++11-narrowing -Wno-constant-logical-operand -Wno-int-in-bool-context -Wno-non-pod-varargs -Wno-parentheses-equality -Wno-shadow -Wno-sign-compare -Wno-tautological-bitwise-compare -Wno-tautological-compare -Wno-uninitialized -Wno-unused-but-set-parameter -Wno-unused-but-set-variable -Wno-unused-parameter -Wno-unused-variable -Wno-vla-cxx-extension    -DVL_TIME_CONTEXT   -std=gnu++20 -include-pch Vtb_apex_l3__pch.h.slow.gch -c -o Vtb_apex_l3_cq_key_path__D40_G10__8__Slow.o Vtb_apex_l3_cq_key_path__D40_G10__8__Slow.cpp
warning: unknown warning option '-Wno-vla-cxx-extension'; did you mean '-Wno-vla-extension'? [-Wunknown-warning-option]
1 warning generated.
c++   -I.  -MMD -I/opt/homebrew/Cellar/verilator/5.044/share/verilator/include -I/opt/homebrew/Cellar/verilator/5.044/share/verilator/include/vltstd -DVERILATOR=1 -DVM_COVERAGE=0 -DVM_SC=0 -DVM_TIMING=1 -DVM_TRACE=1 -DVM_TRACE_FST=1 -DVM_TRACE_VCD=0 -DVM_TRACE_SAIF=0 -faligned-new -fbracket-depth=4096 -fcf-protection=none -Xclang -fno-pch-timestamp -Qunused-arguments -Wno-bool-operation -Wno-c++11-narrowing -Wno-constant-logical-operand -Wno-int-in-bool-context -Wno-non-pod-varargs -Wno-parentheses-equality -Wno-shadow -Wno-sign-compare -Wno-tautological-bitwise-compare -Wno-tautological-compare -Wno-uninitialized -Wno-unused-but-set-parameter -Wno-unused-but-set-variable -Wno-unused-parameter -Wno-unused-variable -Wno-vla-cxx-extension    -DVL_TIME_CONTEXT   -std=gnu++20 -include-pch Vtb_apex_l3__pch.h.slow.gch -c -o Vtb_apex_l3_cq_key_path__D40_G10__9__Slow.o Vtb_apex_l3_cq_key_path__D40_G10__9__Slow.cpp
warning: unknown warning option '-Wno-vla-cxx-extension'; did you mean '-Wno-vla-extension'? [-Wunknown-warning-option]
1 warning generated.
c++   -I.  -MMD -I/opt/homebrew/Cellar/verilator/5.044/share/verilator/include -I/opt/homebrew/Cellar/verilator/5.044/share/verilator/include/vltstd -DVERILATOR=1 -DVM_COVERAGE=0 -DVM_SC=0 -DVM_TIMING=1 -DVM_TRACE=1 -DVM_TRACE_FST=1 -DVM_TRACE_VCD=0 -DVM_TRACE_SAIF=0 -faligned-new -fbracket-depth=4096 -fcf-protection=none -Xclang -fno-pch-timestamp -Qunused-arguments -Wno-bool-operation -Wno-c++11-narrowing -Wno-constant-logical-operand -Wno-int-in-bool-context -Wno-non-pod-varargs -Wno-parentheses-equality -Wno-shadow -Wno-sign-compare -Wno-tautological-bitwise-compare -Wno-tautological-compare -Wno-uninitialized -Wno-unused-but-set-parameter -Wno-unused-but-set-variable -Wno-unused-parameter -Wno-unused-variable -Wno-vla-cxx-extension    -DVL_TIME_CONTEXT   -std=gnu++20 -include-pch Vtb_apex_l3__pch.h.slow.gch -c -o Vtb_apex_l3_cq_key_path__D40_G10__10__Slow.o Vtb_apex_l3_cq_key_path__D40_G10__10__Slow.cpp
warning: unknown warning option '-Wno-vla-cxx-extension'; did you mean '-Wno-vla-extension'? [-Wunknown-warning-option]
1 warning generated.
c++   -I.  -MMD -I/opt/homebrew/Cellar/verilator/5.044/share/verilator/include -I/opt/homebrew/Cellar/verilator/5.044/share/verilator/include/vltstd -DVERILATOR=1 -DVM_COVERAGE=0 -DVM_SC=0 -DVM_TIMING=1 -DVM_TRACE=1 -DVM_TRACE_FST=1 -DVM_TRACE_VCD=0 -DVM_TRACE_SAIF=0 -faligned-new -fbracket-depth=4096 -fcf-protection=none -Xclang -fno-pch-timestamp -Qunused-arguments -Wno-bool-operation -Wno-c++11-narrowing -Wno-constant-logical-operand -Wno-int-in-bool-context -Wno-non-pod-varargs -Wno-parentheses-equality -Wno-shadow -Wno-sign-compare -Wno-tautological-bitwise-compare -Wno-tautological-compare -Wno-uninitialized -Wno-unused-but-set-parameter -Wno-unused-but-set-variable -Wno-unused-parameter -Wno-unused-variable -Wno-vla-cxx-extension    -DVL_TIME_CONTEXT   -std=gnu++20 -include-pch Vtb_apex_l3__pch.h.slow.gch -c -o Vtb_apex_l3__Syms__Slow.o Vtb_apex_l3__Syms__Slow.cpp
warning: unknown warning option '-Wno-vla-cxx-extension'; did you mean '-Wno-vla-extension'? [-Wunknown-warning-option]
1 warning generated.
c++   -I.  -MMD -I/opt/homebrew/Cellar/verilator/5.044/share/verilator/include -I/opt/homebrew/Cellar/verilator/5.044/share/verilator/include/vltstd -DVERILATOR=1 -DVM_COVERAGE=0 -DVM_SC=0 -DVM_TIMING=1 -DVM_TRACE=1 -DVM_TRACE_FST=1 -DVM_TRACE_VCD=0 -DVM_TRACE_SAIF=0 -faligned-new -fbracket-depth=4096 -fcf-protection=none -Xclang -fno-pch-timestamp -Qunused-arguments -Wno-bool-operation -Wno-c++11-narrowing -Wno-constant-logical-operand -Wno-int-in-bool-context -Wno-non-pod-varargs -Wno-parentheses-equality -Wno-shadow -Wno-sign-compare -Wno-tautological-bitwise-compare -Wno-tautological-compare -Wno-uninitialized -Wno-unused-but-set-parameter -Wno-unused-but-set-variable -Wno-unused-parameter -Wno-unused-variable -Wno-vla-cxx-extension    -DVL_TIME_CONTEXT   -std=gnu++20 -include-pch Vtb_apex_l3__pch.h.slow.gch -c -o Vtb_apex_l3__Trace__0__Slow.o Vtb_apex_l3__Trace__0__Slow.cpp
warning: unknown warning option '-Wno-vla-cxx-extension'; did you mean '-Wno-vla-extension'? [-Wunknown-warning-option]
1 warning generated.
c++   -I.  -MMD -I/opt/homebrew/Cellar/verilator/5.044/share/verilator/include -I/opt/homebrew/Cellar/verilator/5.044/share/verilator/include/vltstd -DVERILATOR=1 -DVM_COVERAGE=0 -DVM_SC=0 -DVM_TIMING=1 -DVM_TRACE=1 -DVM_TRACE_FST=1 -DVM_TRACE_VCD=0 -DVM_TRACE_SAIF=0 -faligned-new -fbracket-depth=4096 -fcf-protection=none -Xclang -fno-pch-timestamp -Qunused-arguments -Wno-bool-operation -Wno-c++11-narrowing -Wno-constant-logical-operand -Wno-int-in-bool-context -Wno-non-pod-varargs -Wno-parentheses-equality -Wno-shadow -Wno-sign-compare -Wno-tautological-bitwise-compare -Wno-tautological-compare -Wno-uninitialized -Wno-unused-but-set-parameter -Wno-unused-but-set-variable -Wno-unused-parameter -Wno-unused-variable -Wno-vla-cxx-extension    -DVL_TIME_CONTEXT   -std=gnu++20 -include-pch Vtb_apex_l3__pch.h.slow.gch -c -o Vtb_apex_l3__TraceDecls__0__Slow.o Vtb_apex_l3__TraceDecls__0__Slow.cpp
warning: unknown warning option '-Wno-vla-cxx-extension'; did you mean '-Wno-vla-extension'? [-Wunknown-warning-option]
1 warning generated.
c++  -Wl,-U,__Z15vl_time_stamp64v,-U,__Z13sc_time_stampv   verilated.o verilated_fst_c.o verilated_timing.o verilated_threads.o Vtb_apex_l3__ALL.a   -lz  -pthread -lpthread   -o Vtb_apex_l3
rm Vtb_apex_l3__ALL.verilator_deplist.tmp
- V e r i l a t i o n   R e p o r t: Verilator 5.044 2026-01-01 rev vUNKNOWN-built20260101
- Verilator: Built from 4.244 MB sources in 42 modules, into 24.544 MB in 46 C++ files needing 0.019 MB
- Verilator: Walltime 24.598 s (elab=0.046, cvt=1.870, bld=22.325); cpu 2.192 s on 1 threads; alloced 230.219 MB
build/obj_mut_M1/Vtb_apex_l3 +vectors=build/cases/rand_d64_T8.txt +watchdog=12000000 > build/run_mut_M1.log 2>&1
make: [mutate] Error 1 (ignored)
set -o pipefail; /Users/nabilabdelazizferhattaleb/.pyenv/versions/3.11.5/bin/python mutate.py check M1 build/run_mut_M1.log | tee -a build/mutation.txt
M1: CAUGHT (value; signature ['tap f16'])
/Users/nabilabdelazizferhattaleb/.pyenv/versions/3.11.5/bin/python mutate.py patch M2 build/mut_M2
M2: patched copy written to build/mut_M2/apex_top.sv
mkdir -p build/obj_mut_M2
/opt/homebrew/bin/verilator --binary -Wall --timing --assert --timescale 1ns/1ps -I../../../verif/common -I../../../rtl/asu -I. lint_waivers.vlt --trace-fst -GCFG_D=64 -GG_CFG=16 -GDEPTH=256 -GOUTK=2 -GMASKF='"build/mask_l3_b64.hex"' --top-module tb_apex_l3 -Mdir build/obj_mut_M2 ../../../rtl/apex_pkg.sv ../../../rtl/mxe/mxe_cfg_pkg.sv ../../../rtl/xbr/stream_skid.sv ../../../rtl/mxe/mxe_pe.sv ../../../rtl/mxe/mxe_array.sv ../../../rtl/mxe/mxe_buf.sv ../../../rtl/mxe/mxe_requant.sv ../../../rtl/mxe/mxe_ctrl.sv ../../../rtl/mxe/mxe_top.sv ../../../rtl/asu/asu_exp_lut.sv ../../../rtl/asu/asu_softmax.sv ../../../rtl/asu/rsqrt.sv ../../../rtl/asu/asu_rmsnorm.sv ../../../rtl/kvq/cores/cq_fp_pkg.sv ../../../rtl/kvq/cores/amax_unit.sv ../../../rtl/kvq/cores/cq_scale_unit.sv ../../../rtl/kvq/cores/cq_quant_unit.sv ../../../rtl/kvq/cores/cq_dequant_unit.sv ../../../rtl/kvq/cores/scale_bank.sv ../../../rtl/kvq/cores/residual_buffer.sv ../../../rtl/kvq/cores/sram_controller.sv ../../../rtl/kvq/cores/cq_value_path.sv ../../../rtl/kvq/cores/cq_key_path.sv ../../../rtl/kvq/kvq_engine.sv ../../../rtl/top/glue/apex_kvq_bank.sv ../../../rtl/tip/tip_decide.sv ../../../rtl/tip/tip_importance.sv ../../../rtl/tip/tip_top.sv ../../../rtl/seq/seq_walker.sv ../../../rtl/csr/csr_regs.sv ../../../rtl/seam/seam_feeder_quant.sv ../../../rtl/seam/seam_score_dequant.sv ../../../rtl/top/glue/apex_q78_to_fp32.sv ../../../rtl/top/glue/apex_lane32_ser.sv ../../../rtl/top/glue/apex_stage_buf.sv ../../../rtl/top/glue/apex_score_fork.sv ../../../rtl/top/glue/apex_scale_quant.sv build/mut_M2/apex_top.sv tb_apex_l3.sv
c++ -Os  -I.  -MMD -I/opt/homebrew/Cellar/verilator/5.044/share/verilator/include -I/opt/homebrew/Cellar/verilator/5.044/share/verilator/include/vltstd -DVERILATOR=1 -DVM_COVERAGE=0 -DVM_SC=0 -DVM_TIMING=1 -DVM_TRACE=1 -DVM_TRACE_FST=1 -DVM_TRACE_VCD=0 -DVM_TRACE_SAIF=0 -faligned-new -fbracket-depth=4096 -fcf-protection=none -Xclang -fno-pch-timestamp -Qunused-arguments -Wno-bool-operation -Wno-c++11-narrowing -Wno-constant-logical-operand -Wno-int-in-bool-context -Wno-non-pod-varargs -Wno-parentheses-equality -Wno-shadow -Wno-sign-compare -Wno-tautological-bitwise-compare -Wno-tautological-compare -Wno-uninitialized -Wno-unused-but-set-parameter -Wno-unused-but-set-variable -Wno-unused-parameter -Wno-unused-variable -Wno-vla-cxx-extension    -DVL_TIME_CONTEXT   -std=gnu++20 -c -o verilated.o /opt/homebrew/Cellar/verilator/5.044/share/verilator/include/verilated.cpp
warning: unknown warning option '-Wno-vla-cxx-extension'; did you mean '-Wno-vla-extension'? [-Wunknown-warning-option]
1 warning generated.
c++ -Os  -I.  -MMD -I/opt/homebrew/Cellar/verilator/5.044/share/verilator/include -I/opt/homebrew/Cellar/verilator/5.044/share/verilator/include/vltstd -DVERILATOR=1 -DVM_COVERAGE=0 -DVM_SC=0 -DVM_TIMING=1 -DVM_TRACE=1 -DVM_TRACE_FST=1 -DVM_TRACE_VCD=0 -DVM_TRACE_SAIF=0 -faligned-new -fbracket-depth=4096 -fcf-protection=none -Xclang -fno-pch-timestamp -Qunused-arguments -Wno-bool-operation -Wno-c++11-narrowing -Wno-constant-logical-operand -Wno-int-in-bool-context -Wno-non-pod-varargs -Wno-parentheses-equality -Wno-shadow -Wno-sign-compare -Wno-tautological-bitwise-compare -Wno-tautological-compare -Wno-uninitialized -Wno-unused-but-set-parameter -Wno-unused-but-set-variable -Wno-unused-parameter -Wno-unused-variable -Wno-vla-cxx-extension    -DVL_TIME_CONTEXT   -std=gnu++20 -c -o verilated_fst_c.o /opt/homebrew/Cellar/verilator/5.044/share/verilator/include/verilated_fst_c.cpp
warning: unknown warning option '-Wno-vla-cxx-extension'; did you mean '-Wno-vla-extension'? [-Wunknown-warning-option]
1 warning generated.
c++ -Os  -I.  -MMD -I/opt/homebrew/Cellar/verilator/5.044/share/verilator/include -I/opt/homebrew/Cellar/verilator/5.044/share/verilator/include/vltstd -DVERILATOR=1 -DVM_COVERAGE=0 -DVM_SC=0 -DVM_TIMING=1 -DVM_TRACE=1 -DVM_TRACE_FST=1 -DVM_TRACE_VCD=0 -DVM_TRACE_SAIF=0 -faligned-new -fbracket-depth=4096 -fcf-protection=none -Xclang -fno-pch-timestamp -Qunused-arguments -Wno-bool-operation -Wno-c++11-narrowing -Wno-constant-logical-operand -Wno-int-in-bool-context -Wno-non-pod-varargs -Wno-parentheses-equality -Wno-shadow -Wno-sign-compare -Wno-tautological-bitwise-compare -Wno-tautological-compare -Wno-uninitialized -Wno-unused-but-set-parameter -Wno-unused-but-set-variable -Wno-unused-parameter -Wno-unused-variable -Wno-vla-cxx-extension    -DVL_TIME_CONTEXT   -std=gnu++20 -c -o verilated_timing.o /opt/homebrew/Cellar/verilator/5.044/share/verilator/include/verilated_timing.cpp
warning: unknown warning option '-Wno-vla-cxx-extension'; did you mean '-Wno-vla-extension'? [-Wunknown-warning-option]
1 warning generated.
c++ -Os  -I.  -MMD -I/opt/homebrew/Cellar/verilator/5.044/share/verilator/include -I/opt/homebrew/Cellar/verilator/5.044/share/verilator/include/vltstd -DVERILATOR=1 -DVM_COVERAGE=0 -DVM_SC=0 -DVM_TIMING=1 -DVM_TRACE=1 -DVM_TRACE_FST=1 -DVM_TRACE_VCD=0 -DVM_TRACE_SAIF=0 -faligned-new -fbracket-depth=4096 -fcf-protection=none -Xclang -fno-pch-timestamp -Qunused-arguments -Wno-bool-operation -Wno-c++11-narrowing -Wno-constant-logical-operand -Wno-int-in-bool-context -Wno-non-pod-varargs -Wno-parentheses-equality -Wno-shadow -Wno-sign-compare -Wno-tautological-bitwise-compare -Wno-tautological-compare -Wno-uninitialized -Wno-unused-but-set-parameter -Wno-unused-but-set-variable -Wno-unused-parameter -Wno-unused-variable -Wno-vla-cxx-extension    -DVL_TIME_CONTEXT   -std=gnu++20 -c -o verilated_threads.o /opt/homebrew/Cellar/verilator/5.044/share/verilator/include/verilated_threads.cpp
warning: unknown warning option '-Wno-vla-cxx-extension'; did you mean '-Wno-vla-extension'? [-Wunknown-warning-option]
1 warning generated.
c++ -Os  -I.  -MMD -I/opt/homebrew/Cellar/verilator/5.044/share/verilator/include -I/opt/homebrew/Cellar/verilator/5.044/share/verilator/include/vltstd -DVERILATOR=1 -DVM_COVERAGE=0 -DVM_SC=0 -DVM_TIMING=1 -DVM_TRACE=1 -DVM_TRACE_FST=1 -DVM_TRACE_VCD=0 -DVM_TRACE_SAIF=0 -faligned-new -fbracket-depth=4096 -fcf-protection=none -Xclang -fno-pch-timestamp -Qunused-arguments -Wno-bool-operation -Wno-c++11-narrowing -Wno-constant-logical-operand -Wno-int-in-bool-context -Wno-non-pod-varargs -Wno-parentheses-equality -Wno-shadow -Wno-sign-compare -Wno-tautological-bitwise-compare -Wno-tautological-compare -Wno-uninitialized -Wno-unused-but-set-parameter -Wno-unused-but-set-variable -Wno-unused-parameter -Wno-unused-variable -Wno-vla-cxx-extension    -DVL_TIME_CONTEXT   -std=gnu++20 -x c++-header Vtb_apex_l3__pch.h -o Vtb_apex_l3__pch.h.fast.gch
warning: unknown warning option '-Wno-vla-cxx-extension'; did you mean '-Wno-vla-extension'? [-Wunknown-warning-option]
1 warning generated.
c++ -Os  -I.  -MMD -I/opt/homebrew/Cellar/verilator/5.044/share/verilator/include -I/opt/homebrew/Cellar/verilator/5.044/share/verilator/include/vltstd -DVERILATOR=1 -DVM_COVERAGE=0 -DVM_SC=0 -DVM_TIMING=1 -DVM_TRACE=1 -DVM_TRACE_FST=1 -DVM_TRACE_VCD=0 -DVM_TRACE_SAIF=0 -faligned-new -fbracket-depth=4096 -fcf-protection=none -Xclang -fno-pch-timestamp -Qunused-arguments -Wno-bool-operation -Wno-c++11-narrowing -Wno-constant-logical-operand -Wno-int-in-bool-context -Wno-non-pod-varargs -Wno-parentheses-equality -Wno-shadow -Wno-sign-compare -Wno-tautological-bitwise-compare -Wno-tautological-compare -Wno-uninitialized -Wno-unused-but-set-parameter -Wno-unused-but-set-variable -Wno-unused-parameter -Wno-unused-variable -Wno-vla-cxx-extension    -DVL_TIME_CONTEXT   -std=gnu++20 -include-pch Vtb_apex_l3__pch.h.fast.gch -c -o Vtb_apex_l3.o Vtb_apex_l3.cpp
warning: unknown warning option '-Wno-vla-cxx-extension'; did you mean '-Wno-vla-extension'? [-Wunknown-warning-option]
1 warning generated.
c++ -Os  -I.  -MMD -I/opt/homebrew/Cellar/verilator/5.044/share/verilator/include -I/opt/homebrew/Cellar/verilator/5.044/share/verilator/include/vltstd -DVERILATOR=1 -DVM_COVERAGE=0 -DVM_SC=0 -DVM_TIMING=1 -DVM_TRACE=1 -DVM_TRACE_FST=1 -DVM_TRACE_VCD=0 -DVM_TRACE_SAIF=0 -faligned-new -fbracket-depth=4096 -fcf-protection=none -Xclang -fno-pch-timestamp -Qunused-arguments -Wno-bool-operation -Wno-c++11-narrowing -Wno-constant-logical-operand -Wno-int-in-bool-context -Wno-non-pod-varargs -Wno-parentheses-equality -Wno-shadow -Wno-sign-compare -Wno-tautological-bitwise-compare -Wno-tautological-compare -Wno-uninitialized -Wno-unused-but-set-parameter -Wno-unused-but-set-variable -Wno-unused-parameter -Wno-unused-variable -Wno-vla-cxx-extension    -DVL_TIME_CONTEXT   -std=gnu++20 -include-pch Vtb_apex_l3__pch.h.fast.gch -c -o Vtb_apex_l3___024root__0.o Vtb_apex_l3___024root__0.cpp
warning: unknown warning option '-Wno-vla-cxx-extension'; did you mean '-Wno-vla-extension'? [-Wunknown-warning-option]
1 warning generated.
c++ -Os  -I.  -MMD -I/opt/homebrew/Cellar/verilator/5.044/share/verilator/include -I/opt/homebrew/Cellar/verilator/5.044/share/verilator/include/vltstd -DVERILATOR=1 -DVM_COVERAGE=0 -DVM_SC=0 -DVM_TIMING=1 -DVM_TRACE=1 -DVM_TRACE_FST=1 -DVM_TRACE_VCD=0 -DVM_TRACE_SAIF=0 -faligned-new -fbracket-depth=4096 -fcf-protection=none -Xclang -fno-pch-timestamp -Qunused-arguments -Wno-bool-operation -Wno-c++11-narrowing -Wno-constant-logical-operand -Wno-int-in-bool-context -Wno-non-pod-varargs -Wno-parentheses-equality -Wno-shadow -Wno-sign-compare -Wno-tautological-bitwise-compare -Wno-tautological-compare -Wno-uninitialized -Wno-unused-but-set-parameter -Wno-unused-but-set-variable -Wno-unused-parameter -Wno-unused-variable -Wno-vla-cxx-extension    -DVL_TIME_CONTEXT   -std=gnu++20 -include-pch Vtb_apex_l3__pch.h.fast.gch -c -o Vtb_apex_l3___024root__1.o Vtb_apex_l3___024root__1.cpp
warning: unknown warning option '-Wno-vla-cxx-extension'; did you mean '-Wno-vla-extension'? [-Wunknown-warning-option]
1 warning generated.
c++ -Os  -I.  -MMD -I/opt/homebrew/Cellar/verilator/5.044/share/verilator/include -I/opt/homebrew/Cellar/verilator/5.044/share/verilator/include/vltstd -DVERILATOR=1 -DVM_COVERAGE=0 -DVM_SC=0 -DVM_TIMING=1 -DVM_TRACE=1 -DVM_TRACE_FST=1 -DVM_TRACE_VCD=0 -DVM_TRACE_SAIF=0 -faligned-new -fbracket-depth=4096 -fcf-protection=none -Xclang -fno-pch-timestamp -Qunused-arguments -Wno-bool-operation -Wno-c++11-narrowing -Wno-constant-logical-operand -Wno-int-in-bool-context -Wno-non-pod-varargs -Wno-parentheses-equality -Wno-shadow -Wno-sign-compare -Wno-tautological-bitwise-compare -Wno-tautological-compare -Wno-uninitialized -Wno-unused-but-set-parameter -Wno-unused-but-set-variable -Wno-unused-parameter -Wno-unused-variable -Wno-vla-cxx-extension    -DVL_TIME_CONTEXT   -std=gnu++20 -include-pch Vtb_apex_l3__pch.h.fast.gch -c -o Vtb_apex_l3___024root__2.o Vtb_apex_l3___024root__2.cpp
warning: unknown warning option '-Wno-vla-cxx-extension'; did you mean '-Wno-vla-extension'? [-Wunknown-warning-option]
1 warning generated.
c++ -Os  -I.  -MMD -I/opt/homebrew/Cellar/verilator/5.044/share/verilator/include -I/opt/homebrew/Cellar/verilator/5.044/share/verilator/include/vltstd -DVERILATOR=1 -DVM_COVERAGE=0 -DVM_SC=0 -DVM_TIMING=1 -DVM_TRACE=1 -DVM_TRACE_FST=1 -DVM_TRACE_VCD=0 -DVM_TRACE_SAIF=0 -faligned-new -fbracket-depth=4096 -fcf-protection=none -Xclang -fno-pch-timestamp -Qunused-arguments -Wno-bool-operation -Wno-c++11-narrowing -Wno-constant-logical-operand -Wno-int-in-bool-context -Wno-non-pod-varargs -Wno-parentheses-equality -Wno-shadow -Wno-sign-compare -Wno-tautological-bitwise-compare -Wno-tautological-compare -Wno-uninitialized -Wno-unused-but-set-parameter -Wno-unused-but-set-variable -Wno-unused-parameter -Wno-unused-variable -Wno-vla-cxx-extension    -DVL_TIME_CONTEXT   -std=gnu++20 -include-pch Vtb_apex_l3__pch.h.fast.gch -c -o Vtb_apex_l3___024root__3.o Vtb_apex_l3___024root__3.cpp
warning: unknown warning option '-Wno-vla-cxx-extension'; did you mean '-Wno-vla-extension'? [-Wunknown-warning-option]
1 warning generated.
c++ -Os  -I.  -MMD -I/opt/homebrew/Cellar/verilator/5.044/share/verilator/include -I/opt/homebrew/Cellar/verilator/5.044/share/verilator/include/vltstd -DVERILATOR=1 -DVM_COVERAGE=0 -DVM_SC=0 -DVM_TIMING=1 -DVM_TRACE=1 -DVM_TRACE_FST=1 -DVM_TRACE_VCD=0 -DVM_TRACE_SAIF=0 -faligned-new -fbracket-depth=4096 -fcf-protection=none -Xclang -fno-pch-timestamp -Qunused-arguments -Wno-bool-operation -Wno-c++11-narrowing -Wno-constant-logical-operand -Wno-int-in-bool-context -Wno-non-pod-varargs -Wno-parentheses-equality -Wno-shadow -Wno-sign-compare -Wno-tautological-bitwise-compare -Wno-tautological-compare -Wno-uninitialized -Wno-unused-but-set-parameter -Wno-unused-but-set-variable -Wno-unused-parameter -Wno-unused-variable -Wno-vla-cxx-extension    -DVL_TIME_CONTEXT   -std=gnu++20 -include-pch Vtb_apex_l3__pch.h.fast.gch -c -o Vtb_apex_l3_cq_value_path__D40__0.o Vtb_apex_l3_cq_value_path__D40__0.cpp
warning: unknown warning option '-Wno-vla-cxx-extension'; did you mean '-Wno-vla-extension'? [-Wunknown-warning-option]
1 warning generated.
c++ -Os  -I.  -MMD -I/opt/homebrew/Cellar/verilator/5.044/share/verilator/include -I/opt/homebrew/Cellar/verilator/5.044/share/verilator/include/vltstd -DVERILATOR=1 -DVM_COVERAGE=0 -DVM_SC=0 -DVM_TIMING=1 -DVM_TRACE=1 -DVM_TRACE_FST=1 -DVM_TRACE_VCD=0 -DVM_TRACE_SAIF=0 -faligned-new -fbracket-depth=4096 -fcf-protection=none -Xclang -fno-pch-timestamp -Qunused-arguments -Wno-bool-operation -Wno-c++11-narrowing -Wno-constant-logical-operand -Wno-int-in-bool-context -Wno-non-pod-varargs -Wno-parentheses-equality -Wno-shadow -Wno-sign-compare -Wno-tautological-bitwise-compare -Wno-tautological-compare -Wno-uninitialized -Wno-unused-but-set-parameter -Wno-unused-but-set-variable -Wno-unused-parameter -Wno-unused-variable -Wno-vla-cxx-extension    -DVL_TIME_CONTEXT   -std=gnu++20 -include-pch Vtb_apex_l3__pch.h.fast.gch -c -o Vtb_apex_l3_cq_value_path__D40__1.o Vtb_apex_l3_cq_value_path__D40__1.cpp
warning: unknown warning option '-Wno-vla-cxx-extension'; did you mean '-Wno-vla-extension'? [-Wunknown-warning-option]
1 warning generated.
c++ -Os  -I.  -MMD -I/opt/homebrew/Cellar/verilator/5.044/share/verilator/include -I/opt/homebrew/Cellar/verilator/5.044/share/verilator/include/vltstd -DVERILATOR=1 -DVM_COVERAGE=0 -DVM_SC=0 -DVM_TIMING=1 -DVM_TRACE=1 -DVM_TRACE_FST=1 -DVM_TRACE_VCD=0 -DVM_TRACE_SAIF=0 -faligned-new -fbracket-depth=4096 -fcf-protection=none -Xclang -fno-pch-timestamp -Qunused-arguments -Wno-bool-operation -Wno-c++11-narrowing -Wno-constant-logical-operand -Wno-int-in-bool-context -Wno-non-pod-varargs -Wno-parentheses-equality -Wno-shadow -Wno-sign-compare -Wno-tautological-bitwise-compare -Wno-tautological-compare -Wno-uninitialized -Wno-unused-but-set-parameter -Wno-unused-but-set-variable -Wno-unused-parameter -Wno-unused-variable -Wno-vla-cxx-extension    -DVL_TIME_CONTEXT   -std=gnu++20 -include-pch Vtb_apex_l3__pch.h.fast.gch -c -o Vtb_apex_l3_cq_value_path__D40__2.o Vtb_apex_l3_cq_value_path__D40__2.cpp
warning: unknown warning option '-Wno-vla-cxx-extension'; did you mean '-Wno-vla-extension'? [-Wunknown-warning-option]
1 warning generated.
c++ -Os  -I.  -MMD -I/opt/homebrew/Cellar/verilator/5.044/share/verilator/include -I/opt/homebrew/Cellar/verilator/5.044/share/verilator/include/vltstd -DVERILATOR=1 -DVM_COVERAGE=0 -DVM_SC=0 -DVM_TIMING=1 -DVM_TRACE=1 -DVM_TRACE_FST=1 -DVM_TRACE_VCD=0 -DVM_TRACE_SAIF=0 -faligned-new -fbracket-depth=4096 -fcf-protection=none -Xclang -fno-pch-timestamp -Qunused-arguments -Wno-bool-operation -Wno-c++11-narrowing -Wno-constant-logical-operand -Wno-int-in-bool-context -Wno-non-pod-varargs -Wno-parentheses-equality -Wno-shadow -Wno-sign-compare -Wno-tautological-bitwise-compare -Wno-tautological-compare -Wno-uninitialized -Wno-unused-but-set-parameter -Wno-unused-but-set-variable -Wno-unused-parameter -Wno-unused-variable -Wno-vla-cxx-extension    -DVL_TIME_CONTEXT   -std=gnu++20 -include-pch Vtb_apex_l3__pch.h.fast.gch -c -o Vtb_apex_l3_cq_value_path__D40__3.o Vtb_apex_l3_cq_value_path__D40__3.cpp
warning: unknown warning option '-Wno-vla-cxx-extension'; did you mean '-Wno-vla-extension'? [-Wunknown-warning-option]
1 warning generated.
c++ -Os  -I.  -MMD -I/opt/homebrew/Cellar/verilator/5.044/share/verilator/include -I/opt/homebrew/Cellar/verilator/5.044/share/verilator/include/vltstd -DVERILATOR=1 -DVM_COVERAGE=0 -DVM_SC=0 -DVM_TIMING=1 -DVM_TRACE=1 -DVM_TRACE_FST=1 -DVM_TRACE_VCD=0 -DVM_TRACE_SAIF=0 -faligned-new -fbracket-depth=4096 -fcf-protection=none -Xclang -fno-pch-timestamp -Qunused-arguments -Wno-bool-operation -Wno-c++11-narrowing -Wno-constant-logical-operand -Wno-int-in-bool-context -Wno-non-pod-varargs -Wno-parentheses-equality -Wno-shadow -Wno-sign-compare -Wno-tautological-bitwise-compare -Wno-tautological-compare -Wno-uninitialized -Wno-unused-but-set-parameter -Wno-unused-but-set-variable -Wno-unused-parameter -Wno-unused-variable -Wno-vla-cxx-extension    -DVL_TIME_CONTEXT   -std=gnu++20 -include-pch Vtb_apex_l3__pch.h.fast.gch -c -o Vtb_apex_l3_cq_key_path__D40_G10__0.o Vtb_apex_l3_cq_key_path__D40_G10__0.cpp
warning: unknown warning option '-Wno-vla-cxx-extension'; did you mean '-Wno-vla-extension'? [-Wunknown-warning-option]
1 warning generated.
c++ -Os  -I.  -MMD -I/opt/homebrew/Cellar/verilator/5.044/share/verilator/include -I/opt/homebrew/Cellar/verilator/5.044/share/verilator/include/vltstd -DVERILATOR=1 -DVM_COVERAGE=0 -DVM_SC=0 -DVM_TIMING=1 -DVM_TRACE=1 -DVM_TRACE_FST=1 -DVM_TRACE_VCD=0 -DVM_TRACE_SAIF=0 -faligned-new -fbracket-depth=4096 -fcf-protection=none -Xclang -fno-pch-timestamp -Qunused-arguments -Wno-bool-operation -Wno-c++11-narrowing -Wno-constant-logical-operand -Wno-int-in-bool-context -Wno-non-pod-varargs -Wno-parentheses-equality -Wno-shadow -Wno-sign-compare -Wno-tautological-bitwise-compare -Wno-tautological-compare -Wno-uninitialized -Wno-unused-but-set-parameter -Wno-unused-but-set-variable -Wno-unused-parameter -Wno-unused-variable -Wno-vla-cxx-extension    -DVL_TIME_CONTEXT   -std=gnu++20 -include-pch Vtb_apex_l3__pch.h.fast.gch -c -o Vtb_apex_l3_cq_key_path__D40_G10__1.o Vtb_apex_l3_cq_key_path__D40_G10__1.cpp
warning: unknown warning option '-Wno-vla-cxx-extension'; did you mean '-Wno-vla-extension'? [-Wunknown-warning-option]
1 warning generated.
c++ -Os  -I.  -MMD -I/opt/homebrew/Cellar/verilator/5.044/share/verilator/include -I/opt/homebrew/Cellar/verilator/5.044/share/verilator/include/vltstd -DVERILATOR=1 -DVM_COVERAGE=0 -DVM_SC=0 -DVM_TIMING=1 -DVM_TRACE=1 -DVM_TRACE_FST=1 -DVM_TRACE_VCD=0 -DVM_TRACE_SAIF=0 -faligned-new -fbracket-depth=4096 -fcf-protection=none -Xclang -fno-pch-timestamp -Qunused-arguments -Wno-bool-operation -Wno-c++11-narrowing -Wno-constant-logical-operand -Wno-int-in-bool-context -Wno-non-pod-varargs -Wno-parentheses-equality -Wno-shadow -Wno-sign-compare -Wno-tautological-bitwise-compare -Wno-tautological-compare -Wno-uninitialized -Wno-unused-but-set-parameter -Wno-unused-but-set-variable -Wno-unused-parameter -Wno-unused-variable -Wno-vla-cxx-extension    -DVL_TIME_CONTEXT   -std=gnu++20 -include-pch Vtb_apex_l3__pch.h.fast.gch -c -o Vtb_apex_l3_cq_key_path__D40_G10__2.o Vtb_apex_l3_cq_key_path__D40_G10__2.cpp
warning: unknown warning option '-Wno-vla-cxx-extension'; did you mean '-Wno-vla-extension'? [-Wunknown-warning-option]
1 warning generated.
c++ -Os  -I.  -MMD -I/opt/homebrew/Cellar/verilator/5.044/share/verilator/include -I/opt/homebrew/Cellar/verilator/5.044/share/verilator/include/vltstd -DVERILATOR=1 -DVM_COVERAGE=0 -DVM_SC=0 -DVM_TIMING=1 -DVM_TRACE=1 -DVM_TRACE_FST=1 -DVM_TRACE_VCD=0 -DVM_TRACE_SAIF=0 -faligned-new -fbracket-depth=4096 -fcf-protection=none -Xclang -fno-pch-timestamp -Qunused-arguments -Wno-bool-operation -Wno-c++11-narrowing -Wno-constant-logical-operand -Wno-int-in-bool-context -Wno-non-pod-varargs -Wno-parentheses-equality -Wno-shadow -Wno-sign-compare -Wno-tautological-bitwise-compare -Wno-tautological-compare -Wno-uninitialized -Wno-unused-but-set-parameter -Wno-unused-but-set-variable -Wno-unused-parameter -Wno-unused-variable -Wno-vla-cxx-extension    -DVL_TIME_CONTEXT   -std=gnu++20 -include-pch Vtb_apex_l3__pch.h.fast.gch -c -o Vtb_apex_l3_cq_key_path__D40_G10__3.o Vtb_apex_l3_cq_key_path__D40_G10__3.cpp
warning: unknown warning option '-Wno-vla-cxx-extension'; did you mean '-Wno-vla-extension'? [-Wunknown-warning-option]
1 warning generated.
c++ -Os  -I.  -MMD -I/opt/homebrew/Cellar/verilator/5.044/share/verilator/include -I/opt/homebrew/Cellar/verilator/5.044/share/verilator/include/vltstd -DVERILATOR=1 -DVM_COVERAGE=0 -DVM_SC=0 -DVM_TIMING=1 -DVM_TRACE=1 -DVM_TRACE_FST=1 -DVM_TRACE_VCD=0 -DVM_TRACE_SAIF=0 -faligned-new -fbracket-depth=4096 -fcf-protection=none -Xclang -fno-pch-timestamp -Qunused-arguments -Wno-bool-operation -Wno-c++11-narrowing -Wno-constant-logical-operand -Wno-int-in-bool-context -Wno-non-pod-varargs -Wno-parentheses-equality -Wno-shadow -Wno-sign-compare -Wno-tautological-bitwise-compare -Wno-tautological-compare -Wno-uninitialized -Wno-unused-but-set-parameter -Wno-unused-but-set-variable -Wno-unused-parameter -Wno-unused-variable -Wno-vla-cxx-extension    -DVL_TIME_CONTEXT   -std=gnu++20 -include-pch Vtb_apex_l3__pch.h.fast.gch -c -o Vtb_apex_l3_cq_key_path__D40_G10__4.o Vtb_apex_l3_cq_key_path__D40_G10__4.cpp
warning: unknown warning option '-Wno-vla-cxx-extension'; did you mean '-Wno-vla-extension'? [-Wunknown-warning-option]
1 warning generated.
c++ -Os  -I.  -MMD -I/opt/homebrew/Cellar/verilator/5.044/share/verilator/include -I/opt/homebrew/Cellar/verilator/5.044/share/verilator/include/vltstd -DVERILATOR=1 -DVM_COVERAGE=0 -DVM_SC=0 -DVM_TIMING=1 -DVM_TRACE=1 -DVM_TRACE_FST=1 -DVM_TRACE_VCD=0 -DVM_TRACE_SAIF=0 -faligned-new -fbracket-depth=4096 -fcf-protection=none -Xclang -fno-pch-timestamp -Qunused-arguments -Wno-bool-operation -Wno-c++11-narrowing -Wno-constant-logical-operand -Wno-int-in-bool-context -Wno-non-pod-varargs -Wno-parentheses-equality -Wno-shadow -Wno-sign-compare -Wno-tautological-bitwise-compare -Wno-tautological-compare -Wno-uninitialized -Wno-unused-but-set-parameter -Wno-unused-but-set-variable -Wno-unused-parameter -Wno-unused-variable -Wno-vla-cxx-extension    -DVL_TIME_CONTEXT   -std=gnu++20 -include-pch Vtb_apex_l3__pch.h.fast.gch -c -o Vtb_apex_l3_cq_key_path__D40_G10__5.o Vtb_apex_l3_cq_key_path__D40_G10__5.cpp
warning: unknown warning option '-Wno-vla-cxx-extension'; did you mean '-Wno-vla-extension'? [-Wunknown-warning-option]
1 warning generated.
c++ -Os  -I.  -MMD -I/opt/homebrew/Cellar/verilator/5.044/share/verilator/include -I/opt/homebrew/Cellar/verilator/5.044/share/verilator/include/vltstd -DVERILATOR=1 -DVM_COVERAGE=0 -DVM_SC=0 -DVM_TIMING=1 -DVM_TRACE=1 -DVM_TRACE_FST=1 -DVM_TRACE_VCD=0 -DVM_TRACE_SAIF=0 -faligned-new -fbracket-depth=4096 -fcf-protection=none -Xclang -fno-pch-timestamp -Qunused-arguments -Wno-bool-operation -Wno-c++11-narrowing -Wno-constant-logical-operand -Wno-int-in-bool-context -Wno-non-pod-varargs -Wno-parentheses-equality -Wno-shadow -Wno-sign-compare -Wno-tautological-bitwise-compare -Wno-tautological-compare -Wno-uninitialized -Wno-unused-but-set-parameter -Wno-unused-but-set-variable -Wno-unused-parameter -Wno-unused-variable -Wno-vla-cxx-extension    -DVL_TIME_CONTEXT   -std=gnu++20 -include-pch Vtb_apex_l3__pch.h.fast.gch -c -o Vtb_apex_l3_cq_key_path__D40_G10__6.o Vtb_apex_l3_cq_key_path__D40_G10__6.cpp
warning: unknown warning option '-Wno-vla-cxx-extension'; did you mean '-Wno-vla-extension'? [-Wunknown-warning-option]
1 warning generated.
c++ -Os  -I.  -MMD -I/opt/homebrew/Cellar/verilator/5.044/share/verilator/include -I/opt/homebrew/Cellar/verilator/5.044/share/verilator/include/vltstd -DVERILATOR=1 -DVM_COVERAGE=0 -DVM_SC=0 -DVM_TIMING=1 -DVM_TRACE=1 -DVM_TRACE_FST=1 -DVM_TRACE_VCD=0 -DVM_TRACE_SAIF=0 -faligned-new -fbracket-depth=4096 -fcf-protection=none -Xclang -fno-pch-timestamp -Qunused-arguments -Wno-bool-operation -Wno-c++11-narrowing -Wno-constant-logical-operand -Wno-int-in-bool-context -Wno-non-pod-varargs -Wno-parentheses-equality -Wno-shadow -Wno-sign-compare -Wno-tautological-bitwise-compare -Wno-tautological-compare -Wno-uninitialized -Wno-unused-but-set-parameter -Wno-unused-but-set-variable -Wno-unused-parameter -Wno-unused-variable -Wno-vla-cxx-extension    -DVL_TIME_CONTEXT   -std=gnu++20 -include-pch Vtb_apex_l3__pch.h.fast.gch -c -o Vtb_apex_l3_cq_key_path__D40_G10__7.o Vtb_apex_l3_cq_key_path__D40_G10__7.cpp
warning: unknown warning option '-Wno-vla-cxx-extension'; did you mean '-Wno-vla-extension'? [-Wunknown-warning-option]
1 warning generated.
c++ -Os  -I.  -MMD -I/opt/homebrew/Cellar/verilator/5.044/share/verilator/include -I/opt/homebrew/Cellar/verilator/5.044/share/verilator/include/vltstd -DVERILATOR=1 -DVM_COVERAGE=0 -DVM_SC=0 -DVM_TIMING=1 -DVM_TRACE=1 -DVM_TRACE_FST=1 -DVM_TRACE_VCD=0 -DVM_TRACE_SAIF=0 -faligned-new -fbracket-depth=4096 -fcf-protection=none -Xclang -fno-pch-timestamp -Qunused-arguments -Wno-bool-operation -Wno-c++11-narrowing -Wno-constant-logical-operand -Wno-int-in-bool-context -Wno-non-pod-varargs -Wno-parentheses-equality -Wno-shadow -Wno-sign-compare -Wno-tautological-bitwise-compare -Wno-tautological-compare -Wno-uninitialized -Wno-unused-but-set-parameter -Wno-unused-but-set-variable -Wno-unused-parameter -Wno-unused-variable -Wno-vla-cxx-extension    -DVL_TIME_CONTEXT   -std=gnu++20 -include-pch Vtb_apex_l3__pch.h.fast.gch -c -o Vtb_apex_l3_cq_key_path__D40_G10__8.o Vtb_apex_l3_cq_key_path__D40_G10__8.cpp
warning: unknown warning option '-Wno-vla-cxx-extension'; did you mean '-Wno-vla-extension'? [-Wunknown-warning-option]
1 warning generated.
c++ -Os  -I.  -MMD -I/opt/homebrew/Cellar/verilator/5.044/share/verilator/include -I/opt/homebrew/Cellar/verilator/5.044/share/verilator/include/vltstd -DVERILATOR=1 -DVM_COVERAGE=0 -DVM_SC=0 -DVM_TIMING=1 -DVM_TRACE=1 -DVM_TRACE_FST=1 -DVM_TRACE_VCD=0 -DVM_TRACE_SAIF=0 -faligned-new -fbracket-depth=4096 -fcf-protection=none -Xclang -fno-pch-timestamp -Qunused-arguments -Wno-bool-operation -Wno-c++11-narrowing -Wno-constant-logical-operand -Wno-int-in-bool-context -Wno-non-pod-varargs -Wno-parentheses-equality -Wno-shadow -Wno-sign-compare -Wno-tautological-bitwise-compare -Wno-tautological-compare -Wno-uninitialized -Wno-unused-but-set-parameter -Wno-unused-but-set-variable -Wno-unused-parameter -Wno-unused-variable -Wno-vla-cxx-extension    -DVL_TIME_CONTEXT   -std=gnu++20 -include-pch Vtb_apex_l3__pch.h.fast.gch -c -o Vtb_apex_l3_cq_key_path__D40_G10__9.o Vtb_apex_l3_cq_key_path__D40_G10__9.cpp
warning: unknown warning option '-Wno-vla-cxx-extension'; did you mean '-Wno-vla-extension'? [-Wunknown-warning-option]
1 warning generated.
c++ -Os  -I.  -MMD -I/opt/homebrew/Cellar/verilator/5.044/share/verilator/include -I/opt/homebrew/Cellar/verilator/5.044/share/verilator/include/vltstd -DVERILATOR=1 -DVM_COVERAGE=0 -DVM_SC=0 -DVM_TIMING=1 -DVM_TRACE=1 -DVM_TRACE_FST=1 -DVM_TRACE_VCD=0 -DVM_TRACE_SAIF=0 -faligned-new -fbracket-depth=4096 -fcf-protection=none -Xclang -fno-pch-timestamp -Qunused-arguments -Wno-bool-operation -Wno-c++11-narrowing -Wno-constant-logical-operand -Wno-int-in-bool-context -Wno-non-pod-varargs -Wno-parentheses-equality -Wno-shadow -Wno-sign-compare -Wno-tautological-bitwise-compare -Wno-tautological-compare -Wno-uninitialized -Wno-unused-but-set-parameter -Wno-unused-but-set-variable -Wno-unused-parameter -Wno-unused-variable -Wno-vla-cxx-extension    -DVL_TIME_CONTEXT   -std=gnu++20 -include-pch Vtb_apex_l3__pch.h.fast.gch -c -o Vtb_apex_l3_cq_key_path__D40_G10__10.o Vtb_apex_l3_cq_key_path__D40_G10__10.cpp
warning: unknown warning option '-Wno-vla-cxx-extension'; did you mean '-Wno-vla-extension'? [-Wunknown-warning-option]
1 warning generated.
c++ -Os  -I.  -MMD -I/opt/homebrew/Cellar/verilator/5.044/share/verilator/include -I/opt/homebrew/Cellar/verilator/5.044/share/verilator/include/vltstd -DVERILATOR=1 -DVM_COVERAGE=0 -DVM_SC=0 -DVM_TIMING=1 -DVM_TRACE=1 -DVM_TRACE_FST=1 -DVM_TRACE_VCD=0 -DVM_TRACE_SAIF=0 -faligned-new -fbracket-depth=4096 -fcf-protection=none -Xclang -fno-pch-timestamp -Qunused-arguments -Wno-bool-operation -Wno-c++11-narrowing -Wno-constant-logical-operand -Wno-int-in-bool-context -Wno-non-pod-varargs -Wno-parentheses-equality -Wno-shadow -Wno-sign-compare -Wno-tautological-bitwise-compare -Wno-tautological-compare -Wno-uninitialized -Wno-unused-but-set-parameter -Wno-unused-but-set-variable -Wno-unused-parameter -Wno-unused-variable -Wno-vla-cxx-extension    -DVL_TIME_CONTEXT   -std=gnu++20 -include-pch Vtb_apex_l3__pch.h.fast.gch -c -o Vtb_apex_l3__main.o Vtb_apex_l3__main.cpp
warning: unknown warning option '-Wno-vla-cxx-extension'; did you mean '-Wno-vla-extension'? [-Wunknown-warning-option]
1 warning generated.
c++ -Os  -I.  -MMD -I/opt/homebrew/Cellar/verilator/5.044/share/verilator/include -I/opt/homebrew/Cellar/verilator/5.044/share/verilator/include/vltstd -DVERILATOR=1 -DVM_COVERAGE=0 -DVM_SC=0 -DVM_TIMING=1 -DVM_TRACE=1 -DVM_TRACE_FST=1 -DVM_TRACE_VCD=0 -DVM_TRACE_SAIF=0 -faligned-new -fbracket-depth=4096 -fcf-protection=none -Xclang -fno-pch-timestamp -Qunused-arguments -Wno-bool-operation -Wno-c++11-narrowing -Wno-constant-logical-operand -Wno-int-in-bool-context -Wno-non-pod-varargs -Wno-parentheses-equality -Wno-shadow -Wno-sign-compare -Wno-tautological-bitwise-compare -Wno-tautological-compare -Wno-uninitialized -Wno-unused-but-set-parameter -Wno-unused-but-set-variable -Wno-unused-parameter -Wno-unused-variable -Wno-vla-cxx-extension    -DVL_TIME_CONTEXT   -std=gnu++20 -include-pch Vtb_apex_l3__pch.h.fast.gch -c -o Vtb_apex_l3__Trace__0.o Vtb_apex_l3__Trace__0.cpp
warning: unknown warning option '-Wno-vla-cxx-extension'; did you mean '-Wno-vla-extension'? [-Wunknown-warning-option]
1 warning generated.
c++   -I.  -MMD -I/opt/homebrew/Cellar/verilator/5.044/share/verilator/include -I/opt/homebrew/Cellar/verilator/5.044/share/verilator/include/vltstd -DVERILATOR=1 -DVM_COVERAGE=0 -DVM_SC=0 -DVM_TIMING=1 -DVM_TRACE=1 -DVM_TRACE_FST=1 -DVM_TRACE_VCD=0 -DVM_TRACE_SAIF=0 -faligned-new -fbracket-depth=4096 -fcf-protection=none -Xclang -fno-pch-timestamp -Qunused-arguments -Wno-bool-operation -Wno-c++11-narrowing -Wno-constant-logical-operand -Wno-int-in-bool-context -Wno-non-pod-varargs -Wno-parentheses-equality -Wno-shadow -Wno-sign-compare -Wno-tautological-bitwise-compare -Wno-tautological-compare -Wno-uninitialized -Wno-unused-but-set-parameter -Wno-unused-but-set-variable -Wno-unused-parameter -Wno-unused-variable -Wno-vla-cxx-extension    -DVL_TIME_CONTEXT   -std=gnu++20 -x c++-header Vtb_apex_l3__pch.h -o Vtb_apex_l3__pch.h.slow.gch
warning: unknown warning option '-Wno-vla-cxx-extension'; did you mean '-Wno-vla-extension'? [-Wunknown-warning-option]
1 warning generated.
c++   -I.  -MMD -I/opt/homebrew/Cellar/verilator/5.044/share/verilator/include -I/opt/homebrew/Cellar/verilator/5.044/share/verilator/include/vltstd -DVERILATOR=1 -DVM_COVERAGE=0 -DVM_SC=0 -DVM_TIMING=1 -DVM_TRACE=1 -DVM_TRACE_FST=1 -DVM_TRACE_VCD=0 -DVM_TRACE_SAIF=0 -faligned-new -fbracket-depth=4096 -fcf-protection=none -Xclang -fno-pch-timestamp -Qunused-arguments -Wno-bool-operation -Wno-c++11-narrowing -Wno-constant-logical-operand -Wno-int-in-bool-context -Wno-non-pod-varargs -Wno-parentheses-equality -Wno-shadow -Wno-sign-compare -Wno-tautological-bitwise-compare -Wno-tautological-compare -Wno-uninitialized -Wno-unused-but-set-parameter -Wno-unused-but-set-variable -Wno-unused-parameter -Wno-unused-variable -Wno-vla-cxx-extension    -DVL_TIME_CONTEXT   -std=gnu++20 -include-pch Vtb_apex_l3__pch.h.slow.gch -c -o Vtb_apex_l3__ConstPool__0__Slow.o Vtb_apex_l3__ConstPool__0__Slow.cpp
warning: unknown warning option '-Wno-vla-cxx-extension'; did you mean '-Wno-vla-extension'? [-Wunknown-warning-option]
1 warning generated.
c++   -I.  -MMD -I/opt/homebrew/Cellar/verilator/5.044/share/verilator/include -I/opt/homebrew/Cellar/verilator/5.044/share/verilator/include/vltstd -DVERILATOR=1 -DVM_COVERAGE=0 -DVM_SC=0 -DVM_TIMING=1 -DVM_TRACE=1 -DVM_TRACE_FST=1 -DVM_TRACE_VCD=0 -DVM_TRACE_SAIF=0 -faligned-new -fbracket-depth=4096 -fcf-protection=none -Xclang -fno-pch-timestamp -Qunused-arguments -Wno-bool-operation -Wno-c++11-narrowing -Wno-constant-logical-operand -Wno-int-in-bool-context -Wno-non-pod-varargs -Wno-parentheses-equality -Wno-shadow -Wno-sign-compare -Wno-tautological-bitwise-compare -Wno-tautological-compare -Wno-uninitialized -Wno-unused-but-set-parameter -Wno-unused-but-set-variable -Wno-unused-parameter -Wno-unused-variable -Wno-vla-cxx-extension    -DVL_TIME_CONTEXT   -std=gnu++20 -include-pch Vtb_apex_l3__pch.h.slow.gch -c -o Vtb_apex_l3___024root__Slow.o Vtb_apex_l3___024root__Slow.cpp
warning: unknown warning option '-Wno-vla-cxx-extension'; did you mean '-Wno-vla-extension'? [-Wunknown-warning-option]
1 warning generated.
c++   -I.  -MMD -I/opt/homebrew/Cellar/verilator/5.044/share/verilator/include -I/opt/homebrew/Cellar/verilator/5.044/share/verilator/include/vltstd -DVERILATOR=1 -DVM_COVERAGE=0 -DVM_SC=0 -DVM_TIMING=1 -DVM_TRACE=1 -DVM_TRACE_FST=1 -DVM_TRACE_VCD=0 -DVM_TRACE_SAIF=0 -faligned-new -fbracket-depth=4096 -fcf-protection=none -Xclang -fno-pch-timestamp -Qunused-arguments -Wno-bool-operation -Wno-c++11-narrowing -Wno-constant-logical-operand -Wno-int-in-bool-context -Wno-non-pod-varargs -Wno-parentheses-equality -Wno-shadow -Wno-sign-compare -Wno-tautological-bitwise-compare -Wno-tautological-compare -Wno-uninitialized -Wno-unused-but-set-parameter -Wno-unused-but-set-variable -Wno-unused-parameter -Wno-unused-variable -Wno-vla-cxx-extension    -DVL_TIME_CONTEXT   -std=gnu++20 -include-pch Vtb_apex_l3__pch.h.slow.gch -c -o Vtb_apex_l3___024root__0__Slow.o Vtb_apex_l3___024root__0__Slow.cpp
warning: unknown warning option '-Wno-vla-cxx-extension'; did you mean '-Wno-vla-extension'? [-Wunknown-warning-option]
1 warning generated.
c++   -I.  -MMD -I/opt/homebrew/Cellar/verilator/5.044/share/verilator/include -I/opt/homebrew/Cellar/verilator/5.044/share/verilator/include/vltstd -DVERILATOR=1 -DVM_COVERAGE=0 -DVM_SC=0 -DVM_TIMING=1 -DVM_TRACE=1 -DVM_TRACE_FST=1 -DVM_TRACE_VCD=0 -DVM_TRACE_SAIF=0 -faligned-new -fbracket-depth=4096 -fcf-protection=none -Xclang -fno-pch-timestamp -Qunused-arguments -Wno-bool-operation -Wno-c++11-narrowing -Wno-constant-logical-operand -Wno-int-in-bool-context -Wno-non-pod-varargs -Wno-parentheses-equality -Wno-shadow -Wno-sign-compare -Wno-tautological-bitwise-compare -Wno-tautological-compare -Wno-uninitialized -Wno-unused-but-set-parameter -Wno-unused-but-set-variable -Wno-unused-parameter -Wno-unused-variable -Wno-vla-cxx-extension    -DVL_TIME_CONTEXT   -std=gnu++20 -include-pch Vtb_apex_l3__pch.h.slow.gch -c -o Vtb_apex_l3___024root__1__Slow.o Vtb_apex_l3___024root__1__Slow.cpp
warning: unknown warning option '-Wno-vla-cxx-extension'; did you mean '-Wno-vla-extension'? [-Wunknown-warning-option]
1 warning generated.
c++   -I.  -MMD -I/opt/homebrew/Cellar/verilator/5.044/share/verilator/include -I/opt/homebrew/Cellar/verilator/5.044/share/verilator/include/vltstd -DVERILATOR=1 -DVM_COVERAGE=0 -DVM_SC=0 -DVM_TIMING=1 -DVM_TRACE=1 -DVM_TRACE_FST=1 -DVM_TRACE_VCD=0 -DVM_TRACE_SAIF=0 -faligned-new -fbracket-depth=4096 -fcf-protection=none -Xclang -fno-pch-timestamp -Qunused-arguments -Wno-bool-operation -Wno-c++11-narrowing -Wno-constant-logical-operand -Wno-int-in-bool-context -Wno-non-pod-varargs -Wno-parentheses-equality -Wno-shadow -Wno-sign-compare -Wno-tautological-bitwise-compare -Wno-tautological-compare -Wno-uninitialized -Wno-unused-but-set-parameter -Wno-unused-but-set-variable -Wno-unused-parameter -Wno-unused-variable -Wno-vla-cxx-extension    -DVL_TIME_CONTEXT   -std=gnu++20 -include-pch Vtb_apex_l3__pch.h.slow.gch -c -o Vtb_apex_l3_cq_value_path__D40__Slow.o Vtb_apex_l3_cq_value_path__D40__Slow.cpp
warning: unknown warning option '-Wno-vla-cxx-extension'; did you mean '-Wno-vla-extension'? [-Wunknown-warning-option]
1 warning generated.
c++   -I.  -MMD -I/opt/homebrew/Cellar/verilator/5.044/share/verilator/include -I/opt/homebrew/Cellar/verilator/5.044/share/verilator/include/vltstd -DVERILATOR=1 -DVM_COVERAGE=0 -DVM_SC=0 -DVM_TIMING=1 -DVM_TRACE=1 -DVM_TRACE_FST=1 -DVM_TRACE_VCD=0 -DVM_TRACE_SAIF=0 -faligned-new -fbracket-depth=4096 -fcf-protection=none -Xclang -fno-pch-timestamp -Qunused-arguments -Wno-bool-operation -Wno-c++11-narrowing -Wno-constant-logical-operand -Wno-int-in-bool-context -Wno-non-pod-varargs -Wno-parentheses-equality -Wno-shadow -Wno-sign-compare -Wno-tautological-bitwise-compare -Wno-tautological-compare -Wno-uninitialized -Wno-unused-but-set-parameter -Wno-unused-but-set-variable -Wno-unused-parameter -Wno-unused-variable -Wno-vla-cxx-extension    -DVL_TIME_CONTEXT   -std=gnu++20 -include-pch Vtb_apex_l3__pch.h.slow.gch -c -o Vtb_apex_l3_cq_value_path__D40__0__Slow.o Vtb_apex_l3_cq_value_path__D40__0__Slow.cpp
warning: unknown warning option '-Wno-vla-cxx-extension'; did you mean '-Wno-vla-extension'? [-Wunknown-warning-option]
1 warning generated.
c++   -I.  -MMD -I/opt/homebrew/Cellar/verilator/5.044/share/verilator/include -I/opt/homebrew/Cellar/verilator/5.044/share/verilator/include/vltstd -DVERILATOR=1 -DVM_COVERAGE=0 -DVM_SC=0 -DVM_TIMING=1 -DVM_TRACE=1 -DVM_TRACE_FST=1 -DVM_TRACE_VCD=0 -DVM_TRACE_SAIF=0 -faligned-new -fbracket-depth=4096 -fcf-protection=none -Xclang -fno-pch-timestamp -Qunused-arguments -Wno-bool-operation -Wno-c++11-narrowing -Wno-constant-logical-operand -Wno-int-in-bool-context -Wno-non-pod-varargs -Wno-parentheses-equality -Wno-shadow -Wno-sign-compare -Wno-tautological-bitwise-compare -Wno-tautological-compare -Wno-uninitialized -Wno-unused-but-set-parameter -Wno-unused-but-set-variable -Wno-unused-parameter -Wno-unused-variable -Wno-vla-cxx-extension    -DVL_TIME_CONTEXT   -std=gnu++20 -include-pch Vtb_apex_l3__pch.h.slow.gch -c -o Vtb_apex_l3_cq_value_path__D40__1__Slow.o Vtb_apex_l3_cq_value_path__D40__1__Slow.cpp
warning: unknown warning option '-Wno-vla-cxx-extension'; did you mean '-Wno-vla-extension'? [-Wunknown-warning-option]
1 warning generated.
c++   -I.  -MMD -I/opt/homebrew/Cellar/verilator/5.044/share/verilator/include -I/opt/homebrew/Cellar/verilator/5.044/share/verilator/include/vltstd -DVERILATOR=1 -DVM_COVERAGE=0 -DVM_SC=0 -DVM_TIMING=1 -DVM_TRACE=1 -DVM_TRACE_FST=1 -DVM_TRACE_VCD=0 -DVM_TRACE_SAIF=0 -faligned-new -fbracket-depth=4096 -fcf-protection=none -Xclang -fno-pch-timestamp -Qunused-arguments -Wno-bool-operation -Wno-c++11-narrowing -Wno-constant-logical-operand -Wno-int-in-bool-context -Wno-non-pod-varargs -Wno-parentheses-equality -Wno-shadow -Wno-sign-compare -Wno-tautological-bitwise-compare -Wno-tautological-compare -Wno-uninitialized -Wno-unused-but-set-parameter -Wno-unused-but-set-variable -Wno-unused-parameter -Wno-unused-variable -Wno-vla-cxx-extension    -DVL_TIME_CONTEXT   -std=gnu++20 -include-pch Vtb_apex_l3__pch.h.slow.gch -c -o Vtb_apex_l3_cq_value_path__D40__2__Slow.o Vtb_apex_l3_cq_value_path__D40__2__Slow.cpp
warning: unknown warning option '-Wno-vla-cxx-extension'; did you mean '-Wno-vla-extension'? [-Wunknown-warning-option]
1 warning generated.
c++   -I.  -MMD -I/opt/homebrew/Cellar/verilator/5.044/share/verilator/include -I/opt/homebrew/Cellar/verilator/5.044/share/verilator/include/vltstd -DVERILATOR=1 -DVM_COVERAGE=0 -DVM_SC=0 -DVM_TIMING=1 -DVM_TRACE=1 -DVM_TRACE_FST=1 -DVM_TRACE_VCD=0 -DVM_TRACE_SAIF=0 -faligned-new -fbracket-depth=4096 -fcf-protection=none -Xclang -fno-pch-timestamp -Qunused-arguments -Wno-bool-operation -Wno-c++11-narrowing -Wno-constant-logical-operand -Wno-int-in-bool-context -Wno-non-pod-varargs -Wno-parentheses-equality -Wno-shadow -Wno-sign-compare -Wno-tautological-bitwise-compare -Wno-tautological-compare -Wno-uninitialized -Wno-unused-but-set-parameter -Wno-unused-but-set-variable -Wno-unused-parameter -Wno-unused-variable -Wno-vla-cxx-extension    -DVL_TIME_CONTEXT   -std=gnu++20 -include-pch Vtb_apex_l3__pch.h.slow.gch -c -o Vtb_apex_l3_cq_value_path__D40__3__Slow.o Vtb_apex_l3_cq_value_path__D40__3__Slow.cpp
warning: unknown warning option '-Wno-vla-cxx-extension'; did you mean '-Wno-vla-extension'? [-Wunknown-warning-option]
1 warning generated.
c++   -I.  -MMD -I/opt/homebrew/Cellar/verilator/5.044/share/verilator/include -I/opt/homebrew/Cellar/verilator/5.044/share/verilator/include/vltstd -DVERILATOR=1 -DVM_COVERAGE=0 -DVM_SC=0 -DVM_TIMING=1 -DVM_TRACE=1 -DVM_TRACE_FST=1 -DVM_TRACE_VCD=0 -DVM_TRACE_SAIF=0 -faligned-new -fbracket-depth=4096 -fcf-protection=none -Xclang -fno-pch-timestamp -Qunused-arguments -Wno-bool-operation -Wno-c++11-narrowing -Wno-constant-logical-operand -Wno-int-in-bool-context -Wno-non-pod-varargs -Wno-parentheses-equality -Wno-shadow -Wno-sign-compare -Wno-tautological-bitwise-compare -Wno-tautological-compare -Wno-uninitialized -Wno-unused-but-set-parameter -Wno-unused-but-set-variable -Wno-unused-parameter -Wno-unused-variable -Wno-vla-cxx-extension    -DVL_TIME_CONTEXT   -std=gnu++20 -include-pch Vtb_apex_l3__pch.h.slow.gch -c -o Vtb_apex_l3_cq_key_path__D40_G10__Slow.o Vtb_apex_l3_cq_key_path__D40_G10__Slow.cpp
warning: unknown warning option '-Wno-vla-cxx-extension'; did you mean '-Wno-vla-extension'? [-Wunknown-warning-option]
1 warning generated.
c++   -I.  -MMD -I/opt/homebrew/Cellar/verilator/5.044/share/verilator/include -I/opt/homebrew/Cellar/verilator/5.044/share/verilator/include/vltstd -DVERILATOR=1 -DVM_COVERAGE=0 -DVM_SC=0 -DVM_TIMING=1 -DVM_TRACE=1 -DVM_TRACE_FST=1 -DVM_TRACE_VCD=0 -DVM_TRACE_SAIF=0 -faligned-new -fbracket-depth=4096 -fcf-protection=none -Xclang -fno-pch-timestamp -Qunused-arguments -Wno-bool-operation -Wno-c++11-narrowing -Wno-constant-logical-operand -Wno-int-in-bool-context -Wno-non-pod-varargs -Wno-parentheses-equality -Wno-shadow -Wno-sign-compare -Wno-tautological-bitwise-compare -Wno-tautological-compare -Wno-uninitialized -Wno-unused-but-set-parameter -Wno-unused-but-set-variable -Wno-unused-parameter -Wno-unused-variable -Wno-vla-cxx-extension    -DVL_TIME_CONTEXT   -std=gnu++20 -include-pch Vtb_apex_l3__pch.h.slow.gch -c -o Vtb_apex_l3_cq_key_path__D40_G10__0__Slow.o Vtb_apex_l3_cq_key_path__D40_G10__0__Slow.cpp
warning: unknown warning option '-Wno-vla-cxx-extension'; did you mean '-Wno-vla-extension'? [-Wunknown-warning-option]
1 warning generated.
c++   -I.  -MMD -I/opt/homebrew/Cellar/verilator/5.044/share/verilator/include -I/opt/homebrew/Cellar/verilator/5.044/share/verilator/include/vltstd -DVERILATOR=1 -DVM_COVERAGE=0 -DVM_SC=0 -DVM_TIMING=1 -DVM_TRACE=1 -DVM_TRACE_FST=1 -DVM_TRACE_VCD=0 -DVM_TRACE_SAIF=0 -faligned-new -fbracket-depth=4096 -fcf-protection=none -Xclang -fno-pch-timestamp -Qunused-arguments -Wno-bool-operation -Wno-c++11-narrowing -Wno-constant-logical-operand -Wno-int-in-bool-context -Wno-non-pod-varargs -Wno-parentheses-equality -Wno-shadow -Wno-sign-compare -Wno-tautological-bitwise-compare -Wno-tautological-compare -Wno-uninitialized -Wno-unused-but-set-parameter -Wno-unused-but-set-variable -Wno-unused-parameter -Wno-unused-variable -Wno-vla-cxx-extension    -DVL_TIME_CONTEXT   -std=gnu++20 -include-pch Vtb_apex_l3__pch.h.slow.gch -c -o Vtb_apex_l3_cq_key_path__D40_G10__1__Slow.o Vtb_apex_l3_cq_key_path__D40_G10__1__Slow.cpp
warning: unknown warning option '-Wno-vla-cxx-extension'; did you mean '-Wno-vla-extension'? [-Wunknown-warning-option]
1 warning generated.
c++   -I.  -MMD -I/opt/homebrew/Cellar/verilator/5.044/share/verilator/include -I/opt/homebrew/Cellar/verilator/5.044/share/verilator/include/vltstd -DVERILATOR=1 -DVM_COVERAGE=0 -DVM_SC=0 -DVM_TIMING=1 -DVM_TRACE=1 -DVM_TRACE_FST=1 -DVM_TRACE_VCD=0 -DVM_TRACE_SAIF=0 -faligned-new -fbracket-depth=4096 -fcf-protection=none -Xclang -fno-pch-timestamp -Qunused-arguments -Wno-bool-operation -Wno-c++11-narrowing -Wno-constant-logical-operand -Wno-int-in-bool-context -Wno-non-pod-varargs -Wno-parentheses-equality -Wno-shadow -Wno-sign-compare -Wno-tautological-bitwise-compare -Wno-tautological-compare -Wno-uninitialized -Wno-unused-but-set-parameter -Wno-unused-but-set-variable -Wno-unused-parameter -Wno-unused-variable -Wno-vla-cxx-extension    -DVL_TIME_CONTEXT   -std=gnu++20 -include-pch Vtb_apex_l3__pch.h.slow.gch -c -o Vtb_apex_l3_cq_key_path__D40_G10__2__Slow.o Vtb_apex_l3_cq_key_path__D40_G10__2__Slow.cpp
warning: unknown warning option '-Wno-vla-cxx-extension'; did you mean '-Wno-vla-extension'? [-Wunknown-warning-option]
1 warning generated.
c++   -I.  -MMD -I/opt/homebrew/Cellar/verilator/5.044/share/verilator/include -I/opt/homebrew/Cellar/verilator/5.044/share/verilator/include/vltstd -DVERILATOR=1 -DVM_COVERAGE=0 -DVM_SC=0 -DVM_TIMING=1 -DVM_TRACE=1 -DVM_TRACE_FST=1 -DVM_TRACE_VCD=0 -DVM_TRACE_SAIF=0 -faligned-new -fbracket-depth=4096 -fcf-protection=none -Xclang -fno-pch-timestamp -Qunused-arguments -Wno-bool-operation -Wno-c++11-narrowing -Wno-constant-logical-operand -Wno-int-in-bool-context -Wno-non-pod-varargs -Wno-parentheses-equality -Wno-shadow -Wno-sign-compare -Wno-tautological-bitwise-compare -Wno-tautological-compare -Wno-uninitialized -Wno-unused-but-set-parameter -Wno-unused-but-set-variable -Wno-unused-parameter -Wno-unused-variable -Wno-vla-cxx-extension    -DVL_TIME_CONTEXT   -std=gnu++20 -include-pch Vtb_apex_l3__pch.h.slow.gch -c -o Vtb_apex_l3_cq_key_path__D40_G10__3__Slow.o Vtb_apex_l3_cq_key_path__D40_G10__3__Slow.cpp
warning: unknown warning option '-Wno-vla-cxx-extension'; did you mean '-Wno-vla-extension'? [-Wunknown-warning-option]
1 warning generated.
c++   -I.  -MMD -I/opt/homebrew/Cellar/verilator/5.044/share/verilator/include -I/opt/homebrew/Cellar/verilator/5.044/share/verilator/include/vltstd -DVERILATOR=1 -DVM_COVERAGE=0 -DVM_SC=0 -DVM_TIMING=1 -DVM_TRACE=1 -DVM_TRACE_FST=1 -DVM_TRACE_VCD=0 -DVM_TRACE_SAIF=0 -faligned-new -fbracket-depth=4096 -fcf-protection=none -Xclang -fno-pch-timestamp -Qunused-arguments -Wno-bool-operation -Wno-c++11-narrowing -Wno-constant-logical-operand -Wno-int-in-bool-context -Wno-non-pod-varargs -Wno-parentheses-equality -Wno-shadow -Wno-sign-compare -Wno-tautological-bitwise-compare -Wno-tautological-compare -Wno-uninitialized -Wno-unused-but-set-parameter -Wno-unused-but-set-variable -Wno-unused-parameter -Wno-unused-variable -Wno-vla-cxx-extension    -DVL_TIME_CONTEXT   -std=gnu++20 -include-pch Vtb_apex_l3__pch.h.slow.gch -c -o Vtb_apex_l3_cq_key_path__D40_G10__4__Slow.o Vtb_apex_l3_cq_key_path__D40_G10__4__Slow.cpp
warning: unknown warning option '-Wno-vla-cxx-extension'; did you mean '-Wno-vla-extension'? [-Wunknown-warning-option]
1 warning generated.
c++   -I.  -MMD -I/opt/homebrew/Cellar/verilator/5.044/share/verilator/include -I/opt/homebrew/Cellar/verilator/5.044/share/verilator/include/vltstd -DVERILATOR=1 -DVM_COVERAGE=0 -DVM_SC=0 -DVM_TIMING=1 -DVM_TRACE=1 -DVM_TRACE_FST=1 -DVM_TRACE_VCD=0 -DVM_TRACE_SAIF=0 -faligned-new -fbracket-depth=4096 -fcf-protection=none -Xclang -fno-pch-timestamp -Qunused-arguments -Wno-bool-operation -Wno-c++11-narrowing -Wno-constant-logical-operand -Wno-int-in-bool-context -Wno-non-pod-varargs -Wno-parentheses-equality -Wno-shadow -Wno-sign-compare -Wno-tautological-bitwise-compare -Wno-tautological-compare -Wno-uninitialized -Wno-unused-but-set-parameter -Wno-unused-but-set-variable -Wno-unused-parameter -Wno-unused-variable -Wno-vla-cxx-extension    -DVL_TIME_CONTEXT   -std=gnu++20 -include-pch Vtb_apex_l3__pch.h.slow.gch -c -o Vtb_apex_l3_cq_key_path__D40_G10__5__Slow.o Vtb_apex_l3_cq_key_path__D40_G10__5__Slow.cpp
warning: unknown warning option '-Wno-vla-cxx-extension'; did you mean '-Wno-vla-extension'? [-Wunknown-warning-option]
1 warning generated.
c++   -I.  -MMD -I/opt/homebrew/Cellar/verilator/5.044/share/verilator/include -I/opt/homebrew/Cellar/verilator/5.044/share/verilator/include/vltstd -DVERILATOR=1 -DVM_COVERAGE=0 -DVM_SC=0 -DVM_TIMING=1 -DVM_TRACE=1 -DVM_TRACE_FST=1 -DVM_TRACE_VCD=0 -DVM_TRACE_SAIF=0 -faligned-new -fbracket-depth=4096 -fcf-protection=none -Xclang -fno-pch-timestamp -Qunused-arguments -Wno-bool-operation -Wno-c++11-narrowing -Wno-constant-logical-operand -Wno-int-in-bool-context -Wno-non-pod-varargs -Wno-parentheses-equality -Wno-shadow -Wno-sign-compare -Wno-tautological-bitwise-compare -Wno-tautological-compare -Wno-uninitialized -Wno-unused-but-set-parameter -Wno-unused-but-set-variable -Wno-unused-parameter -Wno-unused-variable -Wno-vla-cxx-extension    -DVL_TIME_CONTEXT   -std=gnu++20 -include-pch Vtb_apex_l3__pch.h.slow.gch -c -o Vtb_apex_l3_cq_key_path__D40_G10__6__Slow.o Vtb_apex_l3_cq_key_path__D40_G10__6__Slow.cpp
warning: unknown warning option '-Wno-vla-cxx-extension'; did you mean '-Wno-vla-extension'? [-Wunknown-warning-option]
1 warning generated.
c++   -I.  -MMD -I/opt/homebrew/Cellar/verilator/5.044/share/verilator/include -I/opt/homebrew/Cellar/verilator/5.044/share/verilator/include/vltstd -DVERILATOR=1 -DVM_COVERAGE=0 -DVM_SC=0 -DVM_TIMING=1 -DVM_TRACE=1 -DVM_TRACE_FST=1 -DVM_TRACE_VCD=0 -DVM_TRACE_SAIF=0 -faligned-new -fbracket-depth=4096 -fcf-protection=none -Xclang -fno-pch-timestamp -Qunused-arguments -Wno-bool-operation -Wno-c++11-narrowing -Wno-constant-logical-operand -Wno-int-in-bool-context -Wno-non-pod-varargs -Wno-parentheses-equality -Wno-shadow -Wno-sign-compare -Wno-tautological-bitwise-compare -Wno-tautological-compare -Wno-uninitialized -Wno-unused-but-set-parameter -Wno-unused-but-set-variable -Wno-unused-parameter -Wno-unused-variable -Wno-vla-cxx-extension    -DVL_TIME_CONTEXT   -std=gnu++20 -include-pch Vtb_apex_l3__pch.h.slow.gch -c -o Vtb_apex_l3_cq_key_path__D40_G10__7__Slow.o Vtb_apex_l3_cq_key_path__D40_G10__7__Slow.cpp
warning: unknown warning option '-Wno-vla-cxx-extension'; did you mean '-Wno-vla-extension'? [-Wunknown-warning-option]
1 warning generated.
c++   -I.  -MMD -I/opt/homebrew/Cellar/verilator/5.044/share/verilator/include -I/opt/homebrew/Cellar/verilator/5.044/share/verilator/include/vltstd -DVERILATOR=1 -DVM_COVERAGE=0 -DVM_SC=0 -DVM_TIMING=1 -DVM_TRACE=1 -DVM_TRACE_FST=1 -DVM_TRACE_VCD=0 -DVM_TRACE_SAIF=0 -faligned-new -fbracket-depth=4096 -fcf-protection=none -Xclang -fno-pch-timestamp -Qunused-arguments -Wno-bool-operation -Wno-c++11-narrowing -Wno-constant-logical-operand -Wno-int-in-bool-context -Wno-non-pod-varargs -Wno-parentheses-equality -Wno-shadow -Wno-sign-compare -Wno-tautological-bitwise-compare -Wno-tautological-compare -Wno-uninitialized -Wno-unused-but-set-parameter -Wno-unused-but-set-variable -Wno-unused-parameter -Wno-unused-variable -Wno-vla-cxx-extension    -DVL_TIME_CONTEXT   -std=gnu++20 -include-pch Vtb_apex_l3__pch.h.slow.gch -c -o Vtb_apex_l3_cq_key_path__D40_G10__8__Slow.o Vtb_apex_l3_cq_key_path__D40_G10__8__Slow.cpp
warning: unknown warning option '-Wno-vla-cxx-extension'; did you mean '-Wno-vla-extension'? [-Wunknown-warning-option]
1 warning generated.
c++   -I.  -MMD -I/opt/homebrew/Cellar/verilator/5.044/share/verilator/include -I/opt/homebrew/Cellar/verilator/5.044/share/verilator/include/vltstd -DVERILATOR=1 -DVM_COVERAGE=0 -DVM_SC=0 -DVM_TIMING=1 -DVM_TRACE=1 -DVM_TRACE_FST=1 -DVM_TRACE_VCD=0 -DVM_TRACE_SAIF=0 -faligned-new -fbracket-depth=4096 -fcf-protection=none -Xclang -fno-pch-timestamp -Qunused-arguments -Wno-bool-operation -Wno-c++11-narrowing -Wno-constant-logical-operand -Wno-int-in-bool-context -Wno-non-pod-varargs -Wno-parentheses-equality -Wno-shadow -Wno-sign-compare -Wno-tautological-bitwise-compare -Wno-tautological-compare -Wno-uninitialized -Wno-unused-but-set-parameter -Wno-unused-but-set-variable -Wno-unused-parameter -Wno-unused-variable -Wno-vla-cxx-extension    -DVL_TIME_CONTEXT   -std=gnu++20 -include-pch Vtb_apex_l3__pch.h.slow.gch -c -o Vtb_apex_l3_cq_key_path__D40_G10__9__Slow.o Vtb_apex_l3_cq_key_path__D40_G10__9__Slow.cpp
warning: unknown warning option '-Wno-vla-cxx-extension'; did you mean '-Wno-vla-extension'? [-Wunknown-warning-option]
1 warning generated.
c++   -I.  -MMD -I/opt/homebrew/Cellar/verilator/5.044/share/verilator/include -I/opt/homebrew/Cellar/verilator/5.044/share/verilator/include/vltstd -DVERILATOR=1 -DVM_COVERAGE=0 -DVM_SC=0 -DVM_TIMING=1 -DVM_TRACE=1 -DVM_TRACE_FST=1 -DVM_TRACE_VCD=0 -DVM_TRACE_SAIF=0 -faligned-new -fbracket-depth=4096 -fcf-protection=none -Xclang -fno-pch-timestamp -Qunused-arguments -Wno-bool-operation -Wno-c++11-narrowing -Wno-constant-logical-operand -Wno-int-in-bool-context -Wno-non-pod-varargs -Wno-parentheses-equality -Wno-shadow -Wno-sign-compare -Wno-tautological-bitwise-compare -Wno-tautological-compare -Wno-uninitialized -Wno-unused-but-set-parameter -Wno-unused-but-set-variable -Wno-unused-parameter -Wno-unused-variable -Wno-vla-cxx-extension    -DVL_TIME_CONTEXT   -std=gnu++20 -include-pch Vtb_apex_l3__pch.h.slow.gch -c -o Vtb_apex_l3_cq_key_path__D40_G10__10__Slow.o Vtb_apex_l3_cq_key_path__D40_G10__10__Slow.cpp
warning: unknown warning option '-Wno-vla-cxx-extension'; did you mean '-Wno-vla-extension'? [-Wunknown-warning-option]
1 warning generated.
c++   -I.  -MMD -I/opt/homebrew/Cellar/verilator/5.044/share/verilator/include -I/opt/homebrew/Cellar/verilator/5.044/share/verilator/include/vltstd -DVERILATOR=1 -DVM_COVERAGE=0 -DVM_SC=0 -DVM_TIMING=1 -DVM_TRACE=1 -DVM_TRACE_FST=1 -DVM_TRACE_VCD=0 -DVM_TRACE_SAIF=0 -faligned-new -fbracket-depth=4096 -fcf-protection=none -Xclang -fno-pch-timestamp -Qunused-arguments -Wno-bool-operation -Wno-c++11-narrowing -Wno-constant-logical-operand -Wno-int-in-bool-context -Wno-non-pod-varargs -Wno-parentheses-equality -Wno-shadow -Wno-sign-compare -Wno-tautological-bitwise-compare -Wno-tautological-compare -Wno-uninitialized -Wno-unused-but-set-parameter -Wno-unused-but-set-variable -Wno-unused-parameter -Wno-unused-variable -Wno-vla-cxx-extension    -DVL_TIME_CONTEXT   -std=gnu++20 -include-pch Vtb_apex_l3__pch.h.slow.gch -c -o Vtb_apex_l3__Syms__Slow.o Vtb_apex_l3__Syms__Slow.cpp
warning: unknown warning option '-Wno-vla-cxx-extension'; did you mean '-Wno-vla-extension'? [-Wunknown-warning-option]
1 warning generated.
c++   -I.  -MMD -I/opt/homebrew/Cellar/verilator/5.044/share/verilator/include -I/opt/homebrew/Cellar/verilator/5.044/share/verilator/include/vltstd -DVERILATOR=1 -DVM_COVERAGE=0 -DVM_SC=0 -DVM_TIMING=1 -DVM_TRACE=1 -DVM_TRACE_FST=1 -DVM_TRACE_VCD=0 -DVM_TRACE_SAIF=0 -faligned-new -fbracket-depth=4096 -fcf-protection=none -Xclang -fno-pch-timestamp -Qunused-arguments -Wno-bool-operation -Wno-c++11-narrowing -Wno-constant-logical-operand -Wno-int-in-bool-context -Wno-non-pod-varargs -Wno-parentheses-equality -Wno-shadow -Wno-sign-compare -Wno-tautological-bitwise-compare -Wno-tautological-compare -Wno-uninitialized -Wno-unused-but-set-parameter -Wno-unused-but-set-variable -Wno-unused-parameter -Wno-unused-variable -Wno-vla-cxx-extension    -DVL_TIME_CONTEXT   -std=gnu++20 -include-pch Vtb_apex_l3__pch.h.slow.gch -c -o Vtb_apex_l3__Trace__0__Slow.o Vtb_apex_l3__Trace__0__Slow.cpp
warning: unknown warning option '-Wno-vla-cxx-extension'; did you mean '-Wno-vla-extension'? [-Wunknown-warning-option]
1 warning generated.
c++   -I.  -MMD -I/opt/homebrew/Cellar/verilator/5.044/share/verilator/include -I/opt/homebrew/Cellar/verilator/5.044/share/verilator/include/vltstd -DVERILATOR=1 -DVM_COVERAGE=0 -DVM_SC=0 -DVM_TIMING=1 -DVM_TRACE=1 -DVM_TRACE_FST=1 -DVM_TRACE_VCD=0 -DVM_TRACE_SAIF=0 -faligned-new -fbracket-depth=4096 -fcf-protection=none -Xclang -fno-pch-timestamp -Qunused-arguments -Wno-bool-operation -Wno-c++11-narrowing -Wno-constant-logical-operand -Wno-int-in-bool-context -Wno-non-pod-varargs -Wno-parentheses-equality -Wno-shadow -Wno-sign-compare -Wno-tautological-bitwise-compare -Wno-tautological-compare -Wno-uninitialized -Wno-unused-but-set-parameter -Wno-unused-but-set-variable -Wno-unused-parameter -Wno-unused-variable -Wno-vla-cxx-extension    -DVL_TIME_CONTEXT   -std=gnu++20 -include-pch Vtb_apex_l3__pch.h.slow.gch -c -o Vtb_apex_l3__TraceDecls__0__Slow.o Vtb_apex_l3__TraceDecls__0__Slow.cpp
warning: unknown warning option '-Wno-vla-cxx-extension'; did you mean '-Wno-vla-extension'? [-Wunknown-warning-option]
1 warning generated.
c++  -Wl,-U,__Z15vl_time_stamp64v,-U,__Z13sc_time_stampv   verilated.o verilated_fst_c.o verilated_timing.o verilated_threads.o Vtb_apex_l3__ALL.a   -lz  -pthread -lpthread   -o Vtb_apex_l3
rm Vtb_apex_l3__ALL.verilator_deplist.tmp
- V e r i l a t i o n   R e p o r t: Verilator 5.044 2026-01-01 rev vUNKNOWN-built20260101
- Verilator: Built from 4.244 MB sources in 42 modules, into 24.545 MB in 46 C++ files needing 0.019 MB
- Verilator: Walltime 23.870 s (elab=0.048, cvt=1.688, bld=21.727); cpu 2.027 s on 1 threads; alloced 204.516 MB
build/obj_mut_M2/Vtb_apex_l3 +vectors=build/cases/adv_T1.txt +watchdog=12000000 > build/run_mut_M2.log 2>&1
make: [mutate] Error 1 (ignored)
set -o pipefail; /Users/nabilabdelazizferhattaleb/.pyenv/versions/3.11.5/bin/python mutate.py check M2 build/run_mut_M2.log | tee -a build/mutation.txt
M2: CAUGHT (value; signature ['ERO'])
/Users/nabilabdelazizferhattaleb/.pyenv/versions/3.11.5/bin/python mutate.py patch M3 build/mut_M3
M3: patched copy written to build/mut_M3/apex_top.sv
mkdir -p build/obj_mut_M3
/opt/homebrew/bin/verilator --binary -Wall --timing --assert --timescale 1ns/1ps -I../../../verif/common -I../../../rtl/asu -I. lint_waivers.vlt --trace-fst -GCFG_D=64 -GG_CFG=16 -GDEPTH=256 -GOUTK=2 -GMASKF='"build/mask_l3_b64.hex"' --top-module tb_apex_l3 -Mdir build/obj_mut_M3 ../../../rtl/apex_pkg.sv ../../../rtl/mxe/mxe_cfg_pkg.sv ../../../rtl/xbr/stream_skid.sv ../../../rtl/mxe/mxe_pe.sv ../../../rtl/mxe/mxe_array.sv ../../../rtl/mxe/mxe_buf.sv ../../../rtl/mxe/mxe_requant.sv ../../../rtl/mxe/mxe_ctrl.sv ../../../rtl/mxe/mxe_top.sv ../../../rtl/asu/asu_exp_lut.sv ../../../rtl/asu/asu_softmax.sv ../../../rtl/asu/rsqrt.sv ../../../rtl/asu/asu_rmsnorm.sv ../../../rtl/kvq/cores/cq_fp_pkg.sv ../../../rtl/kvq/cores/amax_unit.sv ../../../rtl/kvq/cores/cq_scale_unit.sv ../../../rtl/kvq/cores/cq_quant_unit.sv ../../../rtl/kvq/cores/cq_dequant_unit.sv ../../../rtl/kvq/cores/scale_bank.sv ../../../rtl/kvq/cores/residual_buffer.sv ../../../rtl/kvq/cores/sram_controller.sv ../../../rtl/kvq/cores/cq_value_path.sv ../../../rtl/kvq/cores/cq_key_path.sv ../../../rtl/kvq/kvq_engine.sv ../../../rtl/top/glue/apex_kvq_bank.sv ../../../rtl/tip/tip_decide.sv ../../../rtl/tip/tip_importance.sv ../../../rtl/tip/tip_top.sv ../../../rtl/seq/seq_walker.sv ../../../rtl/csr/csr_regs.sv ../../../rtl/seam/seam_feeder_quant.sv ../../../rtl/seam/seam_score_dequant.sv ../../../rtl/top/glue/apex_q78_to_fp32.sv ../../../rtl/top/glue/apex_lane32_ser.sv ../../../rtl/top/glue/apex_stage_buf.sv ../../../rtl/top/glue/apex_score_fork.sv ../../../rtl/top/glue/apex_scale_quant.sv build/mut_M3/apex_top.sv tb_apex_l3.sv
c++ -Os  -I.  -MMD -I/opt/homebrew/Cellar/verilator/5.044/share/verilator/include -I/opt/homebrew/Cellar/verilator/5.044/share/verilator/include/vltstd -DVERILATOR=1 -DVM_COVERAGE=0 -DVM_SC=0 -DVM_TIMING=1 -DVM_TRACE=1 -DVM_TRACE_FST=1 -DVM_TRACE_VCD=0 -DVM_TRACE_SAIF=0 -faligned-new -fbracket-depth=4096 -fcf-protection=none -Xclang -fno-pch-timestamp -Qunused-arguments -Wno-bool-operation -Wno-c++11-narrowing -Wno-constant-logical-operand -Wno-int-in-bool-context -Wno-non-pod-varargs -Wno-parentheses-equality -Wno-shadow -Wno-sign-compare -Wno-tautological-bitwise-compare -Wno-tautological-compare -Wno-uninitialized -Wno-unused-but-set-parameter -Wno-unused-but-set-variable -Wno-unused-parameter -Wno-unused-variable -Wno-vla-cxx-extension    -DVL_TIME_CONTEXT   -std=gnu++20 -c -o verilated.o /opt/homebrew/Cellar/verilator/5.044/share/verilator/include/verilated.cpp
warning: unknown warning option '-Wno-vla-cxx-extension'; did you mean '-Wno-vla-extension'? [-Wunknown-warning-option]
1 warning generated.
c++ -Os  -I.  -MMD -I/opt/homebrew/Cellar/verilator/5.044/share/verilator/include -I/opt/homebrew/Cellar/verilator/5.044/share/verilator/include/vltstd -DVERILATOR=1 -DVM_COVERAGE=0 -DVM_SC=0 -DVM_TIMING=1 -DVM_TRACE=1 -DVM_TRACE_FST=1 -DVM_TRACE_VCD=0 -DVM_TRACE_SAIF=0 -faligned-new -fbracket-depth=4096 -fcf-protection=none -Xclang -fno-pch-timestamp -Qunused-arguments -Wno-bool-operation -Wno-c++11-narrowing -Wno-constant-logical-operand -Wno-int-in-bool-context -Wno-non-pod-varargs -Wno-parentheses-equality -Wno-shadow -Wno-sign-compare -Wno-tautological-bitwise-compare -Wno-tautological-compare -Wno-uninitialized -Wno-unused-but-set-parameter -Wno-unused-but-set-variable -Wno-unused-parameter -Wno-unused-variable -Wno-vla-cxx-extension    -DVL_TIME_CONTEXT   -std=gnu++20 -c -o verilated_fst_c.o /opt/homebrew/Cellar/verilator/5.044/share/verilator/include/verilated_fst_c.cpp
warning: unknown warning option '-Wno-vla-cxx-extension'; did you mean '-Wno-vla-extension'? [-Wunknown-warning-option]
1 warning generated.
c++ -Os  -I.  -MMD -I/opt/homebrew/Cellar/verilator/5.044/share/verilator/include -I/opt/homebrew/Cellar/verilator/5.044/share/verilator/include/vltstd -DVERILATOR=1 -DVM_COVERAGE=0 -DVM_SC=0 -DVM_TIMING=1 -DVM_TRACE=1 -DVM_TRACE_FST=1 -DVM_TRACE_VCD=0 -DVM_TRACE_SAIF=0 -faligned-new -fbracket-depth=4096 -fcf-protection=none -Xclang -fno-pch-timestamp -Qunused-arguments -Wno-bool-operation -Wno-c++11-narrowing -Wno-constant-logical-operand -Wno-int-in-bool-context -Wno-non-pod-varargs -Wno-parentheses-equality -Wno-shadow -Wno-sign-compare -Wno-tautological-bitwise-compare -Wno-tautological-compare -Wno-uninitialized -Wno-unused-but-set-parameter -Wno-unused-but-set-variable -Wno-unused-parameter -Wno-unused-variable -Wno-vla-cxx-extension    -DVL_TIME_CONTEXT   -std=gnu++20 -c -o verilated_timing.o /opt/homebrew/Cellar/verilator/5.044/share/verilator/include/verilated_timing.cpp
warning: unknown warning option '-Wno-vla-cxx-extension'; did you mean '-Wno-vla-extension'? [-Wunknown-warning-option]
1 warning generated.
c++ -Os  -I.  -MMD -I/opt/homebrew/Cellar/verilator/5.044/share/verilator/include -I/opt/homebrew/Cellar/verilator/5.044/share/verilator/include/vltstd -DVERILATOR=1 -DVM_COVERAGE=0 -DVM_SC=0 -DVM_TIMING=1 -DVM_TRACE=1 -DVM_TRACE_FST=1 -DVM_TRACE_VCD=0 -DVM_TRACE_SAIF=0 -faligned-new -fbracket-depth=4096 -fcf-protection=none -Xclang -fno-pch-timestamp -Qunused-arguments -Wno-bool-operation -Wno-c++11-narrowing -Wno-constant-logical-operand -Wno-int-in-bool-context -Wno-non-pod-varargs -Wno-parentheses-equality -Wno-shadow -Wno-sign-compare -Wno-tautological-bitwise-compare -Wno-tautological-compare -Wno-uninitialized -Wno-unused-but-set-parameter -Wno-unused-but-set-variable -Wno-unused-parameter -Wno-unused-variable -Wno-vla-cxx-extension    -DVL_TIME_CONTEXT   -std=gnu++20 -c -o verilated_threads.o /opt/homebrew/Cellar/verilator/5.044/share/verilator/include/verilated_threads.cpp
warning: unknown warning option '-Wno-vla-cxx-extension'; did you mean '-Wno-vla-extension'? [-Wunknown-warning-option]
1 warning generated.
c++ -Os  -I.  -MMD -I/opt/homebrew/Cellar/verilator/5.044/share/verilator/include -I/opt/homebrew/Cellar/verilator/5.044/share/verilator/include/vltstd -DVERILATOR=1 -DVM_COVERAGE=0 -DVM_SC=0 -DVM_TIMING=1 -DVM_TRACE=1 -DVM_TRACE_FST=1 -DVM_TRACE_VCD=0 -DVM_TRACE_SAIF=0 -faligned-new -fbracket-depth=4096 -fcf-protection=none -Xclang -fno-pch-timestamp -Qunused-arguments -Wno-bool-operation -Wno-c++11-narrowing -Wno-constant-logical-operand -Wno-int-in-bool-context -Wno-non-pod-varargs -Wno-parentheses-equality -Wno-shadow -Wno-sign-compare -Wno-tautological-bitwise-compare -Wno-tautological-compare -Wno-uninitialized -Wno-unused-but-set-parameter -Wno-unused-but-set-variable -Wno-unused-parameter -Wno-unused-variable -Wno-vla-cxx-extension    -DVL_TIME_CONTEXT   -std=gnu++20 -x c++-header Vtb_apex_l3__pch.h -o Vtb_apex_l3__pch.h.fast.gch
warning: unknown warning option '-Wno-vla-cxx-extension'; did you mean '-Wno-vla-extension'? [-Wunknown-warning-option]
1 warning generated.
c++ -Os  -I.  -MMD -I/opt/homebrew/Cellar/verilator/5.044/share/verilator/include -I/opt/homebrew/Cellar/verilator/5.044/share/verilator/include/vltstd -DVERILATOR=1 -DVM_COVERAGE=0 -DVM_SC=0 -DVM_TIMING=1 -DVM_TRACE=1 -DVM_TRACE_FST=1 -DVM_TRACE_VCD=0 -DVM_TRACE_SAIF=0 -faligned-new -fbracket-depth=4096 -fcf-protection=none -Xclang -fno-pch-timestamp -Qunused-arguments -Wno-bool-operation -Wno-c++11-narrowing -Wno-constant-logical-operand -Wno-int-in-bool-context -Wno-non-pod-varargs -Wno-parentheses-equality -Wno-shadow -Wno-sign-compare -Wno-tautological-bitwise-compare -Wno-tautological-compare -Wno-uninitialized -Wno-unused-but-set-parameter -Wno-unused-but-set-variable -Wno-unused-parameter -Wno-unused-variable -Wno-vla-cxx-extension    -DVL_TIME_CONTEXT   -std=gnu++20 -include-pch Vtb_apex_l3__pch.h.fast.gch -c -o Vtb_apex_l3.o Vtb_apex_l3.cpp
warning: unknown warning option '-Wno-vla-cxx-extension'; did you mean '-Wno-vla-extension'? [-Wunknown-warning-option]
1 warning generated.
c++ -Os  -I.  -MMD -I/opt/homebrew/Cellar/verilator/5.044/share/verilator/include -I/opt/homebrew/Cellar/verilator/5.044/share/verilator/include/vltstd -DVERILATOR=1 -DVM_COVERAGE=0 -DVM_SC=0 -DVM_TIMING=1 -DVM_TRACE=1 -DVM_TRACE_FST=1 -DVM_TRACE_VCD=0 -DVM_TRACE_SAIF=0 -faligned-new -fbracket-depth=4096 -fcf-protection=none -Xclang -fno-pch-timestamp -Qunused-arguments -Wno-bool-operation -Wno-c++11-narrowing -Wno-constant-logical-operand -Wno-int-in-bool-context -Wno-non-pod-varargs -Wno-parentheses-equality -Wno-shadow -Wno-sign-compare -Wno-tautological-bitwise-compare -Wno-tautological-compare -Wno-uninitialized -Wno-unused-but-set-parameter -Wno-unused-but-set-variable -Wno-unused-parameter -Wno-unused-variable -Wno-vla-cxx-extension    -DVL_TIME_CONTEXT   -std=gnu++20 -include-pch Vtb_apex_l3__pch.h.fast.gch -c -o Vtb_apex_l3___024root__0.o Vtb_apex_l3___024root__0.cpp
warning: unknown warning option '-Wno-vla-cxx-extension'; did you mean '-Wno-vla-extension'? [-Wunknown-warning-option]
1 warning generated.
c++ -Os  -I.  -MMD -I/opt/homebrew/Cellar/verilator/5.044/share/verilator/include -I/opt/homebrew/Cellar/verilator/5.044/share/verilator/include/vltstd -DVERILATOR=1 -DVM_COVERAGE=0 -DVM_SC=0 -DVM_TIMING=1 -DVM_TRACE=1 -DVM_TRACE_FST=1 -DVM_TRACE_VCD=0 -DVM_TRACE_SAIF=0 -faligned-new -fbracket-depth=4096 -fcf-protection=none -Xclang -fno-pch-timestamp -Qunused-arguments -Wno-bool-operation -Wno-c++11-narrowing -Wno-constant-logical-operand -Wno-int-in-bool-context -Wno-non-pod-varargs -Wno-parentheses-equality -Wno-shadow -Wno-sign-compare -Wno-tautological-bitwise-compare -Wno-tautological-compare -Wno-uninitialized -Wno-unused-but-set-parameter -Wno-unused-but-set-variable -Wno-unused-parameter -Wno-unused-variable -Wno-vla-cxx-extension    -DVL_TIME_CONTEXT   -std=gnu++20 -include-pch Vtb_apex_l3__pch.h.fast.gch -c -o Vtb_apex_l3___024root__1.o Vtb_apex_l3___024root__1.cpp
warning: unknown warning option '-Wno-vla-cxx-extension'; did you mean '-Wno-vla-extension'? [-Wunknown-warning-option]
1 warning generated.
c++ -Os  -I.  -MMD -I/opt/homebrew/Cellar/verilator/5.044/share/verilator/include -I/opt/homebrew/Cellar/verilator/5.044/share/verilator/include/vltstd -DVERILATOR=1 -DVM_COVERAGE=0 -DVM_SC=0 -DVM_TIMING=1 -DVM_TRACE=1 -DVM_TRACE_FST=1 -DVM_TRACE_VCD=0 -DVM_TRACE_SAIF=0 -faligned-new -fbracket-depth=4096 -fcf-protection=none -Xclang -fno-pch-timestamp -Qunused-arguments -Wno-bool-operation -Wno-c++11-narrowing -Wno-constant-logical-operand -Wno-int-in-bool-context -Wno-non-pod-varargs -Wno-parentheses-equality -Wno-shadow -Wno-sign-compare -Wno-tautological-bitwise-compare -Wno-tautological-compare -Wno-uninitialized -Wno-unused-but-set-parameter -Wno-unused-but-set-variable -Wno-unused-parameter -Wno-unused-variable -Wno-vla-cxx-extension    -DVL_TIME_CONTEXT   -std=gnu++20 -include-pch Vtb_apex_l3__pch.h.fast.gch -c -o Vtb_apex_l3___024root__2.o Vtb_apex_l3___024root__2.cpp
warning: unknown warning option '-Wno-vla-cxx-extension'; did you mean '-Wno-vla-extension'? [-Wunknown-warning-option]
1 warning generated.
c++ -Os  -I.  -MMD -I/opt/homebrew/Cellar/verilator/5.044/share/verilator/include -I/opt/homebrew/Cellar/verilator/5.044/share/verilator/include/vltstd -DVERILATOR=1 -DVM_COVERAGE=0 -DVM_SC=0 -DVM_TIMING=1 -DVM_TRACE=1 -DVM_TRACE_FST=1 -DVM_TRACE_VCD=0 -DVM_TRACE_SAIF=0 -faligned-new -fbracket-depth=4096 -fcf-protection=none -Xclang -fno-pch-timestamp -Qunused-arguments -Wno-bool-operation -Wno-c++11-narrowing -Wno-constant-logical-operand -Wno-int-in-bool-context -Wno-non-pod-varargs -Wno-parentheses-equality -Wno-shadow -Wno-sign-compare -Wno-tautological-bitwise-compare -Wno-tautological-compare -Wno-uninitialized -Wno-unused-but-set-parameter -Wno-unused-but-set-variable -Wno-unused-parameter -Wno-unused-variable -Wno-vla-cxx-extension    -DVL_TIME_CONTEXT   -std=gnu++20 -include-pch Vtb_apex_l3__pch.h.fast.gch -c -o Vtb_apex_l3___024root__3.o Vtb_apex_l3___024root__3.cpp
warning: unknown warning option '-Wno-vla-cxx-extension'; did you mean '-Wno-vla-extension'? [-Wunknown-warning-option]
1 warning generated.
c++ -Os  -I.  -MMD -I/opt/homebrew/Cellar/verilator/5.044/share/verilator/include -I/opt/homebrew/Cellar/verilator/5.044/share/verilator/include/vltstd -DVERILATOR=1 -DVM_COVERAGE=0 -DVM_SC=0 -DVM_TIMING=1 -DVM_TRACE=1 -DVM_TRACE_FST=1 -DVM_TRACE_VCD=0 -DVM_TRACE_SAIF=0 -faligned-new -fbracket-depth=4096 -fcf-protection=none -Xclang -fno-pch-timestamp -Qunused-arguments -Wno-bool-operation -Wno-c++11-narrowing -Wno-constant-logical-operand -Wno-int-in-bool-context -Wno-non-pod-varargs -Wno-parentheses-equality -Wno-shadow -Wno-sign-compare -Wno-tautological-bitwise-compare -Wno-tautological-compare -Wno-uninitialized -Wno-unused-but-set-parameter -Wno-unused-but-set-variable -Wno-unused-parameter -Wno-unused-variable -Wno-vla-cxx-extension    -DVL_TIME_CONTEXT   -std=gnu++20 -include-pch Vtb_apex_l3__pch.h.fast.gch -c -o Vtb_apex_l3_cq_value_path__D40__0.o Vtb_apex_l3_cq_value_path__D40__0.cpp
warning: unknown warning option '-Wno-vla-cxx-extension'; did you mean '-Wno-vla-extension'? [-Wunknown-warning-option]
1 warning generated.
c++ -Os  -I.  -MMD -I/opt/homebrew/Cellar/verilator/5.044/share/verilator/include -I/opt/homebrew/Cellar/verilator/5.044/share/verilator/include/vltstd -DVERILATOR=1 -DVM_COVERAGE=0 -DVM_SC=0 -DVM_TIMING=1 -DVM_TRACE=1 -DVM_TRACE_FST=1 -DVM_TRACE_VCD=0 -DVM_TRACE_SAIF=0 -faligned-new -fbracket-depth=4096 -fcf-protection=none -Xclang -fno-pch-timestamp -Qunused-arguments -Wno-bool-operation -Wno-c++11-narrowing -Wno-constant-logical-operand -Wno-int-in-bool-context -Wno-non-pod-varargs -Wno-parentheses-equality -Wno-shadow -Wno-sign-compare -Wno-tautological-bitwise-compare -Wno-tautological-compare -Wno-uninitialized -Wno-unused-but-set-parameter -Wno-unused-but-set-variable -Wno-unused-parameter -Wno-unused-variable -Wno-vla-cxx-extension    -DVL_TIME_CONTEXT   -std=gnu++20 -include-pch Vtb_apex_l3__pch.h.fast.gch -c -o Vtb_apex_l3_cq_value_path__D40__1.o Vtb_apex_l3_cq_value_path__D40__1.cpp
warning: unknown warning option '-Wno-vla-cxx-extension'; did you mean '-Wno-vla-extension'? [-Wunknown-warning-option]
1 warning generated.
c++ -Os  -I.  -MMD -I/opt/homebrew/Cellar/verilator/5.044/share/verilator/include -I/opt/homebrew/Cellar/verilator/5.044/share/verilator/include/vltstd -DVERILATOR=1 -DVM_COVERAGE=0 -DVM_SC=0 -DVM_TIMING=1 -DVM_TRACE=1 -DVM_TRACE_FST=1 -DVM_TRACE_VCD=0 -DVM_TRACE_SAIF=0 -faligned-new -fbracket-depth=4096 -fcf-protection=none -Xclang -fno-pch-timestamp -Qunused-arguments -Wno-bool-operation -Wno-c++11-narrowing -Wno-constant-logical-operand -Wno-int-in-bool-context -Wno-non-pod-varargs -Wno-parentheses-equality -Wno-shadow -Wno-sign-compare -Wno-tautological-bitwise-compare -Wno-tautological-compare -Wno-uninitialized -Wno-unused-but-set-parameter -Wno-unused-but-set-variable -Wno-unused-parameter -Wno-unused-variable -Wno-vla-cxx-extension    -DVL_TIME_CONTEXT   -std=gnu++20 -include-pch Vtb_apex_l3__pch.h.fast.gch -c -o Vtb_apex_l3_cq_value_path__D40__2.o Vtb_apex_l3_cq_value_path__D40__2.cpp
warning: unknown warning option '-Wno-vla-cxx-extension'; did you mean '-Wno-vla-extension'? [-Wunknown-warning-option]
1 warning generated.
c++ -Os  -I.  -MMD -I/opt/homebrew/Cellar/verilator/5.044/share/verilator/include -I/opt/homebrew/Cellar/verilator/5.044/share/verilator/include/vltstd -DVERILATOR=1 -DVM_COVERAGE=0 -DVM_SC=0 -DVM_TIMING=1 -DVM_TRACE=1 -DVM_TRACE_FST=1 -DVM_TRACE_VCD=0 -DVM_TRACE_SAIF=0 -faligned-new -fbracket-depth=4096 -fcf-protection=none -Xclang -fno-pch-timestamp -Qunused-arguments -Wno-bool-operation -Wno-c++11-narrowing -Wno-constant-logical-operand -Wno-int-in-bool-context -Wno-non-pod-varargs -Wno-parentheses-equality -Wno-shadow -Wno-sign-compare -Wno-tautological-bitwise-compare -Wno-tautological-compare -Wno-uninitialized -Wno-unused-but-set-parameter -Wno-unused-but-set-variable -Wno-unused-parameter -Wno-unused-variable -Wno-vla-cxx-extension    -DVL_TIME_CONTEXT   -std=gnu++20 -include-pch Vtb_apex_l3__pch.h.fast.gch -c -o Vtb_apex_l3_cq_value_path__D40__3.o Vtb_apex_l3_cq_value_path__D40__3.cpp
warning: unknown warning option '-Wno-vla-cxx-extension'; did you mean '-Wno-vla-extension'? [-Wunknown-warning-option]
1 warning generated.
c++ -Os  -I.  -MMD -I/opt/homebrew/Cellar/verilator/5.044/share/verilator/include -I/opt/homebrew/Cellar/verilator/5.044/share/verilator/include/vltstd -DVERILATOR=1 -DVM_COVERAGE=0 -DVM_SC=0 -DVM_TIMING=1 -DVM_TRACE=1 -DVM_TRACE_FST=1 -DVM_TRACE_VCD=0 -DVM_TRACE_SAIF=0 -faligned-new -fbracket-depth=4096 -fcf-protection=none -Xclang -fno-pch-timestamp -Qunused-arguments -Wno-bool-operation -Wno-c++11-narrowing -Wno-constant-logical-operand -Wno-int-in-bool-context -Wno-non-pod-varargs -Wno-parentheses-equality -Wno-shadow -Wno-sign-compare -Wno-tautological-bitwise-compare -Wno-tautological-compare -Wno-uninitialized -Wno-unused-but-set-parameter -Wno-unused-but-set-variable -Wno-unused-parameter -Wno-unused-variable -Wno-vla-cxx-extension    -DVL_TIME_CONTEXT   -std=gnu++20 -include-pch Vtb_apex_l3__pch.h.fast.gch -c -o Vtb_apex_l3_cq_key_path__D40_G10__0.o Vtb_apex_l3_cq_key_path__D40_G10__0.cpp
warning: unknown warning option '-Wno-vla-cxx-extension'; did you mean '-Wno-vla-extension'? [-Wunknown-warning-option]
1 warning generated.
c++ -Os  -I.  -MMD -I/opt/homebrew/Cellar/verilator/5.044/share/verilator/include -I/opt/homebrew/Cellar/verilator/5.044/share/verilator/include/vltstd -DVERILATOR=1 -DVM_COVERAGE=0 -DVM_SC=0 -DVM_TIMING=1 -DVM_TRACE=1 -DVM_TRACE_FST=1 -DVM_TRACE_VCD=0 -DVM_TRACE_SAIF=0 -faligned-new -fbracket-depth=4096 -fcf-protection=none -Xclang -fno-pch-timestamp -Qunused-arguments -Wno-bool-operation -Wno-c++11-narrowing -Wno-constant-logical-operand -Wno-int-in-bool-context -Wno-non-pod-varargs -Wno-parentheses-equality -Wno-shadow -Wno-sign-compare -Wno-tautological-bitwise-compare -Wno-tautological-compare -Wno-uninitialized -Wno-unused-but-set-parameter -Wno-unused-but-set-variable -Wno-unused-parameter -Wno-unused-variable -Wno-vla-cxx-extension    -DVL_TIME_CONTEXT   -std=gnu++20 -include-pch Vtb_apex_l3__pch.h.fast.gch -c -o Vtb_apex_l3_cq_key_path__D40_G10__1.o Vtb_apex_l3_cq_key_path__D40_G10__1.cpp
warning: unknown warning option '-Wno-vla-cxx-extension'; did you mean '-Wno-vla-extension'? [-Wunknown-warning-option]
1 warning generated.
c++ -Os  -I.  -MMD -I/opt/homebrew/Cellar/verilator/5.044/share/verilator/include -I/opt/homebrew/Cellar/verilator/5.044/share/verilator/include/vltstd -DVERILATOR=1 -DVM_COVERAGE=0 -DVM_SC=0 -DVM_TIMING=1 -DVM_TRACE=1 -DVM_TRACE_FST=1 -DVM_TRACE_VCD=0 -DVM_TRACE_SAIF=0 -faligned-new -fbracket-depth=4096 -fcf-protection=none -Xclang -fno-pch-timestamp -Qunused-arguments -Wno-bool-operation -Wno-c++11-narrowing -Wno-constant-logical-operand -Wno-int-in-bool-context -Wno-non-pod-varargs -Wno-parentheses-equality -Wno-shadow -Wno-sign-compare -Wno-tautological-bitwise-compare -Wno-tautological-compare -Wno-uninitialized -Wno-unused-but-set-parameter -Wno-unused-but-set-variable -Wno-unused-parameter -Wno-unused-variable -Wno-vla-cxx-extension    -DVL_TIME_CONTEXT   -std=gnu++20 -include-pch Vtb_apex_l3__pch.h.fast.gch -c -o Vtb_apex_l3_cq_key_path__D40_G10__2.o Vtb_apex_l3_cq_key_path__D40_G10__2.cpp
warning: unknown warning option '-Wno-vla-cxx-extension'; did you mean '-Wno-vla-extension'? [-Wunknown-warning-option]
1 warning generated.
c++ -Os  -I.  -MMD -I/opt/homebrew/Cellar/verilator/5.044/share/verilator/include -I/opt/homebrew/Cellar/verilator/5.044/share/verilator/include/vltstd -DVERILATOR=1 -DVM_COVERAGE=0 -DVM_SC=0 -DVM_TIMING=1 -DVM_TRACE=1 -DVM_TRACE_FST=1 -DVM_TRACE_VCD=0 -DVM_TRACE_SAIF=0 -faligned-new -fbracket-depth=4096 -fcf-protection=none -Xclang -fno-pch-timestamp -Qunused-arguments -Wno-bool-operation -Wno-c++11-narrowing -Wno-constant-logical-operand -Wno-int-in-bool-context -Wno-non-pod-varargs -Wno-parentheses-equality -Wno-shadow -Wno-sign-compare -Wno-tautological-bitwise-compare -Wno-tautological-compare -Wno-uninitialized -Wno-unused-but-set-parameter -Wno-unused-but-set-variable -Wno-unused-parameter -Wno-unused-variable -Wno-vla-cxx-extension    -DVL_TIME_CONTEXT   -std=gnu++20 -include-pch Vtb_apex_l3__pch.h.fast.gch -c -o Vtb_apex_l3_cq_key_path__D40_G10__3.o Vtb_apex_l3_cq_key_path__D40_G10__3.cpp
warning: unknown warning option '-Wno-vla-cxx-extension'; did you mean '-Wno-vla-extension'? [-Wunknown-warning-option]
1 warning generated.
c++ -Os  -I.  -MMD -I/opt/homebrew/Cellar/verilator/5.044/share/verilator/include -I/opt/homebrew/Cellar/verilator/5.044/share/verilator/include/vltstd -DVERILATOR=1 -DVM_COVERAGE=0 -DVM_SC=0 -DVM_TIMING=1 -DVM_TRACE=1 -DVM_TRACE_FST=1 -DVM_TRACE_VCD=0 -DVM_TRACE_SAIF=0 -faligned-new -fbracket-depth=4096 -fcf-protection=none -Xclang -fno-pch-timestamp -Qunused-arguments -Wno-bool-operation -Wno-c++11-narrowing -Wno-constant-logical-operand -Wno-int-in-bool-context -Wno-non-pod-varargs -Wno-parentheses-equality -Wno-shadow -Wno-sign-compare -Wno-tautological-bitwise-compare -Wno-tautological-compare -Wno-uninitialized -Wno-unused-but-set-parameter -Wno-unused-but-set-variable -Wno-unused-parameter -Wno-unused-variable -Wno-vla-cxx-extension    -DVL_TIME_CONTEXT   -std=gnu++20 -include-pch Vtb_apex_l3__pch.h.fast.gch -c -o Vtb_apex_l3_cq_key_path__D40_G10__4.o Vtb_apex_l3_cq_key_path__D40_G10__4.cpp
warning: unknown warning option '-Wno-vla-cxx-extension'; did you mean '-Wno-vla-extension'? [-Wunknown-warning-option]
1 warning generated.
c++ -Os  -I.  -MMD -I/opt/homebrew/Cellar/verilator/5.044/share/verilator/include -I/opt/homebrew/Cellar/verilator/5.044/share/verilator/include/vltstd -DVERILATOR=1 -DVM_COVERAGE=0 -DVM_SC=0 -DVM_TIMING=1 -DVM_TRACE=1 -DVM_TRACE_FST=1 -DVM_TRACE_VCD=0 -DVM_TRACE_SAIF=0 -faligned-new -fbracket-depth=4096 -fcf-protection=none -Xclang -fno-pch-timestamp -Qunused-arguments -Wno-bool-operation -Wno-c++11-narrowing -Wno-constant-logical-operand -Wno-int-in-bool-context -Wno-non-pod-varargs -Wno-parentheses-equality -Wno-shadow -Wno-sign-compare -Wno-tautological-bitwise-compare -Wno-tautological-compare -Wno-uninitialized -Wno-unused-but-set-parameter -Wno-unused-but-set-variable -Wno-unused-parameter -Wno-unused-variable -Wno-vla-cxx-extension    -DVL_TIME_CONTEXT   -std=gnu++20 -include-pch Vtb_apex_l3__pch.h.fast.gch -c -o Vtb_apex_l3_cq_key_path__D40_G10__5.o Vtb_apex_l3_cq_key_path__D40_G10__5.cpp
warning: unknown warning option '-Wno-vla-cxx-extension'; did you mean '-Wno-vla-extension'? [-Wunknown-warning-option]
1 warning generated.
c++ -Os  -I.  -MMD -I/opt/homebrew/Cellar/verilator/5.044/share/verilator/include -I/opt/homebrew/Cellar/verilator/5.044/share/verilator/include/vltstd -DVERILATOR=1 -DVM_COVERAGE=0 -DVM_SC=0 -DVM_TIMING=1 -DVM_TRACE=1 -DVM_TRACE_FST=1 -DVM_TRACE_VCD=0 -DVM_TRACE_SAIF=0 -faligned-new -fbracket-depth=4096 -fcf-protection=none -Xclang -fno-pch-timestamp -Qunused-arguments -Wno-bool-operation -Wno-c++11-narrowing -Wno-constant-logical-operand -Wno-int-in-bool-context -Wno-non-pod-varargs -Wno-parentheses-equality -Wno-shadow -Wno-sign-compare -Wno-tautological-bitwise-compare -Wno-tautological-compare -Wno-uninitialized -Wno-unused-but-set-parameter -Wno-unused-but-set-variable -Wno-unused-parameter -Wno-unused-variable -Wno-vla-cxx-extension    -DVL_TIME_CONTEXT   -std=gnu++20 -include-pch Vtb_apex_l3__pch.h.fast.gch -c -o Vtb_apex_l3_cq_key_path__D40_G10__6.o Vtb_apex_l3_cq_key_path__D40_G10__6.cpp
warning: unknown warning option '-Wno-vla-cxx-extension'; did you mean '-Wno-vla-extension'? [-Wunknown-warning-option]
1 warning generated.
c++ -Os  -I.  -MMD -I/opt/homebrew/Cellar/verilator/5.044/share/verilator/include -I/opt/homebrew/Cellar/verilator/5.044/share/verilator/include/vltstd -DVERILATOR=1 -DVM_COVERAGE=0 -DVM_SC=0 -DVM_TIMING=1 -DVM_TRACE=1 -DVM_TRACE_FST=1 -DVM_TRACE_VCD=0 -DVM_TRACE_SAIF=0 -faligned-new -fbracket-depth=4096 -fcf-protection=none -Xclang -fno-pch-timestamp -Qunused-arguments -Wno-bool-operation -Wno-c++11-narrowing -Wno-constant-logical-operand -Wno-int-in-bool-context -Wno-non-pod-varargs -Wno-parentheses-equality -Wno-shadow -Wno-sign-compare -Wno-tautological-bitwise-compare -Wno-tautological-compare -Wno-uninitialized -Wno-unused-but-set-parameter -Wno-unused-but-set-variable -Wno-unused-parameter -Wno-unused-variable -Wno-vla-cxx-extension    -DVL_TIME_CONTEXT   -std=gnu++20 -include-pch Vtb_apex_l3__pch.h.fast.gch -c -o Vtb_apex_l3_cq_key_path__D40_G10__7.o Vtb_apex_l3_cq_key_path__D40_G10__7.cpp
warning: unknown warning option '-Wno-vla-cxx-extension'; did you mean '-Wno-vla-extension'? [-Wunknown-warning-option]
1 warning generated.
c++ -Os  -I.  -MMD -I/opt/homebrew/Cellar/verilator/5.044/share/verilator/include -I/opt/homebrew/Cellar/verilator/5.044/share/verilator/include/vltstd -DVERILATOR=1 -DVM_COVERAGE=0 -DVM_SC=0 -DVM_TIMING=1 -DVM_TRACE=1 -DVM_TRACE_FST=1 -DVM_TRACE_VCD=0 -DVM_TRACE_SAIF=0 -faligned-new -fbracket-depth=4096 -fcf-protection=none -Xclang -fno-pch-timestamp -Qunused-arguments -Wno-bool-operation -Wno-c++11-narrowing -Wno-constant-logical-operand -Wno-int-in-bool-context -Wno-non-pod-varargs -Wno-parentheses-equality -Wno-shadow -Wno-sign-compare -Wno-tautological-bitwise-compare -Wno-tautological-compare -Wno-uninitialized -Wno-unused-but-set-parameter -Wno-unused-but-set-variable -Wno-unused-parameter -Wno-unused-variable -Wno-vla-cxx-extension    -DVL_TIME_CONTEXT   -std=gnu++20 -include-pch Vtb_apex_l3__pch.h.fast.gch -c -o Vtb_apex_l3_cq_key_path__D40_G10__8.o Vtb_apex_l3_cq_key_path__D40_G10__8.cpp
warning: unknown warning option '-Wno-vla-cxx-extension'; did you mean '-Wno-vla-extension'? [-Wunknown-warning-option]
1 warning generated.
c++ -Os  -I.  -MMD -I/opt/homebrew/Cellar/verilator/5.044/share/verilator/include -I/opt/homebrew/Cellar/verilator/5.044/share/verilator/include/vltstd -DVERILATOR=1 -DVM_COVERAGE=0 -DVM_SC=0 -DVM_TIMING=1 -DVM_TRACE=1 -DVM_TRACE_FST=1 -DVM_TRACE_VCD=0 -DVM_TRACE_SAIF=0 -faligned-new -fbracket-depth=4096 -fcf-protection=none -Xclang -fno-pch-timestamp -Qunused-arguments -Wno-bool-operation -Wno-c++11-narrowing -Wno-constant-logical-operand -Wno-int-in-bool-context -Wno-non-pod-varargs -Wno-parentheses-equality -Wno-shadow -Wno-sign-compare -Wno-tautological-bitwise-compare -Wno-tautological-compare -Wno-uninitialized -Wno-unused-but-set-parameter -Wno-unused-but-set-variable -Wno-unused-parameter -Wno-unused-variable -Wno-vla-cxx-extension    -DVL_TIME_CONTEXT   -std=gnu++20 -include-pch Vtb_apex_l3__pch.h.fast.gch -c -o Vtb_apex_l3_cq_key_path__D40_G10__9.o Vtb_apex_l3_cq_key_path__D40_G10__9.cpp
warning: unknown warning option '-Wno-vla-cxx-extension'; did you mean '-Wno-vla-extension'? [-Wunknown-warning-option]
1 warning generated.
c++ -Os  -I.  -MMD -I/opt/homebrew/Cellar/verilator/5.044/share/verilator/include -I/opt/homebrew/Cellar/verilator/5.044/share/verilator/include/vltstd -DVERILATOR=1 -DVM_COVERAGE=0 -DVM_SC=0 -DVM_TIMING=1 -DVM_TRACE=1 -DVM_TRACE_FST=1 -DVM_TRACE_VCD=0 -DVM_TRACE_SAIF=0 -faligned-new -fbracket-depth=4096 -fcf-protection=none -Xclang -fno-pch-timestamp -Qunused-arguments -Wno-bool-operation -Wno-c++11-narrowing -Wno-constant-logical-operand -Wno-int-in-bool-context -Wno-non-pod-varargs -Wno-parentheses-equality -Wno-shadow -Wno-sign-compare -Wno-tautological-bitwise-compare -Wno-tautological-compare -Wno-uninitialized -Wno-unused-but-set-parameter -Wno-unused-but-set-variable -Wno-unused-parameter -Wno-unused-variable -Wno-vla-cxx-extension    -DVL_TIME_CONTEXT   -std=gnu++20 -include-pch Vtb_apex_l3__pch.h.fast.gch -c -o Vtb_apex_l3_cq_key_path__D40_G10__10.o Vtb_apex_l3_cq_key_path__D40_G10__10.cpp
warning: unknown warning option '-Wno-vla-cxx-extension'; did you mean '-Wno-vla-extension'? [-Wunknown-warning-option]
1 warning generated.
c++ -Os  -I.  -MMD -I/opt/homebrew/Cellar/verilator/5.044/share/verilator/include -I/opt/homebrew/Cellar/verilator/5.044/share/verilator/include/vltstd -DVERILATOR=1 -DVM_COVERAGE=0 -DVM_SC=0 -DVM_TIMING=1 -DVM_TRACE=1 -DVM_TRACE_FST=1 -DVM_TRACE_VCD=0 -DVM_TRACE_SAIF=0 -faligned-new -fbracket-depth=4096 -fcf-protection=none -Xclang -fno-pch-timestamp -Qunused-arguments -Wno-bool-operation -Wno-c++11-narrowing -Wno-constant-logical-operand -Wno-int-in-bool-context -Wno-non-pod-varargs -Wno-parentheses-equality -Wno-shadow -Wno-sign-compare -Wno-tautological-bitwise-compare -Wno-tautological-compare -Wno-uninitialized -Wno-unused-but-set-parameter -Wno-unused-but-set-variable -Wno-unused-parameter -Wno-unused-variable -Wno-vla-cxx-extension    -DVL_TIME_CONTEXT   -std=gnu++20 -include-pch Vtb_apex_l3__pch.h.fast.gch -c -o Vtb_apex_l3__main.o Vtb_apex_l3__main.cpp
warning: unknown warning option '-Wno-vla-cxx-extension'; did you mean '-Wno-vla-extension'? [-Wunknown-warning-option]
1 warning generated.
c++ -Os  -I.  -MMD -I/opt/homebrew/Cellar/verilator/5.044/share/verilator/include -I/opt/homebrew/Cellar/verilator/5.044/share/verilator/include/vltstd -DVERILATOR=1 -DVM_COVERAGE=0 -DVM_SC=0 -DVM_TIMING=1 -DVM_TRACE=1 -DVM_TRACE_FST=1 -DVM_TRACE_VCD=0 -DVM_TRACE_SAIF=0 -faligned-new -fbracket-depth=4096 -fcf-protection=none -Xclang -fno-pch-timestamp -Qunused-arguments -Wno-bool-operation -Wno-c++11-narrowing -Wno-constant-logical-operand -Wno-int-in-bool-context -Wno-non-pod-varargs -Wno-parentheses-equality -Wno-shadow -Wno-sign-compare -Wno-tautological-bitwise-compare -Wno-tautological-compare -Wno-uninitialized -Wno-unused-but-set-parameter -Wno-unused-but-set-variable -Wno-unused-parameter -Wno-unused-variable -Wno-vla-cxx-extension    -DVL_TIME_CONTEXT   -std=gnu++20 -include-pch Vtb_apex_l3__pch.h.fast.gch -c -o Vtb_apex_l3__Trace__0.o Vtb_apex_l3__Trace__0.cpp
warning: unknown warning option '-Wno-vla-cxx-extension'; did you mean '-Wno-vla-extension'? [-Wunknown-warning-option]
1 warning generated.
c++   -I.  -MMD -I/opt/homebrew/Cellar/verilator/5.044/share/verilator/include -I/opt/homebrew/Cellar/verilator/5.044/share/verilator/include/vltstd -DVERILATOR=1 -DVM_COVERAGE=0 -DVM_SC=0 -DVM_TIMING=1 -DVM_TRACE=1 -DVM_TRACE_FST=1 -DVM_TRACE_VCD=0 -DVM_TRACE_SAIF=0 -faligned-new -fbracket-depth=4096 -fcf-protection=none -Xclang -fno-pch-timestamp -Qunused-arguments -Wno-bool-operation -Wno-c++11-narrowing -Wno-constant-logical-operand -Wno-int-in-bool-context -Wno-non-pod-varargs -Wno-parentheses-equality -Wno-shadow -Wno-sign-compare -Wno-tautological-bitwise-compare -Wno-tautological-compare -Wno-uninitialized -Wno-unused-but-set-parameter -Wno-unused-but-set-variable -Wno-unused-parameter -Wno-unused-variable -Wno-vla-cxx-extension    -DVL_TIME_CONTEXT   -std=gnu++20 -x c++-header Vtb_apex_l3__pch.h -o Vtb_apex_l3__pch.h.slow.gch
warning: unknown warning option '-Wno-vla-cxx-extension'; did you mean '-Wno-vla-extension'? [-Wunknown-warning-option]
1 warning generated.
c++   -I.  -MMD -I/opt/homebrew/Cellar/verilator/5.044/share/verilator/include -I/opt/homebrew/Cellar/verilator/5.044/share/verilator/include/vltstd -DVERILATOR=1 -DVM_COVERAGE=0 -DVM_SC=0 -DVM_TIMING=1 -DVM_TRACE=1 -DVM_TRACE_FST=1 -DVM_TRACE_VCD=0 -DVM_TRACE_SAIF=0 -faligned-new -fbracket-depth=4096 -fcf-protection=none -Xclang -fno-pch-timestamp -Qunused-arguments -Wno-bool-operation -Wno-c++11-narrowing -Wno-constant-logical-operand -Wno-int-in-bool-context -Wno-non-pod-varargs -Wno-parentheses-equality -Wno-shadow -Wno-sign-compare -Wno-tautological-bitwise-compare -Wno-tautological-compare -Wno-uninitialized -Wno-unused-but-set-parameter -Wno-unused-but-set-variable -Wno-unused-parameter -Wno-unused-variable -Wno-vla-cxx-extension    -DVL_TIME_CONTEXT   -std=gnu++20 -include-pch Vtb_apex_l3__pch.h.slow.gch -c -o Vtb_apex_l3__ConstPool__0__Slow.o Vtb_apex_l3__ConstPool__0__Slow.cpp
warning: unknown warning option '-Wno-vla-cxx-extension'; did you mean '-Wno-vla-extension'? [-Wunknown-warning-option]
1 warning generated.
c++   -I.  -MMD -I/opt/homebrew/Cellar/verilator/5.044/share/verilator/include -I/opt/homebrew/Cellar/verilator/5.044/share/verilator/include/vltstd -DVERILATOR=1 -DVM_COVERAGE=0 -DVM_SC=0 -DVM_TIMING=1 -DVM_TRACE=1 -DVM_TRACE_FST=1 -DVM_TRACE_VCD=0 -DVM_TRACE_SAIF=0 -faligned-new -fbracket-depth=4096 -fcf-protection=none -Xclang -fno-pch-timestamp -Qunused-arguments -Wno-bool-operation -Wno-c++11-narrowing -Wno-constant-logical-operand -Wno-int-in-bool-context -Wno-non-pod-varargs -Wno-parentheses-equality -Wno-shadow -Wno-sign-compare -Wno-tautological-bitwise-compare -Wno-tautological-compare -Wno-uninitialized -Wno-unused-but-set-parameter -Wno-unused-but-set-variable -Wno-unused-parameter -Wno-unused-variable -Wno-vla-cxx-extension    -DVL_TIME_CONTEXT   -std=gnu++20 -include-pch Vtb_apex_l3__pch.h.slow.gch -c -o Vtb_apex_l3___024root__Slow.o Vtb_apex_l3___024root__Slow.cpp
warning: unknown warning option '-Wno-vla-cxx-extension'; did you mean '-Wno-vla-extension'? [-Wunknown-warning-option]
1 warning generated.
c++   -I.  -MMD -I/opt/homebrew/Cellar/verilator/5.044/share/verilator/include -I/opt/homebrew/Cellar/verilator/5.044/share/verilator/include/vltstd -DVERILATOR=1 -DVM_COVERAGE=0 -DVM_SC=0 -DVM_TIMING=1 -DVM_TRACE=1 -DVM_TRACE_FST=1 -DVM_TRACE_VCD=0 -DVM_TRACE_SAIF=0 -faligned-new -fbracket-depth=4096 -fcf-protection=none -Xclang -fno-pch-timestamp -Qunused-arguments -Wno-bool-operation -Wno-c++11-narrowing -Wno-constant-logical-operand -Wno-int-in-bool-context -Wno-non-pod-varargs -Wno-parentheses-equality -Wno-shadow -Wno-sign-compare -Wno-tautological-bitwise-compare -Wno-tautological-compare -Wno-uninitialized -Wno-unused-but-set-parameter -Wno-unused-but-set-variable -Wno-unused-parameter -Wno-unused-variable -Wno-vla-cxx-extension    -DVL_TIME_CONTEXT   -std=gnu++20 -include-pch Vtb_apex_l3__pch.h.slow.gch -c -o Vtb_apex_l3___024root__0__Slow.o Vtb_apex_l3___024root__0__Slow.cpp
warning: unknown warning option '-Wno-vla-cxx-extension'; did you mean '-Wno-vla-extension'? [-Wunknown-warning-option]
1 warning generated.
c++   -I.  -MMD -I/opt/homebrew/Cellar/verilator/5.044/share/verilator/include -I/opt/homebrew/Cellar/verilator/5.044/share/verilator/include/vltstd -DVERILATOR=1 -DVM_COVERAGE=0 -DVM_SC=0 -DVM_TIMING=1 -DVM_TRACE=1 -DVM_TRACE_FST=1 -DVM_TRACE_VCD=0 -DVM_TRACE_SAIF=0 -faligned-new -fbracket-depth=4096 -fcf-protection=none -Xclang -fno-pch-timestamp -Qunused-arguments -Wno-bool-operation -Wno-c++11-narrowing -Wno-constant-logical-operand -Wno-int-in-bool-context -Wno-non-pod-varargs -Wno-parentheses-equality -Wno-shadow -Wno-sign-compare -Wno-tautological-bitwise-compare -Wno-tautological-compare -Wno-uninitialized -Wno-unused-but-set-parameter -Wno-unused-but-set-variable -Wno-unused-parameter -Wno-unused-variable -Wno-vla-cxx-extension    -DVL_TIME_CONTEXT   -std=gnu++20 -include-pch Vtb_apex_l3__pch.h.slow.gch -c -o Vtb_apex_l3___024root__1__Slow.o Vtb_apex_l3___024root__1__Slow.cpp
warning: unknown warning option '-Wno-vla-cxx-extension'; did you mean '-Wno-vla-extension'? [-Wunknown-warning-option]
1 warning generated.
c++   -I.  -MMD -I/opt/homebrew/Cellar/verilator/5.044/share/verilator/include -I/opt/homebrew/Cellar/verilator/5.044/share/verilator/include/vltstd -DVERILATOR=1 -DVM_COVERAGE=0 -DVM_SC=0 -DVM_TIMING=1 -DVM_TRACE=1 -DVM_TRACE_FST=1 -DVM_TRACE_VCD=0 -DVM_TRACE_SAIF=0 -faligned-new -fbracket-depth=4096 -fcf-protection=none -Xclang -fno-pch-timestamp -Qunused-arguments -Wno-bool-operation -Wno-c++11-narrowing -Wno-constant-logical-operand -Wno-int-in-bool-context -Wno-non-pod-varargs -Wno-parentheses-equality -Wno-shadow -Wno-sign-compare -Wno-tautological-bitwise-compare -Wno-tautological-compare -Wno-uninitialized -Wno-unused-but-set-parameter -Wno-unused-but-set-variable -Wno-unused-parameter -Wno-unused-variable -Wno-vla-cxx-extension    -DVL_TIME_CONTEXT   -std=gnu++20 -include-pch Vtb_apex_l3__pch.h.slow.gch -c -o Vtb_apex_l3_cq_value_path__D40__Slow.o Vtb_apex_l3_cq_value_path__D40__Slow.cpp
warning: unknown warning option '-Wno-vla-cxx-extension'; did you mean '-Wno-vla-extension'? [-Wunknown-warning-option]
1 warning generated.
c++   -I.  -MMD -I/opt/homebrew/Cellar/verilator/5.044/share/verilator/include -I/opt/homebrew/Cellar/verilator/5.044/share/verilator/include/vltstd -DVERILATOR=1 -DVM_COVERAGE=0 -DVM_SC=0 -DVM_TIMING=1 -DVM_TRACE=1 -DVM_TRACE_FST=1 -DVM_TRACE_VCD=0 -DVM_TRACE_SAIF=0 -faligned-new -fbracket-depth=4096 -fcf-protection=none -Xclang -fno-pch-timestamp -Qunused-arguments -Wno-bool-operation -Wno-c++11-narrowing -Wno-constant-logical-operand -Wno-int-in-bool-context -Wno-non-pod-varargs -Wno-parentheses-equality -Wno-shadow -Wno-sign-compare -Wno-tautological-bitwise-compare -Wno-tautological-compare -Wno-uninitialized -Wno-unused-but-set-parameter -Wno-unused-but-set-variable -Wno-unused-parameter -Wno-unused-variable -Wno-vla-cxx-extension    -DVL_TIME_CONTEXT   -std=gnu++20 -include-pch Vtb_apex_l3__pch.h.slow.gch -c -o Vtb_apex_l3_cq_value_path__D40__0__Slow.o Vtb_apex_l3_cq_value_path__D40__0__Slow.cpp
warning: unknown warning option '-Wno-vla-cxx-extension'; did you mean '-Wno-vla-extension'? [-Wunknown-warning-option]
1 warning generated.
c++   -I.  -MMD -I/opt/homebrew/Cellar/verilator/5.044/share/verilator/include -I/opt/homebrew/Cellar/verilator/5.044/share/verilator/include/vltstd -DVERILATOR=1 -DVM_COVERAGE=0 -DVM_SC=0 -DVM_TIMING=1 -DVM_TRACE=1 -DVM_TRACE_FST=1 -DVM_TRACE_VCD=0 -DVM_TRACE_SAIF=0 -faligned-new -fbracket-depth=4096 -fcf-protection=none -Xclang -fno-pch-timestamp -Qunused-arguments -Wno-bool-operation -Wno-c++11-narrowing -Wno-constant-logical-operand -Wno-int-in-bool-context -Wno-non-pod-varargs -Wno-parentheses-equality -Wno-shadow -Wno-sign-compare -Wno-tautological-bitwise-compare -Wno-tautological-compare -Wno-uninitialized -Wno-unused-but-set-parameter -Wno-unused-but-set-variable -Wno-unused-parameter -Wno-unused-variable -Wno-vla-cxx-extension    -DVL_TIME_CONTEXT   -std=gnu++20 -include-pch Vtb_apex_l3__pch.h.slow.gch -c -o Vtb_apex_l3_cq_value_path__D40__1__Slow.o Vtb_apex_l3_cq_value_path__D40__1__Slow.cpp
warning: unknown warning option '-Wno-vla-cxx-extension'; did you mean '-Wno-vla-extension'? [-Wunknown-warning-option]
1 warning generated.
c++   -I.  -MMD -I/opt/homebrew/Cellar/verilator/5.044/share/verilator/include -I/opt/homebrew/Cellar/verilator/5.044/share/verilator/include/vltstd -DVERILATOR=1 -DVM_COVERAGE=0 -DVM_SC=0 -DVM_TIMING=1 -DVM_TRACE=1 -DVM_TRACE_FST=1 -DVM_TRACE_VCD=0 -DVM_TRACE_SAIF=0 -faligned-new -fbracket-depth=4096 -fcf-protection=none -Xclang -fno-pch-timestamp -Qunused-arguments -Wno-bool-operation -Wno-c++11-narrowing -Wno-constant-logical-operand -Wno-int-in-bool-context -Wno-non-pod-varargs -Wno-parentheses-equality -Wno-shadow -Wno-sign-compare -Wno-tautological-bitwise-compare -Wno-tautological-compare -Wno-uninitialized -Wno-unused-but-set-parameter -Wno-unused-but-set-variable -Wno-unused-parameter -Wno-unused-variable -Wno-vla-cxx-extension    -DVL_TIME_CONTEXT   -std=gnu++20 -include-pch Vtb_apex_l3__pch.h.slow.gch -c -o Vtb_apex_l3_cq_value_path__D40__2__Slow.o Vtb_apex_l3_cq_value_path__D40__2__Slow.cpp
warning: unknown warning option '-Wno-vla-cxx-extension'; did you mean '-Wno-vla-extension'? [-Wunknown-warning-option]
1 warning generated.
c++   -I.  -MMD -I/opt/homebrew/Cellar/verilator/5.044/share/verilator/include -I/opt/homebrew/Cellar/verilator/5.044/share/verilator/include/vltstd -DVERILATOR=1 -DVM_COVERAGE=0 -DVM_SC=0 -DVM_TIMING=1 -DVM_TRACE=1 -DVM_TRACE_FST=1 -DVM_TRACE_VCD=0 -DVM_TRACE_SAIF=0 -faligned-new -fbracket-depth=4096 -fcf-protection=none -Xclang -fno-pch-timestamp -Qunused-arguments -Wno-bool-operation -Wno-c++11-narrowing -Wno-constant-logical-operand -Wno-int-in-bool-context -Wno-non-pod-varargs -Wno-parentheses-equality -Wno-shadow -Wno-sign-compare -Wno-tautological-bitwise-compare -Wno-tautological-compare -Wno-uninitialized -Wno-unused-but-set-parameter -Wno-unused-but-set-variable -Wno-unused-parameter -Wno-unused-variable -Wno-vla-cxx-extension    -DVL_TIME_CONTEXT   -std=gnu++20 -include-pch Vtb_apex_l3__pch.h.slow.gch -c -o Vtb_apex_l3_cq_value_path__D40__3__Slow.o Vtb_apex_l3_cq_value_path__D40__3__Slow.cpp
warning: unknown warning option '-Wno-vla-cxx-extension'; did you mean '-Wno-vla-extension'? [-Wunknown-warning-option]
1 warning generated.
c++   -I.  -MMD -I/opt/homebrew/Cellar/verilator/5.044/share/verilator/include -I/opt/homebrew/Cellar/verilator/5.044/share/verilator/include/vltstd -DVERILATOR=1 -DVM_COVERAGE=0 -DVM_SC=0 -DVM_TIMING=1 -DVM_TRACE=1 -DVM_TRACE_FST=1 -DVM_TRACE_VCD=0 -DVM_TRACE_SAIF=0 -faligned-new -fbracket-depth=4096 -fcf-protection=none -Xclang -fno-pch-timestamp -Qunused-arguments -Wno-bool-operation -Wno-c++11-narrowing -Wno-constant-logical-operand -Wno-int-in-bool-context -Wno-non-pod-varargs -Wno-parentheses-equality -Wno-shadow -Wno-sign-compare -Wno-tautological-bitwise-compare -Wno-tautological-compare -Wno-uninitialized -Wno-unused-but-set-parameter -Wno-unused-but-set-variable -Wno-unused-parameter -Wno-unused-variable -Wno-vla-cxx-extension    -DVL_TIME_CONTEXT   -std=gnu++20 -include-pch Vtb_apex_l3__pch.h.slow.gch -c -o Vtb_apex_l3_cq_key_path__D40_G10__Slow.o Vtb_apex_l3_cq_key_path__D40_G10__Slow.cpp
warning: unknown warning option '-Wno-vla-cxx-extension'; did you mean '-Wno-vla-extension'? [-Wunknown-warning-option]
1 warning generated.
c++   -I.  -MMD -I/opt/homebrew/Cellar/verilator/5.044/share/verilator/include -I/opt/homebrew/Cellar/verilator/5.044/share/verilator/include/vltstd -DVERILATOR=1 -DVM_COVERAGE=0 -DVM_SC=0 -DVM_TIMING=1 -DVM_TRACE=1 -DVM_TRACE_FST=1 -DVM_TRACE_VCD=0 -DVM_TRACE_SAIF=0 -faligned-new -fbracket-depth=4096 -fcf-protection=none -Xclang -fno-pch-timestamp -Qunused-arguments -Wno-bool-operation -Wno-c++11-narrowing -Wno-constant-logical-operand -Wno-int-in-bool-context -Wno-non-pod-varargs -Wno-parentheses-equality -Wno-shadow -Wno-sign-compare -Wno-tautological-bitwise-compare -Wno-tautological-compare -Wno-uninitialized -Wno-unused-but-set-parameter -Wno-unused-but-set-variable -Wno-unused-parameter -Wno-unused-variable -Wno-vla-cxx-extension    -DVL_TIME_CONTEXT   -std=gnu++20 -include-pch Vtb_apex_l3__pch.h.slow.gch -c -o Vtb_apex_l3_cq_key_path__D40_G10__0__Slow.o Vtb_apex_l3_cq_key_path__D40_G10__0__Slow.cpp
warning: unknown warning option '-Wno-vla-cxx-extension'; did you mean '-Wno-vla-extension'? [-Wunknown-warning-option]
1 warning generated.
c++   -I.  -MMD -I/opt/homebrew/Cellar/verilator/5.044/share/verilator/include -I/opt/homebrew/Cellar/verilator/5.044/share/verilator/include/vltstd -DVERILATOR=1 -DVM_COVERAGE=0 -DVM_SC=0 -DVM_TIMING=1 -DVM_TRACE=1 -DVM_TRACE_FST=1 -DVM_TRACE_VCD=0 -DVM_TRACE_SAIF=0 -faligned-new -fbracket-depth=4096 -fcf-protection=none -Xclang -fno-pch-timestamp -Qunused-arguments -Wno-bool-operation -Wno-c++11-narrowing -Wno-constant-logical-operand -Wno-int-in-bool-context -Wno-non-pod-varargs -Wno-parentheses-equality -Wno-shadow -Wno-sign-compare -Wno-tautological-bitwise-compare -Wno-tautological-compare -Wno-uninitialized -Wno-unused-but-set-parameter -Wno-unused-but-set-variable -Wno-unused-parameter -Wno-unused-variable -Wno-vla-cxx-extension    -DVL_TIME_CONTEXT   -std=gnu++20 -include-pch Vtb_apex_l3__pch.h.slow.gch -c -o Vtb_apex_l3_cq_key_path__D40_G10__1__Slow.o Vtb_apex_l3_cq_key_path__D40_G10__1__Slow.cpp
warning: unknown warning option '-Wno-vla-cxx-extension'; did you mean '-Wno-vla-extension'? [-Wunknown-warning-option]
1 warning generated.
c++   -I.  -MMD -I/opt/homebrew/Cellar/verilator/5.044/share/verilator/include -I/opt/homebrew/Cellar/verilator/5.044/share/verilator/include/vltstd -DVERILATOR=1 -DVM_COVERAGE=0 -DVM_SC=0 -DVM_TIMING=1 -DVM_TRACE=1 -DVM_TRACE_FST=1 -DVM_TRACE_VCD=0 -DVM_TRACE_SAIF=0 -faligned-new -fbracket-depth=4096 -fcf-protection=none -Xclang -fno-pch-timestamp -Qunused-arguments -Wno-bool-operation -Wno-c++11-narrowing -Wno-constant-logical-operand -Wno-int-in-bool-context -Wno-non-pod-varargs -Wno-parentheses-equality -Wno-shadow -Wno-sign-compare -Wno-tautological-bitwise-compare -Wno-tautological-compare -Wno-uninitialized -Wno-unused-but-set-parameter -Wno-unused-but-set-variable -Wno-unused-parameter -Wno-unused-variable -Wno-vla-cxx-extension    -DVL_TIME_CONTEXT   -std=gnu++20 -include-pch Vtb_apex_l3__pch.h.slow.gch -c -o Vtb_apex_l3_cq_key_path__D40_G10__2__Slow.o Vtb_apex_l3_cq_key_path__D40_G10__2__Slow.cpp
warning: unknown warning option '-Wno-vla-cxx-extension'; did you mean '-Wno-vla-extension'? [-Wunknown-warning-option]
1 warning generated.
c++   -I.  -MMD -I/opt/homebrew/Cellar/verilator/5.044/share/verilator/include -I/opt/homebrew/Cellar/verilator/5.044/share/verilator/include/vltstd -DVERILATOR=1 -DVM_COVERAGE=0 -DVM_SC=0 -DVM_TIMING=1 -DVM_TRACE=1 -DVM_TRACE_FST=1 -DVM_TRACE_VCD=0 -DVM_TRACE_SAIF=0 -faligned-new -fbracket-depth=4096 -fcf-protection=none -Xclang -fno-pch-timestamp -Qunused-arguments -Wno-bool-operation -Wno-c++11-narrowing -Wno-constant-logical-operand -Wno-int-in-bool-context -Wno-non-pod-varargs -Wno-parentheses-equality -Wno-shadow -Wno-sign-compare -Wno-tautological-bitwise-compare -Wno-tautological-compare -Wno-uninitialized -Wno-unused-but-set-parameter -Wno-unused-but-set-variable -Wno-unused-parameter -Wno-unused-variable -Wno-vla-cxx-extension    -DVL_TIME_CONTEXT   -std=gnu++20 -include-pch Vtb_apex_l3__pch.h.slow.gch -c -o Vtb_apex_l3_cq_key_path__D40_G10__3__Slow.o Vtb_apex_l3_cq_key_path__D40_G10__3__Slow.cpp
warning: unknown warning option '-Wno-vla-cxx-extension'; did you mean '-Wno-vla-extension'? [-Wunknown-warning-option]
1 warning generated.
c++   -I.  -MMD -I/opt/homebrew/Cellar/verilator/5.044/share/verilator/include -I/opt/homebrew/Cellar/verilator/5.044/share/verilator/include/vltstd -DVERILATOR=1 -DVM_COVERAGE=0 -DVM_SC=0 -DVM_TIMING=1 -DVM_TRACE=1 -DVM_TRACE_FST=1 -DVM_TRACE_VCD=0 -DVM_TRACE_SAIF=0 -faligned-new -fbracket-depth=4096 -fcf-protection=none -Xclang -fno-pch-timestamp -Qunused-arguments -Wno-bool-operation -Wno-c++11-narrowing -Wno-constant-logical-operand -Wno-int-in-bool-context -Wno-non-pod-varargs -Wno-parentheses-equality -Wno-shadow -Wno-sign-compare -Wno-tautological-bitwise-compare -Wno-tautological-compare -Wno-uninitialized -Wno-unused-but-set-parameter -Wno-unused-but-set-variable -Wno-unused-parameter -Wno-unused-variable -Wno-vla-cxx-extension    -DVL_TIME_CONTEXT   -std=gnu++20 -include-pch Vtb_apex_l3__pch.h.slow.gch -c -o Vtb_apex_l3_cq_key_path__D40_G10__4__Slow.o Vtb_apex_l3_cq_key_path__D40_G10__4__Slow.cpp
warning: unknown warning option '-Wno-vla-cxx-extension'; did you mean '-Wno-vla-extension'? [-Wunknown-warning-option]
1 warning generated.
c++   -I.  -MMD -I/opt/homebrew/Cellar/verilator/5.044/share/verilator/include -I/opt/homebrew/Cellar/verilator/5.044/share/verilator/include/vltstd -DVERILATOR=1 -DVM_COVERAGE=0 -DVM_SC=0 -DVM_TIMING=1 -DVM_TRACE=1 -DVM_TRACE_FST=1 -DVM_TRACE_VCD=0 -DVM_TRACE_SAIF=0 -faligned-new -fbracket-depth=4096 -fcf-protection=none -Xclang -fno-pch-timestamp -Qunused-arguments -Wno-bool-operation -Wno-c++11-narrowing -Wno-constant-logical-operand -Wno-int-in-bool-context -Wno-non-pod-varargs -Wno-parentheses-equality -Wno-shadow -Wno-sign-compare -Wno-tautological-bitwise-compare -Wno-tautological-compare -Wno-uninitialized -Wno-unused-but-set-parameter -Wno-unused-but-set-variable -Wno-unused-parameter -Wno-unused-variable -Wno-vla-cxx-extension    -DVL_TIME_CONTEXT   -std=gnu++20 -include-pch Vtb_apex_l3__pch.h.slow.gch -c -o Vtb_apex_l3_cq_key_path__D40_G10__5__Slow.o Vtb_apex_l3_cq_key_path__D40_G10__5__Slow.cpp
warning: unknown warning option '-Wno-vla-cxx-extension'; did you mean '-Wno-vla-extension'? [-Wunknown-warning-option]
1 warning generated.
c++   -I.  -MMD -I/opt/homebrew/Cellar/verilator/5.044/share/verilator/include -I/opt/homebrew/Cellar/verilator/5.044/share/verilator/include/vltstd -DVERILATOR=1 -DVM_COVERAGE=0 -DVM_SC=0 -DVM_TIMING=1 -DVM_TRACE=1 -DVM_TRACE_FST=1 -DVM_TRACE_VCD=0 -DVM_TRACE_SAIF=0 -faligned-new -fbracket-depth=4096 -fcf-protection=none -Xclang -fno-pch-timestamp -Qunused-arguments -Wno-bool-operation -Wno-c++11-narrowing -Wno-constant-logical-operand -Wno-int-in-bool-context -Wno-non-pod-varargs -Wno-parentheses-equality -Wno-shadow -Wno-sign-compare -Wno-tautological-bitwise-compare -Wno-tautological-compare -Wno-uninitialized -Wno-unused-but-set-parameter -Wno-unused-but-set-variable -Wno-unused-parameter -Wno-unused-variable -Wno-vla-cxx-extension    -DVL_TIME_CONTEXT   -std=gnu++20 -include-pch Vtb_apex_l3__pch.h.slow.gch -c -o Vtb_apex_l3_cq_key_path__D40_G10__6__Slow.o Vtb_apex_l3_cq_key_path__D40_G10__6__Slow.cpp
warning: unknown warning option '-Wno-vla-cxx-extension'; did you mean '-Wno-vla-extension'? [-Wunknown-warning-option]
1 warning generated.
c++   -I.  -MMD -I/opt/homebrew/Cellar/verilator/5.044/share/verilator/include -I/opt/homebrew/Cellar/verilator/5.044/share/verilator/include/vltstd -DVERILATOR=1 -DVM_COVERAGE=0 -DVM_SC=0 -DVM_TIMING=1 -DVM_TRACE=1 -DVM_TRACE_FST=1 -DVM_TRACE_VCD=0 -DVM_TRACE_SAIF=0 -faligned-new -fbracket-depth=4096 -fcf-protection=none -Xclang -fno-pch-timestamp -Qunused-arguments -Wno-bool-operation -Wno-c++11-narrowing -Wno-constant-logical-operand -Wno-int-in-bool-context -Wno-non-pod-varargs -Wno-parentheses-equality -Wno-shadow -Wno-sign-compare -Wno-tautological-bitwise-compare -Wno-tautological-compare -Wno-uninitialized -Wno-unused-but-set-parameter -Wno-unused-but-set-variable -Wno-unused-parameter -Wno-unused-variable -Wno-vla-cxx-extension    -DVL_TIME_CONTEXT   -std=gnu++20 -include-pch Vtb_apex_l3__pch.h.slow.gch -c -o Vtb_apex_l3_cq_key_path__D40_G10__7__Slow.o Vtb_apex_l3_cq_key_path__D40_G10__7__Slow.cpp
warning: unknown warning option '-Wno-vla-cxx-extension'; did you mean '-Wno-vla-extension'? [-Wunknown-warning-option]
1 warning generated.
c++   -I.  -MMD -I/opt/homebrew/Cellar/verilator/5.044/share/verilator/include -I/opt/homebrew/Cellar/verilator/5.044/share/verilator/include/vltstd -DVERILATOR=1 -DVM_COVERAGE=0 -DVM_SC=0 -DVM_TIMING=1 -DVM_TRACE=1 -DVM_TRACE_FST=1 -DVM_TRACE_VCD=0 -DVM_TRACE_SAIF=0 -faligned-new -fbracket-depth=4096 -fcf-protection=none -Xclang -fno-pch-timestamp -Qunused-arguments -Wno-bool-operation -Wno-c++11-narrowing -Wno-constant-logical-operand -Wno-int-in-bool-context -Wno-non-pod-varargs -Wno-parentheses-equality -Wno-shadow -Wno-sign-compare -Wno-tautological-bitwise-compare -Wno-tautological-compare -Wno-uninitialized -Wno-unused-but-set-parameter -Wno-unused-but-set-variable -Wno-unused-parameter -Wno-unused-variable -Wno-vla-cxx-extension    -DVL_TIME_CONTEXT   -std=gnu++20 -include-pch Vtb_apex_l3__pch.h.slow.gch -c -o Vtb_apex_l3_cq_key_path__D40_G10__8__Slow.o Vtb_apex_l3_cq_key_path__D40_G10__8__Slow.cpp
warning: unknown warning option '-Wno-vla-cxx-extension'; did you mean '-Wno-vla-extension'? [-Wunknown-warning-option]
1 warning generated.
c++   -I.  -MMD -I/opt/homebrew/Cellar/verilator/5.044/share/verilator/include -I/opt/homebrew/Cellar/verilator/5.044/share/verilator/include/vltstd -DVERILATOR=1 -DVM_COVERAGE=0 -DVM_SC=0 -DVM_TIMING=1 -DVM_TRACE=1 -DVM_TRACE_FST=1 -DVM_TRACE_VCD=0 -DVM_TRACE_SAIF=0 -faligned-new -fbracket-depth=4096 -fcf-protection=none -Xclang -fno-pch-timestamp -Qunused-arguments -Wno-bool-operation -Wno-c++11-narrowing -Wno-constant-logical-operand -Wno-int-in-bool-context -Wno-non-pod-varargs -Wno-parentheses-equality -Wno-shadow -Wno-sign-compare -Wno-tautological-bitwise-compare -Wno-tautological-compare -Wno-uninitialized -Wno-unused-but-set-parameter -Wno-unused-but-set-variable -Wno-unused-parameter -Wno-unused-variable -Wno-vla-cxx-extension    -DVL_TIME_CONTEXT   -std=gnu++20 -include-pch Vtb_apex_l3__pch.h.slow.gch -c -o Vtb_apex_l3_cq_key_path__D40_G10__9__Slow.o Vtb_apex_l3_cq_key_path__D40_G10__9__Slow.cpp
warning: unknown warning option '-Wno-vla-cxx-extension'; did you mean '-Wno-vla-extension'? [-Wunknown-warning-option]
1 warning generated.
c++   -I.  -MMD -I/opt/homebrew/Cellar/verilator/5.044/share/verilator/include -I/opt/homebrew/Cellar/verilator/5.044/share/verilator/include/vltstd -DVERILATOR=1 -DVM_COVERAGE=0 -DVM_SC=0 -DVM_TIMING=1 -DVM_TRACE=1 -DVM_TRACE_FST=1 -DVM_TRACE_VCD=0 -DVM_TRACE_SAIF=0 -faligned-new -fbracket-depth=4096 -fcf-protection=none -Xclang -fno-pch-timestamp -Qunused-arguments -Wno-bool-operation -Wno-c++11-narrowing -Wno-constant-logical-operand -Wno-int-in-bool-context -Wno-non-pod-varargs -Wno-parentheses-equality -Wno-shadow -Wno-sign-compare -Wno-tautological-bitwise-compare -Wno-tautological-compare -Wno-uninitialized -Wno-unused-but-set-parameter -Wno-unused-but-set-variable -Wno-unused-parameter -Wno-unused-variable -Wno-vla-cxx-extension    -DVL_TIME_CONTEXT   -std=gnu++20 -include-pch Vtb_apex_l3__pch.h.slow.gch -c -o Vtb_apex_l3_cq_key_path__D40_G10__10__Slow.o Vtb_apex_l3_cq_key_path__D40_G10__10__Slow.cpp
warning: unknown warning option '-Wno-vla-cxx-extension'; did you mean '-Wno-vla-extension'? [-Wunknown-warning-option]
1 warning generated.
c++   -I.  -MMD -I/opt/homebrew/Cellar/verilator/5.044/share/verilator/include -I/opt/homebrew/Cellar/verilator/5.044/share/verilator/include/vltstd -DVERILATOR=1 -DVM_COVERAGE=0 -DVM_SC=0 -DVM_TIMING=1 -DVM_TRACE=1 -DVM_TRACE_FST=1 -DVM_TRACE_VCD=0 -DVM_TRACE_SAIF=0 -faligned-new -fbracket-depth=4096 -fcf-protection=none -Xclang -fno-pch-timestamp -Qunused-arguments -Wno-bool-operation -Wno-c++11-narrowing -Wno-constant-logical-operand -Wno-int-in-bool-context -Wno-non-pod-varargs -Wno-parentheses-equality -Wno-shadow -Wno-sign-compare -Wno-tautological-bitwise-compare -Wno-tautological-compare -Wno-uninitialized -Wno-unused-but-set-parameter -Wno-unused-but-set-variable -Wno-unused-parameter -Wno-unused-variable -Wno-vla-cxx-extension    -DVL_TIME_CONTEXT   -std=gnu++20 -include-pch Vtb_apex_l3__pch.h.slow.gch -c -o Vtb_apex_l3__Syms__Slow.o Vtb_apex_l3__Syms__Slow.cpp
warning: unknown warning option '-Wno-vla-cxx-extension'; did you mean '-Wno-vla-extension'? [-Wunknown-warning-option]
1 warning generated.
c++   -I.  -MMD -I/opt/homebrew/Cellar/verilator/5.044/share/verilator/include -I/opt/homebrew/Cellar/verilator/5.044/share/verilator/include/vltstd -DVERILATOR=1 -DVM_COVERAGE=0 -DVM_SC=0 -DVM_TIMING=1 -DVM_TRACE=1 -DVM_TRACE_FST=1 -DVM_TRACE_VCD=0 -DVM_TRACE_SAIF=0 -faligned-new -fbracket-depth=4096 -fcf-protection=none -Xclang -fno-pch-timestamp -Qunused-arguments -Wno-bool-operation -Wno-c++11-narrowing -Wno-constant-logical-operand -Wno-int-in-bool-context -Wno-non-pod-varargs -Wno-parentheses-equality -Wno-shadow -Wno-sign-compare -Wno-tautological-bitwise-compare -Wno-tautological-compare -Wno-uninitialized -Wno-unused-but-set-parameter -Wno-unused-but-set-variable -Wno-unused-parameter -Wno-unused-variable -Wno-vla-cxx-extension    -DVL_TIME_CONTEXT   -std=gnu++20 -include-pch Vtb_apex_l3__pch.h.slow.gch -c -o Vtb_apex_l3__Trace__0__Slow.o Vtb_apex_l3__Trace__0__Slow.cpp
warning: unknown warning option '-Wno-vla-cxx-extension'; did you mean '-Wno-vla-extension'? [-Wunknown-warning-option]
1 warning generated.
c++   -I.  -MMD -I/opt/homebrew/Cellar/verilator/5.044/share/verilator/include -I/opt/homebrew/Cellar/verilator/5.044/share/verilator/include/vltstd -DVERILATOR=1 -DVM_COVERAGE=0 -DVM_SC=0 -DVM_TIMING=1 -DVM_TRACE=1 -DVM_TRACE_FST=1 -DVM_TRACE_VCD=0 -DVM_TRACE_SAIF=0 -faligned-new -fbracket-depth=4096 -fcf-protection=none -Xclang -fno-pch-timestamp -Qunused-arguments -Wno-bool-operation -Wno-c++11-narrowing -Wno-constant-logical-operand -Wno-int-in-bool-context -Wno-non-pod-varargs -Wno-parentheses-equality -Wno-shadow -Wno-sign-compare -Wno-tautological-bitwise-compare -Wno-tautological-compare -Wno-uninitialized -Wno-unused-but-set-parameter -Wno-unused-but-set-variable -Wno-unused-parameter -Wno-unused-variable -Wno-vla-cxx-extension    -DVL_TIME_CONTEXT   -std=gnu++20 -include-pch Vtb_apex_l3__pch.h.slow.gch -c -o Vtb_apex_l3__TraceDecls__0__Slow.o Vtb_apex_l3__TraceDecls__0__Slow.cpp
warning: unknown warning option '-Wno-vla-cxx-extension'; did you mean '-Wno-vla-extension'? [-Wunknown-warning-option]
1 warning generated.
c++  -Wl,-U,__Z15vl_time_stamp64v,-U,__Z13sc_time_stampv   verilated.o verilated_fst_c.o verilated_timing.o verilated_threads.o Vtb_apex_l3__ALL.a   -lz  -pthread -lpthread   -o Vtb_apex_l3
rm Vtb_apex_l3__ALL.verilator_deplist.tmp
- V e r i l a t i o n   R e p o r t: Verilator 5.044 2026-01-01 rev vUNKNOWN-built20260101
- Verilator: Built from 4.244 MB sources in 42 modules, into 24.540 MB in 46 C++ files needing 0.019 MB
- Verilator: Walltime 24.391 s (elab=0.042, cvt=1.750, bld=22.274); cpu 2.100 s on 1 threads; alloced 232.766 MB
build/obj_mut_M3/Vtb_apex_l3 +vectors=build/cases/rand_d64_T8.txt +watchdog=12000000 > build/run_mut_M3.log 2>&1
make: [mutate] Error 1 (ignored)
set -o pipefail; /Users/nabilabdelazizferhattaleb/.pyenv/versions/3.11.5/bin/python mutate.py check M3 build/run_mut_M3.log | tee -a build/mutation.txt
M3: CAUGHT (hang; signature ['CSRP 04 timeout'])
MUTATION GATE: PASS (3/3 tile-level mutants caught)
exit=0
