python3 tests/test_contract.py
d64_T128_G64__CQ8          D= 64 T=128 G= 64 tier=0 : PASS
d64_T128_G64__CQ4          D= 64 T=128 G= 64 tier=1 : PASS
d64_T128_G64__CQ4plus      D= 64 T=128 G= 64 tier=2 : PASS
d64_T70_G64__CQ8           D= 64 T= 70 G= 64 tier=0 : PASS
d64_T70_G64__CQ4           D= 64 T= 70 G= 64 tier=1 : PASS
d64_T70_G64__CQ4plus       D= 64 T= 70 G= 64 tier=2 : PASS
d128_T100_G128__CQ8        D=128 T=100 G=128 tier=0 : PASS
d128_T100_G128__CQ4        D=128 T=100 G=128 tier=1 : PASS
d128_T100_G128__CQ4plus    D=128 T=100 G=128 tier=2 : PASS
================================================================
APEX GOLDEN vs FROZEN VECTORS: ALL 9 CONFIGS BIT-EXACT
python3 tests/test_compute.py
[C-3 gemm_i8]
  PASS  matches int64 matmul at K=K_MAX
  PASS  worst-case |acc| fits INT32
  PASS  K>2048 rejected
[C-2 requant_i32_to_i8]
  PASS  RNE sat scale=1 shift=0
  PASS  RNE sat scale=3 shift=1
  PASS  RNE sat scale=77 shift=7
  PASS  RNE sat scale=65535 shift=31
  PASS  RNE sat scale=256 shift=8
  PASS  RNE sat scale=1 shift=31
  PASS  half-to-even on exact ties — got [0, 2, 0, -2, 2, -2]
[§6 exp LUT]
  PASS  exhaustive domain max|err|=4.63e-04 ≤ 2^-10
[§6 online softmax fx]
  PASS  200 random rows, worst L1 err=0.0002 ≤ 0.02
  PASS  uniform scores → equal probs
[§6 rmsnorm ref sanity]
  PASS  output RMS ≈ 1
================================================================
APEX COMPUTE GOLDEN: ALL PROPERTIES PASS
python3 tests/test_attention.py
[A] self-consistency vs proven primitives
  PASS  rmsnorm_fx == verif/asu normative oracle (300 random rows)
  PASS  feeder quant == C-1 compress_values codes (bit-exact)
  PASS  feeder quant == C-1 compress_values scales (bit-exact)
  PASS  chain KVQ == direct compress_keys payload+scales+sidecar
  PASS  LEMMA-EXP |Δ| ≤ 0.00049·e^z + 2^-14 (all 16385 points)
  PASS  score-dequant |Δ| ≤ RNE + f32 bound (100k random)
  PASS  calib_requant never saturates sat8 (margin target=126)
[B] error-budget measurement + [C] derived gates
  case                                 e2e/|y|   e2e/|V|  mean/|y|  b_comp/y  b_stat/y   asu_L1 verdict
  gauss/D64/T16/CQ-8                  1.78e-02  3.67e-03  5.00e-03  2.35e-01  1.03e-01  3.4e-04 PASS
  gauss/D64/T16/CQ-4                  9.96e-02  2.05e-02  3.98e-02  1.82e+00  2.09e-01  3.4e-04 PASS
  gauss/D64/T16/CQ-4+                 9.90e-02  2.04e-02  3.88e-02  1.72e+00  2.08e-01  3.7e-04 PASS
  gauss/D64/T64/CQ-8                  5.52e-02  5.83e-03  2.04e-02  1.08e+00  5.62e-01  1.3e-03 PASS
  gauss/D64/T64/CQ-4                  1.64e-01  1.73e-02  4.26e-02  4.22e+00  6.08e-01  1.3e-03 PASS
  gauss/D64/T64/CQ-4+                 1.57e-01  1.65e-02  4.70e-02  4.97e+00  6.05e-01  1.1e-03 PASS
  gauss/D64/T128/CQ-8                 1.28e-01  9.60e-03  4.21e-02  2.66e+00  1.47e+00  2.2e-03 PASS
  gauss/D64/T128/CQ-4                 2.21e-01  1.65e-02  5.50e-02  9.39e+00  1.51e+00  2.3e-03 PASS
  gauss/D64/T128/CQ-4+                2.51e-01  1.88e-02  5.41e-02  8.51e+00  1.51e+00  2.0e-03 PASS
  gauss/D64/T130/CQ-8                 1.11e-01  7.56e-03  3.33e-02  3.06e+00  1.61e+00  2.3e-03 PASS
  gauss/D64/T130/CQ-4                 1.74e-01  1.19e-02  5.36e-02  9.86e+00  1.64e+00  2.1e-03 PASS
  gauss/D64/T130/CQ-4+                2.14e-01  1.46e-02  5.11e-02  9.00e+00  1.64e+00  2.0e-03 PASS
  gauss/D128/T16/CQ-8                 1.43e-02  4.28e-03  4.59e-03  2.33e-01  7.69e-02  3.4e-04 PASS
  gauss/D128/T16/CQ-4                 1.17e-01  3.52e-02  3.71e-02  1.45e+00  1.80e-01  6.1e-04 PASS
  gauss/D128/T16/CQ-4+                1.17e-01  3.52e-02  3.71e-02  1.49e+00  1.80e-01  4.6e-04 PASS
  gauss/D128/T64/CQ-8                 5.84e-02  5.75e-03  1.62e-02  1.12e+00  6.01e-01  1.4e-03 PASS
  gauss/D128/T64/CQ-4                 1.37e-01  1.35e-02  3.97e-02  4.36e+00  6.48e-01  1.3e-03 PASS
  gauss/D128/T64/CQ-4+                1.27e-01  1.25e-02  3.94e-02  4.30e+00  6.47e-01  1.5e-03 PASS
  gauss/D128/T128/CQ-8                1.66e-01  9.65e-03  4.73e-02  3.23e+00  1.86e+00  2.4e-03 PASS
  gauss/D128/T128/CQ-4                2.30e-01  1.33e-02  5.69e-02  1.16e+01  1.89e+00  2.3e-03 PASS
  gauss/D128/T128/CQ-4+               2.18e-01  1.26e-02  5.90e-02  1.16e+01  1.89e+00  2.2e-03 PASS
  gauss/D128/T130/CQ-8                1.50e-01  8.75e-03  4.08e-02  3.14e+00  1.86e+00  2.0e-03 PASS
  gauss/D128/T130/CQ-4                1.99e-01  1.17e-02  6.00e-02  1.02e+01  1.89e+00  2.1e-03 PASS
  gauss/D128/T130/CQ-4+               2.02e-01  1.18e-02  6.06e-02  9.23e+00  1.89e+00  2.2e-03 PASS
  heavy/D64/T16/CQ-8                  2.80e-02  1.54e-03  7.02e-03  6.82e-01  3.09e-01  3.7e-04 PASS
  heavy/D64/T16/CQ-4                  2.22e-01  1.22e-02  6.74e-02  3.81e+00  4.54e-01  4.3e-04 PASS
  heavy/D64/T16/CQ-4+                 2.22e-01  1.22e-02  7.08e-02  3.40e+00  4.51e-01  4.0e-04 PASS
  heavy/D64/T64/CQ-8                  8.40e-02  2.30e-03  2.58e-02  4.26e+00  1.88e+00  1.7e-03 PASS
  heavy/D64/T64/CQ-4                  2.11e-01  5.78e-03  6.81e-02  1.23e+01  1.96e+00  1.6e-03 PASS
  heavy/D64/T64/CQ-4+                 1.64e-01  4.47e-03  6.73e-02  1.16e+01  1.96e+00  1.8e-03 PASS
  heavy/D64/T128/CQ-8                 2.29e-01  2.50e-03  7.35e-02  1.42e+01  8.85e+00  2.0e-03 PASS
  heavy/D64/T128/CQ-4                 3.52e-01  3.85e-03  8.92e-02  1.06e+02  8.88e+00  2.1e-03 PASS
  heavy/D64/T128/CQ-4+                3.42e-01  3.73e-03  8.83e-02  9.02e+01  8.88e+00  2.7e-03 PASS
  heavy/D64/T130/CQ-8                 3.37e-01  3.83e-03  1.01e-01  1.37e+01  8.68e+00  2.3e-03 PASS
  heavy/D64/T130/CQ-4                 3.15e-01  3.58e-03  1.06e-01  6.10e+01  8.71e+00  2.7e-03 PASS
  heavy/D64/T130/CQ-4+                3.34e-01  3.80e-03  1.02e-01  6.29e+01  8.71e+00  2.2e-03 PASS
  heavy/D128/T16/CQ-8                 1.63e-02  1.67e-03  4.51e-03  4.16e-01  1.69e-01  2.9e-04 PASS
  heavy/D128/T16/CQ-4                 1.54e-01  1.57e-02  4.20e-02  2.88e+00  3.47e-01  2.7e-04 PASS
  heavy/D128/T16/CQ-4+                1.47e-01  1.50e-02  4.37e-02  2.99e+00  3.15e-01  2.6e-04 PASS
  heavy/D128/T64/CQ-8                 8.31e-02  2.28e-03  2.04e-02  3.01e+00  1.83e+00  1.6e-03 PASS
  heavy/D128/T64/CQ-4                 2.32e-01  6.36e-03  6.53e-02  1.25e+01  1.93e+00  1.3e-03 PASS
  heavy/D128/T64/CQ-4+                2.53e-01  6.96e-03  6.61e-02  9.79e+00  1.93e+00  1.4e-03 PASS
  heavy/D128/T128/CQ-8                3.31e-01  3.19e-03  1.06e-01  1.41e+01  9.93e+00  2.1e-03 PASS
  heavy/D128/T128/CQ-4                3.87e-01  3.72e-03  1.16e-01  3.15e+01  9.99e+00  1.9e-03 PASS
  heavy/D128/T128/CQ-4+               3.87e-01  3.72e-03  1.17e-01  3.19e+01  9.99e+00  2.2e-03 PASS
  heavy/D128/T130/CQ-8                3.50e-01  3.52e-03  9.66e-02  1.24e+01  9.62e+00  2.5e-03 PASS
  heavy/D128/T130/CQ-4                3.49e-01  3.51e-03  1.06e-01  2.66e+01  9.65e+00  2.7e-03 PASS
  heavy/D128/T130/CQ-4+               3.49e-01  3.51e-03  1.06e-01  2.29e+01  9.65e+00  2.5e-03 PASS
  llmlike/D64/T16/CQ-8                8.52e-03  4.10e-03  3.27e-03  1.34e-01  5.74e-02  2.8e-04 PASS
  llmlike/D64/T16/CQ-4                9.34e-02  4.49e-02  3.43e-02  1.98e+00  1.96e-01  3.0e-04 PASS
  llmlike/D64/T16/CQ-4+               6.29e-02  3.02e-02  2.82e-02  3.17e-01  1.15e-01  2.5e-04 PASS
  llmlike/D64/T64/CQ-8                3.43e-02  5.13e-03  1.12e-02  1.00e+00  4.24e-01  1.0e-03 PASS
  llmlike/D64/T64/CQ-4                1.44e-01  2.16e-02  4.05e-02  5.88e+00  5.66e-01  1.2e-03 PASS
  llmlike/D64/T64/CQ-4+               8.81e-02  1.32e-02  3.06e-02  1.56e+00  4.54e-01  1.2e-03 PASS
  llmlike/D64/T128/CQ-8               3.67e-02  5.20e-03  1.57e-02  1.57e+00  8.26e-01  2.2e-03 PASS
  llmlike/D64/T128/CQ-4               9.34e-02  1.32e-02  2.75e-02  7.20e+00  8.69e-01  2.3e-03 PASS
  llmlike/D64/T128/CQ-4+              7.01e-02  9.92e-03  2.11e-02  1.95e+00  8.34e-01  2.1e-03 PASS
  llmlike/D64/T130/CQ-8               5.05e-02  1.17e-02  1.19e-02  1.00e+00  5.04e-01  2.3e-03 PASS
  llmlike/D64/T130/CQ-4               8.26e-02  1.91e-02  2.43e-02  5.86e+00  5.84e-01  2.3e-03 PASS
  llmlike/D64/T130/CQ-4+              5.91e-02  1.37e-02  1.80e-02  1.51e+00  5.15e-01  2.4e-03 PASS
  llmlike/D128/T16/CQ-8               1.06e-02  4.14e-03  3.16e-03  2.42e-01  6.85e-02  3.0e-04 PASS
  llmlike/D128/T16/CQ-4               6.12e-02  2.39e-02  1.59e-02  8.83e-01  1.11e-01  3.2e-04 PASS
  llmlike/D128/T16/CQ-4+              6.36e-02  2.49e-02  1.56e-02  5.70e-01  1.03e-01  2.8e-04 PASS
  llmlike/D128/T64/CQ-8               3.71e-02  6.62e-03  9.22e-03  8.02e-01  3.49e-01  1.1e-03 PASS
  llmlike/D128/T64/CQ-4               1.37e-01  2.44e-02  3.47e-02  4.15e+00  4.25e-01  1.2e-03 PASS
  llmlike/D128/T64/CQ-4+              1.22e-01  2.18e-02  2.67e-02  1.32e+00  3.80e-01  1.0e-03 PASS
  llmlike/D128/T128/CQ-8              5.71e-02  1.13e-02  1.11e-02  1.14e+00  5.84e-01  2.0e-03 PASS
  llmlike/D128/T128/CQ-4              9.32e-02  1.85e-02  2.79e-02  5.63e+00  6.44e-01  1.8e-03 PASS
  llmlike/D128/T128/CQ-4+             8.56e-02  1.70e-02  2.38e-02  1.45e+00  6.03e-01  2.0e-03 PASS
  llmlike/D128/T130/CQ-8              7.39e-02  1.07e-02  1.64e-02  1.60e+00  7.97e-01  2.2e-03 PASS
  llmlike/D128/T130/CQ-4              1.05e-01  1.51e-02  2.74e-02  6.18e+00  8.32e-01  2.2e-03 PASS
  llmlike/D128/T130/CQ-4+             8.20e-02  1.18e-02  2.26e-02  2.55e+00  8.08e-01  2.3e-03 PASS
  calib/d64_T128_G64__CQ4/CQ-8        5.98e-02  1.04e-02  1.49e-02  1.16e+00  6.54e-01  2.1e-03 PASS
  calib/d64_T128_G64__CQ4/CQ-4        1.32e-01  2.29e-02  4.78e-02  6.37e+00  9.19e-01  2.0e-03 PASS
  calib/d64_T128_G64__CQ4/CQ-4+       1.27e-01  2.21e-02  4.99e-02  1.45e+00  7.12e-01  2.0e-03 PASS
  calib/d64_T70_G64__CQ4/CQ-8         8.55e-02  9.50e-03  1.55e-02  1.03e+00  5.77e-01  1.4e-03 PASS
  calib/d64_T70_G64__CQ4/CQ-4         1.60e-01  1.78e-02  4.86e-02  6.01e+00  6.64e-01  1.2e-03 PASS
  calib/d64_T70_G64__CQ4/CQ-4+        9.19e-02  1.02e-02  3.88e-02  1.52e+00  6.22e-01  1.2e-03 PASS
  calib/d128_T100_G128__CQ4/CQ-8      1.34e-01  8.39e-03  3.65e-02  2.23e+00  1.39e+00  1.7e-03 PASS
  calib/d128_T100_G128__CQ4/CQ-4      2.00e-01  1.25e-02  6.70e-02  7.95e+00  1.44e+00  1.5e-03 PASS
  calib/d128_T100_G128__CQ4/CQ-4+     1.88e-01  1.18e-02  5.42e-02  2.93e+00  1.42e+00  1.6e-03 PASS
  adv/T1/CQ-8                         6.87e-03  6.87e-03  2.48e-03  3.23e-02  2.28e-02  0.0e+00 PASS
  adv/T1/CQ-4                         7.11e-02  7.11e-02  3.32e-02  1.01e-01  1.09e-01  0.0e+00 PASS
  adv/T1/CQ-4+                        7.11e-02  7.11e-02  3.32e-02  1.01e-01  1.09e-01  0.0e+00 PASS
  adv/tied/CQ-8                       1.38e-01  8.18e-03  4.68e-02  1.85e+00  1.13e+00  0.0e+00 PASS
  adv/tied/CQ-4                       1.81e-01  1.07e-02  6.68e-02  2.63e+00  1.16e+00  0.0e+00 PASS
  adv/tied/CQ-4+                      1.81e-01  1.07e-02  6.68e-02  2.63e+00  1.16e+00  0.0e+00 PASS
  adv/outlier1000/CQ-8                6.29e-02  1.19e-02  1.52e-02  1.42e+00  7.36e-01  2.1e-03 PASS
  adv/outlier1000/CQ-4                2.61e-01  4.95e-02  8.19e-02  1.28e+01  1.01e+00  2.2e-03 PASS
  adv/outlier1000/CQ-4+               1.12e-01  2.12e-02  3.85e-02  1.69e+00  7.40e-01  2.1e-03 PASS
  adv/zeroK/CQ-8                      2.40e-02  4.70e-03  7.24e-03  1.79e-01  1.27e-01  0.0e+00 PASS
  adv/zeroK/CQ-4                      1.22e-01  2.39e-02  3.22e-02  4.27e-01  1.79e-01  0.0e+00 PASS
  adv/zeroK/CQ-4+                     1.22e-01  2.39e-02  3.22e-02  4.27e-01  1.79e-01  0.0e+00 PASS
  adv/zeroV/CQ-8                      0.00e+00  0.00e+00  0.00e+00  6.99e-05  2.97e-05  2.5e-04 PASS (abs: y_ref==0, /|y| columns are ABSOLUTE error)
  adv/zeroV/CQ-4                      0.00e+00  0.00e+00  0.00e+00  6.62e-05  2.90e-05  2.7e-04 PASS (abs: y_ref==0, /|y| columns are ABSOLUTE error)
  adv/zeroV/CQ-4+                     0.00e+00  0.00e+00  0.00e+00  6.62e-05  2.90e-05  2.6e-04 PASS (abs: y_ref==0, /|y| columns are ABSOLUTE error)
  full-gauss/D64/T64/CQ-8             9.19e-02  9.88e-03  2.75e-02  1.40e+00  6.18e-01  1.1e-03 PASS
  full-gauss/D64/T64/CQ-4             1.20e-01  1.29e-02  4.13e-02  2.94e+00  6.45e-01  1.0e-03 PASS
  full-gauss/D64/T64/CQ-4+            1.20e-01  1.29e-02  4.12e-02  2.94e+00  6.45e-01  1.0e-03 PASS
  full-gauss/D64/T130/CQ-8            2.24e-01  1.12e-02  6.84e-02  4.51e+00  2.29e+00  2.5e-03 PASS
  full-gauss/D64/T130/CQ-4            2.49e-01  1.24e-02  7.34e-02  1.01e+01  2.31e+00  2.5e-03 PASS
  full-gauss/D64/T130/CQ-4+           2.55e-01  1.27e-02  7.93e-02  9.81e+00  2.31e+00  2.4e-03 PASS
  full-gauss/D128/T64/CQ-8            7.44e-02  8.18e-03  2.32e-02  1.33e+00  5.92e-01  1.2e-03 PASS
  full-gauss/D128/T64/CQ-4            1.36e-01  1.50e-02  4.07e-02  3.95e+00  6.20e-01  1.2e-03 PASS
  full-gauss/D128/T64/CQ-4+           1.41e-01  1.55e-02  4.04e-02  3.79e+00  6.19e-01  1.1e-03 PASS
  full-gauss/D128/T130/CQ-8           1.21e-01  9.84e-03  3.94e-02  2.98e+00  1.39e+00  2.2e-03 PASS
  full-gauss/D128/T130/CQ-4           1.66e-01  1.35e-02  5.67e-02  5.92e+00  1.41e+00  2.2e-03 PASS
  full-gauss/D128/T130/CQ-4+          1.75e-01  1.43e-02  5.47e-02  5.92e+00  1.41e+00  2.1e-03 PASS
  full-llmx/D64/T64/CQ-8              9.82e-02  8.96e-03  3.41e-02  1.84e+00  7.46e-01  1.1e-03 PASS
  full-llmx/D64/T64/CQ-4              1.53e-01  1.39e-02  4.64e-02  3.94e+00  7.78e-01  1.3e-03 PASS
  full-llmx/D64/T64/CQ-4+             1.37e-01  1.25e-02  4.33e-02  3.64e+00  7.77e-01  1.1e-03 PASS
  full-llmx/D64/T130/CQ-8             2.07e-01  9.65e-03  6.05e-02  5.68e+00  2.46e+00  2.2e-03 PASS
  full-llmx/D64/T130/CQ-4             2.93e-01  1.37e-02  8.44e-02  1.04e+01  2.48e+00  2.0e-03 PASS
  full-llmx/D64/T130/CQ-4+            2.85e-01  1.33e-02  8.55e-02  1.03e+01  2.48e+00  1.9e-03 PASS
  full-llmx/D128/T64/CQ-8             7.41e-02  7.07e-03  2.37e-02  2.22e+00  6.66e-01  1.5e-03 PASS
  full-llmx/D128/T64/CQ-4             1.51e-01  1.44e-02  4.23e-02  3.54e+00  6.94e-01  1.3e-03 PASS
  full-llmx/D128/T64/CQ-4+            1.50e-01  1.43e-02  4.49e-02  3.45e+00  6.94e-01  1.2e-03 PASS
  full-llmx/D128/T130/CQ-8            1.82e-01  1.23e-02  4.47e-02  4.81e+00  1.67e+00  3.1e-03 PASS
  full-llmx/D128/T130/CQ-4            2.01e-01  1.36e-02  5.90e-02  6.92e+00  1.68e+00  3.1e-03 PASS
  full-llmx/D128/T130/CQ-4+           2.01e-01  1.36e-02  5.90e-02  7.03e+00  1.68e+00  3.4e-03 PASS
  --------------------------------------------------------------------------------------------------
  norms: /|y| = relative to max|y_ref| (harsh under flat-attention cancellation); /|V| = relative to max|V_ref|,
  the value-pathway signal scale (|y| <= max|V| always — the usual attention-kernel error convention).
  rows marked (abs) have y_ref==0: /|y|-normalized columns carry the ABSOLUTE error instead (never divided by zero).
  tier CQ-8 : cases= 40  worst e2e/|y|=3.503e-01  worst e2e/|V|=1.229e-02  worst P-lane/|V|=1.218e-02
  tier CQ-4 : cases= 40  worst e2e/|y|=3.867e-01  worst e2e/|V|=7.107e-02  worst P-lane/|V|=1.193e-02
  tier CQ-4+: cases= 40  worst e2e/|y|=3.867e-01  worst e2e/|V|=7.107e-02  worst P-lane/|V|=1.211e-02
[C-D023] absolute gate ≤ 5% of value scale (CQ-8/CQ-4+ hard; CQ-4 documented per D-022)
  d023_abs enforced on 80 CQ-8/CQ-4+ cases (gate lives in derive_and_gate; failures appear per-case)
  DOC   D-022: adv/T1/CQ-4 e2e_abs=1.421e-01 = 7.1% of value scale (> 5%) — CQ-4 out-of-quality-budget on outlier-bearing data; TIP tier-select REQUIRED (D-022)
  PASS  no CQ-4 exceedance beyond the D-022 documented set — NEW: []
  PASS  every documented D-022 exceedance still measured (basis current) — VANISHED: []
  DOC   D023-T1: adv/T1/CQ-4+ e2e_abs=1.421e-01 = 7.1% of value scale — single-token INT4-V C-1 floor (0.51·s_v ≈ 7.3%); 5% unattainable by contract, hard-gated at 8%; use CQ-8 for T=1 contexts
  PASS  every D023-T1 floor register entry measured above 5% (else it belongs back under the 5% gate) — seen=['adv/T1/CQ-4+']
  PASS  y_ref==0 rows (adv/zeroV) exercised the absolute-error path — rows=3 abs_mode=[True, True, True]
[D] gate discrimination — seeded mutants must FAIL their stage
  PASS  mutant 'feeder-truncation' caught by 'feeder' gate — tripped: ['feeder_q', 'p_requant']
  PASS  mutant 'score-missing-invsqrtD' caught by 'score' gate — tripped: ['score', 'e2e_stat_max', 'e2e_stat_mean', 'd023_abs']
  PASS  mutant 'kvq-corrupted-beat' caught by 'kvq_k' gate — tripped: ['kvq_k']
  PASS  mutant 'value-lane-30pct-bias' caught by 'd023_abs' gate — tripped: ['kvq_v', 'e2e_comp', 'e2e_stat_max', 'e2e_stat_mean', 'd023_abs']
[E] D-022 actuation — per-block tier-map golden
  PASS  tier_map uniform == single-tier (CQ-8)
  PASS  tier_map uniform == single-tier (CQ-4)
  PASS  tier_map uniform == single-tier (CQ-4+)
  PASS  tier_map mixed == per-run composition (8-row runs)
  PASS  TIP-style mixed map within D-023 5% on the calib tensor — e_mix=0.0235
  PASS  uniform CQ-4 within D-023 5% on the committed calib tensor (per-channel key codec keeps it in budget) — e_cq4=0.0226
    D-022 actuation: calib d64_T128 e2e/|V| uniform CQ-4=2.26% -> per-block map=2.35%
========================================================================================
APEX ATTENTION GOLDEN: ALL 120 CASES WITHIN DERIVED BUDGET (hard + statistical), ALL SELF-CONSISTENCY CHECKS PASS
python3 gen_rope_lut_tables.py --out /tmp/rope_lut_tables.svh
wrote /tmp/rope_lut_tables.svh: 256 cos/sin base+slope (base max 16384, slope max 402)
diff -q /tmp/rope_lut_tables.svh ../rtl/rope/rope_lut_tables.svh
python3 gen_silu_lut_tables.py --out /tmp/silu_lut_tables.svh
wrote /tmp/silu_lut_tables.svh: 256 base ([-1140,32500]), 256 slope ([-26,282])
diff -q /tmp/silu_lut_tables.svh ../rtl/asu/silu_lut_tables.svh
python3 tests/test_transformer.py
[A] RoPE — cos/sin LUT lemma + rope_fx vs rope_ref
  PASS  LEMMA-COS |Δcos| ≤ 0.00019 (all 16384 codes) — max 1.653e-04
  PASS  LEMMA-COS |Δsin| ≤ 0.00019 (all 16384 codes) — max 1.653e-04
  PASS  real-angle |Δcos|,|Δsin| ≤ CS_ABS=0.00035 — max 3.078e-04
  PASS  rope_fx within [ROPE] budget (head_dim=64, T=130)
  PASS  rope_fx within [ROPE] budget (head_dim=128, T=130)
    RoPE worst abs err over sweep = 3.254e-03
  PASS  rope_ref(pos=0) == identity
  PASS  rope_ref preserves per-pair norm (rotation)
[B] SiLU — LUT lemma + silu_apply vs silu_ref
  PASS  LEMMA-SILU |Δ| ≤ 0.0005 (all 16385 grid pts) — max 4.532e-04
  PASS  silu_fx(0) == 0 exactly
  PASS  silu_apply within [SILU] budget (4M pts over [-8,8]) — max 2.870e-03
  PASS  silu_fx clamps |x|>8 to the domain edges (contract)
[C] decoder layer — decoder_layer_fx vs decoder_layer_ref
  case                            e2e_max   e2e/|y|    B_layer     B/|y|  verdict
  H2/hd64/dff256/T8             1.289e-02  4.06e-03  3.711e+00  1.17e+00  PASS
  H2/hd64/dff256/T16            1.393e-02  5.49e-03  3.269e+00  1.29e+00  PASS
  H2/hd64/dff256/T64            1.656e-02  6.18e-03  3.830e+00  1.43e+00  PASS
  H1/hd128/dff344/T8            9.547e-03  2.82e-03  3.538e+00  1.04e+00  PASS
  H1/hd128/dff344/T16           6.729e-03  2.04e-03  4.009e+00  1.22e+00  PASS
  H1/hd128/dff344/T64           1.709e-02  6.06e-03  3.505e+00  1.24e+00  PASS
  H2/hd64/dff344/T8             1.079e-02  3.29e-03  3.890e+00  1.19e+00  PASS
  H2/hd64/dff344/T16            1.939e-02  6.56e-03  4.109e+00  1.39e+00  PASS
  H2/hd64/dff344/T64            1.705e-02  7.77e-03  3.231e+00  1.47e+00  PASS
  ------------------------------------------------------------------------------------
  e2e/|y| = layer-output error relative to max|y_ref| (the layer signal scale); B_layer = derived composition budget.
[D] determinism — fixed seeds reproduce bit-identical intermediates
  PASS  decoder_layer_fx is bit-deterministic (two runs identical)
  PASS  cos/sin LUT tables regenerate identically
  PASS  SiLU LUT tables regenerate identically
========================================================================================
APEX DECODER-LAYER GOLDEN: ALL RoPE/SiLU LEMMAS + 9 LAYER CASES WITHIN DERIVED BUDGET, DETERMINISM OK
python3 tests/test_7b_plumbing.py
[A] C-KSPLIT — gemm_i8_ksplit vs single wide integer matmul
  PASS  K ≤ K_MAX: ksplit == gemm_i8 bit-identical (incl. dtype)
  PASS  K-split (2049..18944): bit-identical to wide matmul
  PASS  N-split (N=9000 > 4095): bit-identical
  PASS  k_chunk 512 vs 2048: identical results
  PASS  all-(−128)² @ K=18944: acc = 18944·2^14 inside INT32 — acc=310378496
  PASS  K=0 rejected
  PASS  K=131072 > K_TOTAL_MAX rejected
[B] C-RMSW — rmsnorm_fx_wide (hidden 3584 strategy)
  PASS  D ≤ 128 pow-2: rmsnorm_fx_wide == rmsnorm_fx (y, r, nrm)
  PASS  D=3584: |mean2_μ − floor(sum2/D)| ≤ 1 (20k random sum2) — worst=1, μ=74898, s=12
  PASS  D=3584: within [RMS] bound (20 rows) — worst err/bound = 0.244
  PASS  D ∈ {256, 512, 1024}: within [RMS] bound
  PASS  D=3585 (not a chunk multiple) rejected
  PASS  D=8192 all-(−128) corner legal; (r, nrm) == D=128 corner — r=64 nrm=128
[C] C-CHUNK — attention_chunked vs attention_ref_core (D-023)
  PASS  D64/T129/CQ-8: chunked ≤ 5%·V-scale — err=2.521e-02 bar=1.500e-01 chunks=2
  PASS  D64/T129: |Σw−1| ≤ 1e-3 ∧ m* = max(m_c) — Σw=1.000000, Δ(chunk,unchunked)=9.763e-03
  PASS  D64/T129/CQ-4+: chunked ≤ 5%·V-scale — err=3.901e-02 bar=1.500e-01 chunks=2
  REPORT D64/T129/CQ-4: err=3.469e-02 (5% bar 1.500e-01; CQ-4 not gated, D-022)
  PASS  D64/T200/CQ-8: chunked ≤ 5%·V-scale — err=1.534e-02 bar=1.500e-01 chunks=2
  PASS  D64/T200: |Σw−1| ≤ 1e-3 ∧ m* = max(m_c) — Σw=1.000000, Δ(chunk,unchunked)=3.335e-02
  PASS  D64/T200/CQ-4+: chunked ≤ 5%·V-scale — err=2.145e-02 bar=1.500e-01 chunks=2
  REPORT D64/T200/CQ-4: err=2.074e-02 (5% bar 1.500e-01; CQ-4 not gated, D-022)
  PASS  D64/T384/CQ-8: chunked ≤ 5%·V-scale — err=2.015e-02 bar=1.500e-01 chunks=3
  PASS  D64/T384: |Σw−1| ≤ 1e-3 ∧ m* = max(m_c) — Σw=1.000000, Δ(chunk,unchunked)=6.196e-02
  PASS  D64/T384/CQ-4+: chunked ≤ 5%·V-scale — err=1.695e-02 bar=1.500e-01 chunks=3
  REPORT D64/T384/CQ-4: err=1.675e-02 (5% bar 1.500e-01; CQ-4 not gated, D-022)
  PASS  D128/T129/CQ-8: chunked ≤ 5%·V-scale — err=2.884e-02 bar=1.500e-01 chunks=2
  PASS  D128/T129: |Σw−1| ≤ 1e-3 ∧ m* = max(m_c) — Σw=1.000000, Δ(chunk,unchunked)=2.202e-03
  PASS  D128/T129/CQ-4+: chunked ≤ 5%·V-scale — err=3.254e-02 bar=1.500e-01 chunks=2
  REPORT D128/T129/CQ-4: err=3.255e-02 (5% bar 1.500e-01; CQ-4 not gated, D-022)
  PASS  D128/T200/CQ-8: chunked ≤ 5%·V-scale — err=2.527e-02 bar=1.500e-01 chunks=2
  PASS  D128/T200: |Σw−1| ≤ 1e-3 ∧ m* = max(m_c) — Σw=1.000000, Δ(chunk,unchunked)=4.015e-02
  PASS  D128/T200/CQ-4+: chunked ≤ 5%·V-scale — err=2.970e-02 bar=1.500e-01 chunks=2
  REPORT D128/T200/CQ-4: err=3.081e-02 (5% bar 1.500e-01; CQ-4 not gated, D-022)
  PASS  D128/T384/CQ-8: chunked ≤ 5%·V-scale — err=1.436e-02 bar=1.500e-01 chunks=3
  PASS  D128/T384: |Σw−1| ≤ 1e-3 ∧ m* = max(m_c) — Σw=1.000000, Δ(chunk,unchunked)=3.631e-02
  PASS  D128/T384/CQ-4+: chunked ≤ 5%·V-scale — err=2.204e-02 bar=1.500e-01 chunks=3
  REPORT D128/T384/CQ-4: err=2.133e-02 (5% bar 1.500e-01; CQ-4 not gated, D-022)
  PASS  chunk=64 (4 jobs, T=200): ≤ 5%·V-scale — chunks=4
[D] GQA decoder layer + Qwen QKV biases (D_model = 128)
  PASS  H2/kv1/hd64/T8: rmsnorm1 within [RMS] — meas=1.585e-02 bound=2.077e-01
  PASS  H2/kv1/hd64/T8: all 2 heads ≤ 5%·V-scale (D-023) — worst head err/bar = 0.101
  PASS  H2/kv1/hd64/T8: e2e ≤ 5%·|y| acceptance — e2e=9.333e-03 rel=2.90e-03
  PASS  H2/kv1/hd64/T32: rmsnorm1 within [RMS] — meas=3.428e-02 bound=2.913e-01
  PASS  H2/kv1/hd64/T32: all 2 heads ≤ 5%·V-scale (D-023) — worst head err/bar = 0.114
  PASS  H2/kv1/hd64/T32: e2e ≤ 5%·|y| acceptance — e2e=1.141e-02 rel=3.89e-03
  PASS  H4/kv2/hd32/T16: rmsnorm1 within [RMS] — meas=1.875e-02 bound=4.009e-01
  PASS  H4/kv2/hd32/T16: all 4 heads ≤ 5%·V-scale (D-023) — worst head err/bar = 0.155
  PASS  H4/kv2/hd32/T16: e2e ≤ 5%·|y| acceptance — e2e=1.204e-02 rel=3.02e-03
  PASS  GQA == repeat_kv-expanded MHA (r2/attn/q_rope + per-head o8 bit-identical)
  PASS  H_kv=0 default resolves to H_kv=H
  PASS  bias/H2/kv1/hd64/T16: rmsnorm1 within [RMS] — meas=4.959e-02 bound=2.574e-01
  PASS  bias/H2/kv1/hd64/T16: all 2 heads ≤ 5%·V-scale (D-023) — worst head err/bar = 0.098
  PASS  bias/H2/kv1/hd64/T16: e2e ≤ 5%·|y| acceptance — e2e=8.128e-03 rel=1.07e-03
  PASS  bias=None == zero-bias (bit-identical r2)
  NOTE checkpoint fact (Qwen2.5-7B safetensors index): q/k/v_proj.bias present; o_proj/gate/up/down have NO bias.
[E] 7B geometry — D=3584, H=28/kv4, hd=128, d_ffn=18944, biases, rope_theta 1e6 (Qwen2.5 config), CQ-8, T=8
  PASS  7B/H28/kv4/hd128/dff18944/T8: rmsnorm1 within [RMS] — meas=2.254e-02 bound=5.361e-01
  PASS  7B/H28/kv4/hd128/dff18944/T8: all 28 heads ≤ 5%·V-scale (D-023) — worst head err/bar = 0.136
  PASS  7B/H28/kv4/hd128/dff18944/T8: e2e ≤ 5%·|y| acceptance — e2e=3.319e-02 rel=8.99e-03
    (7B-geometry case ran in 3.0s)
[F] determinism — new paths reproduce bit-identically
  PASS  rmsnorm_fx_wide deterministic
  PASS  attention_chunked deterministic
  PASS  GQA+bias decoder_layer_fx deterministic
[G] q_pos — HF self-inclusive decode composition (S8)
  PASS  q_pos=None == q_pos=T (bit-identical r2/attn/q_rope)
  PASS  duplicated-row + q_pos=t == independent HF decode ref (t ∈ {0,3,15}) — worst rel Δ = 0.00e+00
  PASS  hf-decode/H2/kv1/hd64/t16: rmsnorm1 within [RMS] — meas=1.683e-02 bound=2.494e-01
  PASS  hf-decode/H2/kv1/hd64/t16: all 2 heads ≤ 5%·V-scale (D-023) — worst head err/bar = 0.133
  PASS  hf-decode/H2/kv1/hd64/t16: e2e ≤ 5%·|y| acceptance — e2e=1.203e-02 rel=1.95e-03
  PASS  t=0: single-key softmax saturates (p == 2^15 − ε, T=1) — p=32768
  PASS  t=0: e2e ≤ 5%·|y| — e2e=2.258e-02
[H] layer-chunk — decoder_layer_fx dispatch to attention_chunked
  PASS  T=128: heads are unchunked AttnCore (legacy path type-pinned)
  PASS  T=200: heads are ChunkedHead with 2 chunk jobs each
  PASS  T=200: all heads ≤ 5%·V-scale (D-023, chunk-merged) — worst head err/bar = 0.132
  PASS  T=200: e2e ≤ 5%·|y| acceptance — e2e=1.620e-02 rel=3.16e-03
  PASS  T=200: merge invariant |Σw−1| ≤ 1e-3 — Σw=1.000000
  PASS  chunk+q_pos/H2/kv1/hd64/t139: rmsnorm1 within [RMS] — meas=3.366e-02 bound=2.130e-01
  PASS  chunk+q_pos/H2/kv1/hd64/t139: all 2 heads ≤ 5%·V-scale (D-023) — worst head err/bar = 0.147
  PASS  chunk+q_pos/H2/kv1/hd64/t139: e2e ≤ 5%·|y| acceptance — e2e=1.372e-02 rel=2.27e-03
========================================================================================
APEX 7B-PLUMBING GOLDEN (S6+S8): C-KSPLIT + C-RMSW + C-CHUNK + GQA + QKV-BIAS + 7B-GEOMETRY + Q-POS ALL WITHIN GATES, DETERMINISM OK
python3 tests/test_effective_bits.py
EFFECTIVE BITS/VALUE — honest accounting gate (FP16 baseline = 16 b/v)
  record geometry: tag=8b, scale=16b, pad-to-64b, G=128

RECORD (as stored by rtl/kvq/kvq_engine.sv, A2/D-026 layout + scale bank):
  PASS  KVQ4  D= 64 k=0 K+V stored: 5.0625 (pinned 5.0625)
  PASS  KVQ4  D= 64 k=0 stored ratio: 3.1605 (pinned 3.1605)
  PASS  KVQ4  D=128 k=0 K+V stored: 4.5625 (pinned 4.5625)
  PASS  KVQ4  D=128 k=0 stored ratio: 3.5068 (pinned 3.5068)
  PASS  KVQ4+ D= 64 k=2 K+V stored: 5.0625 (pinned 5.0625)
  PASS  KVQ4+ D= 64 k=2 stored ratio: 3.1605 (pinned 3.1605)
  PASS  KVQ4+ D=128 k=2 K+V stored: 4.5625 (pinned 4.5625)
  PASS  KVQ4+ D=128 k=2 stored ratio: 3.5068 (pinned 3.5068)
  PASS  KVQ4+ D= 64 k=5 K+V stored: 6.0625 (pinned 6.0625)
  PASS  KVQ4+ D= 64 k=5 stored ratio: 2.6392 (pinned 2.6392)
  PASS  KVQ4+ D=128 k=5 K+V stored: 5.0625 (pinned 5.0625)
  PASS  KVQ4+ D=128 k=5 stored ratio: 3.1605 (pinned 3.1605)
  PASS  KVQ8  D= 64 k=0 K+V stored: 9.0000 (pinned 9.0000)
  PASS  KVQ8  D= 64 k=0 stored ratio: 1.7778 (pinned 1.7778)
  PASS  KVQ8  D=128 k=0 K+V stored: 8.5000 (pinned 8.5000)
  PASS  KVQ8  D=128 k=0 stored ratio: 1.8824 (pinned 1.8824)

CODEC (measured from golden blobs; scales amortized over G — the A2 target):
  PASS  KVQ4  D= 64 codec b/v (ratio 3.821x): 4.1875 (pinned 4.1875)
  PASS  KVQ4  D=128 codec b/v (ratio 3.879x): 4.1250 (pinned 4.1250)
  PASS  KVQ4+ D= 64 codec b/v (ratio 3.659x): 4.3730 (pinned 4.3730)
  PASS  KVQ4+ D=128 codec b/v (ratio 3.793x): 4.2178 (pinned 4.2178)
  PASS  KVQ8  D= 64 codec b/v (ratio 1.939x): 8.2500 (pinned 8.2500)
  PASS  KVQ8  D=128 codec b/v (ratio 1.969x): 8.1250 (pinned 8.1250)

CSR INFO_CR (hardware-advertised; amortized, NO tag/pad — do not quote externally):
  PASS  KVQ4  D= 64 CR_V: 3.7617 (pinned 3.7617)
  PASS  KVQ4  D= 64 CR_K: 3.8750 (pinned 3.8750)
  PASS  KVQ4  D=128 CR_V: 3.8750 (pinned 3.8750)
  PASS  KVQ4  D=128 CR_K: 3.8750 (pinned 3.8750)

EFFECTIVE-BITS GATE: ALL PINNED ACCOUNTINGS MATCH
  -> headline-safe (A2/D-026, shipped k<=2): whole-KV STORED 3.16x (D=64) / 3.51x (D=128),
     all overheads counted (tag, lanes, pad, scale bank). k=5 point: 2.64x (D=64).
  -> method ceiling (codec): 4.13-4.37 b/v = 3.66-3.88x. A ratio >4x is IMPOSSIBLE here.
  -> record-vs-codec gap = tag + pad + unified-slot rounding; CSR INFO_CR still amortized,
     never quote CR_* externally.
python3 tests/test_mask_semantics.py
D-027 §A — mask commit legality (popcount == OUTLIER_K):
  PASS  accept  popcount==K   (M1)
  PASS  accept  popcount==K   (M2)
  PASS  reject  popcount K-1
  PASS  reject  popcount K+1
  PASS  reject  empty mask
D-027 §B — swap-at-empty composition:
  PASS  post-swap records byte-identical to independent run
  PASS  post-swap bank rows byte-identical to independent run
  PASS  ssid sequence continues across the swap
  PASS  bank outlier scales forced 0 under M1
D-027 §C — independent record parser == decompress_keys (same mask):
  PASS  run1 under M1: 10x16 fp32 bit-exact
  PASS  run2 under M2: 10x16 fp32 bit-exact
D-027 §D — records are not self-describing (wrong-mask decode fails):
  PASS  mismatch on every disagreeing channel (channels [5, 9])
  PASS  agreeing kept channels still decode bit-exact

MASK-SEMANTICS GATE: ALL PASS
  -> D-027 contract pinned golden-first: popcount==K commit rule,
     swap only at record-empty boundaries (bank ssids persist),
     and the WHY: records decode only under their encoding mask.
python3 tests/test_weight_codec.py
========================================================================
APEX W4 WEIGHT CODEC (B3) — golden gate
========================================================================

[A] job geometry / stream contract (S1-S6)
  PASS  K=64 N=8: KB == ceil(K/8) — KB=8
  PASS  K=64 N=8: INT8 beats == KB*N — 64
  PASS  K=64 N=8: packed beats == ceil(KB*N/2) — 32
  PASS  K=128 N=8: KB == ceil(K/8) — KB=16
  PASS  K=128 N=8: INT8 beats == KB*N — 128
  PASS  K=128 N=8: packed beats == ceil(KB*N/2) — 64
  PASS  K=70 N=8: KB == ceil(K/8) — KB=9
  PASS  K=70 N=8: INT8 beats == KB*N — 72
  PASS  K=70 N=8: packed beats == ceil(KB*N/2) — 36
  PASS  K=64 N=3: KB == ceil(K/8) — KB=8
  PASS  K=64 N=3: INT8 beats == KB*N — 24
  PASS  K=64 N=3: packed beats == ceil(KB*N/2) — 12
  PASS  K=40 N=1: KB == ceil(K/8) — KB=5
  PASS  K=40 N=1: INT8 beats == KB*N — 5
  PASS  K=40 N=1: packed beats == ceil(KB*N/2) — 3
  PASS  K=24 N=5: KB == ceil(K/8) — KB=3
  PASS  K=24 N=5: INT8 beats == KB*N — 15
  PASS  K=24 N=5: packed beats == ceil(KB*N/2) — 8
  PASS  K=64 N=8: stream order chunk-major/column-minor (S1-S3)
  PASS  K=128 N=8: stream order chunk-major/column-minor (S1-S3)
  PASS  K=70 N=8: stream order chunk-major/column-minor (S1-S3)
  PASS  K=64 N=3: stream order chunk-major/column-minor (S1-S3)
  PASS  K=40 N=1: stream order chunk-major/column-minor (S1-S3)
  PASS  K=24 N=5: stream order chunk-major/column-minor (S1-S3)
  PASS  K=70: pad elements (row >= K) are zero (S2) — 16 pad elements

[B] INT8 -> fp16 narrowing is lossless
  PASS  every INT8 code -127..127 round-trips fp16 EXACTLY
  PASS  out-of-range weight is rejected

[C] pack/unpack/dequant == cq_codec primitives (bit-exact)
  PASS  K=64 N=8 g=tile: codes within C-1 INT4 clamp [-8,7] — range [-7,7]
  PASS  K=64 N=8 g=tile: unpack_int4(packed) == code stream
  PASS  K=64 N=8 g=tile grp0: dequant_f32 bit-exact through pack/unpack
  PASS  K=64 N=8 g=col: codes within C-1 INT4 clamp [-8,7] — range [-7,7]
  PASS  K=64 N=8 g=col: unpack_int4(packed) == code stream
  PASS  K=64 N=8 g=col grp0: dequant_f32 bit-exact through pack/unpack
  PASS  K=64 N=8 g=col grp1: dequant_f32 bit-exact through pack/unpack
  PASS  K=64 N=8 g=col grp2: dequant_f32 bit-exact through pack/unpack
  PASS  K=64 N=8 g=col grp3: dequant_f32 bit-exact through pack/unpack
  PASS  K=64 N=8 g=16: codes within C-1 INT4 clamp [-8,7] — range [-7,7]
  PASS  K=64 N=8 g=16: unpack_int4(packed) == code stream
  PASS  K=64 N=8 g=16 grp0: dequant_f32 bit-exact through pack/unpack
  PASS  K=64 N=8 g=16 grp1: dequant_f32 bit-exact through pack/unpack
  PASS  K=64 N=8 g=16 grp2: dequant_f32 bit-exact through pack/unpack
  PASS  K=64 N=8 g=16 grp3: dequant_f32 bit-exact through pack/unpack
  PASS  K=128 N=8 g=tile: codes within C-1 INT4 clamp [-8,7] — range [-7,7]
  PASS  K=128 N=8 g=tile: unpack_int4(packed) == code stream
  PASS  K=128 N=8 g=tile grp0: dequant_f32 bit-exact through pack/unpack
  PASS  K=128 N=8 g=col: codes within C-1 INT4 clamp [-8,7] — range [-7,7]
  PASS  K=128 N=8 g=col: unpack_int4(packed) == code stream
  PASS  K=128 N=8 g=col grp0: dequant_f32 bit-exact through pack/unpack
  PASS  K=128 N=8 g=col grp1: dequant_f32 bit-exact through pack/unpack
  PASS  K=128 N=8 g=col grp2: dequant_f32 bit-exact through pack/unpack
  PASS  K=128 N=8 g=col grp3: dequant_f32 bit-exact through pack/unpack
  PASS  K=128 N=8 g=16: codes within C-1 INT4 clamp [-8,7] — range [-7,7]
  PASS  K=128 N=8 g=16: unpack_int4(packed) == code stream
  PASS  K=128 N=8 g=16 grp0: dequant_f32 bit-exact through pack/unpack
  PASS  K=128 N=8 g=16 grp1: dequant_f32 bit-exact through pack/unpack
  PASS  K=128 N=8 g=16 grp2: dequant_f32 bit-exact through pack/unpack
  PASS  K=128 N=8 g=16 grp3: dequant_f32 bit-exact through pack/unpack
  PASS  K=70 N=8 g=tile: codes within C-1 INT4 clamp [-8,7] — range [-7,7]
  PASS  K=70 N=8 g=tile: unpack_int4(packed) == code stream
  PASS  K=70 N=8 g=tile grp0: dequant_f32 bit-exact through pack/unpack
  PASS  K=70 N=8 g=col: codes within C-1 INT4 clamp [-8,7] — range [-7,7]
  PASS  K=70 N=8 g=col: unpack_int4(packed) == code stream
  PASS  K=70 N=8 g=col grp0: dequant_f32 bit-exact through pack/unpack
  PASS  K=70 N=8 g=col grp1: dequant_f32 bit-exact through pack/unpack
  PASS  K=70 N=8 g=col grp2: dequant_f32 bit-exact through pack/unpack
  PASS  K=70 N=8 g=col grp3: dequant_f32 bit-exact through pack/unpack
  PASS  K=70 N=8 g=16: codes within C-1 INT4 clamp [-8,7] — range [-7,7]
  PASS  K=70 N=8 g=16: unpack_int4(packed) == code stream
  PASS  K=70 N=8 g=16 grp0: dequant_f32 bit-exact through pack/unpack
  PASS  K=70 N=8 g=16 grp1: dequant_f32 bit-exact through pack/unpack
  PASS  K=70 N=8 g=16 grp2: dequant_f32 bit-exact through pack/unpack
  PASS  K=70 N=8 g=16 grp3: dequant_f32 bit-exact through pack/unpack
  PASS  K=64 N=3 g=tile: codes within C-1 INT4 clamp [-8,7] — range [-7,7]
  PASS  K=64 N=3 g=tile: unpack_int4(packed) == code stream
  PASS  K=64 N=3 g=tile grp0: dequant_f32 bit-exact through pack/unpack
  PASS  K=64 N=3 g=col: codes within C-1 INT4 clamp [-8,7] — range [-7,7]
  PASS  K=64 N=3 g=col: unpack_int4(packed) == code stream
  PASS  K=64 N=3 g=col grp0: dequant_f32 bit-exact through pack/unpack
  PASS  K=64 N=3 g=col grp1: dequant_f32 bit-exact through pack/unpack
  PASS  K=64 N=3 g=col grp2: dequant_f32 bit-exact through pack/unpack
  PASS  K=64 N=3 g=16: codes within C-1 INT4 clamp [-8,7] — range [-7,7]
  PASS  K=64 N=3 g=16: unpack_int4(packed) == code stream
  PASS  K=64 N=3 g=16 grp0: dequant_f32 bit-exact through pack/unpack
  PASS  K=64 N=3 g=16 grp1: dequant_f32 bit-exact through pack/unpack
  PASS  K=64 N=3 g=16 grp2: dequant_f32 bit-exact through pack/unpack
  PASS  K=64 N=3 g=16 grp3: dequant_f32 bit-exact through pack/unpack
  PASS  K=40 N=1 g=tile: codes within C-1 INT4 clamp [-8,7] — range [-7,7]
  PASS  K=40 N=1 g=tile: unpack_int4(packed) == code stream
  PASS  K=40 N=1 g=tile grp0: dequant_f32 bit-exact through pack/unpack
  PASS  K=40 N=1 g=col: codes within C-1 INT4 clamp [-8,7] — range [-7,7]
  PASS  K=40 N=1 g=col: unpack_int4(packed) == code stream
  PASS  K=40 N=1 g=col grp0: dequant_f32 bit-exact through pack/unpack
  PASS  K=40 N=1 g=16: codes within C-1 INT4 clamp [-8,7] — range [-7,7]
  PASS  K=40 N=1 g=16: unpack_int4(packed) == code stream
  PASS  K=40 N=1 g=16 grp0: dequant_f32 bit-exact through pack/unpack
  PASS  K=40 N=1 g=16 grp1: dequant_f32 bit-exact through pack/unpack
  PASS  K=40 N=1 g=16 grp2: dequant_f32 bit-exact through pack/unpack
  PASS  K=24 N=5 g=tile: codes within C-1 INT4 clamp [-8,7] — range [-7,7]
  PASS  K=24 N=5 g=tile: unpack_int4(packed) == code stream
  PASS  K=24 N=5 g=tile grp0: dequant_f32 bit-exact through pack/unpack
  PASS  K=24 N=5 g=col: codes within C-1 INT4 clamp [-8,7] — range [-7,7]
  PASS  K=24 N=5 g=col: unpack_int4(packed) == code stream
  PASS  K=24 N=5 g=col grp0: dequant_f32 bit-exact through pack/unpack
  PASS  K=24 N=5 g=col grp1: dequant_f32 bit-exact through pack/unpack
  PASS  K=24 N=5 g=col grp2: dequant_f32 bit-exact through pack/unpack
  PASS  K=24 N=5 g=col grp3: dequant_f32 bit-exact through pack/unpack
  PASS  K=24 N=5 g=16: codes within C-1 INT4 clamp [-8,7] — range [-7,7]
  PASS  K=24 N=5 g=16: unpack_int4(packed) == code stream
  PASS  K=24 N=5 g=16 grp0: dequant_f32 bit-exact through pack/unpack
  PASS  K=24 N=5 g=16 grp1: dequant_f32 bit-exact through pack/unpack
  PASS  K=24 N=5 g=16 grp2: dequant_f32 bit-exact through pack/unpack
  PASS  K=24 N=5 g=16 grp3: dequant_f32 bit-exact through pack/unpack
  PASS  packed payload == cq_codec.pack_int4(code stream) byte-for-byte

[D] feeder equivalence (C-4) + realization legality
  PASS  K=64 N=8: (A) feeder out == sign-extended INT4 codes
  PASS  K=64 N=8: (A) output is INT8-representable
  PASS  K=64 N=8: (A) scale is the tile's group scale — 18.1406
  PASS  K=64 N=8: (B) feeder out is INT8-representable — range [-127,127]
  PASS  K=64 N=8: (B) emits one beat per INT8 beat — 512
  PASS  K=64 N=8: (B) pad lanes stay zero
  PASS  K=128 N=8: (A) feeder out == sign-extended INT4 codes
  PASS  K=128 N=8: (A) output is INT8-representable
  PASS  K=128 N=8: (A) scale is the tile's group scale — 18.1406
  PASS  K=128 N=8: (B) feeder out is INT8-representable — range [-127,127]
  PASS  K=128 N=8: (B) emits one beat per INT8 beat — 1024
  PASS  K=128 N=8: (B) pad lanes stay zero
  PASS  K=70 N=8: (A) feeder out == sign-extended INT4 codes
  PASS  K=70 N=8: (A) output is INT8-representable
  PASS  K=70 N=8: (A) scale is the tile's group scale — 18.1406
  PASS  K=70 N=8: (B) feeder out is INT8-representable — range [-127,127]
  PASS  K=70 N=8: (B) emits one beat per INT8 beat — 576
  PASS  K=70 N=8: (B) pad lanes stay zero
  PASS  K=64 N=3: (A) feeder out == sign-extended INT4 codes
  PASS  K=64 N=3: (A) output is INT8-representable
  PASS  K=64 N=3: (A) scale is the tile's group scale — 18.1406
  PASS  K=64 N=3: (B) feeder out is INT8-representable — range [-127,127]
  PASS  K=64 N=3: (B) emits one beat per INT8 beat — 192
  PASS  K=64 N=3: (B) pad lanes stay zero
  PASS  K=40 N=1: (A) feeder out == sign-extended INT4 codes
  PASS  K=40 N=1: (A) output is INT8-representable
  PASS  K=40 N=1: (A) scale is the tile's group scale — 17.2812
  PASS  K=40 N=1: (B) feeder out is INT8-representable — range [-127,127]
  PASS  K=40 N=1: (B) emits one beat per INT8 beat — 40
  PASS  K=40 N=1: (B) pad lanes stay zero
  PASS  K=24 N=5: (A) feeder out == sign-extended INT4 codes
  PASS  K=24 N=5: (A) output is INT8-representable
  PASS  K=24 N=5: (A) scale is the tile's group scale — 18.1406
  PASS  K=24 N=5: (B) feeder out is INT8-representable — range [-127,127]
  PASS  K=24 N=5: (B) emits one beat per INT8 beat — 120
  PASS  K=24 N=5: (B) pad lanes stay zero
  PASS  (A) with per-column groups is refused
  PASS  K=64 N=8: pow2 scales have a zero mantissa (fp16-grade)
  PASS  K=64 N=8: pow2 codes still inside [-8,7] — max|q|=4
  PASS  K=128 N=8: pow2 scales have a zero mantissa (fp16-grade)
  PASS  K=128 N=8: pow2 codes still inside [-8,7] — max|q|=4
  PASS  K=70 N=8: pow2 scales have a zero mantissa (fp16-grade)
  PASS  K=70 N=8: pow2 codes still inside [-8,7] — max|q|=4
  PASS  K=64 N=3: pow2 scales have a zero mantissa (fp16-grade)
  PASS  K=64 N=3: pow2 codes still inside [-8,7] — max|q|=4
  PASS  K=40 N=1: pow2 scales have a zero mantissa (fp16-grade)
  PASS  K=40 N=1: pow2 codes still inside [-8,7] — max|q|=4
  PASS  K=24 N=5: pow2 scales have a zero mantissa (fp16-grade)
  PASS  K=24 N=5: pow2 codes still inside [-8,7] — max|q|=7

[E] PERF: xw beats per job (S6)
  PASS  K=64 N=8: emitted == 2*consumed - (KB*N&1) — consumed=32 emitted=64 ratio=2.0000
  PASS  K=128 N=8: emitted == 2*consumed - (KB*N&1) — consumed=64 emitted=128 ratio=2.0000
  PASS  K=70 N=8: emitted == 2*consumed - (KB*N&1) — consumed=36 emitted=72 ratio=2.0000
  PASS  K=64 N=3: emitted == 2*consumed - (KB*N&1) — consumed=12 emitted=24 ratio=2.0000
  PASS  K=40 N=1: emitted == 2*consumed - (KB*N&1) — consumed=3 emitted=5 ratio=1.6667  [ODD tail]
  PASS  K=24 N=5: emitted == 2*consumed - (KB*N&1) — consumed=8 emitted=15 ratio=1.8750  [ODD tail]
  PASS  shipped D=64/N=8: xw beats per job exactly halved (64 -> 32) — 64 -> 32
  PASS  K=40/N=1 (KB*N=5, odd): ratio is 2*c-1, NOT 2.0 — consumed=3 emitted=5 r=1.6667

[F] STAGE 0b — realization measurement (vs ORIGINAL weights)
    rel_err = max|a@W_rec - a@W_real| / max|a@W_real|, activations identical both sides

  gaussian  (column dynamic range 1.5x):
    INT8 baseline  rel_err = 0.00492   (shipped path)
    A tile         rel_err = 0.11542   ( 23.5x INT8)
    A tile  raw    rel_err = 0.11537   ( 23.4x INT8)
    A tile  pow2   rel_err = 0.19695   ( 40.0x INT8)
    B col          rel_err = 0.09987   ( 20.3x INT8)
    B G=32         rel_err = 0.07758   ( 15.8x INT8)
    B G=16         rel_err = 0.07262   ( 14.8x INT8)

  uniform  (column dynamic range 1.0x):
    INT8 baseline  rel_err = 0.00398   (shipped path)
    A tile         rel_err = 0.06541   ( 16.4x INT8)
    A tile  raw    rel_err = 0.06541   ( 16.4x INT8)
    A tile  pow2   rel_err = 0.13297   ( 33.4x INT8)
    B col          rel_err = 0.07817   ( 19.6x INT8)
    B G=32         rel_err = 0.07817   ( 19.6x INT8)
    B G=16         rel_err = 0.06092   ( 15.3x INT8)

  outlier  (column dynamic range 19.1x):
    INT8 baseline  rel_err = 0.00833   (shipped path)
    A tile         rel_err = 0.13109   ( 15.7x INT8)
    A tile  raw    rel_err = 0.13108   ( 15.7x INT8)
    A tile  pow2   rel_err = 0.27894   ( 33.5x INT8)
    B col          rel_err = 0.13171   ( 15.8x INT8)
    B G=32         rel_err = 0.12554   ( 15.1x INT8)
    B G=16         rel_err = 0.09259   ( 11.1x INT8)

  PASS  gaussian: (A) and (B) are within 25% of each other — B/A = 0.865
  PASS  uniform: (A) and (B) are within 25% of each other — B/A = 1.195
  PASS  outlier: (A) and (B) are within 25% of each other — B/A = 1.005
  PASS  gaussian: fp16-grade composite costs ~0 vs the raw scale — 0.11542 vs 0.11537
  PASS  gaussian: pow2-snapping the group scale costs >50% — 1.71x
  PASS  uniform: fp16-grade composite costs ~0 vs the raw scale — 0.06541 vs 0.06541
  PASS  uniform: pow2-snapping the group scale costs >50% — 2.03x
  PASS  outlier: fp16-grade composite costs ~0 vs the raw scale — 0.13109 vs 0.13108
  PASS  outlier: pow2-snapping the group scale costs >50% — 2.13x
  PASS  gaussian: G=16 beats tile-wide grouping — 0.07262 < 0.11542 (37% better)
  PASS  uniform: G=16 beats tile-wide grouping — 0.06092 < 0.06541 (7% better)
  PASS  outlier: G=16 beats tile-wide grouping — 0.09259 < 0.13109 (29% better)
  PASS  W4 costs 10-30x the INT8 baseline on projection error — best 11.1x, worst 23.5x
  PASS  gaussian: (A) tracks the intrinsic-INT4 reference within 20% — got 0.11542 vs intrinsic 0.11531 (+0%)
  PASS  uniform: (A) tracks the intrinsic-INT4 reference within 20% — got 0.06541 vs intrinsic 0.07755 (-16%)
  PASS  outlier: (A) tracks the intrinsic-INT4 reference within 20% — got 0.13109 vs intrinsic 0.13108 (+0%)
  PASS  measured errors match the pinned 21-value register

========================================================================
APEX W4 WEIGHT CODEC: ALL CHECKS PASS (bit-exact vs cq_codec primitives; realization measured)
GOLDEN SUITE: contract + compute + attention + transformer + plumbing7b + effbits + masksem ALL PASS
GOLDEN SUITE (B3): + weightcodec ALL PASS
GATE golden: PASS
mkdir -p build
python3 ../../../rtl/asu/gen_exp_lut_tables.py --out build/asu_exp_lut_tables.regen.svh
wrote build/asu_exp_lut_tables.regen.svh: 256 base (max 30783), 256 slope (max 1985)
diff -q build/asu_exp_lut_tables.regen.svh ../../../rtl/asu/asu_exp_lut_tables.svh
TABLES CHECK: rtl/asu/asu_exp_lut_tables.svh matches the golden arbiter
mkdir -p build
python3 gen_asu_vectors.py --outdir build
rmsnorm    : RNE ties engineered at lanes 3 (odd, rounds up) and 5 (even, holds)
exp oracle : 65536 entries -> build/exp_expected.hex
softmax    : rows n=24,1,4 (sum p0 = 32766/32768)
rmsnorm    : D=64 r=106 nrm=77; D=1 r=64 nrm=128
/opt/homebrew/bin/verilator --lint-only -Wall --timing --assert --timescale 1ns/1ps lint_waivers.vlt +incdir+../../../rtl/asu +incdir+../../../verif/common +incdir+build --top-module asu_softmax ../../../rtl/apex_pkg.sv ../../../rtl/xbr/stream_skid.sv ../../../rtl/asu/asu_exp_lut.sv ../../../rtl/asu/asu_softmax.sv
- V e r i l a t i o n   R e p o r t: Verilator 5.044 2026-01-01 rev vUNKNOWN-built20260101
- Verilator: Built from 0.117 MB sources in 5 modules, into 0.043 MB in 3 C++ files needing 0.000 MB
- Verilator: Walltime 0.016 s (elab=0.001, cvt=0.006, bld=0.000); cpu 0.013 s on 1 threads; alloced 9.562 MB
/opt/homebrew/bin/verilator --lint-only -Wall --timing --assert --timescale 1ns/1ps lint_waivers.vlt +incdir+../../../rtl/asu +incdir+../../../verif/common +incdir+build --top-module asu_rmsnorm ../../../rtl/apex_pkg.sv ../../../rtl/xbr/stream_skid.sv ../../../rtl/asu/rsqrt.sv ../../../rtl/asu/asu_rmsnorm.sv
- V e r i l a t i o n   R e p o r t: Verilator 5.044 2026-01-01 rev vUNKNOWN-built20260101
- Verilator: Built from 0.117 MB sources in 5 modules, into 0.054 MB in 3 C++ files needing 0.000 MB
- Verilator: Walltime 0.015 s (elab=0.001, cvt=0.007, bld=0.000); cpu 0.015 s on 1 threads; alloced 10.156 MB
/opt/homebrew/bin/verilator --lint-only -Wall --timing --assert --timescale 1ns/1ps lint_waivers.vlt +incdir+../../../rtl/asu +incdir+../../../verif/common +incdir+build --top-module asu_exp_lut ../../../rtl/apex_pkg.sv ../../../rtl/asu/asu_exp_lut.sv
- V e r i l a t i o n   R e p o r t: Verilator 5.044 2026-01-01 rev vUNKNOWN-built20260101
- Verilator: Built from 0.062 MB sources in 3 modules, into 0.011 MB in 3 C++ files needing 0.000 MB
- Verilator: Walltime 0.006 s (elab=0.001, cvt=0.002, bld=0.000); cpu 0.006 s on 1 threads; alloced 8.594 MB
LINT CLEAN (-Wall; waivers scoped to frozen apex_pkg.sv only)
mkdir -p build/obj_exp
/opt/homebrew/bin/verilator --binary -Wall --timing --assert --timescale 1ns/1ps lint_waivers.vlt +incdir+../../../rtl/asu +incdir+../../../verif/common +incdir+build --top-module tb_asu_exp_lut \
	    -Mdir build/obj_exp ../../../rtl/apex_pkg.sv ../../../rtl/asu/asu_exp_lut.sv tb_asu_exp_lut.sv
c++ -Os  -I.  -MMD -I/opt/homebrew/Cellar/verilator/5.044/share/verilator/include -I/opt/homebrew/Cellar/verilator/5.044/share/verilator/include/vltstd -DVERILATOR=1 -DVM_COVERAGE=0 -DVM_SC=0 -DVM_TIMING=1 -DVM_TRACE=0 -DVM_TRACE_FST=0 -DVM_TRACE_VCD=0 -DVM_TRACE_SAIF=0 -faligned-new -fbracket-depth=4096 -fcf-protection=none -Xclang -fno-pch-timestamp -Qunused-arguments -Wno-bool-operation -Wno-c++11-narrowing -Wno-constant-logical-operand -Wno-int-in-bool-context -Wno-non-pod-varargs -Wno-parentheses-equality -Wno-shadow -Wno-sign-compare -Wno-tautological-bitwise-compare -Wno-tautological-compare -Wno-uninitialized -Wno-unused-but-set-parameter -Wno-unused-but-set-variable -Wno-unused-parameter -Wno-unused-variable -Wno-vla-cxx-extension    -DVL_TIME_CONTEXT   -std=gnu++20 -c -o verilated.o /opt/homebrew/Cellar/verilator/5.044/share/verilator/include/verilated.cpp
warning: unknown warning option '-Wno-vla-cxx-extension'; did you mean '-Wno-vla-extension'? [-Wunknown-warning-option]
1 warning generated.
c++ -Os  -I.  -MMD -I/opt/homebrew/Cellar/verilator/5.044/share/verilator/include -I/opt/homebrew/Cellar/verilator/5.044/share/verilator/include/vltstd -DVERILATOR=1 -DVM_COVERAGE=0 -DVM_SC=0 -DVM_TIMING=1 -DVM_TRACE=0 -DVM_TRACE_FST=0 -DVM_TRACE_VCD=0 -DVM_TRACE_SAIF=0 -faligned-new -fbracket-depth=4096 -fcf-protection=none -Xclang -fno-pch-timestamp -Qunused-arguments -Wno-bool-operation -Wno-c++11-narrowing -Wno-constant-logical-operand -Wno-int-in-bool-context -Wno-non-pod-varargs -Wno-parentheses-equality -Wno-shadow -Wno-sign-compare -Wno-tautological-bitwise-compare -Wno-tautological-compare -Wno-uninitialized -Wno-unused-but-set-parameter -Wno-unused-but-set-variable -Wno-unused-parameter -Wno-unused-variable -Wno-vla-cxx-extension    -DVL_TIME_CONTEXT   -std=gnu++20 -c -o verilated_timing.o /opt/homebrew/Cellar/verilator/5.044/share/verilator/include/verilated_timing.cpp
warning: unknown warning option '-Wno-vla-cxx-extension'; did you mean '-Wno-vla-extension'? [-Wunknown-warning-option]
1 warning generated.
c++ -Os  -I.  -MMD -I/opt/homebrew/Cellar/verilator/5.044/share/verilator/include -I/opt/homebrew/Cellar/verilator/5.044/share/verilator/include/vltstd -DVERILATOR=1 -DVM_COVERAGE=0 -DVM_SC=0 -DVM_TIMING=1 -DVM_TRACE=0 -DVM_TRACE_FST=0 -DVM_TRACE_VCD=0 -DVM_TRACE_SAIF=0 -faligned-new -fbracket-depth=4096 -fcf-protection=none -Xclang -fno-pch-timestamp -Qunused-arguments -Wno-bool-operation -Wno-c++11-narrowing -Wno-constant-logical-operand -Wno-int-in-bool-context -Wno-non-pod-varargs -Wno-parentheses-equality -Wno-shadow -Wno-sign-compare -Wno-tautological-bitwise-compare -Wno-tautological-compare -Wno-uninitialized -Wno-unused-but-set-parameter -Wno-unused-but-set-variable -Wno-unused-parameter -Wno-unused-variable -Wno-vla-cxx-extension    -DVL_TIME_CONTEXT   -std=gnu++20 -c -o verilated_threads.o /opt/homebrew/Cellar/verilator/5.044/share/verilator/include/verilated_threads.cpp
warning: unknown warning option '-Wno-vla-cxx-extension'; did you mean '-Wno-vla-extension'? [-Wunknown-warning-option]
1 warning generated.
python3 /opt/homebrew/Cellar/verilator/5.044/share/verilator/bin/verilator_includer -DVL_INCLUDE_OPT=include Vtb_asu_exp_lut.cpp Vtb_asu_exp_lut___024root__0.cpp Vtb_asu_exp_lut__main.cpp Vtb_asu_exp_lut___024root__Slow.cpp Vtb_asu_exp_lut___024root__0__Slow.cpp Vtb_asu_exp_lut__Syms__Slow.cpp > Vtb_asu_exp_lut__ALL.cpp
c++ -Os  -I.  -MMD -I/opt/homebrew/Cellar/verilator/5.044/share/verilator/include -I/opt/homebrew/Cellar/verilator/5.044/share/verilator/include/vltstd -DVERILATOR=1 -DVM_COVERAGE=0 -DVM_SC=0 -DVM_TIMING=1 -DVM_TRACE=0 -DVM_TRACE_FST=0 -DVM_TRACE_VCD=0 -DVM_TRACE_SAIF=0 -faligned-new -fbracket-depth=4096 -fcf-protection=none -Xclang -fno-pch-timestamp -Qunused-arguments -Wno-bool-operation -Wno-c++11-narrowing -Wno-constant-logical-operand -Wno-int-in-bool-context -Wno-non-pod-varargs -Wno-parentheses-equality -Wno-shadow -Wno-sign-compare -Wno-tautological-bitwise-compare -Wno-tautological-compare -Wno-uninitialized -Wno-unused-but-set-parameter -Wno-unused-but-set-variable -Wno-unused-parameter -Wno-unused-variable -Wno-vla-cxx-extension    -DVL_TIME_CONTEXT   -std=gnu++20 -c -o Vtb_asu_exp_lut__ALL.o Vtb_asu_exp_lut__ALL.cpp
warning: unknown warning option '-Wno-vla-cxx-extension'; did you mean '-Wno-vla-extension'? [-Wunknown-warning-option]
1 warning generated.
c++  -Wl,-U,__Z15vl_time_stamp64v,-U,__Z13sc_time_stampv   verilated.o verilated_timing.o verilated_threads.o Vtb_asu_exp_lut__ALL.a    -pthread -lpthread   -o Vtb_asu_exp_lut
rm Vtb_asu_exp_lut__ALL.verilator_deplist.tmp
- V e r i l a t i o n   R e p o r t: Verilator 5.044 2026-01-01 rev vUNKNOWN-built20260101
- Verilator: Built from 0.086 MB sources in 4 modules, into 0.037 MB in 6 C++ files needing 0.000 MB
- Verilator: Walltime 4.843 s (elab=0.001, cvt=0.005, bld=4.832); cpu 0.011 s on 1 threads; alloced 9.453 MB
build/obj_exp/Vtb_asu_exp_lut
ASU EXP LUT SMOKE: ALL TESTS PASSED (t=65538000)
  65536/65536 input patterns bit-exact vs apex_golden exp_fx
  (full Q6.10 domain + both clamp directions)
- tb_asu_exp_lut.sv:65: Verilog $finish
- S i m u l a t i o n   R e p o r t: Verilator 5.044 2026-01-01
- Verilator: $finish at 5ms; walltime 0.014 s; speed 365.017 ms/s
- Verilator: cpu 0.014 s on 1 threads; alloced 2 MB
mkdir -p build/obj_softmax
/opt/homebrew/bin/verilator --binary -Wall --timing --assert --timescale 1ns/1ps lint_waivers.vlt +incdir+../../../rtl/asu +incdir+../../../verif/common +incdir+build --top-module tb_asu_softmax \
	    -Mdir build/obj_softmax ../../../rtl/apex_pkg.sv ../../../rtl/xbr/stream_skid.sv ../../../rtl/asu/asu_exp_lut.sv ../../../rtl/asu/asu_softmax.sv tb_asu_softmax.sv
c++ -Os  -I.  -MMD -I/opt/homebrew/Cellar/verilator/5.044/share/verilator/include -I/opt/homebrew/Cellar/verilator/5.044/share/verilator/include/vltstd -DVERILATOR=1 -DVM_COVERAGE=0 -DVM_SC=0 -DVM_TIMING=1 -DVM_TRACE=0 -DVM_TRACE_FST=0 -DVM_TRACE_VCD=0 -DVM_TRACE_SAIF=0 -faligned-new -fbracket-depth=4096 -fcf-protection=none -Xclang -fno-pch-timestamp -Qunused-arguments -Wno-bool-operation -Wno-c++11-narrowing -Wno-constant-logical-operand -Wno-int-in-bool-context -Wno-non-pod-varargs -Wno-parentheses-equality -Wno-shadow -Wno-sign-compare -Wno-tautological-bitwise-compare -Wno-tautological-compare -Wno-uninitialized -Wno-unused-but-set-parameter -Wno-unused-but-set-variable -Wno-unused-parameter -Wno-unused-variable -Wno-vla-cxx-extension    -DVL_TIME_CONTEXT   -std=gnu++20 -c -o verilated.o /opt/homebrew/Cellar/verilator/5.044/share/verilator/include/verilated.cpp
warning: unknown warning option '-Wno-vla-cxx-extension'; did you mean '-Wno-vla-extension'? [-Wunknown-warning-option]
1 warning generated.
c++ -Os  -I.  -MMD -I/opt/homebrew/Cellar/verilator/5.044/share/verilator/include -I/opt/homebrew/Cellar/verilator/5.044/share/verilator/include/vltstd -DVERILATOR=1 -DVM_COVERAGE=0 -DVM_SC=0 -DVM_TIMING=1 -DVM_TRACE=0 -DVM_TRACE_FST=0 -DVM_TRACE_VCD=0 -DVM_TRACE_SAIF=0 -faligned-new -fbracket-depth=4096 -fcf-protection=none -Xclang -fno-pch-timestamp -Qunused-arguments -Wno-bool-operation -Wno-c++11-narrowing -Wno-constant-logical-operand -Wno-int-in-bool-context -Wno-non-pod-varargs -Wno-parentheses-equality -Wno-shadow -Wno-sign-compare -Wno-tautological-bitwise-compare -Wno-tautological-compare -Wno-uninitialized -Wno-unused-but-set-parameter -Wno-unused-but-set-variable -Wno-unused-parameter -Wno-unused-variable -Wno-vla-cxx-extension    -DVL_TIME_CONTEXT   -std=gnu++20 -c -o verilated_timing.o /opt/homebrew/Cellar/verilator/5.044/share/verilator/include/verilated_timing.cpp
warning: unknown warning option '-Wno-vla-cxx-extension'; did you mean '-Wno-vla-extension'? [-Wunknown-warning-option]
1 warning generated.
c++ -Os  -I.  -MMD -I/opt/homebrew/Cellar/verilator/5.044/share/verilator/include -I/opt/homebrew/Cellar/verilator/5.044/share/verilator/include/vltstd -DVERILATOR=1 -DVM_COVERAGE=0 -DVM_SC=0 -DVM_TIMING=1 -DVM_TRACE=0 -DVM_TRACE_FST=0 -DVM_TRACE_VCD=0 -DVM_TRACE_SAIF=0 -faligned-new -fbracket-depth=4096 -fcf-protection=none -Xclang -fno-pch-timestamp -Qunused-arguments -Wno-bool-operation -Wno-c++11-narrowing -Wno-constant-logical-operand -Wno-int-in-bool-context -Wno-non-pod-varargs -Wno-parentheses-equality -Wno-shadow -Wno-sign-compare -Wno-tautological-bitwise-compare -Wno-tautological-compare -Wno-uninitialized -Wno-unused-but-set-parameter -Wno-unused-but-set-variable -Wno-unused-parameter -Wno-unused-variable -Wno-vla-cxx-extension    -DVL_TIME_CONTEXT   -std=gnu++20 -c -o verilated_threads.o /opt/homebrew/Cellar/verilator/5.044/share/verilator/include/verilated_threads.cpp
warning: unknown warning option '-Wno-vla-cxx-extension'; did you mean '-Wno-vla-extension'? [-Wunknown-warning-option]
1 warning generated.
python3 /opt/homebrew/Cellar/verilator/5.044/share/verilator/bin/verilator_includer -DVL_INCLUDE_OPT=include Vtb_asu_softmax.cpp Vtb_asu_softmax___024root__0.cpp Vtb_asu_softmax__main.cpp Vtb_asu_softmax___024root__Slow.cpp Vtb_asu_softmax___024root__0__Slow.cpp Vtb_asu_softmax__Syms__Slow.cpp > Vtb_asu_softmax__ALL.cpp
c++ -Os  -I.  -MMD -I/opt/homebrew/Cellar/verilator/5.044/share/verilator/include -I/opt/homebrew/Cellar/verilator/5.044/share/verilator/include/vltstd -DVERILATOR=1 -DVM_COVERAGE=0 -DVM_SC=0 -DVM_TIMING=1 -DVM_TRACE=0 -DVM_TRACE_FST=0 -DVM_TRACE_VCD=0 -DVM_TRACE_SAIF=0 -faligned-new -fbracket-depth=4096 -fcf-protection=none -Xclang -fno-pch-timestamp -Qunused-arguments -Wno-bool-operation -Wno-c++11-narrowing -Wno-constant-logical-operand -Wno-int-in-bool-context -Wno-non-pod-varargs -Wno-parentheses-equality -Wno-shadow -Wno-sign-compare -Wno-tautological-bitwise-compare -Wno-tautological-compare -Wno-uninitialized -Wno-unused-but-set-parameter -Wno-unused-but-set-variable -Wno-unused-parameter -Wno-unused-variable -Wno-vla-cxx-extension    -DVL_TIME_CONTEXT   -std=gnu++20 -c -o Vtb_asu_softmax__ALL.o Vtb_asu_softmax__ALL.cpp
warning: unknown warning option '-Wno-vla-cxx-extension'; did you mean '-Wno-vla-extension'? [-Wunknown-warning-option]
1 warning generated.
c++  -Wl,-U,__Z15vl_time_stamp64v,-U,__Z13sc_time_stampv   verilated.o verilated_timing.o verilated_threads.o Vtb_asu_softmax__ALL.a    -pthread -lpthread   -o Vtb_asu_softmax
rm Vtb_asu_softmax__ALL.verilator_deplist.tmp
- V e r i l a t i o n   R e p o r t: Verilator 5.044 2026-01-01 rev vUNKNOWN-built20260101
- Verilator: Built from 0.163 MB sources in 7 modules, into 0.144 MB in 6 C++ files needing 0.001 MB
- Verilator: Walltime 4.836 s (elab=0.004, cvt=0.015, bld=4.806); cpu 0.025 s on 1 threads; alloced 11.297 MB
build/obj_softmax/Vtb_asu_softmax
T1: 24-score row (2x rescale, dup max, 1 clamped)
T2: single-element row -> p = 0x8000
T3: INT32-extreme row
T4: oversize row (1025 beats) -> reject
T5: T1 row replay after reject
ASU SOFTMAX SMOKE: ALL TESTS PASSED
  T1 24-score row bit-exact vs online_softmax_fx
  T2 single-element row -> 0x8000 (1.0)
  T3 INT32-extreme row bit-exact (33-bit diff, clamp rescale)
  T4 oversize row rejected: pulse+sticky, zero side effects
  T5 replay after reject bit-exact (state clean)
- tb_asu_softmax.sv:322: Verilog $finish
- S i m u l a t i o n   R e p o r t: Verilator 5.044 2026-01-01
- Verilator: $finish at 40us; walltime 0.001 s; speed 40.373 ms/s
- Verilator: cpu 0.001 s on 1 threads; alloced 1 MB
mkdir -p build/obj_rmsnorm
/opt/homebrew/bin/verilator --binary -Wall --timing --assert --timescale 1ns/1ps lint_waivers.vlt +incdir+../../../rtl/asu +incdir+../../../verif/common +incdir+build --top-module tb_asu_rmsnorm \
	    -Mdir build/obj_rmsnorm ../../../rtl/apex_pkg.sv ../../../rtl/xbr/stream_skid.sv ../../../rtl/asu/rsqrt.sv ../../../rtl/asu/asu_rmsnorm.sv tb_asu_rmsnorm.sv
c++ -Os  -I.  -MMD -I/opt/homebrew/Cellar/verilator/5.044/share/verilator/include -I/opt/homebrew/Cellar/verilator/5.044/share/verilator/include/vltstd -DVERILATOR=1 -DVM_COVERAGE=0 -DVM_SC=0 -DVM_TIMING=1 -DVM_TRACE=0 -DVM_TRACE_FST=0 -DVM_TRACE_VCD=0 -DVM_TRACE_SAIF=0 -faligned-new -fbracket-depth=4096 -fcf-protection=none -Xclang -fno-pch-timestamp -Qunused-arguments -Wno-bool-operation -Wno-c++11-narrowing -Wno-constant-logical-operand -Wno-int-in-bool-context -Wno-non-pod-varargs -Wno-parentheses-equality -Wno-shadow -Wno-sign-compare -Wno-tautological-bitwise-compare -Wno-tautological-compare -Wno-uninitialized -Wno-unused-but-set-parameter -Wno-unused-but-set-variable -Wno-unused-parameter -Wno-unused-variable -Wno-vla-cxx-extension    -DVL_TIME_CONTEXT   -std=gnu++20 -c -o verilated.o /opt/homebrew/Cellar/verilator/5.044/share/verilator/include/verilated.cpp
warning: unknown warning option '-Wno-vla-cxx-extension'; did you mean '-Wno-vla-extension'? [-Wunknown-warning-option]
1 warning generated.
c++ -Os  -I.  -MMD -I/opt/homebrew/Cellar/verilator/5.044/share/verilator/include -I/opt/homebrew/Cellar/verilator/5.044/share/verilator/include/vltstd -DVERILATOR=1 -DVM_COVERAGE=0 -DVM_SC=0 -DVM_TIMING=1 -DVM_TRACE=0 -DVM_TRACE_FST=0 -DVM_TRACE_VCD=0 -DVM_TRACE_SAIF=0 -faligned-new -fbracket-depth=4096 -fcf-protection=none -Xclang -fno-pch-timestamp -Qunused-arguments -Wno-bool-operation -Wno-c++11-narrowing -Wno-constant-logical-operand -Wno-int-in-bool-context -Wno-non-pod-varargs -Wno-parentheses-equality -Wno-shadow -Wno-sign-compare -Wno-tautological-bitwise-compare -Wno-tautological-compare -Wno-uninitialized -Wno-unused-but-set-parameter -Wno-unused-but-set-variable -Wno-unused-parameter -Wno-unused-variable -Wno-vla-cxx-extension    -DVL_TIME_CONTEXT   -std=gnu++20 -c -o verilated_timing.o /opt/homebrew/Cellar/verilator/5.044/share/verilator/include/verilated_timing.cpp
warning: unknown warning option '-Wno-vla-cxx-extension'; did you mean '-Wno-vla-extension'? [-Wunknown-warning-option]
1 warning generated.
c++ -Os  -I.  -MMD -I/opt/homebrew/Cellar/verilator/5.044/share/verilator/include -I/opt/homebrew/Cellar/verilator/5.044/share/verilator/include/vltstd -DVERILATOR=1 -DVM_COVERAGE=0 -DVM_SC=0 -DVM_TIMING=1 -DVM_TRACE=0 -DVM_TRACE_FST=0 -DVM_TRACE_VCD=0 -DVM_TRACE_SAIF=0 -faligned-new -fbracket-depth=4096 -fcf-protection=none -Xclang -fno-pch-timestamp -Qunused-arguments -Wno-bool-operation -Wno-c++11-narrowing -Wno-constant-logical-operand -Wno-int-in-bool-context -Wno-non-pod-varargs -Wno-parentheses-equality -Wno-shadow -Wno-sign-compare -Wno-tautological-bitwise-compare -Wno-tautological-compare -Wno-uninitialized -Wno-unused-but-set-parameter -Wno-unused-but-set-variable -Wno-unused-parameter -Wno-unused-variable -Wno-vla-cxx-extension    -DVL_TIME_CONTEXT   -std=gnu++20 -c -o verilated_threads.o /opt/homebrew/Cellar/verilator/5.044/share/verilator/include/verilated_threads.cpp
warning: unknown warning option '-Wno-vla-cxx-extension'; did you mean '-Wno-vla-extension'? [-Wunknown-warning-option]
1 warning generated.
python3 /opt/homebrew/Cellar/verilator/5.044/share/verilator/bin/verilator_includer -DVL_INCLUDE_OPT=include Vtb_asu_rmsnorm.cpp Vtb_asu_rmsnorm___024root__0.cpp Vtb_asu_rmsnorm__main.cpp Vtb_asu_rmsnorm___024root__Slow.cpp Vtb_asu_rmsnorm___024root__0__Slow.cpp Vtb_asu_rmsnorm__Syms__Slow.cpp > Vtb_asu_rmsnorm__ALL.cpp
c++ -Os  -I.  -MMD -I/opt/homebrew/Cellar/verilator/5.044/share/verilator/include -I/opt/homebrew/Cellar/verilator/5.044/share/verilator/include/vltstd -DVERILATOR=1 -DVM_COVERAGE=0 -DVM_SC=0 -DVM_TIMING=1 -DVM_TRACE=0 -DVM_TRACE_FST=0 -DVM_TRACE_VCD=0 -DVM_TRACE_SAIF=0 -faligned-new -fbracket-depth=4096 -fcf-protection=none -Xclang -fno-pch-timestamp -Qunused-arguments -Wno-bool-operation -Wno-c++11-narrowing -Wno-constant-logical-operand -Wno-int-in-bool-context -Wno-non-pod-varargs -Wno-parentheses-equality -Wno-shadow -Wno-sign-compare -Wno-tautological-bitwise-compare -Wno-tautological-compare -Wno-uninitialized -Wno-unused-but-set-parameter -Wno-unused-but-set-variable -Wno-unused-parameter -Wno-unused-variable -Wno-vla-cxx-extension    -DVL_TIME_CONTEXT   -std=gnu++20 -c -o Vtb_asu_rmsnorm__ALL.o Vtb_asu_rmsnorm__ALL.cpp
warning: unknown warning option '-Wno-vla-cxx-extension'; did you mean '-Wno-vla-extension'? [-Wunknown-warning-option]
1 warning generated.
c++  -Wl,-U,__Z15vl_time_stamp64v,-U,__Z13sc_time_stampv   verilated.o verilated_timing.o verilated_threads.o Vtb_asu_rmsnorm__ALL.a    -pthread -lpthread   -o Vtb_asu_rmsnorm
rm Vtb_asu_rmsnorm__ALL.verilator_deplist.tmp
- V e r i l a t i o n   R e p o r t: Verilator 5.044 2026-01-01 rev vUNKNOWN-built20260101
- Verilator: Built from 0.168 MB sources in 7 modules, into 0.184 MB in 6 C++ files needing 0.000 MB
- Verilator: Walltime 5.353 s (elab=0.005, cvt=0.021, bld=5.313); cpu 0.034 s on 1 threads; alloced 13.031 MB
build/obj_rmsnorm/Vtb_asu_rmsnorm
T1: D=64 row (r=106 nrm=77 expected)
T2: D=3 (non-pow-2) -> reject
T3: 129-beat row -> overflow reject
T4: D=1 (x=-128, gamma=1.5, r=64 nrm=128 expected)
T5: D=64 replay after rejects
ASU RMSNORM SMOKE: ALL TESTS PASSED
  T1 D=64 bit-exact vs rmsnorm_fx (incl. dbg_norm)
  T2 non-pow-2 D rejected: pulse+sticky, zero side effects
  T3 oversize D rejected via FLUSH path
  T4 D=1 edge bit-exact
  T5 replay after rejects bit-exact (state clean)
- tb_asu_rmsnorm.sv:351: Verilog $finish
- S i m u l a t i o n   R e p o r t: Verilator 5.044 2026-01-01
- Verilator: $finish at 9us; walltime 0.000 s; speed 33.123 ms/s
- Verilator: cpu 0.000 s on 1 threads; alloced 1 MB
ASU SMOKE: all three TBs passed (see logs above)
GATE asu/smoke: PASS
/opt/homebrew/bin/verilator --lint-only -Wall --timing --assert --timescale 1ns/1ps lint_waivers.vlt -I../../../verif/common +incdir+../../../rtl/asu --top-module asu_softmax ../../../rtl/apex_pkg.sv ../../../rtl/xbr/stream_skid.sv ../../../rtl/asu/asu_exp_lut.sv ../../../rtl/asu/asu_softmax.sv
- V e r i l a t i o n   R e p o r t: Verilator 5.044 2026-01-01 rev vUNKNOWN-built20260101
- Verilator: Built from 0.117 MB sources in 5 modules, into 0.043 MB in 3 C++ files needing 0.000 MB
- Verilator: Walltime 0.019 s (elab=0.004, cvt=0.008, bld=0.000); cpu 0.014 s on 1 threads; alloced 10.328 MB
/opt/homebrew/bin/verilator --lint-only -Wall --timing --assert --timescale 1ns/1ps lint_waivers.vlt -I../../../verif/common +incdir+../../../rtl/asu --top-module asu_rmsnorm ../../../rtl/apex_pkg.sv ../../../rtl/xbr/stream_skid.sv ../../../rtl/asu/rsqrt.sv ../../../rtl/asu/asu_rmsnorm.sv
- V e r i l a t i o n   R e p o r t: Verilator 5.044 2026-01-01 rev vUNKNOWN-built20260101
- Verilator: Built from 0.117 MB sources in 5 modules, into 0.054 MB in 3 C++ files needing 0.000 MB
- Verilator: Walltime 0.015 s (elab=0.001, cvt=0.008, bld=0.000); cpu 0.015 s on 1 threads; alloced 10.406 MB
/opt/homebrew/bin/verilator --lint-only -Wall --timing --assert --timescale 1ns/1ps lint_waivers.vlt -I../../../verif/common +incdir+../../../rtl/asu --top-module asu_exp_lut \
	    ../../../rtl/apex_pkg.sv ../../../rtl/asu/asu_exp_lut.sv
- V e r i l a t i o n   R e p o r t: Verilator 5.044 2026-01-01 rev vUNKNOWN-built20260101
- Verilator: Built from 0.062 MB sources in 3 modules, into 0.011 MB in 3 C++ files needing 0.000 MB
- Verilator: Walltime 0.007 s (elab=0.001, cvt=0.002, bld=0.000); cpu 0.007 s on 1 threads; alloced 8.641 MB
LINT CLEAN (-Wall; waivers scoped to frozen apex_pkg.sv only)
mkdir -p build
python3 gen_asu_sb_vectors.py --outdir build | tee build/gen.log
AUDIT exp LUT: max |exp_fx - exp| = 4.628203e-04 (budget 2^-10 = 9.765625e-04) -> OK
sm_directed: 16 rows, 2 rejects, max ULP vs float64 = 1
sm_random  : 520 rows, 20 rejects, max ULP vs float64 = 2
sm_f10     : 153 rows, 0 rejects, max ULP vs float64 = 6
sm_reset   : 14 verify rows, 11 targeted + 3 cycle resets
rms ties   : lanes 2 (odd->up) / 9 (even->hold) r=107
rms_directed: 20 rows, 5 rejects, max|t|=11904 (sat16 needs >32767), max rel dev vs float ref = 0.4577
rms_random : 520 rows, 13 rejects, max|t|=2127, max rel dev vs float ref = 0.8711
rms_reset  : 14 verify rows, 11 targeted + 3 cycle resets
AUDIT rmsnorm oracle: 200 random rows identical to the implementer's documented mirror (independent transcription)
AUDIT softmax quality: max ULP vs float64 across all rows = 6 (ARCH §6 acceptance: <= 2)
AUDIT softmax quality VIOLATIONS: [(3, 4), (7, 4), (11, 5), (13, 4), (15, 5), (18, 3), (20, 3), (21, 4), (23, 3), (25, 3)]
AUDIT rmsnorm saturation: max |pre-sat t| observed = 11904 (sat16 at 32768+; structural bound ~11.9k at D<=128 -> sat buckets unreachable, clamp is defensive)
GEN: WARNING - softmax ULP budget exceeded (see RESULT.md)
GEN: all vector files written
mkdir -p build/obj_sm
/opt/homebrew/bin/verilator --binary -Wall --timing --assert --timescale 1ns/1ps lint_waivers.vlt -I../../../verif/common +incdir+../../../rtl/asu --trace-fst --top-module tb_asu_softmax_sb \
	    -Mdir build/obj_sm ../../../rtl/apex_pkg.sv ../../../rtl/xbr/stream_skid.sv ../../../rtl/asu/asu_exp_lut.sv ../../../rtl/asu/asu_softmax.sv tb_asu_softmax_sb.sv
c++ -Os  -I.  -MMD -I/opt/homebrew/Cellar/verilator/5.044/share/verilator/include -I/opt/homebrew/Cellar/verilator/5.044/share/verilator/include/vltstd -DVERILATOR=1 -DVM_COVERAGE=0 -DVM_SC=0 -DVM_TIMING=1 -DVM_TRACE=1 -DVM_TRACE_FST=1 -DVM_TRACE_VCD=0 -DVM_TRACE_SAIF=0 -faligned-new -fbracket-depth=4096 -fcf-protection=none -Xclang -fno-pch-timestamp -Qunused-arguments -Wno-bool-operation -Wno-c++11-narrowing -Wno-constant-logical-operand -Wno-int-in-bool-context -Wno-non-pod-varargs -Wno-parentheses-equality -Wno-shadow -Wno-sign-compare -Wno-tautological-bitwise-compare -Wno-tautological-compare -Wno-uninitialized -Wno-unused-but-set-parameter -Wno-unused-but-set-variable -Wno-unused-parameter -Wno-unused-variable -Wno-vla-cxx-extension    -DVL_TIME_CONTEXT   -std=gnu++20 -c -o verilated.o /opt/homebrew/Cellar/verilator/5.044/share/verilator/include/verilated.cpp
warning: unknown warning option '-Wno-vla-cxx-extension'; did you mean '-Wno-vla-extension'? [-Wunknown-warning-option]
1 warning generated.
c++ -Os  -I.  -MMD -I/opt/homebrew/Cellar/verilator/5.044/share/verilator/include -I/opt/homebrew/Cellar/verilator/5.044/share/verilator/include/vltstd -DVERILATOR=1 -DVM_COVERAGE=0 -DVM_SC=0 -DVM_TIMING=1 -DVM_TRACE=1 -DVM_TRACE_FST=1 -DVM_TRACE_VCD=0 -DVM_TRACE_SAIF=0 -faligned-new -fbracket-depth=4096 -fcf-protection=none -Xclang -fno-pch-timestamp -Qunused-arguments -Wno-bool-operation -Wno-c++11-narrowing -Wno-constant-logical-operand -Wno-int-in-bool-context -Wno-non-pod-varargs -Wno-parentheses-equality -Wno-shadow -Wno-sign-compare -Wno-tautological-bitwise-compare -Wno-tautological-compare -Wno-uninitialized -Wno-unused-but-set-parameter -Wno-unused-but-set-variable -Wno-unused-parameter -Wno-unused-variable -Wno-vla-cxx-extension    -DVL_TIME_CONTEXT   -std=gnu++20 -c -o verilated_fst_c.o /opt/homebrew/Cellar/verilator/5.044/share/verilator/include/verilated_fst_c.cpp
warning: unknown warning option '-Wno-vla-cxx-extension'; did you mean '-Wno-vla-extension'? [-Wunknown-warning-option]
1 warning generated.
c++ -Os  -I.  -MMD -I/opt/homebrew/Cellar/verilator/5.044/share/verilator/include -I/opt/homebrew/Cellar/verilator/5.044/share/verilator/include/vltstd -DVERILATOR=1 -DVM_COVERAGE=0 -DVM_SC=0 -DVM_TIMING=1 -DVM_TRACE=1 -DVM_TRACE_FST=1 -DVM_TRACE_VCD=0 -DVM_TRACE_SAIF=0 -faligned-new -fbracket-depth=4096 -fcf-protection=none -Xclang -fno-pch-timestamp -Qunused-arguments -Wno-bool-operation -Wno-c++11-narrowing -Wno-constant-logical-operand -Wno-int-in-bool-context -Wno-non-pod-varargs -Wno-parentheses-equality -Wno-shadow -Wno-sign-compare -Wno-tautological-bitwise-compare -Wno-tautological-compare -Wno-uninitialized -Wno-unused-but-set-parameter -Wno-unused-but-set-variable -Wno-unused-parameter -Wno-unused-variable -Wno-vla-cxx-extension    -DVL_TIME_CONTEXT   -std=gnu++20 -c -o verilated_timing.o /opt/homebrew/Cellar/verilator/5.044/share/verilator/include/verilated_timing.cpp
warning: unknown warning option '-Wno-vla-cxx-extension'; did you mean '-Wno-vla-extension'? [-Wunknown-warning-option]
1 warning generated.
c++ -Os  -I.  -MMD -I/opt/homebrew/Cellar/verilator/5.044/share/verilator/include -I/opt/homebrew/Cellar/verilator/5.044/share/verilator/include/vltstd -DVERILATOR=1 -DVM_COVERAGE=0 -DVM_SC=0 -DVM_TIMING=1 -DVM_TRACE=1 -DVM_TRACE_FST=1 -DVM_TRACE_VCD=0 -DVM_TRACE_SAIF=0 -faligned-new -fbracket-depth=4096 -fcf-protection=none -Xclang -fno-pch-timestamp -Qunused-arguments -Wno-bool-operation -Wno-c++11-narrowing -Wno-constant-logical-operand -Wno-int-in-bool-context -Wno-non-pod-varargs -Wno-parentheses-equality -Wno-shadow -Wno-sign-compare -Wno-tautological-bitwise-compare -Wno-tautological-compare -Wno-uninitialized -Wno-unused-but-set-parameter -Wno-unused-but-set-variable -Wno-unused-parameter -Wno-unused-variable -Wno-vla-cxx-extension    -DVL_TIME_CONTEXT   -std=gnu++20 -c -o verilated_threads.o /opt/homebrew/Cellar/verilator/5.044/share/verilator/include/verilated_threads.cpp
warning: unknown warning option '-Wno-vla-cxx-extension'; did you mean '-Wno-vla-extension'? [-Wunknown-warning-option]
1 warning generated.
python3 /opt/homebrew/Cellar/verilator/5.044/share/verilator/bin/verilator_includer -DVL_INCLUDE_OPT=include Vtb_asu_softmax_sb.cpp Vtb_asu_softmax_sb___024root__0.cpp Vtb_asu_softmax_sb_tb_asu_softmax_sb__0.cpp Vtb_asu_softmax_sb_tb_asu_softmax_sb__03a__03a__VDynScope_9__Vclpkg__0.cpp Vtb_asu_softmax_sb__main.cpp Vtb_asu_softmax_sb__Trace__0.cpp Vtb_asu_softmax_sb___024root__Slow.cpp Vtb_asu_softmax_sb___024root__0__Slow.cpp Vtb_asu_softmax_sb_tb_asu_softmax_sb__Slow.cpp Vtb_asu_softmax_sb_tb_asu_softmax_sb__0__Slow.cpp Vtb_asu_softmax_sb_tb_asu_softmax_sb__03a__03a__VDynScope_9__Vclpkg__Slow.cpp Vtb_asu_softmax_sb_tb_asu_softmax_sb__03a__03a__VDynScope_9__Vclpkg__0__Slow.cpp Vtb_asu_softmax_sb__Syms__Slow.cpp Vtb_asu_softmax_sb__Trace__0__Slow.cpp Vtb_asu_softmax_sb__TraceDecls__0__Slow.cpp > Vtb_asu_softmax_sb__ALL.cpp
c++ -Os  -I.  -MMD -I/opt/homebrew/Cellar/verilator/5.044/share/verilator/include -I/opt/homebrew/Cellar/verilator/5.044/share/verilator/include/vltstd -DVERILATOR=1 -DVM_COVERAGE=0 -DVM_SC=0 -DVM_TIMING=1 -DVM_TRACE=1 -DVM_TRACE_FST=1 -DVM_TRACE_VCD=0 -DVM_TRACE_SAIF=0 -faligned-new -fbracket-depth=4096 -fcf-protection=none -Xclang -fno-pch-timestamp -Qunused-arguments -Wno-bool-operation -Wno-c++11-narrowing -Wno-constant-logical-operand -Wno-int-in-bool-context -Wno-non-pod-varargs -Wno-parentheses-equality -Wno-shadow -Wno-sign-compare -Wno-tautological-bitwise-compare -Wno-tautological-compare -Wno-uninitialized -Wno-unused-but-set-parameter -Wno-unused-but-set-variable -Wno-unused-parameter -Wno-unused-variable -Wno-vla-cxx-extension    -DVL_TIME_CONTEXT   -std=gnu++20 -c -o Vtb_asu_softmax_sb__ALL.o Vtb_asu_softmax_sb__ALL.cpp
warning: unknown warning option '-Wno-vla-cxx-extension'; did you mean '-Wno-vla-extension'? [-Wunknown-warning-option]
1 warning generated.
c++  -Wl,-U,__Z15vl_time_stamp64v,-U,__Z13sc_time_stampv   verilated.o verilated_fst_c.o verilated_timing.o verilated_threads.o Vtb_asu_softmax_sb__ALL.a   -lz  -pthread -lpthread   -o Vtb_asu_softmax_sb
rm Vtb_asu_softmax_sb__ALL.verilator_deplist.tmp
- V e r i l a t i o n   R e p o r t: Verilator 5.044 2026-01-01 rev vUNKNOWN-built20260101
- Verilator: Built from 0.171 MB sources in 7 modules, into 0.261 MB in 15 C++ files needing 0.001 MB
- Verilator: Walltime 8.595 s (elab=0.004, cvt=0.019, bld=8.557); cpu 0.036 s on 1 threads; alloced 13.281 MB
mkdir -p build/obj_sm_f10
/opt/homebrew/bin/verilator --binary -Wall --timing --assert --timescale 1ns/1ps lint_waivers.vlt -I../../../verif/common +incdir+../../../rtl/asu --trace-fst --top-module tb_asu_softmax_sb \
	    -GTB_SCORE_FRAC=10 \
	    -Mdir build/obj_sm_f10 ../../../rtl/apex_pkg.sv ../../../rtl/xbr/stream_skid.sv ../../../rtl/asu/asu_exp_lut.sv ../../../rtl/asu/asu_softmax.sv tb_asu_softmax_sb.sv
c++ -Os  -I.  -MMD -I/opt/homebrew/Cellar/verilator/5.044/share/verilator/include -I/opt/homebrew/Cellar/verilator/5.044/share/verilator/include/vltstd -DVERILATOR=1 -DVM_COVERAGE=0 -DVM_SC=0 -DVM_TIMING=1 -DVM_TRACE=1 -DVM_TRACE_FST=1 -DVM_TRACE_VCD=0 -DVM_TRACE_SAIF=0 -faligned-new -fbracket-depth=4096 -fcf-protection=none -Xclang -fno-pch-timestamp -Qunused-arguments -Wno-bool-operation -Wno-c++11-narrowing -Wno-constant-logical-operand -Wno-int-in-bool-context -Wno-non-pod-varargs -Wno-parentheses-equality -Wno-shadow -Wno-sign-compare -Wno-tautological-bitwise-compare -Wno-tautological-compare -Wno-uninitialized -Wno-unused-but-set-parameter -Wno-unused-but-set-variable -Wno-unused-parameter -Wno-unused-variable -Wno-vla-cxx-extension    -DVL_TIME_CONTEXT   -std=gnu++20 -c -o verilated.o /opt/homebrew/Cellar/verilator/5.044/share/verilator/include/verilated.cpp
warning: unknown warning option '-Wno-vla-cxx-extension'; did you mean '-Wno-vla-extension'? [-Wunknown-warning-option]
1 warning generated.
c++ -Os  -I.  -MMD -I/opt/homebrew/Cellar/verilator/5.044/share/verilator/include -I/opt/homebrew/Cellar/verilator/5.044/share/verilator/include/vltstd -DVERILATOR=1 -DVM_COVERAGE=0 -DVM_SC=0 -DVM_TIMING=1 -DVM_TRACE=1 -DVM_TRACE_FST=1 -DVM_TRACE_VCD=0 -DVM_TRACE_SAIF=0 -faligned-new -fbracket-depth=4096 -fcf-protection=none -Xclang -fno-pch-timestamp -Qunused-arguments -Wno-bool-operation -Wno-c++11-narrowing -Wno-constant-logical-operand -Wno-int-in-bool-context -Wno-non-pod-varargs -Wno-parentheses-equality -Wno-shadow -Wno-sign-compare -Wno-tautological-bitwise-compare -Wno-tautological-compare -Wno-uninitialized -Wno-unused-but-set-parameter -Wno-unused-but-set-variable -Wno-unused-parameter -Wno-unused-variable -Wno-vla-cxx-extension    -DVL_TIME_CONTEXT   -std=gnu++20 -c -o verilated_fst_c.o /opt/homebrew/Cellar/verilator/5.044/share/verilator/include/verilated_fst_c.cpp
warning: unknown warning option '-Wno-vla-cxx-extension'; did you mean '-Wno-vla-extension'? [-Wunknown-warning-option]
1 warning generated.
c++ -Os  -I.  -MMD -I/opt/homebrew/Cellar/verilator/5.044/share/verilator/include -I/opt/homebrew/Cellar/verilator/5.044/share/verilator/include/vltstd -DVERILATOR=1 -DVM_COVERAGE=0 -DVM_SC=0 -DVM_TIMING=1 -DVM_TRACE=1 -DVM_TRACE_FST=1 -DVM_TRACE_VCD=0 -DVM_TRACE_SAIF=0 -faligned-new -fbracket-depth=4096 -fcf-protection=none -Xclang -fno-pch-timestamp -Qunused-arguments -Wno-bool-operation -Wno-c++11-narrowing -Wno-constant-logical-operand -Wno-int-in-bool-context -Wno-non-pod-varargs -Wno-parentheses-equality -Wno-shadow -Wno-sign-compare -Wno-tautological-bitwise-compare -Wno-tautological-compare -Wno-uninitialized -Wno-unused-but-set-parameter -Wno-unused-but-set-variable -Wno-unused-parameter -Wno-unused-variable -Wno-vla-cxx-extension    -DVL_TIME_CONTEXT   -std=gnu++20 -c -o verilated_timing.o /opt/homebrew/Cellar/verilator/5.044/share/verilator/include/verilated_timing.cpp
warning: unknown warning option '-Wno-vla-cxx-extension'; did you mean '-Wno-vla-extension'? [-Wunknown-warning-option]
1 warning generated.
c++ -Os  -I.  -MMD -I/opt/homebrew/Cellar/verilator/5.044/share/verilator/include -I/opt/homebrew/Cellar/verilator/5.044/share/verilator/include/vltstd -DVERILATOR=1 -DVM_COVERAGE=0 -DVM_SC=0 -DVM_TIMING=1 -DVM_TRACE=1 -DVM_TRACE_FST=1 -DVM_TRACE_VCD=0 -DVM_TRACE_SAIF=0 -faligned-new -fbracket-depth=4096 -fcf-protection=none -Xclang -fno-pch-timestamp -Qunused-arguments -Wno-bool-operation -Wno-c++11-narrowing -Wno-constant-logical-operand -Wno-int-in-bool-context -Wno-non-pod-varargs -Wno-parentheses-equality -Wno-shadow -Wno-sign-compare -Wno-tautological-bitwise-compare -Wno-tautological-compare -Wno-uninitialized -Wno-unused-but-set-parameter -Wno-unused-but-set-variable -Wno-unused-parameter -Wno-unused-variable -Wno-vla-cxx-extension    -DVL_TIME_CONTEXT   -std=gnu++20 -c -o verilated_threads.o /opt/homebrew/Cellar/verilator/5.044/share/verilator/include/verilated_threads.cpp
warning: unknown warning option '-Wno-vla-cxx-extension'; did you mean '-Wno-vla-extension'? [-Wunknown-warning-option]
1 warning generated.
python3 /opt/homebrew/Cellar/verilator/5.044/share/verilator/bin/verilator_includer -DVL_INCLUDE_OPT=include Vtb_asu_softmax_sb.cpp Vtb_asu_softmax_sb___024root__0.cpp Vtb_asu_softmax_sb_tb_asu_softmax_sb__0.cpp Vtb_asu_softmax_sb_tb_asu_softmax_sb__03a__03a__VDynScope_9__Vclpkg__0.cpp Vtb_asu_softmax_sb__main.cpp Vtb_asu_softmax_sb__Trace__0.cpp Vtb_asu_softmax_sb___024root__Slow.cpp Vtb_asu_softmax_sb___024root__0__Slow.cpp Vtb_asu_softmax_sb_tb_asu_softmax_sb__Slow.cpp Vtb_asu_softmax_sb_tb_asu_softmax_sb__0__Slow.cpp Vtb_asu_softmax_sb_tb_asu_softmax_sb__03a__03a__VDynScope_9__Vclpkg__Slow.cpp Vtb_asu_softmax_sb_tb_asu_softmax_sb__03a__03a__VDynScope_9__Vclpkg__0__Slow.cpp Vtb_asu_softmax_sb__Syms__Slow.cpp Vtb_asu_softmax_sb__Trace__0__Slow.cpp Vtb_asu_softmax_sb__TraceDecls__0__Slow.cpp > Vtb_asu_softmax_sb__ALL.cpp
c++ -Os  -I.  -MMD -I/opt/homebrew/Cellar/verilator/5.044/share/verilator/include -I/opt/homebrew/Cellar/verilator/5.044/share/verilator/include/vltstd -DVERILATOR=1 -DVM_COVERAGE=0 -DVM_SC=0 -DVM_TIMING=1 -DVM_TRACE=1 -DVM_TRACE_FST=1 -DVM_TRACE_VCD=0 -DVM_TRACE_SAIF=0 -faligned-new -fbracket-depth=4096 -fcf-protection=none -Xclang -fno-pch-timestamp -Qunused-arguments -Wno-bool-operation -Wno-c++11-narrowing -Wno-constant-logical-operand -Wno-int-in-bool-context -Wno-non-pod-varargs -Wno-parentheses-equality -Wno-shadow -Wno-sign-compare -Wno-tautological-bitwise-compare -Wno-tautological-compare -Wno-uninitialized -Wno-unused-but-set-parameter -Wno-unused-but-set-variable -Wno-unused-parameter -Wno-unused-variable -Wno-vla-cxx-extension    -DVL_TIME_CONTEXT   -std=gnu++20 -c -o Vtb_asu_softmax_sb__ALL.o Vtb_asu_softmax_sb__ALL.cpp
warning: unknown warning option '-Wno-vla-cxx-extension'; did you mean '-Wno-vla-extension'? [-Wunknown-warning-option]
1 warning generated.
c++  -Wl,-U,__Z15vl_time_stamp64v,-U,__Z13sc_time_stampv   verilated.o verilated_fst_c.o verilated_timing.o verilated_threads.o Vtb_asu_softmax_sb__ALL.a   -lz  -pthread -lpthread   -o Vtb_asu_softmax_sb
rm Vtb_asu_softmax_sb__ALL.verilator_deplist.tmp
- V e r i l a t i o n   R e p o r t: Verilator 5.044 2026-01-01 rev vUNKNOWN-built20260101
- Verilator: Built from 0.171 MB sources in 7 modules, into 0.273 MB in 15 C++ files needing 0.001 MB
- Verilator: Walltime 8.024 s (elab=0.004, cvt=0.025, bld=7.979); cpu 0.037 s on 1 threads; alloced 13.656 MB
mkdir -p build/obj_rms
/opt/homebrew/bin/verilator --binary -Wall --timing --assert --timescale 1ns/1ps lint_waivers.vlt -I../../../verif/common +incdir+../../../rtl/asu --trace-fst --top-module tb_asu_rmsnorm_sb \
	    -Mdir build/obj_rms ../../../rtl/apex_pkg.sv ../../../rtl/xbr/stream_skid.sv ../../../rtl/asu/rsqrt.sv ../../../rtl/asu/asu_rmsnorm.sv tb_asu_rmsnorm_sb.sv
c++ -Os  -I.  -MMD -I/opt/homebrew/Cellar/verilator/5.044/share/verilator/include -I/opt/homebrew/Cellar/verilator/5.044/share/verilator/include/vltstd -DVERILATOR=1 -DVM_COVERAGE=0 -DVM_SC=0 -DVM_TIMING=1 -DVM_TRACE=1 -DVM_TRACE_FST=1 -DVM_TRACE_VCD=0 -DVM_TRACE_SAIF=0 -faligned-new -fbracket-depth=4096 -fcf-protection=none -Xclang -fno-pch-timestamp -Qunused-arguments -Wno-bool-operation -Wno-c++11-narrowing -Wno-constant-logical-operand -Wno-int-in-bool-context -Wno-non-pod-varargs -Wno-parentheses-equality -Wno-shadow -Wno-sign-compare -Wno-tautological-bitwise-compare -Wno-tautological-compare -Wno-uninitialized -Wno-unused-but-set-parameter -Wno-unused-but-set-variable -Wno-unused-parameter -Wno-unused-variable -Wno-vla-cxx-extension    -DVL_TIME_CONTEXT   -std=gnu++20 -c -o verilated.o /opt/homebrew/Cellar/verilator/5.044/share/verilator/include/verilated.cpp
warning: unknown warning option '-Wno-vla-cxx-extension'; did you mean '-Wno-vla-extension'? [-Wunknown-warning-option]
1 warning generated.
c++ -Os  -I.  -MMD -I/opt/homebrew/Cellar/verilator/5.044/share/verilator/include -I/opt/homebrew/Cellar/verilator/5.044/share/verilator/include/vltstd -DVERILATOR=1 -DVM_COVERAGE=0 -DVM_SC=0 -DVM_TIMING=1 -DVM_TRACE=1 -DVM_TRACE_FST=1 -DVM_TRACE_VCD=0 -DVM_TRACE_SAIF=0 -faligned-new -fbracket-depth=4096 -fcf-protection=none -Xclang -fno-pch-timestamp -Qunused-arguments -Wno-bool-operation -Wno-c++11-narrowing -Wno-constant-logical-operand -Wno-int-in-bool-context -Wno-non-pod-varargs -Wno-parentheses-equality -Wno-shadow -Wno-sign-compare -Wno-tautological-bitwise-compare -Wno-tautological-compare -Wno-uninitialized -Wno-unused-but-set-parameter -Wno-unused-but-set-variable -Wno-unused-parameter -Wno-unused-variable -Wno-vla-cxx-extension    -DVL_TIME_CONTEXT   -std=gnu++20 -c -o verilated_fst_c.o /opt/homebrew/Cellar/verilator/5.044/share/verilator/include/verilated_fst_c.cpp
warning: unknown warning option '-Wno-vla-cxx-extension'; did you mean '-Wno-vla-extension'? [-Wunknown-warning-option]
1 warning generated.
c++ -Os  -I.  -MMD -I/opt/homebrew/Cellar/verilator/5.044/share/verilator/include -I/opt/homebrew/Cellar/verilator/5.044/share/verilator/include/vltstd -DVERILATOR=1 -DVM_COVERAGE=0 -DVM_SC=0 -DVM_TIMING=1 -DVM_TRACE=1 -DVM_TRACE_FST=1 -DVM_TRACE_VCD=0 -DVM_TRACE_SAIF=0 -faligned-new -fbracket-depth=4096 -fcf-protection=none -Xclang -fno-pch-timestamp -Qunused-arguments -Wno-bool-operation -Wno-c++11-narrowing -Wno-constant-logical-operand -Wno-int-in-bool-context -Wno-non-pod-varargs -Wno-parentheses-equality -Wno-shadow -Wno-sign-compare -Wno-tautological-bitwise-compare -Wno-tautological-compare -Wno-uninitialized -Wno-unused-but-set-parameter -Wno-unused-but-set-variable -Wno-unused-parameter -Wno-unused-variable -Wno-vla-cxx-extension    -DVL_TIME_CONTEXT   -std=gnu++20 -c -o verilated_timing.o /opt/homebrew/Cellar/verilator/5.044/share/verilator/include/verilated_timing.cpp
warning: unknown warning option '-Wno-vla-cxx-extension'; did you mean '-Wno-vla-extension'? [-Wunknown-warning-option]
1 warning generated.
c++ -Os  -I.  -MMD -I/opt/homebrew/Cellar/verilator/5.044/share/verilator/include -I/opt/homebrew/Cellar/verilator/5.044/share/verilator/include/vltstd -DVERILATOR=1 -DVM_COVERAGE=0 -DVM_SC=0 -DVM_TIMING=1 -DVM_TRACE=1 -DVM_TRACE_FST=1 -DVM_TRACE_VCD=0 -DVM_TRACE_SAIF=0 -faligned-new -fbracket-depth=4096 -fcf-protection=none -Xclang -fno-pch-timestamp -Qunused-arguments -Wno-bool-operation -Wno-c++11-narrowing -Wno-constant-logical-operand -Wno-int-in-bool-context -Wno-non-pod-varargs -Wno-parentheses-equality -Wno-shadow -Wno-sign-compare -Wno-tautological-bitwise-compare -Wno-tautological-compare -Wno-uninitialized -Wno-unused-but-set-parameter -Wno-unused-but-set-variable -Wno-unused-parameter -Wno-unused-variable -Wno-vla-cxx-extension    -DVL_TIME_CONTEXT   -std=gnu++20 -c -o verilated_threads.o /opt/homebrew/Cellar/verilator/5.044/share/verilator/include/verilated_threads.cpp
warning: unknown warning option '-Wno-vla-cxx-extension'; did you mean '-Wno-vla-extension'? [-Wunknown-warning-option]
1 warning generated.
python3 /opt/homebrew/Cellar/verilator/5.044/share/verilator/bin/verilator_includer -DVL_INCLUDE_OPT=include Vtb_asu_rmsnorm_sb.cpp Vtb_asu_rmsnorm_sb___024root__0.cpp Vtb_asu_rmsnorm_sb_tb_asu_rmsnorm_sb__0.cpp Vtb_asu_rmsnorm_sb_tb_asu_rmsnorm_sb__03a__03a__VDynScope_9__Vclpkg__0.cpp Vtb_asu_rmsnorm_sb__main.cpp Vtb_asu_rmsnorm_sb__Trace__0.cpp Vtb_asu_rmsnorm_sb___024root__Slow.cpp Vtb_asu_rmsnorm_sb___024root__0__Slow.cpp Vtb_asu_rmsnorm_sb_tb_asu_rmsnorm_sb__Slow.cpp Vtb_asu_rmsnorm_sb_tb_asu_rmsnorm_sb__0__Slow.cpp Vtb_asu_rmsnorm_sb_tb_asu_rmsnorm_sb__03a__03a__VDynScope_9__Vclpkg__Slow.cpp Vtb_asu_rmsnorm_sb_tb_asu_rmsnorm_sb__03a__03a__VDynScope_9__Vclpkg__0__Slow.cpp Vtb_asu_rmsnorm_sb__Syms__Slow.cpp Vtb_asu_rmsnorm_sb__Trace__0__Slow.cpp Vtb_asu_rmsnorm_sb__TraceDecls__0__Slow.cpp > Vtb_asu_rmsnorm_sb__ALL.cpp
c++ -Os  -I.  -MMD -I/opt/homebrew/Cellar/verilator/5.044/share/verilator/include -I/opt/homebrew/Cellar/verilator/5.044/share/verilator/include/vltstd -DVERILATOR=1 -DVM_COVERAGE=0 -DVM_SC=0 -DVM_TIMING=1 -DVM_TRACE=1 -DVM_TRACE_FST=1 -DVM_TRACE_VCD=0 -DVM_TRACE_SAIF=0 -faligned-new -fbracket-depth=4096 -fcf-protection=none -Xclang -fno-pch-timestamp -Qunused-arguments -Wno-bool-operation -Wno-c++11-narrowing -Wno-constant-logical-operand -Wno-int-in-bool-context -Wno-non-pod-varargs -Wno-parentheses-equality -Wno-shadow -Wno-sign-compare -Wno-tautological-bitwise-compare -Wno-tautological-compare -Wno-uninitialized -Wno-unused-but-set-parameter -Wno-unused-but-set-variable -Wno-unused-parameter -Wno-unused-variable -Wno-vla-cxx-extension    -DVL_TIME_CONTEXT   -std=gnu++20 -c -o Vtb_asu_rmsnorm_sb__ALL.o Vtb_asu_rmsnorm_sb__ALL.cpp
warning: unknown warning option '-Wno-vla-cxx-extension'; did you mean '-Wno-vla-extension'? [-Wunknown-warning-option]
1 warning generated.
c++  -Wl,-U,__Z15vl_time_stamp64v,-U,__Z13sc_time_stampv   verilated.o verilated_fst_c.o verilated_timing.o verilated_threads.o Vtb_asu_rmsnorm_sb__ALL.a   -lz  -pthread -lpthread   -o Vtb_asu_rmsnorm_sb
rm Vtb_asu_rmsnorm_sb__ALL.verilator_deplist.tmp
- V e r i l a t i o n   R e p o r t: Verilator 5.044 2026-01-01 rev vUNKNOWN-built20260101
- Verilator: Built from 0.175 MB sources in 7 modules, into 0.320 MB in 15 C++ files needing 0.001 MB
- Verilator: Walltime 8.521 s (elab=0.004, cvt=0.024, bld=8.476); cpu 0.041 s on 1 threads; alloced 14.125 MB
set -o pipefail; build/obj_sm/Vtb_asu_softmax_sb +vectors=build/vectors_sm_directed.txt +bp_mode=1 \
	    +stall_mode=1 +seed=11 | tee build/run_sm_directed.log
COV sm_n_eq_1 2
COV sm_n_eq_2 3
COV sm_n_mid 10
COV sm_n_eq_max 1
COV sm_p_zero 772
COV sm_p_one 5
COV sm_p_mid 540
COV sm_dup_max 8
COV sm_resc_ge2 2
COV sm_all_equal 2
COV sm_clamp 9
COV sm_clamp_boundary 4
COV sm_i32_extreme 3
COV sm_neg_scores 6
COV sm_lut_frac 0
COV sm_cfg_frac0 1
COV sm_cfg_frac10 0
COV sm_rej_direct 1
COV sm_rej_flush 1
COV sm_rst_collect 0
COV sm_rst_flush 0
COV sm_rst_load 0
COV sm_rst_div 0
COV sm_rst_push 0
COV sm_rst_drain 0
COV sm_rst_random 0
COV sm_rst_idle 0
COV sm_bp_full 0
COV sm_bp_random 1
COV sm_bp_storm 0
COV sm_stall_none 0
COV sm_stall_random 1
COV sm_stall_storm 0
TB PASS: 16 rows, 2 rejects, 0 mid-op resets, 0 errors (frac=0 bp=1 stall=1 seed=11)
- tb_asu_softmax_sb.sv:602: Verilog $finish
- S i m u l a t i o n   R e p o r t: Verilator 5.044 2026-01-01
- Verilator: $finish at 538us; walltime 0.015 s; speed 37.247 ms/s
- Verilator: cpu 0.014 s on 1 threads; alloced 2 MB
set -o pipefail; build/obj_sm/Vtb_asu_softmax_sb +vectors=build/vectors_sm_directed.txt +bp_mode=0 \
	    +stall_mode=0 +seed=12 | tee build/run_sm_fast.log
COV sm_n_eq_1 2
COV sm_n_eq_2 3
COV sm_n_mid 10
COV sm_n_eq_max 1
COV sm_p_zero 772
COV sm_p_one 5
COV sm_p_mid 540
COV sm_dup_max 8
COV sm_resc_ge2 2
COV sm_all_equal 2
COV sm_clamp 9
COV sm_clamp_boundary 4
COV sm_i32_extreme 3
COV sm_neg_scores 6
COV sm_lut_frac 0
COV sm_cfg_frac0 1
COV sm_cfg_frac10 0
COV sm_rej_direct 1
COV sm_rej_flush 1
COV sm_rst_collect 0
COV sm_rst_flush 0
COV sm_rst_load 0
COV sm_rst_div 0
COV sm_rst_push 0
COV sm_rst_drain 0
COV sm_rst_random 0
COV sm_rst_idle 0
COV sm_bp_full 1
COV sm_bp_random 0
COV sm_bp_storm 0
COV sm_stall_none 1
COV sm_stall_random 0
COV sm_stall_storm 0
TB PASS: 16 rows, 2 rejects, 0 mid-op resets, 0 errors (frac=0 bp=0 stall=0 seed=12)
- tb_asu_softmax_sb.sv:602: Verilog $finish
- S i m u l a t i o n   R e p o r t: Verilator 5.044 2026-01-01
- Verilator: $finish at 504us; walltime 0.014 s; speed 37.698 ms/s
- Verilator: cpu 0.013 s on 1 threads; alloced 2 MB
set -o pipefail; build/obj_sm/Vtb_asu_softmax_sb +vectors=build/vectors_sm_random.txt +bp_mode=1 \
	    +stall_mode=1 +seed=13 | tee build/run_sm_random.log
COV sm_n_eq_1 26
COV sm_n_eq_2 15
COV sm_n_mid 479
COV sm_n_eq_max 0
COV sm_p_zero 21809
COV sm_p_one 186
COV sm_p_mid 4181
COV sm_dup_max 98
COV sm_resc_ge2 315
COV sm_all_equal 1
COV sm_clamp 474
COV sm_clamp_boundary 141
COV sm_i32_extreme 241
COV sm_neg_scores 281
COV sm_lut_frac 0
COV sm_cfg_frac0 1
COV sm_cfg_frac10 0
COV sm_rej_direct 8
COV sm_rej_flush 12
COV sm_rst_collect 0
COV sm_rst_flush 0
COV sm_rst_load 0
COV sm_rst_div 0
COV sm_rst_push 0
COV sm_rst_drain 0
COV sm_rst_random 0
COV sm_rst_idle 0
COV sm_bp_full 0
COV sm_bp_random 1
COV sm_bp_storm 0
COV sm_stall_none 0
COV sm_stall_random 1
COV sm_stall_storm 0
TB PASS: 520 rows, 20 rejects, 0 mid-op resets, 0 errors (frac=0 bp=1 stall=1 seed=13)
- tb_asu_softmax_sb.sv:602: Verilog $finish
- S i m u l a t i o n   R e p o r t: Verilator 5.044 2026-01-01
- Verilator: $finish at 10ms; walltime 0.273 s; speed 37.535 ms/s
- Verilator: cpu 0.269 s on 1 threads; alloced 2 MB
set -o pipefail; build/obj_sm/Vtb_asu_softmax_sb +vectors=build/vectors_sm_directed.txt +bp_mode=2 \
	    +stall_mode=2 +seed=14 | tee build/run_sm_storm.log
COV sm_n_eq_1 2
COV sm_n_eq_2 3
COV sm_n_mid 10
COV sm_n_eq_max 1
COV sm_p_zero 772
COV sm_p_one 5
COV sm_p_mid 540
COV sm_dup_max 8
COV sm_resc_ge2 2
COV sm_all_equal 2
COV sm_clamp 9
COV sm_clamp_boundary 4
COV sm_i32_extreme 3
COV sm_neg_scores 6
COV sm_lut_frac 0
COV sm_cfg_frac0 1
COV sm_cfg_frac10 0
COV sm_rej_direct 1
COV sm_rej_flush 1
COV sm_rst_collect 0
COV sm_rst_flush 0
COV sm_rst_load 0
COV sm_rst_div 0
COV sm_rst_push 0
COV sm_rst_drain 0
COV sm_rst_random 0
COV sm_rst_idle 0
COV sm_bp_full 0
COV sm_bp_random 0
COV sm_bp_storm 1
COV sm_stall_none 0
COV sm_stall_random 0
COV sm_stall_storm 1
TB PASS: 16 rows, 2 rejects, 0 mid-op resets, 0 errors (frac=0 bp=2 stall=2 seed=14)
- tb_asu_softmax_sb.sv:602: Verilog $finish
- S i m u l a t i o n   R e p o r t: Verilator 5.044 2026-01-01
- Verilator: $finish at 722us; walltime 0.019 s; speed 37.701 ms/s
- Verilator: cpu 0.019 s on 1 threads; alloced 2 MB
set -o pipefail; build/obj_sm/Vtb_asu_softmax_sb +vectors=build/vectors_sm_random.txt +bp_mode=0 \
	    +stall_mode=2 +seed=15 | tee build/run_sm_stall.log
COV sm_n_eq_1 26
COV sm_n_eq_2 15
COV sm_n_mid 479
COV sm_n_eq_max 0
COV sm_p_zero 21809
COV sm_p_one 186
COV sm_p_mid 4181
COV sm_dup_max 98
COV sm_resc_ge2 315
COV sm_all_equal 1
COV sm_clamp 474
COV sm_clamp_boundary 141
COV sm_i32_extreme 241
COV sm_neg_scores 281
COV sm_lut_frac 0
COV sm_cfg_frac0 1
COV sm_cfg_frac10 0
COV sm_rej_direct 8
COV sm_rej_flush 12
COV sm_rst_collect 0
COV sm_rst_flush 0
COV sm_rst_load 0
COV sm_rst_div 0
COV sm_rst_push 0
COV sm_rst_drain 0
COV sm_rst_random 0
COV sm_rst_idle 0
COV sm_bp_full 1
COV sm_bp_random 0
COV sm_bp_storm 0
COV sm_stall_none 0
COV sm_stall_random 0
COV sm_stall_storm 1
TB PASS: 520 rows, 20 rejects, 0 mid-op resets, 0 errors (frac=0 bp=0 stall=2 seed=15)
- tb_asu_softmax_sb.sv:602: Verilog $finish
- S i m u l a t i o n   R e p o r t: Verilator 5.044 2026-01-01
- Verilator: $finish at 10ms; walltime 0.274 s; speed 37.237 ms/s
- Verilator: cpu 0.271 s on 1 threads; alloced 2 MB
set -o pipefail; build/obj_sm_f10/Vtb_asu_softmax_sb +vectors=build/vectors_sm_f10.txt +bp_mode=1 \
	    +stall_mode=1 +seed=17 | tee build/run_sm_f10.log
COV sm_n_eq_1 5
COV sm_n_eq_2 5
COV sm_n_mid 143
COV sm_n_eq_max 0
COV sm_p_zero 1307
COV sm_p_one 6
COV sm_p_mid 2267
COV sm_dup_max 1
COV sm_resc_ge2 100
COV sm_all_equal 1
COV sm_clamp 1
COV sm_clamp_boundary 1
COV sm_i32_extreme 0
COV sm_neg_scores 74
COV sm_lut_frac 147
COV sm_cfg_frac0 0
COV sm_cfg_frac10 1
COV sm_rej_direct 0
COV sm_rej_flush 0
COV sm_rst_collect 0
COV sm_rst_flush 0
COV sm_rst_load 0
COV sm_rst_div 0
COV sm_rst_push 0
COV sm_rst_drain 0
COV sm_rst_random 0
COV sm_rst_idle 0
COV sm_bp_full 0
COV sm_bp_random 1
COV sm_bp_storm 0
COV sm_stall_none 0
COV sm_stall_random 1
COV sm_stall_storm 0
TB PASS: 153 rows, 0 rejects, 0 mid-op resets, 0 errors (frac=10 bp=1 stall=1 seed=17)
- tb_asu_softmax_sb.sv:602: Verilog $finish
- S i m u l a t i o n   R e p o r t: Verilator 5.044 2026-01-01
- Verilator: $finish at 1ms; walltime 0.036 s; speed 36.744 ms/s
- Verilator: cpu 0.035 s on 1 threads; alloced 2 MB
set -o pipefail; build/obj_sm/Vtb_asu_softmax_sb +vectors=build/vectors_sm_reset.txt +bp_mode=1 \
	    +stall_mode=0 +seed=16 | tee build/run_sm_reset.log
RESET [X1 n=8 phase=1 abort=0] cyc=10: mid-op reset in FSM phase 1
RESET [X2 n=33 phase=1 abort=0] cyc=210: mid-op reset in FSM phase 1
RESET [X3 n=8 phase=3 abort=0] cyc=424: mid-op reset in FSM phase 3
RESET [X4 n=33 phase=3 abort=0] cyc=688: mid-op reset in FSM phase 3
RESET [X5 n=8 phase=4 abort=0] cyc=903: mid-op reset in FSM phase 4
RESET [X6 n=33 phase=4 abort=0] cyc=1168: mid-op reset in FSM phase 4
RESET [X7 n=8 phase=5 abort=0] cyc=1414: mid-op reset in FSM phase 5
RESET [X8 n=33 phase=5 abort=0] cyc=1710: mid-op reset in FSM phase 5
RESET [X9 n=8 phase=6 abort=0] cyc=2188: mid-op reset in FSM phase 6
RESET [X10 n=33 phase=6 abort=0] cyc=3541: mid-op reset in FSM phase 6
RESET [X11 n=1084 phase=2 abort=0] cyc=5789: mid-op reset in FSM phase 2
RESET [X12 n=24 phase=0 abort=3] cyc=5954: mid-op reset in FSM phase 1
RESET [X13 n=24 phase=0 abort=17] cyc=6098: mid-op reset in FSM phase 1
RESET [X14 n=24 phase=0 abort=61] cyc=6286: mid-op reset in FSM phase 4
COV sm_n_eq_1 0
COV sm_n_eq_2 0
COV sm_n_mid 14
COV sm_n_eq_max 0
COV sm_p_zero 0
COV sm_p_one 0
COV sm_p_mid 63
COV sm_dup_max 0
COV sm_resc_ge2 11
COV sm_all_equal 0
COV sm_clamp 0
COV sm_clamp_boundary 0
COV sm_i32_extreme 0
COV sm_neg_scores 0
COV sm_lut_frac 0
COV sm_cfg_frac0 1
COV sm_cfg_frac10 0
COV sm_rej_direct 0
COV sm_rej_flush 0
COV sm_rst_collect 2
COV sm_rst_flush 1
COV sm_rst_load 2
COV sm_rst_div 2
COV sm_rst_push 2
COV sm_rst_drain 2
COV sm_rst_random 3
COV sm_rst_idle 0
COV sm_bp_full 0
COV sm_bp_random 1
COV sm_bp_storm 0
COV sm_stall_none 1
COV sm_stall_random 0
COV sm_stall_storm 0
TB PASS: 14 rows, 0 rejects, 14 mid-op resets, 0 errors (frac=0 bp=1 stall=0 seed=16)
- tb_asu_softmax_sb.sv:602: Verilog $finish
- S i m u l a t i o n   R e p o r t: Verilator 5.044 2026-01-01
- Verilator: $finish at 64us; walltime 0.002 s; speed 32.966 ms/s
- Verilator: cpu 0.002 s on 1 threads; alloced 2 MB
set -o pipefail; build/obj_rms/Vtb_asu_rmsnorm_sb +vectors=build/vectors_rms_directed.txt +bp_mode=1 \
	    +stall_mode=1 +g_mode=0 +seed=21 | tee build/run_rms_directed.log
COV rms_d_eq_1 6
COV rms_d_eq_128 4
COV rms_d_mid 10
COV rms_x_extreme 7
COV rms_all_zero_x 3
COV rms_g_zero_lane 3
COV rms_g_extreme 7
COV rms_tie_odd 1
COV rms_tie_even 1
COV rms_y_sat_pos 0
COV rms_y_sat_neg 0
COV rms_rej_nonpow2 3
COV rms_rej_over_direct 1
COV rms_rej_over_flush 1
COV rms_rst_collect 0
COV rms_rst_flush 0
COV rms_rst_issue 0
COV rms_rst_wait 0
COV rms_rst_emit 0
COV rms_rst_drain 0
COV rms_rst_random 0
COV rms_rst_idle 0
COV rms_bp_full 0
COV rms_bp_random 1
COV rms_bp_storm 0
COV rms_stall_none 0
COV rms_stall_random 1
COV rms_stall_storm 0
COV rms_g_lockstep 1
COV rms_g_late 0
COV rms_g_eager 0
TB PASS: 20 rows, 5 rejects, 0 mid-op resets, 0 errors (bp=1 stall=1 g=0 seed=21)
- tb_asu_rmsnorm_sb.sv:650: Verilog $finish
- S i m u l a t i o n   R e p o r t: Verilator 5.044 2026-01-01
- Verilator: $finish at 57us; walltime 0.002 s; speed 24.509 ms/s
- Verilator: cpu 0.002 s on 1 threads; alloced 2 MB
set -o pipefail; build/obj_rms/Vtb_asu_rmsnorm_sb +vectors=build/vectors_rms_directed.txt +bp_mode=0 \
	    +stall_mode=0 +g_mode=0 +seed=22 | tee build/run_rms_fast.log
COV rms_d_eq_1 6
COV rms_d_eq_128 4
COV rms_d_mid 10
COV rms_x_extreme 7
COV rms_all_zero_x 3
COV rms_g_zero_lane 3
COV rms_g_extreme 7
COV rms_tie_odd 1
COV rms_tie_even 1
COV rms_y_sat_pos 0
COV rms_y_sat_neg 0
COV rms_rej_nonpow2 3
COV rms_rej_over_direct 1
COV rms_rej_over_flush 1
COV rms_rst_collect 0
COV rms_rst_flush 0
COV rms_rst_issue 0
COV rms_rst_wait 0
COV rms_rst_emit 0
COV rms_rst_drain 0
COV rms_rst_random 0
COV rms_rst_idle 0
COV rms_bp_full 1
COV rms_bp_random 0
COV rms_bp_storm 0
COV rms_stall_none 1
COV rms_stall_random 0
COV rms_stall_storm 0
COV rms_g_lockstep 1
COV rms_g_late 0
COV rms_g_eager 0
TB PASS: 20 rows, 5 rejects, 0 mid-op resets, 0 errors (bp=0 stall=0 g=0 seed=22)
- tb_asu_rmsnorm_sb.sv:650: Verilog $finish
- S i m u l a t i o n   R e p o r t: Verilator 5.044 2026-01-01
- Verilator: $finish at 45us; walltime 0.002 s; speed 25.103 ms/s
- Verilator: cpu 0.002 s on 1 threads; alloced 2 MB
set -o pipefail; build/obj_rms/Vtb_asu_rmsnorm_sb +vectors=build/vectors_rms_random.txt +bp_mode=1 \
	    +stall_mode=1 +g_mode=1 +seed=23 | tee build/run_rms_random.log
COV rms_d_eq_1 63
COV rms_d_eq_128 74
COV rms_d_mid 383
COV rms_x_extreme 154
COV rms_all_zero_x 1
COV rms_g_zero_lane 0
COV rms_g_extreme 1
COV rms_tie_odd 0
COV rms_tie_even 0
COV rms_y_sat_pos 0
COV rms_y_sat_neg 0
COV rms_rej_nonpow2 8
COV rms_rej_over_direct 1
COV rms_rej_over_flush 4
COV rms_rst_collect 0
COV rms_rst_flush 0
COV rms_rst_issue 0
COV rms_rst_wait 0
COV rms_rst_emit 0
COV rms_rst_drain 0
COV rms_rst_random 0
COV rms_rst_idle 0
COV rms_bp_full 0
COV rms_bp_random 1
COV rms_bp_storm 0
COV rms_stall_none 0
COV rms_stall_random 1
COV rms_stall_storm 0
COV rms_g_lockstep 0
COV rms_g_late 1
COV rms_g_eager 0
TB PASS: 520 rows, 13 rejects, 0 mid-op resets, 0 errors (bp=1 stall=1 g=1 seed=23)
- tb_asu_rmsnorm_sb.sv:650: Verilog $finish
- S i m u l a t i o n   R e p o r t: Verilator 5.044 2026-01-01
- Verilator: $finish at 3ms; walltime 0.083 s; speed 31.330 ms/s
- Verilator: cpu 0.082 s on 1 threads; alloced 2 MB
set -o pipefail; build/obj_rms/Vtb_asu_rmsnorm_sb +vectors=build/vectors_rms_directed.txt +bp_mode=2 \
	    +stall_mode=2 +g_mode=2 +seed=24 | tee build/run_rms_storm.log
COV rms_d_eq_1 6
COV rms_d_eq_128 4
COV rms_d_mid 10
COV rms_x_extreme 7
COV rms_all_zero_x 3
COV rms_g_zero_lane 3
COV rms_g_extreme 7
COV rms_tie_odd 1
COV rms_tie_even 1
COV rms_y_sat_pos 0
COV rms_y_sat_neg 0
COV rms_rej_nonpow2 3
COV rms_rej_over_direct 1
COV rms_rej_over_flush 1
COV rms_rst_collect 0
COV rms_rst_flush 0
COV rms_rst_issue 0
COV rms_rst_wait 0
COV rms_rst_emit 0
COV rms_rst_drain 0
COV rms_rst_random 0
COV rms_rst_idle 0
COV rms_bp_full 0
COV rms_bp_random 0
COV rms_bp_storm 1
COV rms_stall_none 0
COV rms_stall_random 0
COV rms_stall_storm 1
COV rms_g_lockstep 0
COV rms_g_late 0
COV rms_g_eager 1
TB PASS: 20 rows, 5 rejects, 0 mid-op resets, 0 errors (bp=2 stall=2 g=2 seed=24)
- tb_asu_rmsnorm_sb.sv:650: Verilog $finish
- S i m u l a t i o n   R e p o r t: Verilator 5.044 2026-01-01
- Verilator: $finish at 209us; walltime 0.006 s; speed 34.326 ms/s
- Verilator: cpu 0.006 s on 1 threads; alloced 2 MB
set -o pipefail; build/obj_rms/Vtb_asu_rmsnorm_sb +vectors=build/vectors_rms_random.txt +bp_mode=1 \
	    +stall_mode=0 +g_mode=2 +seed=25 | tee build/run_rms_geager.log
COV rms_d_eq_1 63
COV rms_d_eq_128 74
COV rms_d_mid 383
COV rms_x_extreme 154
COV rms_all_zero_x 1
COV rms_g_zero_lane 0
COV rms_g_extreme 1
COV rms_tie_odd 0
COV rms_tie_even 0
COV rms_y_sat_pos 0
COV rms_y_sat_neg 0
COV rms_rej_nonpow2 8
COV rms_rej_over_direct 1
COV rms_rej_over_flush 4
COV rms_rst_collect 0
COV rms_rst_flush 0
COV rms_rst_issue 0
COV rms_rst_wait 0
COV rms_rst_emit 0
COV rms_rst_drain 0
COV rms_rst_random 0
COV rms_rst_idle 0
COV rms_bp_full 0
COV rms_bp_random 1
COV rms_bp_storm 0
COV rms_stall_none 1
COV rms_stall_random 0
COV rms_stall_storm 0
COV rms_g_lockstep 0
COV rms_g_late 0
COV rms_g_eager 1
TB PASS: 520 rows, 13 rejects, 0 mid-op resets, 0 errors (bp=1 stall=0 g=2 seed=25)
- tb_asu_rmsnorm_sb.sv:650: Verilog $finish
- S i m u l a t i o n   R e p o r t: Verilator 5.044 2026-01-01
- Verilator: $finish at 887us; walltime 0.038 s; speed 23.512 ms/s
- Verilator: cpu 0.038 s on 1 threads; alloced 2 MB
set -o pipefail; build/obj_rms/Vtb_asu_rmsnorm_sb +vectors=build/vectors_rms_reset.txt +bp_mode=1 \
	    +stall_mode=0 +g_mode=0 +seed=26 | tee build/run_rms_reset.log
RESET [Z1 d=16 phase=1 abort=0] cyc=10: mid-op reset in FSM phase 1
RESET [Z2 d=64 phase=1 abort=0] cyc=97: mid-op reset in FSM phase 1
RESET [Z3 d=16 phase=3 abort=0] cyc=214: mid-op reset in FSM phase 3
RESET [Z4 d=64 phase=3 abort=0] cyc=427: mid-op reset in FSM phase 3
RESET [Z5 d=16 phase=4 abort=0] cyc=545: mid-op reset in FSM phase 4
RESET [Z6 d=64 phase=4 abort=0] cyc=759: mid-op reset in FSM phase 4
RESET [Z7 d=16 phase=5 abort=0] cyc=909: mid-op reset in FSM phase 5
RESET [Z8 d=64 phase=5 abort=0] cyc=1155: mid-op reset in FSM phase 5
RESET [Z9 d=16 phase=6 abort=0] cyc=1334: mid-op reset in FSM phase 6
RESET [Z10 d=64 phase=6 abort=0] cyc=1705: mid-op reset in FSM phase 6
RESET [Z11 d=158 phase=2 abort=0] cyc=2048: mid-op reset in FSM phase 2
RESET [Z12 d=32 phase=0 abort=5] cyc=2117: mid-op reset in FSM phase 1
RESET [Z13 d=32 phase=0 abort=23] cyc=2208: mid-op reset in FSM phase 1
RESET [Z14 d=32 phase=0 abort=71] cyc=2347: mid-op reset in FSM phase 4
COV rms_d_eq_1 0
COV rms_d_eq_128 0
COV rms_d_mid 14
COV rms_x_extreme 2
COV rms_all_zero_x 0
COV rms_g_zero_lane 0
COV rms_g_extreme 0
COV rms_tie_odd 0
COV rms_tie_even 0
COV rms_y_sat_pos 0
COV rms_y_sat_neg 0
COV rms_rej_nonpow2 0
COV rms_rej_over_direct 0
COV rms_rej_over_flush 0
COV rms_rst_collect 2
COV rms_rst_flush 1
COV rms_rst_issue 2
COV rms_rst_wait 2
COV rms_rst_emit 2
COV rms_rst_drain 2
COV rms_rst_random 3
COV rms_rst_idle 0
COV rms_bp_full 0
COV rms_bp_random 1
COV rms_bp_storm 0
COV rms_stall_none 1
COV rms_stall_random 0
COV rms_stall_storm 0
COV rms_g_lockstep 1
COV rms_g_late 0
COV rms_g_eager 0
TB PASS: 14 rows, 0 rejects, 14 mid-op resets, 0 errors (bp=1 stall=0 g=0 seed=26)
- tb_asu_rmsnorm_sb.sv:650: Verilog $finish
- S i m u l a t i o n   R e p o r t: Verilator 5.044 2026-01-01
- Verilator: $finish at 24us; walltime 0.001 s; speed 25.943 ms/s
- Verilator: cpu 0.001 s on 1 threads; alloced 2 MB
python3 coverage_report.py build/run_*.log | tee build/coverage.txt
bucket                   hits  status   note
------------------------------------------------------------------------------------------------
sm_n_eq_1                  63  HIT      single-element row (p = 0x8000 exactly 1.0)
sm_n_eq_2                  44  HIT      two-element row
sm_n_mid                 1145  HIT      2 < n < SM_ROW_MAX
sm_n_eq_max                 3  HIT      n = SM_ROW_MAX = 1024 (row_buf capacity)
sm_p_zero               47241  HIT      probability quantizes to 0
sm_p_one                  393  HIT      probability = 0x8000 (UQ1.15 top)
sm_p_mid                12312  HIT      0 < p < 1.0
sm_dup_max                221  HIT      duplicated maximum (equal-to-max path)
sm_resc_ge2               747  HIT      >= 2 l-rescales (ascending maxima)
sm_all_equal                9  HIT      all-equal row (n rescale-free adds)
sm_clamp                  976  HIT      exp argument below -16.0 (clamped)
sm_clamp_boundary         295  HIT      exp argument exactly -16384 (floor entry)
sm_i32_extreme            491  HIT      |score| >= 2^30 (33-bit diff arithmetic)
sm_neg_scores             654  HIT      negative scores present
sm_lut_frac               147  HIT      LUT interpolation frac != 0 inside softmax (needs the SCORE_FRAC=10 build; frac 0 makes every exp arg a multiple of 2^10)
sm_cfg_frac0                6  HIT      SCORE_FRAC=0 build ran (C-5 product config)
sm_cfg_frac10               1  HIT      SCORE_FRAC=10 build ran (interp-rich cfg)
sm_rej_direct              19  HIT      oversize reject, last ON overflow beat
sm_rej_flush               27  HIT      oversize reject drained via ST_FLUSH
sm_rst_collect              2  HIT      reset in ST_COLLECT
sm_rst_flush                1  HIT      reset in ST_FLUSH (oversize row mid-drain)
sm_rst_load                 2  HIT      reset in ST_LOAD (1-cycle state, targeted)
sm_rst_div                  2  HIT      reset in ST_DIV (mid-division)
sm_rst_push                 2  HIT      reset in ST_PUSH (beat offered to skid)
sm_rst_drain                2  HIT      reset in ST_DRAIN (post-skid wait)
sm_rst_random               3  HIT      cycle-count (untargeted) aborts
sm_rst_idle                 0  hole(ok) abort landed after row completed — not a mid-op case (informational)
sm_bp_full                  2  HIT      run with m_ready held high
sm_bp_random                4  HIT      run with ~75% duty backpressure
sm_bp_storm                 1  HIT      run with ~6% duty backpressure storm
sm_stall_none               2  HIT      run with full-rate score feed
sm_stall_random             3  HIT      run with short random feed gaps
sm_stall_storm              2  HIT      run with bursty stalled feed (<=32 cyc)
rms_d_eq_1                144  HIT      D=1 row (last on first beat)
rms_d_eq_128              160  HIT      D=RMS_D_MAX=128 (x_buf capacity)
rms_d_mid                 810  HIT      D in {2..64} powers of two
rms_x_extreme             331  HIT      x contains -128 / +127
rms_all_zero_x             11  HIT      all-zero row (n2=1, r=8192 sat-free path)
rms_g_zero_lane             9  HIT      gamma=0 lane with x!=0 (y=0)
rms_g_extreme              23  HIT      gamma = -32768 / +32767
rms_tie_odd                 3  HIT      RNE tie, odd floor quotient (rounds up)
rms_tie_even                3  HIT      RNE tie, even floor quotient (holds) — the discriminator vs round-half-up
rms_y_sat_pos               0  hole(ok) UNREACHABLE at D<=128: max |pre-sat t| is ~11.9k < 32767 (measured bound printed by the generator); y_sat clamp is defensive
rms_y_sat_neg               0  hole(ok) UNREACHABLE — same structural bound
rms_rej_nonpow2            25  HIT      reject: D not a power of two
rms_rej_over_direct         5  HIT      reject: beat 129 carries last
rms_rej_over_flush         11  HIT      reject: >129 beats, drained via ST_FLUSH
rms_rst_collect             2  HIT      reset in ST_COLLECT
rms_rst_flush               1  HIT      reset in ST_FLUSH
rms_rst_issue               2  HIT      reset in ST_ISSUE (1-cycle rsqrt issue)
rms_rst_wait                2  HIT      reset in ST_WAIT (rsqrt mid-flight, D-018)
rms_rst_emit                2  HIT      reset in ST_EMIT (gamma consumption)
rms_rst_drain               2  HIT      reset in ST_DRAIN (post-skid wait)
rms_rst_random              3  HIT      cycle-count (untargeted) aborts
rms_rst_idle                0  hole(ok) abort landed after row completed — not a mid-op case (informational)
rms_bp_full                 1  HIT      run with m_ready held high
rms_bp_random               4  HIT      run with ~75% duty backpressure
rms_bp_storm                1  HIT      run with ~6% duty backpressure storm
rms_stall_none              3  HIT      run with full-rate x feed
rms_stall_random            2  HIT      run with short random x-feed gaps
rms_stall_storm             1  HIT      run with bursty stalled x feed
rms_g_lockstep              3  HIT      gamma delivered lockstep
rms_g_late                  1  HIT      gamma delayed 0..20 cycles per beat (EMIT stalls on the gamma stream)
rms_g_eager                 2  HIT      gamma pumped from row start (parks in the g-skid through COLLECT/ISSUE/WAIT)
------------------------------------------------------------------------------------------------
COVERAGE: all required buckets hit (60 required, 64 total)
python3 mutation_check.py | tee build/mutants.txt
MUTANT M1_sm_data_corrupt: DETECTED (rc=1) — [435000] %Error: tb_asu_softmax_sb.sv:125: Assertion failed in tb_asu_softmax_sb.ap_prob_range: [SVA §6] probability above UQ1.15 1.0 (32784)
MUTANT M2_lut_entry_off_by_one: DETECTED (rc=1) — FAIL [R8 n=64] cyc=6394: p[53] got 0x0001 exp 0x0000
MUTANT M3_rms_rne_to_half_up: DETECTED (rc=1) — FAIL [N18 d=64] cyc=4258: y[9] got 0x0323 exp 0x0322
MUTANT M4_sm_done_pre_drain: DETECTED (rc=1) — [445000] %Error: tb_asu_softmax_sb.sv:109: Assertion failed in tb_asu_softmax_sb.ap_out_only_in_job: [SVA D-019] output beat with no job in flight (stale beat)
MUTATION GATE: 4/4 mutants detected — checkers proven live
ASU SB: full independent suite passed (scoreboards, SVA, resets, coverage gate, mutation gate)
GATE asu/sb: PASS
mkdir -p build
python3 ../../../rtl/asu/gen_wide_rms_params.py --out build/asu_wide_rms_params.regen.svh
wrote build/asu_wide_rms_params.regen.svh: k = 1..64 (d = 128..8192), MU[28] = 74898, S[28] = 12 (D = 3584)
diff -q build/asu_wide_rms_params.regen.svh ../../../rtl/asu/asu_wide_rms_params.svh
PARAMS CHECK: rtl/asu/asu_wide_rms_params.svh matches the golden arbiter (_wide_mu)
mkdir -p build
python3 gen_wide_rms_vectors.py --outdir build | tee build/gen.log
wide ties  : lanes 2 (odd->up) / 3 (even->hold) r=112
μ boundary : sum2=10752 -> den 1 (MU) vs 2 (MU+1) — dbg_norm kills the off-by-one mutant
wide_directed: 17 rows, 5 rejects, 3 narrow rows == smoke oracle
wide_random : 60 rows, 3 rejects, 16 narrow rows == smoke oracle, k coverage 2..28 complete
wide_reset  : 14 verify rows, 11 targeted + 3 cycle resets
wide8k      : 4 rows, 1 rejects — all-(−128) corner (r,nrm)=(64,128) == D=128 corner
GEN: all wide vector files written
/opt/homebrew/bin/verilator --lint-only -Wall --timing --assert --timescale 1ns/1ps lint_waivers.vlt -I../../../verif/common +incdir+../../../rtl/asu --top-module asu_rmsnorm \
	    -GRMS_D_MAX=3584 ../../../rtl/apex_pkg.sv ../../../rtl/xbr/stream_skid.sv ../../../rtl/asu/rsqrt.sv ../../../rtl/asu/asu_rmsnorm.sv
- V e r i l a t i o n   R e p o r t: Verilator 5.044 2026-01-01 rev vUNKNOWN-built20260101
- Verilator: Built from 0.117 MB sources in 5 modules, into 0.065 MB in 3 C++ files needing 0.000 MB
- Verilator: Walltime 0.045 s (elab=0.009, cvt=0.014, bld=0.000); cpu 0.016 s on 1 threads; alloced 10.062 MB
/opt/homebrew/bin/verilator --lint-only -Wall --timing --assert --timescale 1ns/1ps lint_waivers.vlt -I../../../verif/common +incdir+../../../rtl/asu --top-module asu_rmsnorm \
	    -GRMS_D_MAX=8192 ../../../rtl/apex_pkg.sv ../../../rtl/xbr/stream_skid.sv ../../../rtl/asu/rsqrt.sv ../../../rtl/asu/asu_rmsnorm.sv
- V e r i l a t i o n   R e p o r t: Verilator 5.044 2026-01-01 rev vUNKNOWN-built20260101
- Verilator: Built from 0.117 MB sources in 5 modules, into 0.064 MB in 3 C++ files needing 0.000 MB
- Verilator: Walltime 0.014 s (elab=0.001, cvt=0.007, bld=0.000); cpu 0.014 s on 1 threads; alloced 9.219 MB
LINT CLEAN (-Wall, wide elaborations 3584 + 8192; waivers scoped to frozen apex_pkg.sv only)
mkdir -p build/obj_wide
/opt/homebrew/bin/verilator --binary -Wall --timing --assert --timescale 1ns/1ps lint_waivers.vlt -I../../../verif/common +incdir+../../../rtl/asu --trace-fst --top-module tb_asu_rmsnorm_wide \
	    -Mdir build/obj_wide ../../../rtl/apex_pkg.sv ../../../rtl/xbr/stream_skid.sv ../../../rtl/asu/rsqrt.sv ../../../rtl/asu/asu_rmsnorm.sv tb_asu_rmsnorm_wide.sv
c++ -Os  -I.  -MMD -I/opt/homebrew/Cellar/verilator/5.044/share/verilator/include -I/opt/homebrew/Cellar/verilator/5.044/share/verilator/include/vltstd -DVERILATOR=1 -DVM_COVERAGE=0 -DVM_SC=0 -DVM_TIMING=1 -DVM_TRACE=1 -DVM_TRACE_FST=1 -DVM_TRACE_VCD=0 -DVM_TRACE_SAIF=0 -faligned-new -fbracket-depth=4096 -fcf-protection=none -Xclang -fno-pch-timestamp -Qunused-arguments -Wno-bool-operation -Wno-c++11-narrowing -Wno-constant-logical-operand -Wno-int-in-bool-context -Wno-non-pod-varargs -Wno-parentheses-equality -Wno-shadow -Wno-sign-compare -Wno-tautological-bitwise-compare -Wno-tautological-compare -Wno-uninitialized -Wno-unused-but-set-parameter -Wno-unused-but-set-variable -Wno-unused-parameter -Wno-unused-variable -Wno-vla-cxx-extension    -DVL_TIME_CONTEXT   -std=gnu++20 -c -o verilated.o /opt/homebrew/Cellar/verilator/5.044/share/verilator/include/verilated.cpp
warning: unknown warning option '-Wno-vla-cxx-extension'; did you mean '-Wno-vla-extension'? [-Wunknown-warning-option]
1 warning generated.
c++ -Os  -I.  -MMD -I/opt/homebrew/Cellar/verilator/5.044/share/verilator/include -I/opt/homebrew/Cellar/verilator/5.044/share/verilator/include/vltstd -DVERILATOR=1 -DVM_COVERAGE=0 -DVM_SC=0 -DVM_TIMING=1 -DVM_TRACE=1 -DVM_TRACE_FST=1 -DVM_TRACE_VCD=0 -DVM_TRACE_SAIF=0 -faligned-new -fbracket-depth=4096 -fcf-protection=none -Xclang -fno-pch-timestamp -Qunused-arguments -Wno-bool-operation -Wno-c++11-narrowing -Wno-constant-logical-operand -Wno-int-in-bool-context -Wno-non-pod-varargs -Wno-parentheses-equality -Wno-shadow -Wno-sign-compare -Wno-tautological-bitwise-compare -Wno-tautological-compare -Wno-uninitialized -Wno-unused-but-set-parameter -Wno-unused-but-set-variable -Wno-unused-parameter -Wno-unused-variable -Wno-vla-cxx-extension    -DVL_TIME_CONTEXT   -std=gnu++20 -c -o verilated_fst_c.o /opt/homebrew/Cellar/verilator/5.044/share/verilator/include/verilated_fst_c.cpp
warning: unknown warning option '-Wno-vla-cxx-extension'; did you mean '-Wno-vla-extension'? [-Wunknown-warning-option]
1 warning generated.
c++ -Os  -I.  -MMD -I/opt/homebrew/Cellar/verilator/5.044/share/verilator/include -I/opt/homebrew/Cellar/verilator/5.044/share/verilator/include/vltstd -DVERILATOR=1 -DVM_COVERAGE=0 -DVM_SC=0 -DVM_TIMING=1 -DVM_TRACE=1 -DVM_TRACE_FST=1 -DVM_TRACE_VCD=0 -DVM_TRACE_SAIF=0 -faligned-new -fbracket-depth=4096 -fcf-protection=none -Xclang -fno-pch-timestamp -Qunused-arguments -Wno-bool-operation -Wno-c++11-narrowing -Wno-constant-logical-operand -Wno-int-in-bool-context -Wno-non-pod-varargs -Wno-parentheses-equality -Wno-shadow -Wno-sign-compare -Wno-tautological-bitwise-compare -Wno-tautological-compare -Wno-uninitialized -Wno-unused-but-set-parameter -Wno-unused-but-set-variable -Wno-unused-parameter -Wno-unused-variable -Wno-vla-cxx-extension    -DVL_TIME_CONTEXT   -std=gnu++20 -c -o verilated_timing.o /opt/homebrew/Cellar/verilator/5.044/share/verilator/include/verilated_timing.cpp
warning: unknown warning option '-Wno-vla-cxx-extension'; did you mean '-Wno-vla-extension'? [-Wunknown-warning-option]
1 warning generated.
c++ -Os  -I.  -MMD -I/opt/homebrew/Cellar/verilator/5.044/share/verilator/include -I/opt/homebrew/Cellar/verilator/5.044/share/verilator/include/vltstd -DVERILATOR=1 -DVM_COVERAGE=0 -DVM_SC=0 -DVM_TIMING=1 -DVM_TRACE=1 -DVM_TRACE_FST=1 -DVM_TRACE_VCD=0 -DVM_TRACE_SAIF=0 -faligned-new -fbracket-depth=4096 -fcf-protection=none -Xclang -fno-pch-timestamp -Qunused-arguments -Wno-bool-operation -Wno-c++11-narrowing -Wno-constant-logical-operand -Wno-int-in-bool-context -Wno-non-pod-varargs -Wno-parentheses-equality -Wno-shadow -Wno-sign-compare -Wno-tautological-bitwise-compare -Wno-tautological-compare -Wno-uninitialized -Wno-unused-but-set-parameter -Wno-unused-but-set-variable -Wno-unused-parameter -Wno-unused-variable -Wno-vla-cxx-extension    -DVL_TIME_CONTEXT   -std=gnu++20 -c -o verilated_threads.o /opt/homebrew/Cellar/verilator/5.044/share/verilator/include/verilated_threads.cpp
warning: unknown warning option '-Wno-vla-cxx-extension'; did you mean '-Wno-vla-extension'? [-Wunknown-warning-option]
1 warning generated.
python3 /opt/homebrew/Cellar/verilator/5.044/share/verilator/bin/verilator_includer -DVL_INCLUDE_OPT=include Vtb_asu_rmsnorm_wide.cpp Vtb_asu_rmsnorm_wide___024root__0.cpp Vtb_asu_rmsnorm_wide_tb_asu_rmsnorm_wide__0.cpp Vtb_asu_rmsnorm_wide_tb_asu_rmsnorm_wide__03a__03a__VDynScope_9__Vclpkg__0.cpp Vtb_asu_rmsnorm_wide__main.cpp Vtb_asu_rmsnorm_wide__Trace__0.cpp Vtb_asu_rmsnorm_wide___024root__Slow.cpp Vtb_asu_rmsnorm_wide___024root__0__Slow.cpp Vtb_asu_rmsnorm_wide_tb_asu_rmsnorm_wide__Slow.cpp Vtb_asu_rmsnorm_wide_tb_asu_rmsnorm_wide__0__Slow.cpp Vtb_asu_rmsnorm_wide_tb_asu_rmsnorm_wide__03a__03a__VDynScope_9__Vclpkg__Slow.cpp Vtb_asu_rmsnorm_wide_tb_asu_rmsnorm_wide__03a__03a__VDynScope_9__Vclpkg__0__Slow.cpp Vtb_asu_rmsnorm_wide__Syms__Slow.cpp Vtb_asu_rmsnorm_wide__Trace__0__Slow.cpp Vtb_asu_rmsnorm_wide__TraceDecls__0__Slow.cpp > Vtb_asu_rmsnorm_wide__ALL.cpp
c++ -Os  -I.  -MMD -I/opt/homebrew/Cellar/verilator/5.044/share/verilator/include -I/opt/homebrew/Cellar/verilator/5.044/share/verilator/include/vltstd -DVERILATOR=1 -DVM_COVERAGE=0 -DVM_SC=0 -DVM_TIMING=1 -DVM_TRACE=1 -DVM_TRACE_FST=1 -DVM_TRACE_VCD=0 -DVM_TRACE_SAIF=0 -faligned-new -fbracket-depth=4096 -fcf-protection=none -Xclang -fno-pch-timestamp -Qunused-arguments -Wno-bool-operation -Wno-c++11-narrowing -Wno-constant-logical-operand -Wno-int-in-bool-context -Wno-non-pod-varargs -Wno-parentheses-equality -Wno-shadow -Wno-sign-compare -Wno-tautological-bitwise-compare -Wno-tautological-compare -Wno-uninitialized -Wno-unused-but-set-parameter -Wno-unused-but-set-variable -Wno-unused-parameter -Wno-unused-variable -Wno-vla-cxx-extension    -DVL_TIME_CONTEXT   -std=gnu++20 -c -o Vtb_asu_rmsnorm_wide__ALL.o Vtb_asu_rmsnorm_wide__ALL.cpp
warning: unknown warning option '-Wno-vla-cxx-extension'; did you mean '-Wno-vla-extension'? [-Wunknown-warning-option]
1 warning generated.
c++  -Wl,-U,__Z15vl_time_stamp64v,-U,__Z13sc_time_stampv   verilated.o verilated_fst_c.o verilated_timing.o verilated_threads.o Vtb_asu_rmsnorm_wide__ALL.a   -lz  -pthread -lpthread   -o Vtb_asu_rmsnorm_wide
rm Vtb_asu_rmsnorm_wide__ALL.verilator_deplist.tmp
- V e r i l a t i o n   R e p o r t: Verilator 5.044 2026-01-01 rev vUNKNOWN-built20260101
- Verilator: Built from 0.174 MB sources in 7 modules, into 0.341 MB in 15 C++ files needing 0.001 MB
- Verilator: Walltime 8.036 s (elab=0.004, cvt=0.020, bld=8.000); cpu 0.036 s on 1 threads; alloced 11.875 MB
mkdir -p build/obj_wide8k
/opt/homebrew/bin/verilator --binary -Wall --timing --assert --timescale 1ns/1ps lint_waivers.vlt -I../../../verif/common +incdir+../../../rtl/asu --trace-fst --top-module tb_asu_rmsnorm_wide \
	    -GD_MAX=8192 \
	    -Mdir build/obj_wide8k ../../../rtl/apex_pkg.sv ../../../rtl/xbr/stream_skid.sv ../../../rtl/asu/rsqrt.sv ../../../rtl/asu/asu_rmsnorm.sv tb_asu_rmsnorm_wide.sv
c++ -Os  -I.  -MMD -I/opt/homebrew/Cellar/verilator/5.044/share/verilator/include -I/opt/homebrew/Cellar/verilator/5.044/share/verilator/include/vltstd -DVERILATOR=1 -DVM_COVERAGE=0 -DVM_SC=0 -DVM_TIMING=1 -DVM_TRACE=1 -DVM_TRACE_FST=1 -DVM_TRACE_VCD=0 -DVM_TRACE_SAIF=0 -faligned-new -fbracket-depth=4096 -fcf-protection=none -Xclang -fno-pch-timestamp -Qunused-arguments -Wno-bool-operation -Wno-c++11-narrowing -Wno-constant-logical-operand -Wno-int-in-bool-context -Wno-non-pod-varargs -Wno-parentheses-equality -Wno-shadow -Wno-sign-compare -Wno-tautological-bitwise-compare -Wno-tautological-compare -Wno-uninitialized -Wno-unused-but-set-parameter -Wno-unused-but-set-variable -Wno-unused-parameter -Wno-unused-variable -Wno-vla-cxx-extension    -DVL_TIME_CONTEXT   -std=gnu++20 -c -o verilated.o /opt/homebrew/Cellar/verilator/5.044/share/verilator/include/verilated.cpp
warning: unknown warning option '-Wno-vla-cxx-extension'; did you mean '-Wno-vla-extension'? [-Wunknown-warning-option]
1 warning generated.
c++ -Os  -I.  -MMD -I/opt/homebrew/Cellar/verilator/5.044/share/verilator/include -I/opt/homebrew/Cellar/verilator/5.044/share/verilator/include/vltstd -DVERILATOR=1 -DVM_COVERAGE=0 -DVM_SC=0 -DVM_TIMING=1 -DVM_TRACE=1 -DVM_TRACE_FST=1 -DVM_TRACE_VCD=0 -DVM_TRACE_SAIF=0 -faligned-new -fbracket-depth=4096 -fcf-protection=none -Xclang -fno-pch-timestamp -Qunused-arguments -Wno-bool-operation -Wno-c++11-narrowing -Wno-constant-logical-operand -Wno-int-in-bool-context -Wno-non-pod-varargs -Wno-parentheses-equality -Wno-shadow -Wno-sign-compare -Wno-tautological-bitwise-compare -Wno-tautological-compare -Wno-uninitialized -Wno-unused-but-set-parameter -Wno-unused-but-set-variable -Wno-unused-parameter -Wno-unused-variable -Wno-vla-cxx-extension    -DVL_TIME_CONTEXT   -std=gnu++20 -c -o verilated_fst_c.o /opt/homebrew/Cellar/verilator/5.044/share/verilator/include/verilated_fst_c.cpp
warning: unknown warning option '-Wno-vla-cxx-extension'; did you mean '-Wno-vla-extension'? [-Wunknown-warning-option]
1 warning generated.
c++ -Os  -I.  -MMD -I/opt/homebrew/Cellar/verilator/5.044/share/verilator/include -I/opt/homebrew/Cellar/verilator/5.044/share/verilator/include/vltstd -DVERILATOR=1 -DVM_COVERAGE=0 -DVM_SC=0 -DVM_TIMING=1 -DVM_TRACE=1 -DVM_TRACE_FST=1 -DVM_TRACE_VCD=0 -DVM_TRACE_SAIF=0 -faligned-new -fbracket-depth=4096 -fcf-protection=none -Xclang -fno-pch-timestamp -Qunused-arguments -Wno-bool-operation -Wno-c++11-narrowing -Wno-constant-logical-operand -Wno-int-in-bool-context -Wno-non-pod-varargs -Wno-parentheses-equality -Wno-shadow -Wno-sign-compare -Wno-tautological-bitwise-compare -Wno-tautological-compare -Wno-uninitialized -Wno-unused-but-set-parameter -Wno-unused-but-set-variable -Wno-unused-parameter -Wno-unused-variable -Wno-vla-cxx-extension    -DVL_TIME_CONTEXT   -std=gnu++20 -c -o verilated_timing.o /opt/homebrew/Cellar/verilator/5.044/share/verilator/include/verilated_timing.cpp
warning: unknown warning option '-Wno-vla-cxx-extension'; did you mean '-Wno-vla-extension'? [-Wunknown-warning-option]
1 warning generated.
c++ -Os  -I.  -MMD -I/opt/homebrew/Cellar/verilator/5.044/share/verilator/include -I/opt/homebrew/Cellar/verilator/5.044/share/verilator/include/vltstd -DVERILATOR=1 -DVM_COVERAGE=0 -DVM_SC=0 -DVM_TIMING=1 -DVM_TRACE=1 -DVM_TRACE_FST=1 -DVM_TRACE_VCD=0 -DVM_TRACE_SAIF=0 -faligned-new -fbracket-depth=4096 -fcf-protection=none -Xclang -fno-pch-timestamp -Qunused-arguments -Wno-bool-operation -Wno-c++11-narrowing -Wno-constant-logical-operand -Wno-int-in-bool-context -Wno-non-pod-varargs -Wno-parentheses-equality -Wno-shadow -Wno-sign-compare -Wno-tautological-bitwise-compare -Wno-tautological-compare -Wno-uninitialized -Wno-unused-but-set-parameter -Wno-unused-but-set-variable -Wno-unused-parameter -Wno-unused-variable -Wno-vla-cxx-extension    -DVL_TIME_CONTEXT   -std=gnu++20 -c -o verilated_threads.o /opt/homebrew/Cellar/verilator/5.044/share/verilator/include/verilated_threads.cpp
warning: unknown warning option '-Wno-vla-cxx-extension'; did you mean '-Wno-vla-extension'? [-Wunknown-warning-option]
1 warning generated.
python3 /opt/homebrew/Cellar/verilator/5.044/share/verilator/bin/verilator_includer -DVL_INCLUDE_OPT=include Vtb_asu_rmsnorm_wide.cpp Vtb_asu_rmsnorm_wide___024root__0.cpp Vtb_asu_rmsnorm_wide_tb_asu_rmsnorm_wide__0.cpp Vtb_asu_rmsnorm_wide_tb_asu_rmsnorm_wide__03a__03a__VDynScope_9__Vclpkg__0.cpp Vtb_asu_rmsnorm_wide__main.cpp Vtb_asu_rmsnorm_wide__Trace__0.cpp Vtb_asu_rmsnorm_wide___024root__Slow.cpp Vtb_asu_rmsnorm_wide___024root__0__Slow.cpp Vtb_asu_rmsnorm_wide_tb_asu_rmsnorm_wide__Slow.cpp Vtb_asu_rmsnorm_wide_tb_asu_rmsnorm_wide__0__Slow.cpp Vtb_asu_rmsnorm_wide_tb_asu_rmsnorm_wide__03a__03a__VDynScope_9__Vclpkg__Slow.cpp Vtb_asu_rmsnorm_wide_tb_asu_rmsnorm_wide__03a__03a__VDynScope_9__Vclpkg__0__Slow.cpp Vtb_asu_rmsnorm_wide__Syms__Slow.cpp Vtb_asu_rmsnorm_wide__Trace__0__Slow.cpp Vtb_asu_rmsnorm_wide__TraceDecls__0__Slow.cpp > Vtb_asu_rmsnorm_wide__ALL.cpp
c++ -Os  -I.  -MMD -I/opt/homebrew/Cellar/verilator/5.044/share/verilator/include -I/opt/homebrew/Cellar/verilator/5.044/share/verilator/include/vltstd -DVERILATOR=1 -DVM_COVERAGE=0 -DVM_SC=0 -DVM_TIMING=1 -DVM_TRACE=1 -DVM_TRACE_FST=1 -DVM_TRACE_VCD=0 -DVM_TRACE_SAIF=0 -faligned-new -fbracket-depth=4096 -fcf-protection=none -Xclang -fno-pch-timestamp -Qunused-arguments -Wno-bool-operation -Wno-c++11-narrowing -Wno-constant-logical-operand -Wno-int-in-bool-context -Wno-non-pod-varargs -Wno-parentheses-equality -Wno-shadow -Wno-sign-compare -Wno-tautological-bitwise-compare -Wno-tautological-compare -Wno-uninitialized -Wno-unused-but-set-parameter -Wno-unused-but-set-variable -Wno-unused-parameter -Wno-unused-variable -Wno-vla-cxx-extension    -DVL_TIME_CONTEXT   -std=gnu++20 -c -o Vtb_asu_rmsnorm_wide__ALL.o Vtb_asu_rmsnorm_wide__ALL.cpp
warning: unknown warning option '-Wno-vla-cxx-extension'; did you mean '-Wno-vla-extension'? [-Wunknown-warning-option]
1 warning generated.
c++  -Wl,-U,__Z15vl_time_stamp64v,-U,__Z13sc_time_stampv   verilated.o verilated_fst_c.o verilated_timing.o verilated_threads.o Vtb_asu_rmsnorm_wide__ALL.a   -lz  -pthread -lpthread   -o Vtb_asu_rmsnorm_wide
rm Vtb_asu_rmsnorm_wide__ALL.verilator_deplist.tmp
- V e r i l a t i o n   R e p o r t: Verilator 5.044 2026-01-01 rev vUNKNOWN-built20260101
- Verilator: Built from 0.174 MB sources in 7 modules, into 0.341 MB in 15 C++ files needing 0.001 MB
- Verilator: Walltime 8.230 s (elab=0.005, cvt=0.029, bld=8.179); cpu 0.040 s on 1 threads; alloced 13.625 MB
set -o pipefail; build/obj_wide/Vtb_asu_rmsnorm_wide +vectors=build/vectors_wide_directed.txt +bp_mode=1 \
	    +stall_mode=1 +g_mode=0 +seed=31 | tee build/run_wide_directed.log
COV rmsw_d_eq_1 1
COV rmsw_d_narrow 2
COV rmsw_d_wide_pow2 4
COV rmsw_d_wide_np2 2
COV rmsw_d_eq_max 8
COV rmsw_x_extreme 11
COV rmsw_all_zero_x 1
COV rmsw_g_zero_lane 1
COV rmsw_g_extreme 1
COV rmsw_tie_odd 1
COV rmsw_tie_even 1
COV rmsw_mu_boundary 1
COV rmsw_rej_bad 3
COV rmsw_rej_over_direct 1
COV rmsw_rej_over_flush 1
COV rmsw_rst_collect 0
COV rmsw_rst_flush 0
COV rmsw_rst_issue 0
COV rmsw_rst_wait 0
COV rmsw_rst_emit 0
COV rmsw_rst_drain 0
COV rmsw_rst_random 0
COV rmsw_rst_idle 0
TB PASS: 17 rows, 5 rejects, 0 mid-op resets, 0 errors (D_MAX=3584 bp=1 stall=1 g=0 seed=31)
- tb_asu_rmsnorm_wide.sv:633: Verilog $finish
- S i m u l a t i o n   R e p o r t: Verilator 5.044 2026-01-01
- Verilator: $finish at 2ms; walltime 0.078 s; speed 25.953 ms/s
- Verilator: cpu 0.076 s on 1 threads; alloced 2 MB
set -o pipefail; build/obj_wide/Vtb_asu_rmsnorm_wide +vectors=build/vectors_wide_directed.txt +bp_mode=0 \
	    +stall_mode=0 +g_mode=0 +seed=32 | tee build/run_wide_fast.log
COV rmsw_d_eq_1 1
COV rmsw_d_narrow 2
COV rmsw_d_wide_pow2 4
COV rmsw_d_wide_np2 2
COV rmsw_d_eq_max 8
COV rmsw_x_extreme 11
COV rmsw_all_zero_x 1
COV rmsw_g_zero_lane 1
COV rmsw_g_extreme 1
COV rmsw_tie_odd 1
COV rmsw_tie_even 1
COV rmsw_mu_boundary 1
COV rmsw_rej_bad 3
COV rmsw_rej_over_direct 1
COV rmsw_rej_over_flush 1
COV rmsw_rst_collect 0
COV rmsw_rst_flush 0
COV rmsw_rst_issue 0
COV rmsw_rst_wait 0
COV rmsw_rst_emit 0
COV rmsw_rst_drain 0
COV rmsw_rst_random 0
COV rmsw_rst_idle 0
TB PASS: 17 rows, 5 rejects, 0 mid-op resets, 0 errors (D_MAX=3584 bp=0 stall=0 g=0 seed=32)
- tb_asu_rmsnorm_wide.sv:633: Verilog $finish
- S i m u l a t i o n   R e p o r t: Verilator 5.044 2026-01-01
- Verilator: $finish at 2ms; walltime 0.063 s; speed 24.168 ms/s
- Verilator: cpu 0.063 s on 1 threads; alloced 2 MB
set -o pipefail; build/obj_wide/Vtb_asu_rmsnorm_wide +vectors=build/vectors_wide_random.txt +bp_mode=1 \
	    +stall_mode=1 +g_mode=1 +seed=33 | tee build/run_wide_random.log
COV rmsw_d_eq_1 3
COV rmsw_d_narrow 13
COV rmsw_d_wide_pow2 6
COV rmsw_d_wide_np2 36
COV rmsw_d_eq_max 2
COV rmsw_x_extreme 44
COV rmsw_all_zero_x 0
COV rmsw_g_zero_lane 0
COV rmsw_g_extreme 3
COV rmsw_tie_odd 0
COV rmsw_tie_even 0
COV rmsw_mu_boundary 0
COV rmsw_rej_bad 0
COV rmsw_rej_over_direct 0
COV rmsw_rej_over_flush 3
COV rmsw_rst_collect 0
COV rmsw_rst_flush 0
COV rmsw_rst_issue 0
COV rmsw_rst_wait 0
COV rmsw_rst_emit 0
COV rmsw_rst_drain 0
COV rmsw_rst_random 0
COV rmsw_rst_idle 0
TB PASS: 60 rows, 3 rejects, 0 mid-op resets, 0 errors (D_MAX=3584 bp=1 stall=1 g=1 seed=33)
- tb_asu_rmsnorm_wide.sv:633: Verilog $finish
- S i m u l a t i o n   R e p o r t: Verilator 5.044 2026-01-01
- Verilator: $finish at 12ms; walltime 0.359 s; speed 33.170 ms/s
- Verilator: cpu 0.358 s on 1 threads; alloced 2 MB
set -o pipefail; build/obj_wide/Vtb_asu_rmsnorm_wide +vectors=build/vectors_wide_directed.txt +bp_mode=2 \
	    +stall_mode=2 +g_mode=2 +seed=34 | tee build/run_wide_storm.log
COV rmsw_d_eq_1 1
COV rmsw_d_narrow 2
COV rmsw_d_wide_pow2 4
COV rmsw_d_wide_np2 2
COV rmsw_d_eq_max 8
COV rmsw_x_extreme 11
COV rmsw_all_zero_x 1
COV rmsw_g_zero_lane 1
COV rmsw_g_extreme 1
COV rmsw_tie_odd 1
COV rmsw_tie_even 1
COV rmsw_mu_boundary 1
COV rmsw_rej_bad 3
COV rmsw_rej_over_direct 1
COV rmsw_rej_over_flush 1
COV rmsw_rst_collect 0
COV rmsw_rst_flush 0
COV rmsw_rst_issue 0
COV rmsw_rst_wait 0
COV rmsw_rst_emit 0
COV rmsw_rst_drain 0
COV rmsw_rst_random 0
COV rmsw_rst_idle 0
TB PASS: 17 rows, 5 rejects, 0 mid-op resets, 0 errors (D_MAX=3584 bp=2 stall=2 g=2 seed=34)
- tb_asu_rmsnorm_wide.sv:633: Verilog $finish
- S i m u l a t i o n   R e p o r t: Verilator 5.044 2026-01-01
- Verilator: $finish at 7ms; walltime 0.188 s; speed 34.997 ms/s
- Verilator: cpu 0.188 s on 1 threads; alloced 2 MB
set -o pipefail; build/obj_wide/Vtb_asu_rmsnorm_wide +vectors=build/vectors_wide_random.txt +bp_mode=1 \
	    +stall_mode=0 +g_mode=2 +seed=35 | tee build/run_wide_geager.log
COV rmsw_d_eq_1 3
COV rmsw_d_narrow 13
COV rmsw_d_wide_pow2 6
COV rmsw_d_wide_np2 36
COV rmsw_d_eq_max 2
COV rmsw_x_extreme 44
COV rmsw_all_zero_x 0
COV rmsw_g_zero_lane 0
COV rmsw_g_extreme 3
COV rmsw_tie_odd 0
COV rmsw_tie_even 0
COV rmsw_mu_boundary 0
COV rmsw_rej_bad 0
COV rmsw_rej_over_direct 0
COV rmsw_rej_over_flush 3
COV rmsw_rst_collect 0
COV rmsw_rst_flush 0
COV rmsw_rst_issue 0
COV rmsw_rst_wait 0
COV rmsw_rst_emit 0
COV rmsw_rst_drain 0
COV rmsw_rst_random 0
COV rmsw_rst_idle 0
TB PASS: 60 rows, 3 rejects, 0 mid-op resets, 0 errors (D_MAX=3584 bp=1 stall=0 g=2 seed=35)
- tb_asu_rmsnorm_wide.sv:633: Verilog $finish
- S i m u l a t i o n   R e p o r t: Verilator 5.044 2026-01-01
- Verilator: $finish at 3ms; walltime 0.146 s; speed 22.995 ms/s
- Verilator: cpu 0.145 s on 1 threads; alloced 2 MB
set -o pipefail; build/obj_wide/Vtb_asu_rmsnorm_wide +vectors=build/vectors_wide_reset.txt +bp_mode=1 \
	    +stall_mode=0 +g_mode=0 +seed=36 | tee build/run_wide_reset.log
RESET [Z1 d=384 phase=1 abort=0] cyc=10: mid-op reset in FSM phase 1
RESET [Z2 d=3584 phase=1 abort=0] cyc=1105: mid-op reset in FSM phase 1
RESET [Z3 d=384 phase=3 abort=0] cyc=2966: mid-op reset in FSM phase 3
RESET [Z4 d=3584 phase=3 abort=0] cyc=11227: mid-op reset in FSM phase 3
RESET [Z5 d=384 phase=4 abort=0] cyc=13089: mid-op reset in FSM phase 4
RESET [Z6 d=3584 phase=4 abort=0] cyc=21351: mid-op reset in FSM phase 4
RESET [Z7 d=384 phase=5 abort=0] cyc=23245: mid-op reset in FSM phase 5
RESET [Z8 d=3584 phase=5 abort=0] cyc=31539: mid-op reset in FSM phase 5
RESET [Z9 d=384 phase=6 abort=0] cyc=34203: mid-op reset in FSM phase 6
RESET [Z10 d=3584 phase=6 abort=0] cyc=49774: mid-op reset in FSM phase 6
RESET [Z11 d=3614 phase=2 abort=0] cyc=58037: mid-op reset in FSM phase 2
RESET [Z12 d=3584 phase=0 abort=5] cyc=58609: mid-op reset in FSM phase 1
RESET [Z13 d=3584 phase=0 abort=401] cyc=60616: mid-op reset in FSM phase 1
RESET [Z14 d=3584 phase=0 abort=3901] cyc=66123: mid-op reset in FSM phase 1
COV rmsw_d_eq_1 0
COV rmsw_d_narrow 1
COV rmsw_d_wide_pow2 10
COV rmsw_d_wide_np2 3
COV rmsw_d_eq_max 0
COV rmsw_x_extreme 14
COV rmsw_all_zero_x 0
COV rmsw_g_zero_lane 0
COV rmsw_g_extreme 0
COV rmsw_tie_odd 0
COV rmsw_tie_even 0
COV rmsw_mu_boundary 0
COV rmsw_rej_bad 0
COV rmsw_rej_over_direct 0
COV rmsw_rej_over_flush 0
COV rmsw_rst_collect 2
COV rmsw_rst_flush 1
COV rmsw_rst_issue 2
COV rmsw_rst_wait 2
COV rmsw_rst_emit 2
COV rmsw_rst_drain 2
COV rmsw_rst_random 3
COV rmsw_rst_idle 0
TB PASS: 14 rows, 0 rejects, 14 mid-op resets, 0 errors (D_MAX=3584 bp=1 stall=0 g=0 seed=36)
- tb_asu_rmsnorm_wide.sv:633: Verilog $finish
- S i m u l a t i o n   R e p o r t: Verilator 5.044 2026-01-01
- Verilator: $finish at 677us; walltime 0.023 s; speed 30.373 ms/s
- Verilator: cpu 0.022 s on 1 threads; alloced 2 MB
set -o pipefail; build/obj_wide8k/Vtb_asu_rmsnorm_wide +vectors=build/vectors_wide8k.txt +bp_mode=1 \
	    +stall_mode=0 +g_mode=0 +seed=37 | tee build/run_wide8k.log
COV rmsw_d_eq_1 0
COV rmsw_d_narrow 1
COV rmsw_d_wide_pow2 0
COV rmsw_d_wide_np2 1
COV rmsw_d_eq_max 2
COV rmsw_x_extreme 4
COV rmsw_all_zero_x 0
COV rmsw_g_zero_lane 0
COV rmsw_g_extreme 0
COV rmsw_tie_odd 0
COV rmsw_tie_even 0
COV rmsw_mu_boundary 0
COV rmsw_rej_bad 0
COV rmsw_rej_over_direct 1
COV rmsw_rej_over_flush 0
COV rmsw_rst_collect 0
COV rmsw_rst_flush 0
COV rmsw_rst_issue 0
COV rmsw_rst_wait 0
COV rmsw_rst_emit 0
COV rmsw_rst_drain 0
COV rmsw_rst_random 0
COV rmsw_rst_idle 0
TB PASS: 4 rows, 1 rejects, 0 mid-op resets, 0 errors (D_MAX=8192 bp=1 stall=0 g=0 seed=37)
- tb_asu_rmsnorm_wide.sv:633: Verilog $finish
- S i m u l a t i o n   R e p o r t: Verilator 5.044 2026-01-01
- Verilator: $finish at 975us; walltime 0.046 s; speed 24.589 ms/s
- Verilator: cpu 0.040 s on 1 threads; alloced 2 MB
python3 mutation_check_wide.py | tee build/mutants.txt
MUTANT MW1_rms_rne_to_half_up: DETECTED (rc=1) — FAIL [N2 d=3584] cyc=36130: y[10] got 0xfcb1 exp 0xfcb0
MUTANT MW2_mu_off_by_one: DETECTED (rc=1) — FAIL [N7 d=3584] cyc=101325: y[1] got 0xf564 exp 0xeac8
MUTANT MW3_mu_shift_off_by_one: DETECTED (rc=1) — FAIL [N1 d=3584] cyc=14377: y[0] got 0xffde exp 0xffd0
MUTANT MW4_sumw_trunc_27: DETECTED (rc=1) — FAIL [N1 d=8192] cyc=33022: y[0] got 0x8000 exp 0xff00
WIDE MUTATION GATE: 4/4 mutants detected — checkers proven live
ASU WIDE: full suite passed (params provenance, bit-exact vs rmsnorm_fx_wide, rejects, resets, mutation gate)
GATE asu/wide: PASS
/opt/homebrew/bin/verilator --lint-only -Wall --timing --assert --timescale 1ns/1ps -I../../../verif/common -I. lint_waivers.vlt --top-module mxe_wfeed_w4 ../../../rtl/apex_pkg.sv ../../../rtl/xbr/stream_skid.sv ../../../rtl/mxe/mxe_wfeed_w4.sv
- V e r i l a t i o n   R e p o r t: Verilator 5.044 2026-01-01 rev vUNKNOWN-built20260101
- Verilator: Built from 0.085 MB sources in 4 modules, into 0.049 MB in 3 C++ files needing 0.000 MB
- Verilator: Walltime 0.022 s (elab=0.003, cvt=0.007, bld=0.000); cpu 0.013 s on 1 threads; alloced 9.922 MB
LINT CLEAN (-Wall, waivers scoped to frozen apex_pkg.sv only)
mkdir -p build
set -o pipefail; python3 gen_w4_vectors.py build | tee build/gen.log
gen_w4_vectors: directed=17 random=220 storm=40 reset=15
gen_w4_vectors: golden arbiter = apex_golden.weight_codec (realization A, S1-S6); wrote 4 vector sets to build
mkdir -p build/obj_w4
/opt/homebrew/bin/verilator --binary -Wall --timing --assert --timescale 1ns/1ps -I../../../verif/common -I. lint_waivers.vlt --trace-fst \
	    --top-module tb_wfeed_w4_sb -Mdir build/obj_w4 \
	    ../../../rtl/apex_pkg.sv ../../../rtl/xbr/stream_skid.sv ../../../rtl/mxe/mxe_wfeed_w4.sv tb_wfeed_w4_sb.sv
c++ -Os  -I.  -MMD -I/opt/homebrew/Cellar/verilator/5.044/share/verilator/include -I/opt/homebrew/Cellar/verilator/5.044/share/verilator/include/vltstd -DVERILATOR=1 -DVM_COVERAGE=0 -DVM_SC=0 -DVM_TIMING=1 -DVM_TRACE=1 -DVM_TRACE_FST=1 -DVM_TRACE_VCD=0 -DVM_TRACE_SAIF=0 -faligned-new -fbracket-depth=4096 -fcf-protection=none -Xclang -fno-pch-timestamp -Qunused-arguments -Wno-bool-operation -Wno-c++11-narrowing -Wno-constant-logical-operand -Wno-int-in-bool-context -Wno-non-pod-varargs -Wno-parentheses-equality -Wno-shadow -Wno-sign-compare -Wno-tautological-bitwise-compare -Wno-tautological-compare -Wno-uninitialized -Wno-unused-but-set-parameter -Wno-unused-but-set-variable -Wno-unused-parameter -Wno-unused-variable -Wno-vla-cxx-extension    -DVL_TIME_CONTEXT   -std=gnu++20 -c -o verilated.o /opt/homebrew/Cellar/verilator/5.044/share/verilator/include/verilated.cpp
warning: unknown warning option '-Wno-vla-cxx-extension'; did you mean '-Wno-vla-extension'? [-Wunknown-warning-option]
1 warning generated.
c++ -Os  -I.  -MMD -I/opt/homebrew/Cellar/verilator/5.044/share/verilator/include -I/opt/homebrew/Cellar/verilator/5.044/share/verilator/include/vltstd -DVERILATOR=1 -DVM_COVERAGE=0 -DVM_SC=0 -DVM_TIMING=1 -DVM_TRACE=1 -DVM_TRACE_FST=1 -DVM_TRACE_VCD=0 -DVM_TRACE_SAIF=0 -faligned-new -fbracket-depth=4096 -fcf-protection=none -Xclang -fno-pch-timestamp -Qunused-arguments -Wno-bool-operation -Wno-c++11-narrowing -Wno-constant-logical-operand -Wno-int-in-bool-context -Wno-non-pod-varargs -Wno-parentheses-equality -Wno-shadow -Wno-sign-compare -Wno-tautological-bitwise-compare -Wno-tautological-compare -Wno-uninitialized -Wno-unused-but-set-parameter -Wno-unused-but-set-variable -Wno-unused-parameter -Wno-unused-variable -Wno-vla-cxx-extension    -DVL_TIME_CONTEXT   -std=gnu++20 -c -o verilated_fst_c.o /opt/homebrew/Cellar/verilator/5.044/share/verilator/include/verilated_fst_c.cpp
warning: unknown warning option '-Wno-vla-cxx-extension'; did you mean '-Wno-vla-extension'? [-Wunknown-warning-option]
1 warning generated.
c++ -Os  -I.  -MMD -I/opt/homebrew/Cellar/verilator/5.044/share/verilator/include -I/opt/homebrew/Cellar/verilator/5.044/share/verilator/include/vltstd -DVERILATOR=1 -DVM_COVERAGE=0 -DVM_SC=0 -DVM_TIMING=1 -DVM_TRACE=1 -DVM_TRACE_FST=1 -DVM_TRACE_VCD=0 -DVM_TRACE_SAIF=0 -faligned-new -fbracket-depth=4096 -fcf-protection=none -Xclang -fno-pch-timestamp -Qunused-arguments -Wno-bool-operation -Wno-c++11-narrowing -Wno-constant-logical-operand -Wno-int-in-bool-context -Wno-non-pod-varargs -Wno-parentheses-equality -Wno-shadow -Wno-sign-compare -Wno-tautological-bitwise-compare -Wno-tautological-compare -Wno-uninitialized -Wno-unused-but-set-parameter -Wno-unused-but-set-variable -Wno-unused-parameter -Wno-unused-variable -Wno-vla-cxx-extension    -DVL_TIME_CONTEXT   -std=gnu++20 -c -o verilated_timing.o /opt/homebrew/Cellar/verilator/5.044/share/verilator/include/verilated_timing.cpp
warning: unknown warning option '-Wno-vla-cxx-extension'; did you mean '-Wno-vla-extension'? [-Wunknown-warning-option]
1 warning generated.
c++ -Os  -I.  -MMD -I/opt/homebrew/Cellar/verilator/5.044/share/verilator/include -I/opt/homebrew/Cellar/verilator/5.044/share/verilator/include/vltstd -DVERILATOR=1 -DVM_COVERAGE=0 -DVM_SC=0 -DVM_TIMING=1 -DVM_TRACE=1 -DVM_TRACE_FST=1 -DVM_TRACE_VCD=0 -DVM_TRACE_SAIF=0 -faligned-new -fbracket-depth=4096 -fcf-protection=none -Xclang -fno-pch-timestamp -Qunused-arguments -Wno-bool-operation -Wno-c++11-narrowing -Wno-constant-logical-operand -Wno-int-in-bool-context -Wno-non-pod-varargs -Wno-parentheses-equality -Wno-shadow -Wno-sign-compare -Wno-tautological-bitwise-compare -Wno-tautological-compare -Wno-uninitialized -Wno-unused-but-set-parameter -Wno-unused-but-set-variable -Wno-unused-parameter -Wno-unused-variable -Wno-vla-cxx-extension    -DVL_TIME_CONTEXT   -std=gnu++20 -c -o verilated_threads.o /opt/homebrew/Cellar/verilator/5.044/share/verilator/include/verilated_threads.cpp
warning: unknown warning option '-Wno-vla-cxx-extension'; did you mean '-Wno-vla-extension'? [-Wunknown-warning-option]
1 warning generated.
python3 /opt/homebrew/Cellar/verilator/5.044/share/verilator/bin/verilator_includer -DVL_INCLUDE_OPT=include Vtb_wfeed_w4_sb.cpp Vtb_wfeed_w4_sb___024root__0.cpp Vtb_wfeed_w4_sb_tb_wfeed_w4_sb__0.cpp Vtb_wfeed_w4_sb_tb_wfeed_w4_sb__03a__03a__VDynScope_7__Vclpkg__0.cpp Vtb_wfeed_w4_sb__main.cpp Vtb_wfeed_w4_sb__Trace__0.cpp Vtb_wfeed_w4_sb___024root__Slow.cpp Vtb_wfeed_w4_sb___024root__0__Slow.cpp Vtb_wfeed_w4_sb_tb_wfeed_w4_sb__Slow.cpp Vtb_wfeed_w4_sb_tb_wfeed_w4_sb__0__Slow.cpp Vtb_wfeed_w4_sb_tb_wfeed_w4_sb__03a__03a__VDynScope_7__Vclpkg__Slow.cpp Vtb_wfeed_w4_sb_tb_wfeed_w4_sb__03a__03a__VDynScope_7__Vclpkg__0__Slow.cpp Vtb_wfeed_w4_sb__Syms__Slow.cpp Vtb_wfeed_w4_sb__Trace__0__Slow.cpp Vtb_wfeed_w4_sb__TraceDecls__0__Slow.cpp > Vtb_wfeed_w4_sb__ALL.cpp
c++ -Os  -I.  -MMD -I/opt/homebrew/Cellar/verilator/5.044/share/verilator/include -I/opt/homebrew/Cellar/verilator/5.044/share/verilator/include/vltstd -DVERILATOR=1 -DVM_COVERAGE=0 -DVM_SC=0 -DVM_TIMING=1 -DVM_TRACE=1 -DVM_TRACE_FST=1 -DVM_TRACE_VCD=0 -DVM_TRACE_SAIF=0 -faligned-new -fbracket-depth=4096 -fcf-protection=none -Xclang -fno-pch-timestamp -Qunused-arguments -Wno-bool-operation -Wno-c++11-narrowing -Wno-constant-logical-operand -Wno-int-in-bool-context -Wno-non-pod-varargs -Wno-parentheses-equality -Wno-shadow -Wno-sign-compare -Wno-tautological-bitwise-compare -Wno-tautological-compare -Wno-uninitialized -Wno-unused-but-set-parameter -Wno-unused-but-set-variable -Wno-unused-parameter -Wno-unused-variable -Wno-vla-cxx-extension    -DVL_TIME_CONTEXT   -std=gnu++20 -c -o Vtb_wfeed_w4_sb__ALL.o Vtb_wfeed_w4_sb__ALL.cpp
warning: unknown warning option '-Wno-vla-cxx-extension'; did you mean '-Wno-vla-extension'? [-Wunknown-warning-option]
1 warning generated.
c++  -Wl,-U,__Z15vl_time_stamp64v,-U,__Z13sc_time_stampv   verilated.o verilated_fst_c.o verilated_timing.o verilated_threads.o Vtb_wfeed_w4_sb__ALL.a   -lz  -pthread -lpthread   -o Vtb_wfeed_w4_sb
rm Vtb_wfeed_w4_sb__ALL.verilator_deplist.tmp
- V e r i l a t i o n   R e p o r t: Verilator 5.044 2026-01-01 rev vUNKNOWN-built20260101
- Verilator: Built from 0.136 MB sources in 7 modules, into 0.285 MB in 15 C++ files needing 0.001 MB
- Verilator: Walltime 8.503 s (elab=0.003, cvt=0.019, bld=8.469); cpu 0.034 s on 1 threads; alloced 12.766 MB
set -o pipefail; build/obj_w4/Vtb_wfeed_w4_sb +vectors=build/vectors_w4_directed.txt +bp_mode=1 \
	    +stall_mode=1 +seed=201 | tee build/run_directed.log
PERF [F1 beats=64 w4=1]: consumed=32 emitted=64 ratio=64/32
PERF [F2 beats=128 w4=1]: consumed=64 emitted=128 ratio=128/64
PERF [F3 beats=72 w4=1]: consumed=36 emitted=72 ratio=72/36
PERF [F4 beats=24 w4=1]: consumed=12 emitted=24 ratio=24/12
PERF [F5 beats=1 w4=1]: consumed=1 emitted=1 ratio=1/1
PERF [F6 beats=5 w4=1]: consumed=3 emitted=5 ratio=5/3
PERF [F7 beats=15 w4=1]: consumed=8 emitted=15 ratio=15/8
PERF [F8 beats=256 w4=1]: consumed=128 emitted=256 ratio=256/128
PERF [F9 beats=64 w4=1]: consumed=32 emitted=64 ratio=64/32
PERF [F10 beats=5 w4=1]: consumed=3 emitted=5 ratio=5/3
PERF [F17 beats=64 w4=1]: consumed=32 emitted=64 ratio=64/32
COV w4_mode_w4 11
COV w4_mode_pass 6
COV w4_tail_odd 4
COV w4_tail_even 13
COV w4_beats_1 2
COV w4_beats_max 2
COV w4_beats_mid 13
COV w4_code_min 2
COV w4_code_max 11
COV w4_code_zero 3
COV w4_code_neg 14
COV w4_ill_beats0 1
COV w4_ill_beats_big 1
COV w4_rst_idle 0
COV w4_rst_run 0
COV w4_rst_wait 0
COV w4_rst_random 0
COV w4_bp_full 0
COV w4_bp_random 1
COV w4_bp_storm 0
COV w4_stall_none 0
COV w4_stall_random 1
COV w4_stall_storm 0
COV w4_perf_halved 7
COV w4_perf_oddtail 4
COV w4_perf_pass 6
TB PASS: 17 legal jobs, 2 illegal jobs, 0 mid-op resets, 0 errors (bp=1 stall=1 seed=201)
- tb_wfeed_w4_sb.sv:603: Verilog $finish
- S i m u l a t i o n   R e p o r t: Verilator 5.044 2026-01-01
- Verilator: $finish at 24us; walltime 0.003 s; speed 11.892 ms/s
- Verilator: cpu 0.002 s on 1 threads; alloced 2 MB
set -o pipefail; build/obj_w4/Vtb_wfeed_w4_sb +vectors=build/vectors_w4_directed.txt +bp_mode=0 \
	    +stall_mode=0 +seed=202 | tee build/run_fast.log
PERF [F1 beats=64 w4=1]: consumed=32 emitted=64 ratio=64/32
PERF [F2 beats=128 w4=1]: consumed=64 emitted=128 ratio=128/64
PERF [F3 beats=72 w4=1]: consumed=36 emitted=72 ratio=72/36
PERF [F4 beats=24 w4=1]: consumed=12 emitted=24 ratio=24/12
PERF [F5 beats=1 w4=1]: consumed=1 emitted=1 ratio=1/1
PERF [F6 beats=5 w4=1]: consumed=3 emitted=5 ratio=5/3
PERF [F7 beats=15 w4=1]: consumed=8 emitted=15 ratio=15/8
PERF [F8 beats=256 w4=1]: consumed=128 emitted=256 ratio=256/128
PERF [F9 beats=64 w4=1]: consumed=32 emitted=64 ratio=64/32
PERF [F10 beats=5 w4=1]: consumed=3 emitted=5 ratio=5/3
PERF [F17 beats=64 w4=1]: consumed=32 emitted=64 ratio=64/32
COV w4_mode_w4 11
COV w4_mode_pass 6
COV w4_tail_odd 4
COV w4_tail_even 13
COV w4_beats_1 2
COV w4_beats_max 2
COV w4_beats_mid 13
COV w4_code_min 2
COV w4_code_max 11
COV w4_code_zero 3
COV w4_code_neg 14
COV w4_ill_beats0 1
COV w4_ill_beats_big 1
COV w4_rst_idle 0
COV w4_rst_run 0
COV w4_rst_wait 0
COV w4_rst_random 0
COV w4_bp_full 1
COV w4_bp_random 0
COV w4_bp_storm 0
COV w4_stall_none 1
COV w4_stall_random 0
COV w4_stall_storm 0
COV w4_perf_halved 7
COV w4_perf_oddtail 4
COV w4_perf_pass 6
TB PASS: 17 legal jobs, 2 illegal jobs, 0 mid-op resets, 0 errors (bp=0 stall=0 seed=202)
- tb_wfeed_w4_sb.sv:603: Verilog $finish
- S i m u l a t i o n   R e p o r t: Verilator 5.044 2026-01-01
- Verilator: $finish at 16us; walltime 0.002 s; speed 9.414 ms/s
- Verilator: cpu 0.002 s on 1 threads; alloced 2 MB
set -o pipefail; build/obj_w4/Vtb_wfeed_w4_sb +vectors=build/vectors_w4_random.txt +bp_mode=1 \
	    +stall_mode=1 +seed=203 +watchdog=30000000 \
	    | tee build/run_random.log
PERF [F1 beats=140 w4=1]: consumed=70 emitted=140 ratio=140/70
PERF [F2 beats=210 w4=1]: consumed=105 emitted=210 ratio=210/105
PERF [F3 beats=82 w4=1]: consumed=41 emitted=82 ratio=82/41
PERF [F5 beats=80 w4=1]: consumed=40 emitted=80 ratio=80/40
PERF [F6 beats=111 w4=1]: consumed=56 emitted=111 ratio=111/56
PERF [F7 beats=136 w4=1]: consumed=68 emitted=136 ratio=136/68
PERF [F9 beats=237 w4=1]: consumed=119 emitted=237 ratio=237/119
PERF [F10 beats=150 w4=1]: consumed=75 emitted=150 ratio=150/75
PERF [F11 beats=72 w4=1]: consumed=36 emitted=72 ratio=72/36
PERF [F12 beats=27 w4=1]: consumed=14 emitted=27 ratio=27/14
PERF [F13 beats=96 w4=1]: consumed=48 emitted=96 ratio=96/48
PERF [F14 beats=32 w4=1]: consumed=16 emitted=32 ratio=32/16
PERF [F15 beats=40 w4=1]: consumed=20 emitted=40 ratio=40/20
PERF [F16 beats=114 w4=1]: consumed=57 emitted=114 ratio=114/57
PERF [F18 beats=133 w4=1]: consumed=67 emitted=133 ratio=133/67
PERF [F19 beats=192 w4=1]: consumed=96 emitted=192 ratio=192/96
PERF [F20 beats=4 w4=1]: consumed=2 emitted=4 ratio=4/2
PERF [F22 beats=114 w4=1]: consumed=57 emitted=114 ratio=114/57
PERF [F23 beats=186 w4=1]: consumed=93 emitted=186 ratio=186/93
PERF [F24 beats=232 w4=1]: consumed=116 emitted=232 ratio=232/116
PERF [F26 beats=54 w4=1]: consumed=27 emitted=54 ratio=54/27
PERF [F27 beats=142 w4=1]: consumed=71 emitted=142 ratio=142/71
PERF [F29 beats=38 w4=1]: consumed=19 emitted=38 ratio=38/19
PERF [F30 beats=216 w4=1]: consumed=108 emitted=216 ratio=216/108
PERF [F31 beats=204 w4=1]: consumed=102 emitted=204 ratio=204/102
PERF [F32 beats=231 w4=1]: consumed=116 emitted=231 ratio=231/116
PERF [F33 beats=41 w4=1]: consumed=21 emitted=41 ratio=41/21
PERF [F34 beats=54 w4=1]: consumed=27 emitted=54 ratio=54/27
PERF [F36 beats=222 w4=1]: consumed=111 emitted=222 ratio=222/111
PERF [F37 beats=200 w4=1]: consumed=100 emitted=200 ratio=200/100
PERF [F38 beats=174 w4=1]: consumed=87 emitted=174 ratio=174/87
PERF [F39 beats=57 w4=1]: consumed=29 emitted=57 ratio=57/29
PERF [F41 beats=135 w4=1]: consumed=68 emitted=135 ratio=135/68
PERF [F42 beats=66 w4=1]: consumed=33 emitted=66 ratio=66/33
PERF [F43 beats=28 w4=1]: consumed=14 emitted=28 ratio=28/14
PERF [F44 beats=250 w4=1]: consumed=125 emitted=250 ratio=250/125
PERF [F45 beats=245 w4=1]: consumed=123 emitted=245 ratio=245/123
PERF [F46 beats=140 w4=1]: consumed=70 emitted=140 ratio=140/70
PERF [F47 beats=144 w4=1]: consumed=72 emitted=144 ratio=144/72
PERF [F48 beats=32 w4=1]: consumed=16 emitted=32 ratio=32/16
PERF [F49 beats=24 w4=1]: consumed=12 emitted=24 ratio=24/12
PERF [F50 beats=189 w4=1]: consumed=95 emitted=189 ratio=189/95
PERF [F51 beats=199 w4=1]: consumed=100 emitted=199 ratio=199/100
PERF [F52 beats=184 w4=1]: consumed=92 emitted=184 ratio=184/92
PERF [F53 beats=172 w4=1]: consumed=86 emitted=172 ratio=172/86
PERF [F54 beats=234 w4=1]: consumed=117 emitted=234 ratio=234/117
PERF [F56 beats=64 w4=1]: consumed=32 emitted=64 ratio=64/32
PERF [F58 beats=140 w4=1]: consumed=70 emitted=140 ratio=140/70
PERF [F59 beats=80 w4=1]: consumed=40 emitted=80 ratio=80/40
PERF [F62 beats=168 w4=1]: consumed=84 emitted=168 ratio=168/84
PERF [F64 beats=94 w4=1]: consumed=47 emitted=94 ratio=94/47
PERF [F65 beats=176 w4=1]: consumed=88 emitted=176 ratio=176/88
PERF [F67 beats=252 w4=1]: consumed=126 emitted=252 ratio=252/126
PERF [F68 beats=90 w4=1]: consumed=45 emitted=90 ratio=90/45
PERF [F69 beats=44 w4=1]: consumed=22 emitted=44 ratio=44/22
PERF [F70 beats=96 w4=1]: consumed=48 emitted=96 ratio=96/48
PERF [F71 beats=132 w4=1]: consumed=66 emitted=132 ratio=132/66
PERF [F72 beats=195 w4=1]: consumed=98 emitted=195 ratio=195/98
PERF [F73 beats=19 w4=1]: consumed=10 emitted=19 ratio=19/10
PERF [F74 beats=133 w4=1]: consumed=67 emitted=133 ratio=133/67
PERF [F75 beats=210 w4=1]: consumed=105 emitted=210 ratio=210/105
PERF [F76 beats=210 w4=1]: consumed=105 emitted=210 ratio=210/105
PERF [F77 beats=119 w4=1]: consumed=60 emitted=119 ratio=119/60
PERF [F78 beats=84 w4=1]: consumed=42 emitted=84 ratio=84/42
PERF [F79 beats=198 w4=1]: consumed=99 emitted=198 ratio=198/99
PERF [F80 beats=240 w4=1]: consumed=120 emitted=240 ratio=240/120
PERF [F82 beats=114 w4=1]: consumed=57 emitted=114 ratio=114/57
PERF [F83 beats=153 w4=1]: consumed=77 emitted=153 ratio=153/77
PERF [F84 beats=165 w4=1]: consumed=83 emitted=165 ratio=165/83
PERF [F85 beats=156 w4=1]: consumed=78 emitted=156 ratio=156/78
PERF [F86 beats=188 w4=1]: consumed=94 emitted=188 ratio=188/94
PERF [F87 beats=55 w4=1]: consumed=28 emitted=55 ratio=55/28
PERF [F89 beats=90 w4=1]: consumed=45 emitted=90 ratio=90/45
PERF [F90 beats=240 w4=1]: consumed=120 emitted=240 ratio=240/120
PERF [F91 beats=56 w4=1]: consumed=28 emitted=56 ratio=56/28
PERF [F92 beats=145 w4=1]: consumed=73 emitted=145 ratio=145/73
PERF [F93 beats=98 w4=1]: consumed=49 emitted=98 ratio=98/49
PERF [F94 beats=42 w4=1]: consumed=21 emitted=42 ratio=42/21
PERF [F95 beats=13 w4=1]: consumed=7 emitted=13 ratio=13/7
PERF [F96 beats=116 w4=1]: consumed=58 emitted=116 ratio=116/58
PERF [F97 beats=246 w4=1]: consumed=123 emitted=246 ratio=246/123
PERF [F98 beats=239 w4=1]: consumed=120 emitted=239 ratio=239/120
PERF [F99 beats=16 w4=1]: consumed=8 emitted=16 ratio=16/8
PERF [F100 beats=72 w4=1]: consumed=36 emitted=72 ratio=72/36
PERF [F101 beats=248 w4=1]: consumed=124 emitted=248 ratio=248/124
PERF [F102 beats=108 w4=1]: consumed=54 emitted=108 ratio=108/54
PERF [F104 beats=220 w4=1]: consumed=110 emitted=220 ratio=220/110
PERF [F105 beats=152 w4=1]: consumed=76 emitted=152 ratio=152/76
PERF [F106 beats=88 w4=1]: consumed=44 emitted=88 ratio=88/44
PERF [F107 beats=255 w4=1]: consumed=128 emitted=255 ratio=255/128
PERF [F108 beats=80 w4=1]: consumed=40 emitted=80 ratio=80/40
PERF [F110 beats=86 w4=1]: consumed=43 emitted=86 ratio=86/43
PERF [F112 beats=42 w4=1]: consumed=21 emitted=42 ratio=42/21
PERF [F114 beats=47 w4=1]: consumed=24 emitted=47 ratio=47/24
PERF [F116 beats=94 w4=1]: consumed=47 emitted=94 ratio=94/47
PERF [F117 beats=185 w4=1]: consumed=93 emitted=185 ratio=185/93
PERF [F118 beats=18 w4=1]: consumed=9 emitted=18 ratio=18/9
PERF [F119 beats=42 w4=1]: consumed=21 emitted=42 ratio=42/21
PERF [F121 beats=50 w4=1]: consumed=25 emitted=50 ratio=50/25
PERF [F122 beats=224 w4=1]: consumed=112 emitted=224 ratio=224/112
PERF [F123 beats=144 w4=1]: consumed=72 emitted=144 ratio=144/72
PERF [F125 beats=56 w4=1]: consumed=28 emitted=56 ratio=56/28
PERF [F126 beats=184 w4=1]: consumed=92 emitted=184 ratio=184/92
PERF [F127 beats=88 w4=1]: consumed=44 emitted=88 ratio=88/44
PERF [F129 beats=242 w4=1]: consumed=121 emitted=242 ratio=242/121
PERF [F132 beats=192 w4=1]: consumed=96 emitted=192 ratio=192/96
PERF [F133 beats=200 w4=1]: consumed=100 emitted=200 ratio=200/100
PERF [F139 beats=130 w4=1]: consumed=65 emitted=130 ratio=130/65
PERF [F140 beats=32 w4=1]: consumed=16 emitted=32 ratio=32/16
PERF [F141 beats=98 w4=1]: consumed=49 emitted=98 ratio=98/49
PERF [F142 beats=16 w4=1]: consumed=8 emitted=16 ratio=16/8
PERF [F143 beats=234 w4=1]: consumed=117 emitted=234 ratio=234/117
PERF [F144 beats=126 w4=1]: consumed=63 emitted=126 ratio=126/63
PERF [F145 beats=147 w4=1]: consumed=74 emitted=147 ratio=147/74
PERF [F146 beats=16 w4=1]: consumed=8 emitted=16 ratio=16/8
PERF [F147 beats=217 w4=1]: consumed=109 emitted=217 ratio=217/109
PERF [F148 beats=90 w4=1]: consumed=45 emitted=90 ratio=90/45
PERF [F149 beats=180 w4=1]: consumed=90 emitted=180 ratio=180/90
PERF [F151 beats=154 w4=1]: consumed=77 emitted=154 ratio=154/77
PERF [F154 beats=102 w4=1]: consumed=51 emitted=102 ratio=102/51
PERF [F155 beats=246 w4=1]: consumed=123 emitted=246 ratio=246/123
PERF [F157 beats=28 w4=1]: consumed=14 emitted=28 ratio=28/14
PERF [F158 beats=212 w4=1]: consumed=106 emitted=212 ratio=212/106
PERF [F159 beats=32 w4=1]: consumed=16 emitted=32 ratio=32/16
PERF [F160 beats=26 w4=1]: consumed=13 emitted=26 ratio=26/13
PERF [F162 beats=116 w4=1]: consumed=58 emitted=116 ratio=116/58
PERF [F163 beats=256 w4=1]: consumed=128 emitted=256 ratio=256/128
PERF [F164 beats=24 w4=1]: consumed=12 emitted=24 ratio=24/12
PERF [F166 beats=192 w4=1]: consumed=96 emitted=192 ratio=192/96
PERF [F167 beats=65 w4=1]: consumed=33 emitted=65 ratio=65/33
PERF [F169 beats=10 w4=1]: consumed=5 emitted=10 ratio=10/5
PERF [F170 beats=25 w4=1]: consumed=13 emitted=25 ratio=25/13
PERF [F172 beats=222 w4=1]: consumed=111 emitted=222 ratio=222/111
PERF [F173 beats=32 w4=1]: consumed=16 emitted=32 ratio=32/16
PERF [F174 beats=145 w4=1]: consumed=73 emitted=145 ratio=145/73
PERF [F175 beats=210 w4=1]: consumed=105 emitted=210 ratio=210/105
PERF [F176 beats=161 w4=1]: consumed=81 emitted=161 ratio=161/81
PERF [F177 beats=184 w4=1]: consumed=92 emitted=184 ratio=184/92
PERF [F178 beats=240 w4=1]: consumed=120 emitted=240 ratio=240/120
PERF [F180 beats=222 w4=1]: consumed=111 emitted=222 ratio=222/111
PERF [F181 beats=152 w4=1]: consumed=76 emitted=152 ratio=152/76
PERF [F182 beats=10 w4=1]: consumed=5 emitted=10 ratio=10/5
PERF [F185 beats=50 w4=1]: consumed=25 emitted=50 ratio=50/25
PERF [F186 beats=99 w4=1]: consumed=50 emitted=99 ratio=99/50
PERF [F187 beats=177 w4=1]: consumed=89 emitted=177 ratio=177/89
PERF [F188 beats=72 w4=1]: consumed=36 emitted=72 ratio=72/36
PERF [F189 beats=15 w4=1]: consumed=8 emitted=15 ratio=15/8
PERF [F190 beats=20 w4=1]: consumed=10 emitted=20 ratio=20/10
PERF [F192 beats=144 w4=1]: consumed=72 emitted=144 ratio=144/72
PERF [F193 beats=141 w4=1]: consumed=71 emitted=141 ratio=141/71
PERF [F194 beats=256 w4=1]: consumed=128 emitted=256 ratio=256/128
PERF [F195 beats=160 w4=1]: consumed=80 emitted=160 ratio=160/80
PERF [F196 beats=129 w4=1]: consumed=65 emitted=129 ratio=129/65
PERF [F197 beats=76 w4=1]: consumed=38 emitted=76 ratio=76/38
PERF [F198 beats=232 w4=1]: consumed=116 emitted=232 ratio=232/116
PERF [F199 beats=57 w4=1]: consumed=29 emitted=57 ratio=57/29
PERF [F200 beats=30 w4=1]: consumed=15 emitted=30 ratio=30/15
PERF [F203 beats=80 w4=1]: consumed=40 emitted=80 ratio=80/40
PERF [F205 beats=246 w4=1]: consumed=123 emitted=246 ratio=246/123
PERF [F206 beats=124 w4=1]: consumed=62 emitted=124 ratio=124/62
PERF [F207 beats=104 w4=1]: consumed=52 emitted=104 ratio=104/52
PERF [F208 beats=90 w4=1]: consumed=45 emitted=90 ratio=90/45
PERF [F210 beats=234 w4=1]: consumed=117 emitted=234 ratio=234/117
PERF [F211 beats=44 w4=1]: consumed=22 emitted=44 ratio=44/22
PERF [F212 beats=200 w4=1]: consumed=100 emitted=200 ratio=200/100
PERF [F213 beats=16 w4=1]: consumed=8 emitted=16 ratio=16/8
PERF [F214 beats=81 w4=1]: consumed=41 emitted=81 ratio=81/41
PERF [F215 beats=85 w4=1]: consumed=43 emitted=85 ratio=85/43
PERF [F216 beats=77 w4=1]: consumed=39 emitted=77 ratio=77/39
PERF [F217 beats=10 w4=1]: consumed=5 emitted=10 ratio=10/5
PERF [F218 beats=220 w4=1]: consumed=110 emitted=220 ratio=220/110
PERF [F219 beats=72 w4=1]: consumed=36 emitted=72 ratio=72/36
PERF [F220 beats=106 w4=1]: consumed=53 emitted=106 ratio=106/53
COV w4_mode_w4 173
COV w4_mode_pass 47
COV w4_tail_odd 39
COV w4_tail_even 181
COV w4_beats_1 1
COV w4_beats_max 2
COV w4_beats_mid 217
COV w4_code_min 18
COV w4_code_max 196
COV w4_code_zero 11
COV w4_code_neg 220
COV w4_ill_beats0 0
COV w4_ill_beats_big 0
COV w4_rst_idle 0
COV w4_rst_run 0
COV w4_rst_wait 0
COV w4_rst_random 0
COV w4_bp_full 0
COV w4_bp_random 1
COV w4_bp_storm 0
COV w4_stall_none 0
COV w4_stall_random 1
COV w4_stall_storm 0
COV w4_perf_halved 134
COV w4_perf_oddtail 39
COV w4_perf_pass 47
TB PASS: 220 legal jobs, 0 illegal jobs, 0 mid-op resets, 0 errors (bp=1 stall=1 seed=203)
- tb_wfeed_w4_sb.sv:603: Verilog $finish
- S i m u l a t i o n   R e p o r t: Verilator 5.044 2026-01-01
- Verilator: $finish at 396us; walltime 0.036 s; speed 11.103 ms/s
- Verilator: cpu 0.036 s on 1 threads; alloced 2 MB
set -o pipefail; build/obj_w4/Vtb_wfeed_w4_sb +vectors=build/vectors_w4_storm.txt +bp_mode=2 \
	    +stall_mode=2 +seed=204 | tee build/run_storm.log
PERF [F1 beats=236 w4=1]: consumed=118 emitted=236 ratio=236/118
PERF [F2 beats=48 w4=1]: consumed=24 emitted=48 ratio=48/24
PERF [F3 beats=88 w4=1]: consumed=44 emitted=88 ratio=88/44
PERF [F4 beats=66 w4=1]: consumed=33 emitted=66 ratio=66/33
PERF [F5 beats=240 w4=1]: consumed=120 emitted=240 ratio=240/120
PERF [F7 beats=168 w4=1]: consumed=84 emitted=168 ratio=168/84
PERF [F8 beats=95 w4=1]: consumed=48 emitted=95 ratio=95/48
PERF [F9 beats=30 w4=1]: consumed=15 emitted=30 ratio=30/15
PERF [F12 beats=104 w4=1]: consumed=52 emitted=104 ratio=104/52
PERF [F13 beats=108 w4=1]: consumed=54 emitted=108 ratio=108/54
PERF [F14 beats=40 w4=1]: consumed=20 emitted=40 ratio=40/20
PERF [F15 beats=71 w4=1]: consumed=36 emitted=71 ratio=71/36
PERF [F18 beats=238 w4=1]: consumed=119 emitted=238 ratio=238/119
PERF [F19 beats=244 w4=1]: consumed=122 emitted=244 ratio=244/122
PERF [F20 beats=35 w4=1]: consumed=18 emitted=35 ratio=35/18
PERF [F21 beats=207 w4=1]: consumed=104 emitted=207 ratio=207/104
PERF [F22 beats=104 w4=1]: consumed=52 emitted=104 ratio=104/52
PERF [F25 beats=132 w4=1]: consumed=66 emitted=132 ratio=132/66
PERF [F26 beats=176 w4=1]: consumed=88 emitted=176 ratio=176/88
PERF [F27 beats=216 w4=1]: consumed=108 emitted=216 ratio=216/108
PERF [F28 beats=27 w4=1]: consumed=14 emitted=27 ratio=27/14
PERF [F29 beats=207 w4=1]: consumed=104 emitted=207 ratio=207/104
PERF [F30 beats=200 w4=1]: consumed=100 emitted=200 ratio=200/100
PERF [F31 beats=164 w4=1]: consumed=82 emitted=164 ratio=164/82
PERF [F33 beats=88 w4=1]: consumed=44 emitted=88 ratio=88/44
PERF [F35 beats=108 w4=1]: consumed=54 emitted=108 ratio=108/54
PERF [F36 beats=200 w4=1]: consumed=100 emitted=200 ratio=200/100
PERF [F37 beats=165 w4=1]: consumed=83 emitted=165 ratio=165/83
PERF [F39 beats=175 w4=1]: consumed=88 emitted=175 ratio=175/88
PERF [F40 beats=192 w4=1]: consumed=96 emitted=192 ratio=192/96
COV w4_mode_w4 30
COV w4_mode_pass 10
COV w4_tail_odd 8
COV w4_tail_even 32
COV w4_beats_1 0
COV w4_beats_max 0
COV w4_beats_mid 40
COV w4_code_min 6
COV w4_code_max 38
COV w4_code_zero 1
COV w4_code_neg 40
COV w4_ill_beats0 0
COV w4_ill_beats_big 0
COV w4_rst_idle 0
COV w4_rst_run 0
COV w4_rst_wait 0
COV w4_rst_random 0
COV w4_bp_full 0
COV w4_bp_random 0
COV w4_bp_storm 1
COV w4_stall_none 0
COV w4_stall_random 0
COV w4_stall_storm 1
COV w4_perf_halved 22
COV w4_perf_oddtail 8
COV w4_perf_pass 10
TB PASS: 40 legal jobs, 0 illegal jobs, 0 mid-op resets, 0 errors (bp=2 stall=2 seed=204)
- tb_wfeed_w4_sb.sv:603: Verilog $finish
- S i m u l a t i o n   R e p o r t: Verilator 5.044 2026-01-01
- Verilator: $finish at 737us; walltime 0.026 s; speed 29.769 ms/s
- Verilator: cpu 0.025 s on 1 threads; alloced 2 MB
set -o pipefail; build/obj_w4/Vtb_wfeed_w4_sb +vectors=build/vectors_w4_storm.txt +bp_mode=0 \
	    +stall_mode=2 +seed=205 | tee build/run_stall.log
PERF [F1 beats=236 w4=1]: consumed=118 emitted=236 ratio=236/118
PERF [F2 beats=48 w4=1]: consumed=24 emitted=48 ratio=48/24
PERF [F3 beats=88 w4=1]: consumed=44 emitted=88 ratio=88/44
PERF [F4 beats=66 w4=1]: consumed=33 emitted=66 ratio=66/33
PERF [F5 beats=240 w4=1]: consumed=120 emitted=240 ratio=240/120
PERF [F7 beats=168 w4=1]: consumed=84 emitted=168 ratio=168/84
PERF [F8 beats=95 w4=1]: consumed=48 emitted=95 ratio=95/48
PERF [F9 beats=30 w4=1]: consumed=15 emitted=30 ratio=30/15
PERF [F12 beats=104 w4=1]: consumed=52 emitted=104 ratio=104/52
PERF [F13 beats=108 w4=1]: consumed=54 emitted=108 ratio=108/54
PERF [F14 beats=40 w4=1]: consumed=20 emitted=40 ratio=40/20
PERF [F15 beats=71 w4=1]: consumed=36 emitted=71 ratio=71/36
PERF [F18 beats=238 w4=1]: consumed=119 emitted=238 ratio=238/119
PERF [F19 beats=244 w4=1]: consumed=122 emitted=244 ratio=244/122
PERF [F20 beats=35 w4=1]: consumed=18 emitted=35 ratio=35/18
PERF [F21 beats=207 w4=1]: consumed=104 emitted=207 ratio=207/104
PERF [F22 beats=104 w4=1]: consumed=52 emitted=104 ratio=104/52
PERF [F25 beats=132 w4=1]: consumed=66 emitted=132 ratio=132/66
PERF [F26 beats=176 w4=1]: consumed=88 emitted=176 ratio=176/88
PERF [F27 beats=216 w4=1]: consumed=108 emitted=216 ratio=216/108
PERF [F28 beats=27 w4=1]: consumed=14 emitted=27 ratio=27/14
PERF [F29 beats=207 w4=1]: consumed=104 emitted=207 ratio=207/104
PERF [F30 beats=200 w4=1]: consumed=100 emitted=200 ratio=200/100
PERF [F31 beats=164 w4=1]: consumed=82 emitted=164 ratio=164/82
PERF [F33 beats=88 w4=1]: consumed=44 emitted=88 ratio=88/44
PERF [F35 beats=108 w4=1]: consumed=54 emitted=108 ratio=108/54
PERF [F36 beats=200 w4=1]: consumed=100 emitted=200 ratio=200/100
PERF [F37 beats=165 w4=1]: consumed=83 emitted=165 ratio=165/83
PERF [F39 beats=175 w4=1]: consumed=88 emitted=175 ratio=175/88
PERF [F40 beats=192 w4=1]: consumed=96 emitted=192 ratio=192/96
COV w4_mode_w4 30
COV w4_mode_pass 10
COV w4_tail_odd 8
COV w4_tail_even 32
COV w4_beats_1 0
COV w4_beats_max 0
COV w4_beats_mid 40
COV w4_code_min 6
COV w4_code_max 38
COV w4_code_zero 1
COV w4_code_neg 40
COV w4_ill_beats0 0
COV w4_ill_beats_big 0
COV w4_rst_idle 0
COV w4_rst_run 0
COV w4_rst_wait 0
COV w4_rst_random 0
COV w4_bp_full 1
COV w4_bp_random 0
COV w4_bp_storm 0
COV w4_stall_none 0
COV w4_stall_random 0
COV w4_stall_storm 1
COV w4_perf_halved 22
COV w4_perf_oddtail 8
COV w4_perf_pass 10
TB PASS: 40 legal jobs, 0 illegal jobs, 0 mid-op resets, 0 errors (bp=0 stall=2 seed=205)
- tb_wfeed_w4_sb.sv:603: Verilog $finish
- S i m u l a t i o n   R e p o r t: Verilator 5.044 2026-01-01
- Verilator: $finish at 76us; walltime 0.007 s; speed 10.988 ms/s
- Verilator: cpu 0.007 s on 1 threads; alloced 2 MB
set -o pipefail; build/obj_w4/Vtb_wfeed_w4_sb +vectors=build/vectors_w4_reset.txt +bp_mode=1 \
	    +stall_mode=0 +seed=206 | tee build/run_reset.log
RESET [R1 beats=64 abort=0 phase=1] cyc=9: mid-op reset in FSM phase 1
RESET [R2 beats=5 abort=0 phase=1] cyc=27: mid-op reset in FSM phase 1
RESET [R3 beats=64 abort=0 phase=2] cyc=141: mid-op reset in FSM phase 2
RESET [R4 beats=5 abort=0 phase=2] cyc=168: mid-op reset in FSM phase 2
RESET [R5 beats=64 abort=1 phase=0] cyc=187: mid-op reset in FSM phase 1
RESET [R6 beats=64 abort=2 phase=0] cyc=207: mid-op reset in FSM phase 1
RESET [R7 beats=64 abort=3 phase=0] cyc=228: mid-op reset in FSM phase 1
RESET [R8 beats=64 abort=5 phase=0] cyc=251: mid-op reset in FSM phase 1
RESET [R9 beats=64 abort=8 phase=0] cyc=277: mid-op reset in FSM phase 1
RESET [R10 beats=64 abort=13 phase=0] cyc=308: mid-op reset in FSM phase 1
RESET [R11 beats=64 abort=21 phase=0] cyc=347: mid-op reset in FSM phase 1
RESET [R12 beats=64 abort=34 phase=0] cyc=399: mid-op reset in FSM phase 1
RESET [R13 beats=32 abort=1 phase=0] cyc=418: mid-op reset in FSM phase 1
RESET [R14 beats=32 abort=4 phase=0] cyc=440: mid-op reset in FSM phase 1
RESET [R15 beats=32 abort=9 phase=0] cyc=467: mid-op reset in FSM phase 1
COV w4_mode_w4 0
COV w4_mode_pass 0
COV w4_tail_odd 0
COV w4_tail_even 0
COV w4_beats_1 0
COV w4_beats_max 0
COV w4_beats_mid 0
COV w4_code_min 0
COV w4_code_max 0
COV w4_code_zero 0
COV w4_code_neg 0
COV w4_ill_beats0 0
COV w4_ill_beats_big 0
COV w4_rst_idle 0
COV w4_rst_run 13
COV w4_rst_wait 2
COV w4_rst_random 11
COV w4_bp_full 0
COV w4_bp_random 1
COV w4_bp_storm 0
COV w4_stall_none 1
COV w4_stall_random 0
COV w4_stall_storm 0
COV w4_perf_halved 0
COV w4_perf_oddtail 0
COV w4_perf_pass 0
TB PASS: 0 legal jobs, 0 illegal jobs, 15 mid-op resets, 0 errors (bp=1 stall=0 seed=206)
- tb_wfeed_w4_sb.sv:603: Verilog $finish
- S i m u l a t i o n   R e p o r t: Verilator 5.044 2026-01-01
- Verilator: $finish at 5us; walltime 0.001 s; speed 8.661 ms/s
- Verilator: cpu 0.001 s on 1 threads; alloced 2 MB
set -o pipefail; python3 coverage_report.py build/run_*.log \
	    | tee build/coverage.txt
bucket                      hits  note
------------------------------------------------------------------------------
w4_mode_w4                   255  w4_en = 1: unpack 1 packed beat -> 2 INT8
w4_mode_pass                  79  w4_en = 0: transparent 1:1 passthrough
w4_tail_odd                   63  job_beats odd: final packed beat's upper half is padding, dropped never emitted
w4_tail_even                 271  job_beats even: exact 2x expansion
w4_beats_1                     5  job_beats = 1 (single emitted beat)
w4_beats_max                   6  job_beats = BEATS_MAX_TB = 256
w4_beats_mid                 323  1 < job_beats < 256
w4_code_min                   34  code -8 present (INT4 min, D-001)
w4_code_max                  294  code +7 present (INT4 max, D-001)
w4_code_zero                  19  an all-zero emitted beat (amax=0 EPS tile) — the case where a dropped sign-extension is INVISIBLE, so it must coexist with min/max
w4_code_neg                  328  a negative code: sign extension is live
w4_ill_beats0                  2  job_beats = 0 reject (§3)
w4_ill_beats_big               2  job_beats > BEATS_MAX reject (§3)
w4_rst_run                    13  mid-op reset in ST_RUN (targeted)
w4_rst_wait                    2  mid-op reset in ST_WAIT (post-skid drain)
w4_rst_random                 11  cycle-count (untargeted) aborts
w4_rst_idle                    0  abort landed in ST_IDLE — the job had already completed, so not a mid-op case (informational) (optional, unhit)
w4_bp_full                     2  run with w8_ready held high
w4_bp_random                   3  run with ~75% duty backpressure
w4_bp_storm                    1  run with ~6% duty backpressure storm
w4_stall_none                  2  run with full-rate packed-W4 feed
w4_stall_random                2  run with short random feed gaps
w4_stall_storm                 2  run with bursty stalled feed (<=32 cyc)
w4_perf_halved               192  w4 job with EVEN beats: emitted = 2*consumed
w4_perf_oddtail               63  w4 job with ODD beats: emitted = 2*consumed - 1 (the corrected S6 form)
w4_perf_pass                  79  passthrough job: emitted = consumed

JOBS (parsed from 'TB PASS:' lines — never hand-written)
------------------------------------------------------------------------------
  runs completed      : 6 of 6 log(s)
  legal jobs          : 334
  illegal jobs        : 4
  mid-op reset jobs   : 15
  TB-reported errors  : 0

PERF (parsed from 'PERF [...]: consumed/emitted' — ARCHITECTURE.md:203-205)
------------------------------------------------------------------------------
  w4 jobs measured    : 255 (192 even, 63 odd-tail)
  emitted/consumed min: 1.0000x  [F5 beats=1 w4=1: consumed=1 emitted=1]
  emitted/consumed max: 2.0000x  [F99 beats=16 w4=1: consumed=8 emitted=16]
  aggregate           : 31595 emitted / 15829 consumed = 1.9960x
  S6 identity emitted == 2*consumed - (emitted & 1): 255/255 jobs hold

COVERAGE PASS: all required buckets hit (26 buckets, 6 logs)
set -o pipefail; python3 mutation_check.py | tee build/mutation.txt
MUTANT M1_nibble_order_swap: KILLED (rc=1) — FAIL [F1 beats=64 w4=1] cyc=112: beat 0
MUTANT M2_sign_ext_dropped: KILLED (rc=1) — FAIL [F1 beats=64 w4=1] cyc=112: beat 0
MUTANT M3_stuck_w4_en: KILLED (rc=1) — FAIL [F11 beats=1 w4=0] cyc=761: beat 0
MUTANT M4_lane_off_by_one: KILLED (rc=1) — FAIL [F1 beats=64 w4=1] cyc=113: beat 0
MUTANT M5_odd_tail_floor_not_ceil: KILLED (rc=1) — [4041600000] %Fatal: tb_wfeed_w4_sb.sv:287: Assertion failed in tb_wfeed_w4_sb.wait_done_rel: FAIL [F5 beats=1 w4=1]: job timeout after 400001 cycles (cyc=404160)

mutant                    verdict      rc  evidence
----------------------------------------------------------------------------------------------------
M1_nibble_order_swap      KILLED        1  FAIL [F1 beats=64 w4=1] cyc=112: beat 0
M2_sign_ext_dropped       KILLED        1  FAIL [F1 beats=64 w4=1] cyc=112: beat 0
M3_stuck_w4_en            KILLED        1  FAIL [F11 beats=1 w4=0] cyc=761: beat 0
M4_lane_off_by_one        KILLED        1  FAIL [F1 beats=64 w4=1] cyc=113: beat 0
M5_odd_tail_floor_not_ceilKILLED        1  [4041600000] %Fatal: tb_wfeed_w4_sb.sv:287: Assertion fa
----------------------------------------------------------------------------------------------------
NOTE: a run that hits the subprocess timeout is counted as KILLED — a wedged feeder is a detection.

MUTATION GATE: 5/5 mutants killed — checkers proven live
GATE mxe/w4: PASS
=== ALL G-I1 GATES GREEN ON MERGED TREE ===
