Copyright 1986-2022 Xilinx, Inc. All Rights Reserved. Copyright 2022-2025 Advanced Micro Devices, Inc. All Rights Reserved.
------------------------------------------------------------------------------------------------------------------------------------------------------------------------------------------------------------------------------------------------------------------------------------------
| Tool Version      : Vivado v.2025.2 (lin64) Build 6299465 Fri Nov 14 12:34:56 MST 2025
| Date              : Wed Jul 22 19:19:21 2026
| Host              : ip-172-31-41-25 running 64-bit Ubuntu 24.04.1 LTS
| Command           : report_timing -delay_type max -path_type full_clock_expanded -max_paths 10 -nworst 1 -input_pins -slice_pins -sort_by group -significant_digits 3 -file /home/ubuntu/aws-fpga/hdk/cl/examples/cl_apex/build/reports/cl_apex.2026_07_22-183309.post_route_timing.rpt
| Design            : top
| Device            : xcvu47p-fsvh2892
| Speed File        : -2  PRODUCTION 1.30 05-01-2022
| Design State      : Routed
| Temperature Grade : E
------------------------------------------------------------------------------------------------------------------------------------------------------------------------------------------------------------------------------------------------------------------------------------------

Timing Report

Slack (MET) :             0.711ns  (required time - arrival time)
  Source:                 <hidden>/<hidden>/<hidden>/<hidden>/<hidden>/<hidden>/<hidden>
                            (rising edge-triggered cell FDRE clocked by clk_main_a0  {rise@0.000ns fall@2.000ns period=4.000ns})
  Destination:            <hidden>/<hidden>/<hidden>/<hidden>/<hidden>/<hidden>/<hidden>
                            (rising edge-triggered cell FDRE clocked by clk_main_a0  {rise@0.000ns fall@2.000ns period=4.000ns})
  Path Group:             clk_main_a0
  Path Type:              Setup (Max at Slow Process Corner)
  Requirement:            4.000ns  (clk_main_a0 rise@4.000ns - clk_main_a0 rise@0.000ns)
  Data Path Delay:        3.024ns  (logic 0.176ns (5.820%)  route 2.848ns (94.180%))
  Logic Levels:           1  (LUT3=1)
  Clock Path Skew:        -0.231ns (DCD - SCD + CPR)
    Destination Clock Delay (DCD):    5.943ns = ( 9.943 - 4.000 ) 
    Source Clock Delay      (SCD):    5.880ns
    Clock Pessimism Removal (CPR):    -0.295ns
  Clock Uncertainty:      0.059ns  ((TSJ^2 + DJ^2)^1/2) / 2 + PE
    Total System Jitter     (TSJ):    0.071ns
    Discrete Jitter          (DJ):    0.094ns
    Phase Error              (PE):    0.000ns
  Clock Net Delay (Source):      2.462ns (routing 0.460ns, distribution 2.002ns)
  Clock Net Delay (Destination): 2.182ns (routing 0.419ns, distribution 1.763ns)

    Location             Delay type                Incr(ns)  Path(ns)    Partition      Netlist Resource(s)
  -------------------------------------------------------------------    ----------------------------------
                         (clock clk_main_a0 rise edge)
                                                      0.000     0.000 r                 
    BJ4                                               0.000     0.000 r  static         <hidden>
                         net (fo=0)                   0.100     0.100    static         <hidden>/<hidden>/<hidden>/<hidden>
    HPIOBDIFFINBUF_X0Y130.DIFF_IN_P
                                                                      r  static         <hidden>/<hidden>/<hidden>/<hidden>
    HPIOBDIFFINBUF_X0Y130.O
                         DIFFINBUF (Prop_DIFFINBUF_HPIOBDIFFINBUF_DIFF_IN_P_O)
                                                      0.863     0.963 r  static         <hidden>/<hidden>/<hidden>/<hidden>
                         net (fo=1, routed)           0.050     1.013    static         <hidden>/<hidden>/<hidden>/<hidden>
    BJ4.I                                                             r  static         <hidden>/<hidden>/<hidden>/<hidden>
    BJ4.O                IBUFCTRL (Prop_IBUFCTRL_HPIOB_M_I_O)
                                                      0.000     1.013 r  static         <hidden>/<hidden>/<hidden>/<hidden>
                         net (fo=1, routed)           0.348     1.361    static         <hidden>/<hidden>/<hidden>
    BUFGCE_X0Y122.I                                                   r  static         <hidden>/<hidden>/<hidden>
    BUFGCE_X0Y122.O      BUFGCE (Prop_BUFCE_BUFGCE_I_O)
                                                      0.028     1.389 r  static         <hidden>/<hidden>/<hidden>
                         net (fo=3, routed)           1.883     3.272    static         <hidden>/<hidden>/<hidden>/<hidden>/<hidden>/<hidden>/<hidden>/<hidden>
    MMCM_X0Y5.CLKIN1                                                  r  static         <hidden>/<hidden>/<hidden>/<hidden>/<hidden>/<hidden>/<hidden>/<hidden>
    MMCM_X0Y5.CLKOUT0    MMCME4_ADV (Prop_MMCM_CLKIN1_CLKOUT0)
                                                     -0.127     3.145 r  static         <hidden>/<hidden>/<hidden>/<hidden>/<hidden>/<hidden>/<hidden>/<hidden>
                         net (fo=2, routed)           0.245     3.390    static         <hidden>/<hidden>/<hidden>/<hidden>
    BUFGCE_X0Y136.I                                                   r  static         <hidden>/<hidden>/<hidden>/<hidden>
    BUFGCE_X0Y136.O      BUFGCE (Prop_BUFCE_BUFGCE_I_O)
                                                      0.028     3.418 r  static         <hidden>/<hidden>/<hidden>/<hidden>
    X3Y5 (CLOCK_ROOT)    net (fo=4881, routed)        2.462     5.880    static         <hidden>/<hidden>/<hidden>/<hidden>/<hidden>/<hidden>/<hidden>
    SLICE_X176Y460.CLK   FDRE                                         r  static         <hidden>/<hidden>/<hidden>/<hidden>/<hidden>/<hidden>/<hidden>
  -------------------------------------------------------------------    ----------------------------------
    SLICE_X176Y460.Q     FDRE (Prop_CFF_SLICEM_C_Q)
                                                      0.078     5.958 f  static         <hidden>/<hidden>/<hidden>/<hidden>/<hidden>/<hidden>/<hidden>
                         net (fo=1065, routed)        2.782     8.739    static         <hidden>/<hidden>/<hidden>/<hidden>/<hidden>/<hidden>/<hidden>
    SLICE_X176Y393.A3                                                 f  static         <hidden>/<hidden>/<hidden>/<hidden>/<hidden>/<hidden>/<hidden>
    SLICE_X176Y393.O6    LUT3 (Prop_C6LUT_SLICEM_I2_O)
                                                      0.098     8.837 r  static         <hidden>/<hidden>/<hidden>/<hidden>/<hidden>/<hidden>/<hidden>
                         net (fo=1, routed)           0.066     8.903    static         <hidden>/<hidden>/<hidden>/<hidden>/<hidden>/<hidden>/<hidden>
    SLICE_X176Y393.D     FDRE                                         r  static         <hidden>/<hidden>/<hidden>/<hidden>/<hidden>/<hidden>/<hidden>
  -------------------------------------------------------------------    ----------------------------------

                         (clock clk_main_a0 rise edge)
                                                      4.000     4.000 r                 
    BJ4                                               0.000     4.000 r  static         <hidden>
                         net (fo=0)                   0.079     4.079    static         <hidden>/<hidden>/<hidden>/<hidden>
    HPIOBDIFFINBUF_X0Y130.DIFF_IN_P
                                                                      r  static         <hidden>/<hidden>/<hidden>/<hidden>
    HPIOBDIFFINBUF_X0Y130.O
                         DIFFINBUF (Prop_DIFFINBUF_HPIOBDIFFINBUF_DIFF_IN_P_O)
                                                      0.750     4.829 r  static         <hidden>/<hidden>/<hidden>/<hidden>
                         net (fo=1, routed)           0.040     4.869    static         <hidden>/<hidden>/<hidden>/<hidden>
    BJ4.I                                                             r  static         <hidden>/<hidden>/<hidden>/<hidden>
    BJ4.O                IBUFCTRL (Prop_IBUFCTRL_HPIOB_M_I_O)
                                                      0.000     4.869 r  static         <hidden>/<hidden>/<hidden>/<hidden>
                         net (fo=1, routed)           0.309     5.178    static         <hidden>/<hidden>/<hidden>
    BUFGCE_X0Y122.I                                                   r  static         <hidden>/<hidden>/<hidden>
    BUFGCE_X0Y122.O      BUFGCE (Prop_BUFCE_BUFGCE_I_O)
                                                      0.024     5.202 r  static         <hidden>/<hidden>/<hidden>
                         net (fo=3, routed)           1.690     6.892    static         <hidden>/<hidden>/<hidden>/<hidden>/<hidden>/<hidden>/<hidden>/<hidden>
    MMCM_X0Y5.CLKIN1                                                  r  static         <hidden>/<hidden>/<hidden>/<hidden>/<hidden>/<hidden>/<hidden>/<hidden>
    MMCM_X0Y5.CLKOUT0    MMCME4_ADV (Prop_MMCM_CLKIN1_CLKOUT0)
                                                      0.630     7.522 r  static         <hidden>/<hidden>/<hidden>/<hidden>/<hidden>/<hidden>/<hidden>/<hidden>
                         net (fo=2, routed)           0.215     7.737    static         <hidden>/<hidden>/<hidden>/<hidden>
    BUFGCE_X0Y136.I                                                   r  static         <hidden>/<hidden>/<hidden>/<hidden>
    BUFGCE_X0Y136.O      BUFGCE (Prop_BUFCE_BUFGCE_I_O)
                                                      0.024     7.761 r  static         <hidden>/<hidden>/<hidden>/<hidden>
    X3Y5 (CLOCK_ROOT)    net (fo=4881, routed)        2.182     9.943    static         <hidden>/<hidden>/<hidden>/<hidden>/<hidden>/<hidden>/<hidden>
    SLICE_X176Y393.CLK   FDRE                                         r  static         <hidden>/<hidden>/<hidden>/<hidden>/<hidden>/<hidden>/<hidden>
                         clock pessimism             -0.295     9.648                     
                         clock uncertainty           -0.059     9.590                     
    SLICE_X176Y393       FDRE (Setup_CFF_SLICEM_C_D)
                                                      0.025     9.615    static           <hidden>/<hidden>/<hidden>/<hidden>/<hidden>/<hidden>/<hidden>
  -------------------------------------------------------------------
                         required time                          9.615                     
                         arrival time                          -8.903                     
  -------------------------------------------------------------------
                         slack                                  0.711                     

Slack (MET) :             0.729ns  (required time - arrival time)
  Source:                 <hidden>/<hidden>/<hidden>/<hidden>/<hidden>/<hidden>/<hidden>
                            (rising edge-triggered cell FDRE clocked by clk_main_a0  {rise@0.000ns fall@2.000ns period=4.000ns})
  Destination:            <hidden>/<hidden>/<hidden>/<hidden>/<hidden>/<hidden>/<hidden>
                            (rising edge-triggered cell FDRE clocked by clk_main_a0  {rise@0.000ns fall@2.000ns period=4.000ns})
  Path Group:             clk_main_a0
  Path Type:              Setup (Max at Slow Process Corner)
  Requirement:            4.000ns  (clk_main_a0 rise@4.000ns - clk_main_a0 rise@0.000ns)
  Data Path Delay:        3.006ns  (logic 0.167ns (5.556%)  route 2.839ns (94.444%))
  Logic Levels:           1  (LUT3=1)
  Clock Path Skew:        -0.231ns (DCD - SCD + CPR)
    Destination Clock Delay (DCD):    5.943ns = ( 9.943 - 4.000 ) 
    Source Clock Delay      (SCD):    5.880ns
    Clock Pessimism Removal (CPR):    -0.295ns
  Clock Uncertainty:      0.059ns  ((TSJ^2 + DJ^2)^1/2) / 2 + PE
    Total System Jitter     (TSJ):    0.071ns
    Discrete Jitter          (DJ):    0.094ns
    Phase Error              (PE):    0.000ns
  Clock Net Delay (Source):      2.462ns (routing 0.460ns, distribution 2.002ns)
  Clock Net Delay (Destination): 2.182ns (routing 0.419ns, distribution 1.763ns)

    Location             Delay type                Incr(ns)  Path(ns)    Partition      Netlist Resource(s)
  -------------------------------------------------------------------    ----------------------------------
                         (clock clk_main_a0 rise edge)
                                                      0.000     0.000 r                 
    BJ4                                               0.000     0.000 r  static         <hidden>
                         net (fo=0)                   0.100     0.100    static         <hidden>/<hidden>/<hidden>/<hidden>
    HPIOBDIFFINBUF_X0Y130.DIFF_IN_P
                                                                      r  static         <hidden>/<hidden>/<hidden>/<hidden>
    HPIOBDIFFINBUF_X0Y130.O
                         DIFFINBUF (Prop_DIFFINBUF_HPIOBDIFFINBUF_DIFF_IN_P_O)
                                                      0.863     0.963 r  static         <hidden>/<hidden>/<hidden>/<hidden>
                         net (fo=1, routed)           0.050     1.013    static         <hidden>/<hidden>/<hidden>/<hidden>
    BJ4.I                                                             r  static         <hidden>/<hidden>/<hidden>/<hidden>
    BJ4.O                IBUFCTRL (Prop_IBUFCTRL_HPIOB_M_I_O)
                                                      0.000     1.013 r  static         <hidden>/<hidden>/<hidden>/<hidden>
                         net (fo=1, routed)           0.348     1.361    static         <hidden>/<hidden>/<hidden>
    BUFGCE_X0Y122.I                                                   r  static         <hidden>/<hidden>/<hidden>
    BUFGCE_X0Y122.O      BUFGCE (Prop_BUFCE_BUFGCE_I_O)
                                                      0.028     1.389 r  static         <hidden>/<hidden>/<hidden>
                         net (fo=3, routed)           1.883     3.272    static         <hidden>/<hidden>/<hidden>/<hidden>/<hidden>/<hidden>/<hidden>/<hidden>
    MMCM_X0Y5.CLKIN1                                                  r  static         <hidden>/<hidden>/<hidden>/<hidden>/<hidden>/<hidden>/<hidden>/<hidden>
    MMCM_X0Y5.CLKOUT0    MMCME4_ADV (Prop_MMCM_CLKIN1_CLKOUT0)
                                                     -0.127     3.145 r  static         <hidden>/<hidden>/<hidden>/<hidden>/<hidden>/<hidden>/<hidden>/<hidden>
                         net (fo=2, routed)           0.245     3.390    static         <hidden>/<hidden>/<hidden>/<hidden>
    BUFGCE_X0Y136.I                                                   r  static         <hidden>/<hidden>/<hidden>/<hidden>
    BUFGCE_X0Y136.O      BUFGCE (Prop_BUFCE_BUFGCE_I_O)
                                                      0.028     3.418 r  static         <hidden>/<hidden>/<hidden>/<hidden>
    X3Y5 (CLOCK_ROOT)    net (fo=4881, routed)        2.462     5.880    static         <hidden>/<hidden>/<hidden>/<hidden>/<hidden>/<hidden>/<hidden>
    SLICE_X176Y460.CLK   FDRE                                         r  static         <hidden>/<hidden>/<hidden>/<hidden>/<hidden>/<hidden>/<hidden>
  -------------------------------------------------------------------    ----------------------------------
    SLICE_X176Y460.Q     FDRE (Prop_CFF_SLICEM_C_Q)
                                                      0.078     5.958 f  static         <hidden>/<hidden>/<hidden>/<hidden>/<hidden>/<hidden>/<hidden>
                         net (fo=1065, routed)        2.780     8.737    static         <hidden>/<hidden>/<hidden>/<hidden>/<hidden>/<hidden>/<hidden>
    SLICE_X176Y393.A4                                                 f  static         <hidden>/<hidden>/<hidden>/<hidden>/<hidden>/<hidden>/<hidden>
    SLICE_X176Y393.O6    LUT3 (Prop_B6LUT_SLICEM_I2_O)
                                                      0.089     8.826 r  static         <hidden>/<hidden>/<hidden>/<hidden>/<hidden>/<hidden>/<hidden>
                         net (fo=1, routed)           0.059     8.885    static         <hidden>/<hidden>/<hidden>/<hidden>/<hidden>/<hidden>/<hidden>
    SLICE_X176Y393.D     FDRE                                         r  static         <hidden>/<hidden>/<hidden>/<hidden>/<hidden>/<hidden>/<hidden>
  -------------------------------------------------------------------    ----------------------------------

                         (clock clk_main_a0 rise edge)
                                                      4.000     4.000 r                 
    BJ4                                               0.000     4.000 r  static         <hidden>
                         net (fo=0)                   0.079     4.079    static         <hidden>/<hidden>/<hidden>/<hidden>
    HPIOBDIFFINBUF_X0Y130.DIFF_IN_P
                                                                      r  static         <hidden>/<hidden>/<hidden>/<hidden>
    HPIOBDIFFINBUF_X0Y130.O
                         DIFFINBUF (Prop_DIFFINBUF_HPIOBDIFFINBUF_DIFF_IN_P_O)
                                                      0.750     4.829 r  static         <hidden>/<hidden>/<hidden>/<hidden>
                         net (fo=1, routed)           0.040     4.869    static         <hidden>/<hidden>/<hidden>/<hidden>
    BJ4.I                                                             r  static         <hidden>/<hidden>/<hidden>/<hidden>
    BJ4.O                IBUFCTRL (Prop_IBUFCTRL_HPIOB_M_I_O)
                                                      0.000     4.869 r  static         <hidden>/<hidden>/<hidden>/<hidden>
                         net (fo=1, routed)           0.309     5.178    static         <hidden>/<hidden>/<hidden>
    BUFGCE_X0Y122.I                                                   r  static         <hidden>/<hidden>/<hidden>
    BUFGCE_X0Y122.O      BUFGCE (Prop_BUFCE_BUFGCE_I_O)
                                                      0.024     5.202 r  static         <hidden>/<hidden>/<hidden>
                         net (fo=3, routed)           1.690     6.892    static         <hidden>/<hidden>/<hidden>/<hidden>/<hidden>/<hidden>/<hidden>/<hidden>
    MMCM_X0Y5.CLKIN1                                                  r  static         <hidden>/<hidden>/<hidden>/<hidden>/<hidden>/<hidden>/<hidden>/<hidden>
    MMCM_X0Y5.CLKOUT0    MMCME4_ADV (Prop_MMCM_CLKIN1_CLKOUT0)
                                                      0.630     7.522 r  static         <hidden>/<hidden>/<hidden>/<hidden>/<hidden>/<hidden>/<hidden>/<hidden>
                         net (fo=2, routed)           0.215     7.737    static         <hidden>/<hidden>/<hidden>/<hidden>
    BUFGCE_X0Y136.I                                                   r  static         <hidden>/<hidden>/<hidden>/<hidden>
    BUFGCE_X0Y136.O      BUFGCE (Prop_BUFCE_BUFGCE_I_O)
                                                      0.024     7.761 r  static         <hidden>/<hidden>/<hidden>/<hidden>
    X3Y5 (CLOCK_ROOT)    net (fo=4881, routed)        2.182     9.943    static         <hidden>/<hidden>/<hidden>/<hidden>/<hidden>/<hidden>/<hidden>
    SLICE_X176Y393.CLK   FDRE                                         r  static         <hidden>/<hidden>/<hidden>/<hidden>/<hidden>/<hidden>/<hidden>
                         clock pessimism             -0.295     9.648                     
                         clock uncertainty           -0.059     9.590                     
    SLICE_X176Y393       FDRE (Setup_BFF_SLICEM_C_D)
                                                      0.025     9.615    static           <hidden>/<hidden>/<hidden>/<hidden>/<hidden>/<hidden>/<hidden>
  -------------------------------------------------------------------
                         required time                          9.615                     
                         arrival time                          -8.885                     
  -------------------------------------------------------------------
                         slack                                  0.729                     

Slack (MET) :             0.737ns  (required time - arrival time)
  Source:                 <hidden>/<hidden>/<hidden>/<hidden>/<hidden>/<hidden>/<hidden>
                            (rising edge-triggered cell FDRE clocked by clk_main_a0  {rise@0.000ns fall@2.000ns period=4.000ns})
  Destination:            <hidden>/<hidden>/<hidden>/<hidden>/<hidden>/<hidden>/<hidden>
                            (rising edge-triggered cell FDRE clocked by clk_main_a0  {rise@0.000ns fall@2.000ns period=4.000ns})
  Path Group:             clk_main_a0
  Path Type:              Setup (Max at Slow Process Corner)
  Requirement:            4.000ns  (clk_main_a0 rise@4.000ns - clk_main_a0 rise@0.000ns)
  Data Path Delay:        2.998ns  (logic 0.189ns (6.304%)  route 2.809ns (93.696%))
  Logic Levels:           1  (LUT3=1)
  Clock Path Skew:        -0.231ns (DCD - SCD + CPR)
    Destination Clock Delay (DCD):    5.943ns = ( 9.943 - 4.000 ) 
    Source Clock Delay      (SCD):    5.880ns
    Clock Pessimism Removal (CPR):    -0.295ns
  Clock Uncertainty:      0.059ns  ((TSJ^2 + DJ^2)^1/2) / 2 + PE
    Total System Jitter     (TSJ):    0.071ns
    Discrete Jitter          (DJ):    0.094ns
    Phase Error              (PE):    0.000ns
  Clock Net Delay (Source):      2.462ns (routing 0.460ns, distribution 2.002ns)
  Clock Net Delay (Destination): 2.182ns (routing 0.419ns, distribution 1.763ns)

    Location             Delay type                Incr(ns)  Path(ns)    Partition      Netlist Resource(s)
  -------------------------------------------------------------------    ----------------------------------
                         (clock clk_main_a0 rise edge)
                                                      0.000     0.000 r                 
    BJ4                                               0.000     0.000 r  static         <hidden>
                         net (fo=0)                   0.100     0.100    static         <hidden>/<hidden>/<hidden>/<hidden>
    HPIOBDIFFINBUF_X0Y130.DIFF_IN_P
                                                                      r  static         <hidden>/<hidden>/<hidden>/<hidden>
    HPIOBDIFFINBUF_X0Y130.O
                         DIFFINBUF (Prop_DIFFINBUF_HPIOBDIFFINBUF_DIFF_IN_P_O)
                                                      0.863     0.963 r  static         <hidden>/<hidden>/<hidden>/<hidden>
                         net (fo=1, routed)           0.050     1.013    static         <hidden>/<hidden>/<hidden>/<hidden>
    BJ4.I                                                             r  static         <hidden>/<hidden>/<hidden>/<hidden>
    BJ4.O                IBUFCTRL (Prop_IBUFCTRL_HPIOB_M_I_O)
                                                      0.000     1.013 r  static         <hidden>/<hidden>/<hidden>/<hidden>
                         net (fo=1, routed)           0.348     1.361    static         <hidden>/<hidden>/<hidden>
    BUFGCE_X0Y122.I                                                   r  static         <hidden>/<hidden>/<hidden>
    BUFGCE_X0Y122.O      BUFGCE (Prop_BUFCE_BUFGCE_I_O)
                                                      0.028     1.389 r  static         <hidden>/<hidden>/<hidden>
                         net (fo=3, routed)           1.883     3.272    static         <hidden>/<hidden>/<hidden>/<hidden>/<hidden>/<hidden>/<hidden>/<hidden>
    MMCM_X0Y5.CLKIN1                                                  r  static         <hidden>/<hidden>/<hidden>/<hidden>/<hidden>/<hidden>/<hidden>/<hidden>
    MMCM_X0Y5.CLKOUT0    MMCME4_ADV (Prop_MMCM_CLKIN1_CLKOUT0)
                                                     -0.127     3.145 r  static         <hidden>/<hidden>/<hidden>/<hidden>/<hidden>/<hidden>/<hidden>/<hidden>
                         net (fo=2, routed)           0.245     3.390    static         <hidden>/<hidden>/<hidden>/<hidden>
    BUFGCE_X0Y136.I                                                   r  static         <hidden>/<hidden>/<hidden>/<hidden>
    BUFGCE_X0Y136.O      BUFGCE (Prop_BUFCE_BUFGCE_I_O)
                                                      0.028     3.418 r  static         <hidden>/<hidden>/<hidden>/<hidden>
    X3Y5 (CLOCK_ROOT)    net (fo=4881, routed)        2.462     5.880    static         <hidden>/<hidden>/<hidden>/<hidden>/<hidden>/<hidden>/<hidden>
    SLICE_X176Y460.CLK   FDRE                                         r  static         <hidden>/<hidden>/<hidden>/<hidden>/<hidden>/<hidden>/<hidden>
  -------------------------------------------------------------------    ----------------------------------
    SLICE_X176Y460.Q     FDRE (Prop_CFF_SLICEM_C_Q)
                                                      0.078     5.958 f  static         <hidden>/<hidden>/<hidden>/<hidden>/<hidden>/<hidden>/<hidden>
                         net (fo=1065, routed)        2.782     8.739    static         <hidden>/<hidden>/<hidden>/<hidden>/<hidden>/<hidden>/<hidden>
    SLICE_X176Y393.A3                                                 f  static         <hidden>/<hidden>/<hidden>/<hidden>/<hidden>/<hidden>/<hidden>
    SLICE_X176Y393.O5    LUT3 (Prop_C5LUT_SLICEM_I2_O)
                                                      0.111     8.850 r  static         <hidden>/<hidden>/<hidden>/<hidden>/<hidden>/<hidden>/<hidden>
                         net (fo=1, routed)           0.027     8.877    static         <hidden>/<hidden>/<hidden>/<hidden>/<hidden>/<hidden>/<hidden>
    SLICE_X176Y393.D     FDRE                                         r  static         <hidden>/<hidden>/<hidden>/<hidden>/<hidden>/<hidden>/<hidden>
  -------------------------------------------------------------------    ----------------------------------

                         (clock clk_main_a0 rise edge)
                                                      4.000     4.000 r                 
    BJ4                                               0.000     4.000 r  static         <hidden>
                         net (fo=0)                   0.079     4.079    static         <hidden>/<hidden>/<hidden>/<hidden>
    HPIOBDIFFINBUF_X0Y130.DIFF_IN_P
                                                                      r  static         <hidden>/<hidden>/<hidden>/<hidden>
    HPIOBDIFFINBUF_X0Y130.O
                         DIFFINBUF (Prop_DIFFINBUF_HPIOBDIFFINBUF_DIFF_IN_P_O)
                                                      0.750     4.829 r  static         <hidden>/<hidden>/<hidden>/<hidden>
                         net (fo=1, routed)           0.040     4.869    static         <hidden>/<hidden>/<hidden>/<hidden>
    BJ4.I                                                             r  static         <hidden>/<hidden>/<hidden>/<hidden>
    BJ4.O                IBUFCTRL (Prop_IBUFCTRL_HPIOB_M_I_O)
                                                      0.000     4.869 r  static         <hidden>/<hidden>/<hidden>/<hidden>
                         net (fo=1, routed)           0.309     5.178    static         <hidden>/<hidden>/<hidden>
    BUFGCE_X0Y122.I                                                   r  static         <hidden>/<hidden>/<hidden>
    BUFGCE_X0Y122.O      BUFGCE (Prop_BUFCE_BUFGCE_I_O)
                                                      0.024     5.202 r  static         <hidden>/<hidden>/<hidden>
                         net (fo=3, routed)           1.690     6.892    static         <hidden>/<hidden>/<hidden>/<hidden>/<hidden>/<hidden>/<hidden>/<hidden>
    MMCM_X0Y5.CLKIN1                                                  r  static         <hidden>/<hidden>/<hidden>/<hidden>/<hidden>/<hidden>/<hidden>/<hidden>
    MMCM_X0Y5.CLKOUT0    MMCME4_ADV (Prop_MMCM_CLKIN1_CLKOUT0)
                                                      0.630     7.522 r  static         <hidden>/<hidden>/<hidden>/<hidden>/<hidden>/<hidden>/<hidden>/<hidden>
                         net (fo=2, routed)           0.215     7.737    static         <hidden>/<hidden>/<hidden>/<hidden>
    BUFGCE_X0Y136.I                                                   r  static         <hidden>/<hidden>/<hidden>/<hidden>
    BUFGCE_X0Y136.O      BUFGCE (Prop_BUFCE_BUFGCE_I_O)
                                                      0.024     7.761 r  static         <hidden>/<hidden>/<hidden>/<hidden>
    X3Y5 (CLOCK_ROOT)    net (fo=4881, routed)        2.182     9.943    static         <hidden>/<hidden>/<hidden>/<hidden>/<hidden>/<hidden>/<hidden>
    SLICE_X176Y393.CLK   FDRE                                         r  static         <hidden>/<hidden>/<hidden>/<hidden>/<hidden>/<hidden>/<hidden>
                         clock pessimism             -0.295     9.648                     
                         clock uncertainty           -0.059     9.590                     
    SLICE_X176Y393       FDRE (Setup_CFF2_SLICEM_C_D)
                                                      0.025     9.615    static           <hidden>/<hidden>/<hidden>/<hidden>/<hidden>/<hidden>/<hidden>
  -------------------------------------------------------------------
                         required time                          9.615                     
                         arrival time                          -8.877                     
  -------------------------------------------------------------------
                         slack                                  0.737                     

Slack (MET) :             0.748ns  (required time - arrival time)
  Source:                 <hidden>/<hidden>/<hidden>/<hidden>/<hidden>/<hidden>/<hidden>
                            (rising edge-triggered cell FDRE clocked by clk_main_a0  {rise@0.000ns fall@2.000ns period=4.000ns})
  Destination:            <hidden>/<hidden>/<hidden>/<hidden>/<hidden>/<hidden>/<hidden>
                            (rising edge-triggered cell FDRE clocked by clk_main_a0  {rise@0.000ns fall@2.000ns period=4.000ns})
  Path Group:             clk_main_a0
  Path Type:              Setup (Max at Slow Process Corner)
  Requirement:            4.000ns  (clk_main_a0 rise@4.000ns - clk_main_a0 rise@0.000ns)
  Data Path Delay:        3.015ns  (logic 0.228ns (7.563%)  route 2.787ns (92.437%))
  Logic Levels:           1  (LUT3=1)
  Clock Path Skew:        -0.204ns (DCD - SCD + CPR)
    Destination Clock Delay (DCD):    5.938ns = ( 9.938 - 4.000 ) 
    Source Clock Delay      (SCD):    5.843ns
    Clock Pessimism Removal (CPR):    -0.299ns
  Clock Uncertainty:      0.059ns  ((TSJ^2 + DJ^2)^1/2) / 2 + PE
    Total System Jitter     (TSJ):    0.071ns
    Discrete Jitter          (DJ):    0.094ns
    Phase Error              (PE):    0.000ns
  Clock Net Delay (Source):      2.425ns (routing 0.460ns, distribution 1.965ns)
  Clock Net Delay (Destination): 2.176ns (routing 0.419ns, distribution 1.757ns)

    Location             Delay type                Incr(ns)  Path(ns)    Partition      Netlist Resource(s)
  -------------------------------------------------------------------    ----------------------------------
                         (clock clk_main_a0 rise edge)
                                                      0.000     0.000 r                 
    BJ4                                               0.000     0.000 r  static         <hidden>
                         net (fo=0)                   0.100     0.100    static         <hidden>/<hidden>/<hidden>/<hidden>
    HPIOBDIFFINBUF_X0Y130.DIFF_IN_P
                                                                      r  static         <hidden>/<hidden>/<hidden>/<hidden>
    HPIOBDIFFINBUF_X0Y130.O
                         DIFFINBUF (Prop_DIFFINBUF_HPIOBDIFFINBUF_DIFF_IN_P_O)
                                                      0.863     0.963 r  static         <hidden>/<hidden>/<hidden>/<hidden>
                         net (fo=1, routed)           0.050     1.013    static         <hidden>/<hidden>/<hidden>/<hidden>
    BJ4.I                                                             r  static         <hidden>/<hidden>/<hidden>/<hidden>
    BJ4.O                IBUFCTRL (Prop_IBUFCTRL_HPIOB_M_I_O)
                                                      0.000     1.013 r  static         <hidden>/<hidden>/<hidden>/<hidden>
                         net (fo=1, routed)           0.348     1.361    static         <hidden>/<hidden>/<hidden>
    BUFGCE_X0Y122.I                                                   r  static         <hidden>/<hidden>/<hidden>
    BUFGCE_X0Y122.O      BUFGCE (Prop_BUFCE_BUFGCE_I_O)
                                                      0.028     1.389 r  static         <hidden>/<hidden>/<hidden>
                         net (fo=3, routed)           1.883     3.272    static         <hidden>/<hidden>/<hidden>/<hidden>/<hidden>/<hidden>/<hidden>/<hidden>
    MMCM_X0Y5.CLKIN1                                                  r  static         <hidden>/<hidden>/<hidden>/<hidden>/<hidden>/<hidden>/<hidden>/<hidden>
    MMCM_X0Y5.CLKOUT0    MMCME4_ADV (Prop_MMCM_CLKIN1_CLKOUT0)
                                                     -0.127     3.145 r  static         <hidden>/<hidden>/<hidden>/<hidden>/<hidden>/<hidden>/<hidden>/<hidden>
                         net (fo=2, routed)           0.245     3.390    static         <hidden>/<hidden>/<hidden>/<hidden>
    BUFGCE_X0Y136.I                                                   r  static         <hidden>/<hidden>/<hidden>/<hidden>
    BUFGCE_X0Y136.O      BUFGCE (Prop_BUFCE_BUFGCE_I_O)
                                                      0.028     3.418 r  static         <hidden>/<hidden>/<hidden>/<hidden>
    X3Y5 (CLOCK_ROOT)    net (fo=4881, routed)        2.425     5.843    static         <hidden>/<hidden>/<hidden>/<hidden>/<hidden>/<hidden>/<hidden>
    SLICE_X176Y300.CLK   FDRE                                         r  static         <hidden>/<hidden>/<hidden>/<hidden>/<hidden>/<hidden>/<hidden>
  -------------------------------------------------------------------    ----------------------------------
    SLICE_X176Y300.Q     FDRE (Prop_HFF2_SLICEM_C_Q)
                                                      0.078     5.921 f  static         <hidden>/<hidden>/<hidden>/<hidden>/<hidden>/<hidden>/<hidden>
                         net (fo=1157, routed)        2.736     8.656    static         <hidden>/<hidden>/<hidden>/<hidden>/<hidden>/<hidden>/<hidden>
    SLICE_X177Y241.A1                                                 f  static         <hidden>/<hidden>/<hidden>/<hidden>/<hidden>/<hidden>/<hidden>
    SLICE_X177Y241.O6    LUT3 (Prop_H6LUT_SLICEL_I2_O)
                                                      0.150     8.806 r  static         <hidden>/<hidden>/<hidden>/<hidden>/<hidden>/<hidden>/<hidden>
                         net (fo=1, routed)           0.051     8.857    static         <hidden>/<hidden>/<hidden>/<hidden>/<hidden>/<hidden>/<hidden>
    SLICE_X177Y241.D     FDRE                                         r  static         <hidden>/<hidden>/<hidden>/<hidden>/<hidden>/<hidden>/<hidden>
  -------------------------------------------------------------------    ----------------------------------

                         (clock clk_main_a0 rise edge)
                                                      4.000     4.000 r                 
    BJ4                                               0.000     4.000 r  static         <hidden>
                         net (fo=0)                   0.079     4.079    static         <hidden>/<hidden>/<hidden>/<hidden>
    HPIOBDIFFINBUF_X0Y130.DIFF_IN_P
                                                                      r  static         <hidden>/<hidden>/<hidden>/<hidden>
    HPIOBDIFFINBUF_X0Y130.O
                         DIFFINBUF (Prop_DIFFINBUF_HPIOBDIFFINBUF_DIFF_IN_P_O)
                                                      0.750     4.829 r  static         <hidden>/<hidden>/<hidden>/<hidden>
                         net (fo=1, routed)           0.040     4.869    static         <hidden>/<hidden>/<hidden>/<hidden>
    BJ4.I                                                             r  static         <hidden>/<hidden>/<hidden>/<hidden>
    BJ4.O                IBUFCTRL (Prop_IBUFCTRL_HPIOB_M_I_O)
                                                      0.000     4.869 r  static         <hidden>/<hidden>/<hidden>/<hidden>
                         net (fo=1, routed)           0.309     5.178    static         <hidden>/<hidden>/<hidden>
    BUFGCE_X0Y122.I                                                   r  static         <hidden>/<hidden>/<hidden>
    BUFGCE_X0Y122.O      BUFGCE (Prop_BUFCE_BUFGCE_I_O)
                                                      0.024     5.202 r  static         <hidden>/<hidden>/<hidden>
                         net (fo=3, routed)           1.690     6.892    static         <hidden>/<hidden>/<hidden>/<hidden>/<hidden>/<hidden>/<hidden>/<hidden>
    MMCM_X0Y5.CLKIN1                                                  r  static         <hidden>/<hidden>/<hidden>/<hidden>/<hidden>/<hidden>/<hidden>/<hidden>
    MMCM_X0Y5.CLKOUT0    MMCME4_ADV (Prop_MMCM_CLKIN1_CLKOUT0)
                                                      0.630     7.522 r  static         <hidden>/<hidden>/<hidden>/<hidden>/<hidden>/<hidden>/<hidden>/<hidden>
                         net (fo=2, routed)           0.215     7.737    static         <hidden>/<hidden>/<hidden>/<hidden>
    BUFGCE_X0Y136.I                                                   r  static         <hidden>/<hidden>/<hidden>/<hidden>
    BUFGCE_X0Y136.O      BUFGCE (Prop_BUFCE_BUFGCE_I_O)
                                                      0.024     7.761 r  static         <hidden>/<hidden>/<hidden>/<hidden>
    X3Y5 (CLOCK_ROOT)    net (fo=4881, routed)        2.176     9.938    static         <hidden>/<hidden>/<hidden>/<hidden>/<hidden>/<hidden>/<hidden>
    SLICE_X177Y241.CLK   FDRE                                         r  static         <hidden>/<hidden>/<hidden>/<hidden>/<hidden>/<hidden>/<hidden>
                         clock pessimism             -0.299     9.639                     
                         clock uncertainty           -0.059     9.580                     
    SLICE_X177Y241       FDRE (Setup_HFF_SLICEL_C_D)
                                                      0.025     9.605    static           <hidden>/<hidden>/<hidden>/<hidden>/<hidden>/<hidden>/<hidden>
  -------------------------------------------------------------------
                         required time                          9.605                     
                         arrival time                          -8.857                     
  -------------------------------------------------------------------
                         slack                                  0.748                     

Slack (MET) :             0.748ns  (required time - arrival time)
  Source:                 <hidden>/<hidden>/<hidden>/<hidden>/<hidden>/<hidden>/<hidden>
                            (rising edge-triggered cell FDRE clocked by clk_main_a0  {rise@0.000ns fall@2.000ns period=4.000ns})
  Destination:            <hidden>/<hidden>/<hidden>/<hidden>/<hidden>/<hidden>/<hidden>
                            (rising edge-triggered cell FDRE clocked by clk_main_a0  {rise@0.000ns fall@2.000ns period=4.000ns})
  Path Group:             clk_main_a0
  Path Type:              Setup (Max at Slow Process Corner)
  Requirement:            4.000ns  (clk_main_a0 rise@4.000ns - clk_main_a0 rise@0.000ns)
  Data Path Delay:        2.987ns  (logic 0.181ns (6.060%)  route 2.806ns (93.940%))
  Logic Levels:           1  (LUT3=1)
  Clock Path Skew:        -0.231ns (DCD - SCD + CPR)
    Destination Clock Delay (DCD):    5.943ns = ( 9.943 - 4.000 ) 
    Source Clock Delay      (SCD):    5.880ns
    Clock Pessimism Removal (CPR):    -0.295ns
  Clock Uncertainty:      0.059ns  ((TSJ^2 + DJ^2)^1/2) / 2 + PE
    Total System Jitter     (TSJ):    0.071ns
    Discrete Jitter          (DJ):    0.094ns
    Phase Error              (PE):    0.000ns
  Clock Net Delay (Source):      2.462ns (routing 0.460ns, distribution 2.002ns)
  Clock Net Delay (Destination): 2.182ns (routing 0.419ns, distribution 1.763ns)

    Location             Delay type                Incr(ns)  Path(ns)    Partition      Netlist Resource(s)
  -------------------------------------------------------------------    ----------------------------------
                         (clock clk_main_a0 rise edge)
                                                      0.000     0.000 r                 
    BJ4                                               0.000     0.000 r  static         <hidden>
                         net (fo=0)                   0.100     0.100    static         <hidden>/<hidden>/<hidden>/<hidden>
    HPIOBDIFFINBUF_X0Y130.DIFF_IN_P
                                                                      r  static         <hidden>/<hidden>/<hidden>/<hidden>
    HPIOBDIFFINBUF_X0Y130.O
                         DIFFINBUF (Prop_DIFFINBUF_HPIOBDIFFINBUF_DIFF_IN_P_O)
                                                      0.863     0.963 r  static         <hidden>/<hidden>/<hidden>/<hidden>
                         net (fo=1, routed)           0.050     1.013    static         <hidden>/<hidden>/<hidden>/<hidden>
    BJ4.I                                                             r  static         <hidden>/<hidden>/<hidden>/<hidden>
    BJ4.O                IBUFCTRL (Prop_IBUFCTRL_HPIOB_M_I_O)
                                                      0.000     1.013 r  static         <hidden>/<hidden>/<hidden>/<hidden>
                         net (fo=1, routed)           0.348     1.361    static         <hidden>/<hidden>/<hidden>
    BUFGCE_X0Y122.I                                                   r  static         <hidden>/<hidden>/<hidden>
    BUFGCE_X0Y122.O      BUFGCE (Prop_BUFCE_BUFGCE_I_O)
                                                      0.028     1.389 r  static         <hidden>/<hidden>/<hidden>
                         net (fo=3, routed)           1.883     3.272    static         <hidden>/<hidden>/<hidden>/<hidden>/<hidden>/<hidden>/<hidden>/<hidden>
    MMCM_X0Y5.CLKIN1                                                  r  static         <hidden>/<hidden>/<hidden>/<hidden>/<hidden>/<hidden>/<hidden>/<hidden>
    MMCM_X0Y5.CLKOUT0    MMCME4_ADV (Prop_MMCM_CLKIN1_CLKOUT0)
                                                     -0.127     3.145 r  static         <hidden>/<hidden>/<hidden>/<hidden>/<hidden>/<hidden>/<hidden>/<hidden>
                         net (fo=2, routed)           0.245     3.390    static         <hidden>/<hidden>/<hidden>/<hidden>
    BUFGCE_X0Y136.I                                                   r  static         <hidden>/<hidden>/<hidden>/<hidden>
    BUFGCE_X0Y136.O      BUFGCE (Prop_BUFCE_BUFGCE_I_O)
                                                      0.028     3.418 r  static         <hidden>/<hidden>/<hidden>/<hidden>
    X3Y5 (CLOCK_ROOT)    net (fo=4881, routed)        2.462     5.880    static         <hidden>/<hidden>/<hidden>/<hidden>/<hidden>/<hidden>/<hidden>
    SLICE_X176Y460.CLK   FDRE                                         r  static         <hidden>/<hidden>/<hidden>/<hidden>/<hidden>/<hidden>/<hidden>
  -------------------------------------------------------------------    ----------------------------------
    SLICE_X176Y460.Q     FDRE (Prop_CFF_SLICEM_C_Q)
                                                      0.078     5.958 f  static         <hidden>/<hidden>/<hidden>/<hidden>/<hidden>/<hidden>/<hidden>
                         net (fo=1065, routed)        2.780     8.737    static         <hidden>/<hidden>/<hidden>/<hidden>/<hidden>/<hidden>/<hidden>
    SLICE_X176Y393.A4                                                 f  static         <hidden>/<hidden>/<hidden>/<hidden>/<hidden>/<hidden>/<hidden>
    SLICE_X176Y393.O5    LUT3 (Prop_B5LUT_SLICEM_I2_O)
                                                      0.103     8.840 r  static         <hidden>/<hidden>/<hidden>/<hidden>/<hidden>/<hidden>/<hidden>
                         net (fo=1, routed)           0.026     8.866    static         <hidden>/<hidden>/<hidden>/<hidden>/<hidden>/<hidden>/<hidden>
    SLICE_X176Y393.D     FDRE                                         r  static         <hidden>/<hidden>/<hidden>/<hidden>/<hidden>/<hidden>/<hidden>
  -------------------------------------------------------------------    ----------------------------------

                         (clock clk_main_a0 rise edge)
                                                      4.000     4.000 r                 
    BJ4                                               0.000     4.000 r  static         <hidden>
                         net (fo=0)                   0.079     4.079    static         <hidden>/<hidden>/<hidden>/<hidden>
    HPIOBDIFFINBUF_X0Y130.DIFF_IN_P
                                                                      r  static         <hidden>/<hidden>/<hidden>/<hidden>
    HPIOBDIFFINBUF_X0Y130.O
                         DIFFINBUF (Prop_DIFFINBUF_HPIOBDIFFINBUF_DIFF_IN_P_O)
                                                      0.750     4.829 r  static         <hidden>/<hidden>/<hidden>/<hidden>
                         net (fo=1, routed)           0.040     4.869    static         <hidden>/<hidden>/<hidden>/<hidden>
    BJ4.I                                                             r  static         <hidden>/<hidden>/<hidden>/<hidden>
    BJ4.O                IBUFCTRL (Prop_IBUFCTRL_HPIOB_M_I_O)
                                                      0.000     4.869 r  static         <hidden>/<hidden>/<hidden>/<hidden>
                         net (fo=1, routed)           0.309     5.178    static         <hidden>/<hidden>/<hidden>
    BUFGCE_X0Y122.I                                                   r  static         <hidden>/<hidden>/<hidden>
    BUFGCE_X0Y122.O      BUFGCE (Prop_BUFCE_BUFGCE_I_O)
                                                      0.024     5.202 r  static         <hidden>/<hidden>/<hidden>
                         net (fo=3, routed)           1.690     6.892    static         <hidden>/<hidden>/<hidden>/<hidden>/<hidden>/<hidden>/<hidden>/<hidden>
    MMCM_X0Y5.CLKIN1                                                  r  static         <hidden>/<hidden>/<hidden>/<hidden>/<hidden>/<hidden>/<hidden>/<hidden>
    MMCM_X0Y5.CLKOUT0    MMCME4_ADV (Prop_MMCM_CLKIN1_CLKOUT0)
                                                      0.630     7.522 r  static         <hidden>/<hidden>/<hidden>/<hidden>/<hidden>/<hidden>/<hidden>/<hidden>
                         net (fo=2, routed)           0.215     7.737    static         <hidden>/<hidden>/<hidden>/<hidden>
    BUFGCE_X0Y136.I                                                   r  static         <hidden>/<hidden>/<hidden>/<hidden>
    BUFGCE_X0Y136.O      BUFGCE (Prop_BUFCE_BUFGCE_I_O)
                                                      0.024     7.761 r  static         <hidden>/<hidden>/<hidden>/<hidden>
    X3Y5 (CLOCK_ROOT)    net (fo=4881, routed)        2.182     9.943    static         <hidden>/<hidden>/<hidden>/<hidden>/<hidden>/<hidden>/<hidden>
    SLICE_X176Y393.CLK   FDRE                                         r  static         <hidden>/<hidden>/<hidden>/<hidden>/<hidden>/<hidden>/<hidden>
                         clock pessimism             -0.295     9.648                     
                         clock uncertainty           -0.059     9.590                     
    SLICE_X176Y393       FDRE (Setup_BFF2_SLICEM_C_D)
                                                      0.025     9.615    static           <hidden>/<hidden>/<hidden>/<hidden>/<hidden>/<hidden>/<hidden>
  -------------------------------------------------------------------
                         required time                          9.615                     
                         arrival time                          -8.866                     
  -------------------------------------------------------------------
                         slack                                  0.748                     

Slack (MET) :             0.776ns  (required time - arrival time)
  Source:                 <hidden>/<hidden>/<hidden>/<hidden>/<hidden>/<hidden>/<hidden>
                            (rising edge-triggered cell FDRE clocked by clk_main_a0  {rise@0.000ns fall@2.000ns period=4.000ns})
  Destination:            <hidden>/<hidden>/<hidden>/<hidden>/<hidden>/<hidden>/<hidden>
                            (rising edge-triggered cell FDRE clocked by clk_main_a0  {rise@0.000ns fall@2.000ns period=4.000ns})
  Path Group:             clk_main_a0
  Path Type:              Setup (Max at Slow Process Corner)
  Requirement:            4.000ns  (clk_main_a0 rise@4.000ns - clk_main_a0 rise@0.000ns)
  Data Path Delay:        2.987ns  (logic 0.236ns (7.901%)  route 2.751ns (92.099%))
  Logic Levels:           1  (LUT3=1)
  Clock Path Skew:        -0.204ns (DCD - SCD + CPR)
    Destination Clock Delay (DCD):    5.938ns = ( 9.938 - 4.000 ) 
    Source Clock Delay      (SCD):    5.843ns
    Clock Pessimism Removal (CPR):    -0.299ns
  Clock Uncertainty:      0.059ns  ((TSJ^2 + DJ^2)^1/2) / 2 + PE
    Total System Jitter     (TSJ):    0.071ns
    Discrete Jitter          (DJ):    0.094ns
    Phase Error              (PE):    0.000ns
  Clock Net Delay (Source):      2.425ns (routing 0.460ns, distribution 1.965ns)
  Clock Net Delay (Destination): 2.176ns (routing 0.419ns, distribution 1.757ns)

    Location             Delay type                Incr(ns)  Path(ns)    Partition      Netlist Resource(s)
  -------------------------------------------------------------------    ----------------------------------
                         (clock clk_main_a0 rise edge)
                                                      0.000     0.000 r                 
    BJ4                                               0.000     0.000 r  static         <hidden>
                         net (fo=0)                   0.100     0.100    static         <hidden>/<hidden>/<hidden>/<hidden>
    HPIOBDIFFINBUF_X0Y130.DIFF_IN_P
                                                                      r  static         <hidden>/<hidden>/<hidden>/<hidden>
    HPIOBDIFFINBUF_X0Y130.O
                         DIFFINBUF (Prop_DIFFINBUF_HPIOBDIFFINBUF_DIFF_IN_P_O)
                                                      0.863     0.963 r  static         <hidden>/<hidden>/<hidden>/<hidden>
                         net (fo=1, routed)           0.050     1.013    static         <hidden>/<hidden>/<hidden>/<hidden>
    BJ4.I                                                             r  static         <hidden>/<hidden>/<hidden>/<hidden>
    BJ4.O                IBUFCTRL (Prop_IBUFCTRL_HPIOB_M_I_O)
                                                      0.000     1.013 r  static         <hidden>/<hidden>/<hidden>/<hidden>
                         net (fo=1, routed)           0.348     1.361    static         <hidden>/<hidden>/<hidden>
    BUFGCE_X0Y122.I                                                   r  static         <hidden>/<hidden>/<hidden>
    BUFGCE_X0Y122.O      BUFGCE (Prop_BUFCE_BUFGCE_I_O)
                                                      0.028     1.389 r  static         <hidden>/<hidden>/<hidden>
                         net (fo=3, routed)           1.883     3.272    static         <hidden>/<hidden>/<hidden>/<hidden>/<hidden>/<hidden>/<hidden>/<hidden>
    MMCM_X0Y5.CLKIN1                                                  r  static         <hidden>/<hidden>/<hidden>/<hidden>/<hidden>/<hidden>/<hidden>/<hidden>
    MMCM_X0Y5.CLKOUT0    MMCME4_ADV (Prop_MMCM_CLKIN1_CLKOUT0)
                                                     -0.127     3.145 r  static         <hidden>/<hidden>/<hidden>/<hidden>/<hidden>/<hidden>/<hidden>/<hidden>
                         net (fo=2, routed)           0.245     3.390    static         <hidden>/<hidden>/<hidden>/<hidden>
    BUFGCE_X0Y136.I                                                   r  static         <hidden>/<hidden>/<hidden>/<hidden>
    BUFGCE_X0Y136.O      BUFGCE (Prop_BUFCE_BUFGCE_I_O)
                                                      0.028     3.418 r  static         <hidden>/<hidden>/<hidden>/<hidden>
    X3Y5 (CLOCK_ROOT)    net (fo=4881, routed)        2.425     5.843    static         <hidden>/<hidden>/<hidden>/<hidden>/<hidden>/<hidden>/<hidden>
    SLICE_X176Y300.CLK   FDRE                                         r  static         <hidden>/<hidden>/<hidden>/<hidden>/<hidden>/<hidden>/<hidden>
  -------------------------------------------------------------------    ----------------------------------
    SLICE_X176Y300.Q     FDRE (Prop_HFF2_SLICEM_C_Q)
                                                      0.078     5.921 f  static         <hidden>/<hidden>/<hidden>/<hidden>/<hidden>/<hidden>/<hidden>
                         net (fo=1157, routed)        2.736     8.656    static         <hidden>/<hidden>/<hidden>/<hidden>/<hidden>/<hidden>/<hidden>
    SLICE_X177Y241.A1                                                 f  static         <hidden>/<hidden>/<hidden>/<hidden>/<hidden>/<hidden>/<hidden>
    SLICE_X177Y241.O5    LUT3 (Prop_H5LUT_SLICEL_I2_O)
                                                      0.158     8.814 r  static         <hidden>/<hidden>/<hidden>/<hidden>/<hidden>/<hidden>/<hidden>
                         net (fo=1, routed)           0.015     8.829    static         <hidden>/<hidden>/<hidden>/<hidden>/<hidden>/<hidden>/<hidden>
    SLICE_X177Y241.D     FDRE                                         r  static         <hidden>/<hidden>/<hidden>/<hidden>/<hidden>/<hidden>/<hidden>
  -------------------------------------------------------------------    ----------------------------------

                         (clock clk_main_a0 rise edge)
                                                      4.000     4.000 r                 
    BJ4                                               0.000     4.000 r  static         <hidden>
                         net (fo=0)                   0.079     4.079    static         <hidden>/<hidden>/<hidden>/<hidden>
    HPIOBDIFFINBUF_X0Y130.DIFF_IN_P
                                                                      r  static         <hidden>/<hidden>/<hidden>/<hidden>
    HPIOBDIFFINBUF_X0Y130.O
                         DIFFINBUF (Prop_DIFFINBUF_HPIOBDIFFINBUF_DIFF_IN_P_O)
                                                      0.750     4.829 r  static         <hidden>/<hidden>/<hidden>/<hidden>
                         net (fo=1, routed)           0.040     4.869    static         <hidden>/<hidden>/<hidden>/<hidden>
    BJ4.I                                                             r  static         <hidden>/<hidden>/<hidden>/<hidden>
    BJ4.O                IBUFCTRL (Prop_IBUFCTRL_HPIOB_M_I_O)
                                                      0.000     4.869 r  static         <hidden>/<hidden>/<hidden>/<hidden>
                         net (fo=1, routed)           0.309     5.178    static         <hidden>/<hidden>/<hidden>
    BUFGCE_X0Y122.I                                                   r  static         <hidden>/<hidden>/<hidden>
    BUFGCE_X0Y122.O      BUFGCE (Prop_BUFCE_BUFGCE_I_O)
                                                      0.024     5.202 r  static         <hidden>/<hidden>/<hidden>
                         net (fo=3, routed)           1.690     6.892    static         <hidden>/<hidden>/<hidden>/<hidden>/<hidden>/<hidden>/<hidden>/<hidden>
    MMCM_X0Y5.CLKIN1                                                  r  static         <hidden>/<hidden>/<hidden>/<hidden>/<hidden>/<hidden>/<hidden>/<hidden>
    MMCM_X0Y5.CLKOUT0    MMCME4_ADV (Prop_MMCM_CLKIN1_CLKOUT0)
                                                      0.630     7.522 r  static         <hidden>/<hidden>/<hidden>/<hidden>/<hidden>/<hidden>/<hidden>/<hidden>
                         net (fo=2, routed)           0.215     7.737    static         <hidden>/<hidden>/<hidden>/<hidden>
    BUFGCE_X0Y136.I                                                   r  static         <hidden>/<hidden>/<hidden>/<hidden>
    BUFGCE_X0Y136.O      BUFGCE (Prop_BUFCE_BUFGCE_I_O)
                                                      0.024     7.761 r  static         <hidden>/<hidden>/<hidden>/<hidden>
    X3Y5 (CLOCK_ROOT)    net (fo=4881, routed)        2.176     9.938    static         <hidden>/<hidden>/<hidden>/<hidden>/<hidden>/<hidden>/<hidden>
    SLICE_X177Y241.CLK   FDRE                                         r  static         <hidden>/<hidden>/<hidden>/<hidden>/<hidden>/<hidden>/<hidden>
                         clock pessimism             -0.299     9.639                     
                         clock uncertainty           -0.059     9.580                     
    SLICE_X177Y241       FDRE (Setup_HFF2_SLICEL_C_D)
                                                      0.025     9.605    static           <hidden>/<hidden>/<hidden>/<hidden>/<hidden>/<hidden>/<hidden>
  -------------------------------------------------------------------
                         required time                          9.605                     
                         arrival time                          -8.829                     
  -------------------------------------------------------------------
                         slack                                  0.776                     

Slack (MET) :             0.784ns  (required time - arrival time)
  Source:                 <hidden>/<hidden>/<hidden>/<hidden>/<hidden>/<hidden>/<hidden>
                            (rising edge-triggered cell FDRE clocked by clk_main_a0  {rise@0.000ns fall@2.000ns period=4.000ns})
  Destination:            <hidden>/<hidden>/<hidden>/<hidden>/<hidden>/<hidden>/<hidden>
                            (rising edge-triggered cell FDRE clocked by clk_main_a0  {rise@0.000ns fall@2.000ns period=4.000ns})
  Path Group:             clk_main_a0
  Path Type:              Setup (Max at Slow Process Corner)
  Requirement:            4.000ns  (clk_main_a0 rise@4.000ns - clk_main_a0 rise@0.000ns)
  Data Path Delay:        2.952ns  (logic 0.201ns (6.808%)  route 2.751ns (93.192%))
  Logic Levels:           1  (LUT3=1)
  Clock Path Skew:        -0.230ns (DCD - SCD + CPR)
    Destination Clock Delay (DCD):    5.944ns = ( 9.944 - 4.000 ) 
    Source Clock Delay      (SCD):    5.880ns
    Clock Pessimism Removal (CPR):    -0.295ns
  Clock Uncertainty:      0.059ns  ((TSJ^2 + DJ^2)^1/2) / 2 + PE
    Total System Jitter     (TSJ):    0.071ns
    Discrete Jitter          (DJ):    0.094ns
    Phase Error              (PE):    0.000ns
  Clock Net Delay (Source):      2.462ns (routing 0.460ns, distribution 2.002ns)
  Clock Net Delay (Destination): 2.183ns (routing 0.419ns, distribution 1.764ns)

    Location             Delay type                Incr(ns)  Path(ns)    Partition      Netlist Resource(s)
  -------------------------------------------------------------------    ----------------------------------
                         (clock clk_main_a0 rise edge)
                                                      0.000     0.000 r                 
    BJ4                                               0.000     0.000 r  static         <hidden>
                         net (fo=0)                   0.100     0.100    static         <hidden>/<hidden>/<hidden>/<hidden>
    HPIOBDIFFINBUF_X0Y130.DIFF_IN_P
                                                                      r  static         <hidden>/<hidden>/<hidden>/<hidden>
    HPIOBDIFFINBUF_X0Y130.O
                         DIFFINBUF (Prop_DIFFINBUF_HPIOBDIFFINBUF_DIFF_IN_P_O)
                                                      0.863     0.963 r  static         <hidden>/<hidden>/<hidden>/<hidden>
                         net (fo=1, routed)           0.050     1.013    static         <hidden>/<hidden>/<hidden>/<hidden>
    BJ4.I                                                             r  static         <hidden>/<hidden>/<hidden>/<hidden>
    BJ4.O                IBUFCTRL (Prop_IBUFCTRL_HPIOB_M_I_O)
                                                      0.000     1.013 r  static         <hidden>/<hidden>/<hidden>/<hidden>
                         net (fo=1, routed)           0.348     1.361    static         <hidden>/<hidden>/<hidden>
    BUFGCE_X0Y122.I                                                   r  static         <hidden>/<hidden>/<hidden>
    BUFGCE_X0Y122.O      BUFGCE (Prop_BUFCE_BUFGCE_I_O)
                                                      0.028     1.389 r  static         <hidden>/<hidden>/<hidden>
                         net (fo=3, routed)           1.883     3.272    static         <hidden>/<hidden>/<hidden>/<hidden>/<hidden>/<hidden>/<hidden>/<hidden>
    MMCM_X0Y5.CLKIN1                                                  r  static         <hidden>/<hidden>/<hidden>/<hidden>/<hidden>/<hidden>/<hidden>/<hidden>
    MMCM_X0Y5.CLKOUT0    MMCME4_ADV (Prop_MMCM_CLKIN1_CLKOUT0)
                                                     -0.127     3.145 r  static         <hidden>/<hidden>/<hidden>/<hidden>/<hidden>/<hidden>/<hidden>/<hidden>
                         net (fo=2, routed)           0.245     3.390    static         <hidden>/<hidden>/<hidden>/<hidden>
    BUFGCE_X0Y136.I                                                   r  static         <hidden>/<hidden>/<hidden>/<hidden>
    BUFGCE_X0Y136.O      BUFGCE (Prop_BUFCE_BUFGCE_I_O)
                                                      0.028     3.418 r  static         <hidden>/<hidden>/<hidden>/<hidden>
    X3Y5 (CLOCK_ROOT)    net (fo=4881, routed)        2.462     5.880    static         <hidden>/<hidden>/<hidden>/<hidden>/<hidden>/<hidden>/<hidden>
    SLICE_X176Y460.CLK   FDRE                                         r  static         <hidden>/<hidden>/<hidden>/<hidden>/<hidden>/<hidden>/<hidden>
  -------------------------------------------------------------------    ----------------------------------
    SLICE_X176Y460.Q     FDRE (Prop_CFF_SLICEM_C_Q)
                                                      0.078     5.958 f  static         <hidden>/<hidden>/<hidden>/<hidden>/<hidden>/<hidden>/<hidden>
                         net (fo=1065, routed)        2.692     8.650    static         <hidden>/<hidden>/<hidden>/<hidden>/<hidden>/<hidden>/<hidden>
    SLICE_X176Y394.A2                                                 f  static         <hidden>/<hidden>/<hidden>/<hidden>/<hidden>/<hidden>/<hidden>
    SLICE_X176Y394.O6    LUT3 (Prop_G6LUT_SLICEM_I2_O)
                                                      0.123     8.773 r  static         <hidden>/<hidden>/<hidden>/<hidden>/<hidden>/<hidden>/<hidden>
                         net (fo=1, routed)           0.059     8.832    static         <hidden>/<hidden>/<hidden>/<hidden>/<hidden>/<hidden>/<hidden>
    SLICE_X176Y394.D     FDRE                                         r  static         <hidden>/<hidden>/<hidden>/<hidden>/<hidden>/<hidden>/<hidden>
  -------------------------------------------------------------------    ----------------------------------

                         (clock clk_main_a0 rise edge)
                                                      4.000     4.000 r                 
    BJ4                                               0.000     4.000 r  static         <hidden>
                         net (fo=0)                   0.079     4.079    static         <hidden>/<hidden>/<hidden>/<hidden>
    HPIOBDIFFINBUF_X0Y130.DIFF_IN_P
                                                                      r  static         <hidden>/<hidden>/<hidden>/<hidden>
    HPIOBDIFFINBUF_X0Y130.O
                         DIFFINBUF (Prop_DIFFINBUF_HPIOBDIFFINBUF_DIFF_IN_P_O)
                                                      0.750     4.829 r  static         <hidden>/<hidden>/<hidden>/<hidden>
                         net (fo=1, routed)           0.040     4.869    static         <hidden>/<hidden>/<hidden>/<hidden>
    BJ4.I                                                             r  static         <hidden>/<hidden>/<hidden>/<hidden>
    BJ4.O                IBUFCTRL (Prop_IBUFCTRL_HPIOB_M_I_O)
                                                      0.000     4.869 r  static         <hidden>/<hidden>/<hidden>/<hidden>
                         net (fo=1, routed)           0.309     5.178    static         <hidden>/<hidden>/<hidden>
    BUFGCE_X0Y122.I                                                   r  static         <hidden>/<hidden>/<hidden>
    BUFGCE_X0Y122.O      BUFGCE (Prop_BUFCE_BUFGCE_I_O)
                                                      0.024     5.202 r  static         <hidden>/<hidden>/<hidden>
                         net (fo=3, routed)           1.690     6.892    static         <hidden>/<hidden>/<hidden>/<hidden>/<hidden>/<hidden>/<hidden>/<hidden>
    MMCM_X0Y5.CLKIN1                                                  r  static         <hidden>/<hidden>/<hidden>/<hidden>/<hidden>/<hidden>/<hidden>/<hidden>
    MMCM_X0Y5.CLKOUT0    MMCME4_ADV (Prop_MMCM_CLKIN1_CLKOUT0)
                                                      0.630     7.522 r  static         <hidden>/<hidden>/<hidden>/<hidden>/<hidden>/<hidden>/<hidden>/<hidden>
                         net (fo=2, routed)           0.215     7.737    static         <hidden>/<hidden>/<hidden>/<hidden>
    BUFGCE_X0Y136.I                                                   r  static         <hidden>/<hidden>/<hidden>/<hidden>
    BUFGCE_X0Y136.O      BUFGCE (Prop_BUFCE_BUFGCE_I_O)
                                                      0.024     7.761 r  static         <hidden>/<hidden>/<hidden>/<hidden>
    X3Y5 (CLOCK_ROOT)    net (fo=4881, routed)        2.183     9.944    static         <hidden>/<hidden>/<hidden>/<hidden>/<hidden>/<hidden>/<hidden>
    SLICE_X176Y394.CLK   FDRE                                         r  static         <hidden>/<hidden>/<hidden>/<hidden>/<hidden>/<hidden>/<hidden>
                         clock pessimism             -0.295     9.649                     
                         clock uncertainty           -0.059     9.591                     
    SLICE_X176Y394       FDRE (Setup_GFF_SLICEM_C_D)
                                                      0.025     9.616    static           <hidden>/<hidden>/<hidden>/<hidden>/<hidden>/<hidden>/<hidden>
  -------------------------------------------------------------------
                         required time                          9.616                     
                         arrival time                          -8.832                     
  -------------------------------------------------------------------
                         slack                                  0.784                     

Slack (MET) :             0.806ns  (required time - arrival time)
  Source:                 <hidden>/<hidden>/<hidden>/<hidden>/<hidden>/<hidden>/<hidden>
                            (rising edge-triggered cell FDRE clocked by clk_main_a0  {rise@0.000ns fall@2.000ns period=4.000ns})
  Destination:            <hidden>/<hidden>/<hidden>/<hidden>/<hidden>/<hidden>/<hidden>
                            (rising edge-triggered cell FDRE clocked by clk_main_a0  {rise@0.000ns fall@2.000ns period=4.000ns})
  Path Group:             clk_main_a0
  Path Type:              Setup (Max at Slow Process Corner)
  Requirement:            4.000ns  (clk_main_a0 rise@4.000ns - clk_main_a0 rise@0.000ns)
  Data Path Delay:        2.930ns  (logic 0.215ns (7.337%)  route 2.715ns (92.663%))
  Logic Levels:           1  (LUT3=1)
  Clock Path Skew:        -0.230ns (DCD - SCD + CPR)
    Destination Clock Delay (DCD):    5.944ns = ( 9.944 - 4.000 ) 
    Source Clock Delay      (SCD):    5.880ns
    Clock Pessimism Removal (CPR):    -0.295ns
  Clock Uncertainty:      0.059ns  ((TSJ^2 + DJ^2)^1/2) / 2 + PE
    Total System Jitter     (TSJ):    0.071ns
    Discrete Jitter          (DJ):    0.094ns
    Phase Error              (PE):    0.000ns
  Clock Net Delay (Source):      2.462ns (routing 0.460ns, distribution 2.002ns)
  Clock Net Delay (Destination): 2.183ns (routing 0.419ns, distribution 1.764ns)

    Location             Delay type                Incr(ns)  Path(ns)    Partition      Netlist Resource(s)
  -------------------------------------------------------------------    ----------------------------------
                         (clock clk_main_a0 rise edge)
                                                      0.000     0.000 r                 
    BJ4                                               0.000     0.000 r  static         <hidden>
                         net (fo=0)                   0.100     0.100    static         <hidden>/<hidden>/<hidden>/<hidden>
    HPIOBDIFFINBUF_X0Y130.DIFF_IN_P
                                                                      r  static         <hidden>/<hidden>/<hidden>/<hidden>
    HPIOBDIFFINBUF_X0Y130.O
                         DIFFINBUF (Prop_DIFFINBUF_HPIOBDIFFINBUF_DIFF_IN_P_O)
                                                      0.863     0.963 r  static         <hidden>/<hidden>/<hidden>/<hidden>
                         net (fo=1, routed)           0.050     1.013    static         <hidden>/<hidden>/<hidden>/<hidden>
    BJ4.I                                                             r  static         <hidden>/<hidden>/<hidden>/<hidden>
    BJ4.O                IBUFCTRL (Prop_IBUFCTRL_HPIOB_M_I_O)
                                                      0.000     1.013 r  static         <hidden>/<hidden>/<hidden>/<hidden>
                         net (fo=1, routed)           0.348     1.361    static         <hidden>/<hidden>/<hidden>
    BUFGCE_X0Y122.I                                                   r  static         <hidden>/<hidden>/<hidden>
    BUFGCE_X0Y122.O      BUFGCE (Prop_BUFCE_BUFGCE_I_O)
                                                      0.028     1.389 r  static         <hidden>/<hidden>/<hidden>
                         net (fo=3, routed)           1.883     3.272    static         <hidden>/<hidden>/<hidden>/<hidden>/<hidden>/<hidden>/<hidden>/<hidden>
    MMCM_X0Y5.CLKIN1                                                  r  static         <hidden>/<hidden>/<hidden>/<hidden>/<hidden>/<hidden>/<hidden>/<hidden>
    MMCM_X0Y5.CLKOUT0    MMCME4_ADV (Prop_MMCM_CLKIN1_CLKOUT0)
                                                     -0.127     3.145 r  static         <hidden>/<hidden>/<hidden>/<hidden>/<hidden>/<hidden>/<hidden>/<hidden>
                         net (fo=2, routed)           0.245     3.390    static         <hidden>/<hidden>/<hidden>/<hidden>
    BUFGCE_X0Y136.I                                                   r  static         <hidden>/<hidden>/<hidden>/<hidden>
    BUFGCE_X0Y136.O      BUFGCE (Prop_BUFCE_BUFGCE_I_O)
                                                      0.028     3.418 r  static         <hidden>/<hidden>/<hidden>/<hidden>
    X3Y5 (CLOCK_ROOT)    net (fo=4881, routed)        2.462     5.880    static         <hidden>/<hidden>/<hidden>/<hidden>/<hidden>/<hidden>/<hidden>
    SLICE_X176Y460.CLK   FDRE                                         r  static         <hidden>/<hidden>/<hidden>/<hidden>/<hidden>/<hidden>/<hidden>
  -------------------------------------------------------------------    ----------------------------------
    SLICE_X176Y460.Q     FDRE (Prop_CFF_SLICEM_C_Q)
                                                      0.078     5.958 f  static         <hidden>/<hidden>/<hidden>/<hidden>/<hidden>/<hidden>/<hidden>
                         net (fo=1065, routed)        2.692     8.650    static         <hidden>/<hidden>/<hidden>/<hidden>/<hidden>/<hidden>/<hidden>
    SLICE_X176Y394.A2                                                 f  static         <hidden>/<hidden>/<hidden>/<hidden>/<hidden>/<hidden>/<hidden>
    SLICE_X176Y394.O5    LUT3 (Prop_G5LUT_SLICEM_I2_O)
                                                      0.137     8.787 r  static         <hidden>/<hidden>/<hidden>/<hidden>/<hidden>/<hidden>/<hidden>
                         net (fo=1, routed)           0.023     8.810    static         <hidden>/<hidden>/<hidden>/<hidden>/<hidden>/<hidden>/<hidden>
    SLICE_X176Y394.D     FDRE                                         r  static         <hidden>/<hidden>/<hidden>/<hidden>/<hidden>/<hidden>/<hidden>
  -------------------------------------------------------------------    ----------------------------------

                         (clock clk_main_a0 rise edge)
                                                      4.000     4.000 r                 
    BJ4                                               0.000     4.000 r  static         <hidden>
                         net (fo=0)                   0.079     4.079    static         <hidden>/<hidden>/<hidden>/<hidden>
    HPIOBDIFFINBUF_X0Y130.DIFF_IN_P
                                                                      r  static         <hidden>/<hidden>/<hidden>/<hidden>
    HPIOBDIFFINBUF_X0Y130.O
                         DIFFINBUF (Prop_DIFFINBUF_HPIOBDIFFINBUF_DIFF_IN_P_O)
                                                      0.750     4.829 r  static         <hidden>/<hidden>/<hidden>/<hidden>
                         net (fo=1, routed)           0.040     4.869    static         <hidden>/<hidden>/<hidden>/<hidden>
    BJ4.I                                                             r  static         <hidden>/<hidden>/<hidden>/<hidden>
    BJ4.O                IBUFCTRL (Prop_IBUFCTRL_HPIOB_M_I_O)
                                                      0.000     4.869 r  static         <hidden>/<hidden>/<hidden>/<hidden>
                         net (fo=1, routed)           0.309     5.178    static         <hidden>/<hidden>/<hidden>
    BUFGCE_X0Y122.I                                                   r  static         <hidden>/<hidden>/<hidden>
    BUFGCE_X0Y122.O      BUFGCE (Prop_BUFCE_BUFGCE_I_O)
                                                      0.024     5.202 r  static         <hidden>/<hidden>/<hidden>
                         net (fo=3, routed)           1.690     6.892    static         <hidden>/<hidden>/<hidden>/<hidden>/<hidden>/<hidden>/<hidden>/<hidden>
    MMCM_X0Y5.CLKIN1                                                  r  static         <hidden>/<hidden>/<hidden>/<hidden>/<hidden>/<hidden>/<hidden>/<hidden>
    MMCM_X0Y5.CLKOUT0    MMCME4_ADV (Prop_MMCM_CLKIN1_CLKOUT0)
                                                      0.630     7.522 r  static         <hidden>/<hidden>/<hidden>/<hidden>/<hidden>/<hidden>/<hidden>/<hidden>
                         net (fo=2, routed)           0.215     7.737    static         <hidden>/<hidden>/<hidden>/<hidden>
    BUFGCE_X0Y136.I                                                   r  static         <hidden>/<hidden>/<hidden>/<hidden>
    BUFGCE_X0Y136.O      BUFGCE (Prop_BUFCE_BUFGCE_I_O)
                                                      0.024     7.761 r  static         <hidden>/<hidden>/<hidden>/<hidden>
    X3Y5 (CLOCK_ROOT)    net (fo=4881, routed)        2.183     9.944    static         <hidden>/<hidden>/<hidden>/<hidden>/<hidden>/<hidden>/<hidden>
    SLICE_X176Y394.CLK   FDRE                                         r  static         <hidden>/<hidden>/<hidden>/<hidden>/<hidden>/<hidden>/<hidden>
                         clock pessimism             -0.295     9.649                     
                         clock uncertainty           -0.059     9.591                     
    SLICE_X176Y394       FDRE (Setup_GFF2_SLICEM_C_D)
                                                      0.025     9.616    static           <hidden>/<hidden>/<hidden>/<hidden>/<hidden>/<hidden>/<hidden>
  -------------------------------------------------------------------
                         required time                          9.616                     
                         arrival time                          -8.810                     
  -------------------------------------------------------------------
                         slack                                  0.806                     

Slack (MET) :             0.860ns  (required time - arrival time)
  Source:                 <hidden>/<hidden>/<hidden>/<hidden>/<hidden>/<hidden>/<hidden>
                            (rising edge-triggered cell FDRE clocked by clk_main_a0  {rise@0.000ns fall@2.000ns period=4.000ns})
  Destination:            <hidden>/<hidden>/<hidden>/<hidden>/<hidden>/<hidden>/<hidden>
                            (rising edge-triggered cell FDRE clocked by clk_main_a0  {rise@0.000ns fall@2.000ns period=4.000ns})
  Path Group:             clk_main_a0
  Path Type:              Setup (Max at Slow Process Corner)
  Requirement:            4.000ns  (clk_main_a0 rise@4.000ns - clk_main_a0 rise@0.000ns)
  Data Path Delay:        2.901ns  (logic 0.224ns (7.722%)  route 2.677ns (92.278%))
  Logic Levels:           1  (LUT3=1)
  Clock Path Skew:        -0.206ns (DCD - SCD + CPR)
    Destination Clock Delay (DCD):    5.936ns = ( 9.936 - 4.000 ) 
    Source Clock Delay      (SCD):    5.843ns
    Clock Pessimism Removal (CPR):    -0.299ns
  Clock Uncertainty:      0.059ns  ((TSJ^2 + DJ^2)^1/2) / 2 + PE
    Total System Jitter     (TSJ):    0.071ns
    Discrete Jitter          (DJ):    0.094ns
    Phase Error              (PE):    0.000ns
  Clock Net Delay (Source):      2.425ns (routing 0.460ns, distribution 1.965ns)
  Clock Net Delay (Destination): 2.174ns (routing 0.419ns, distribution 1.755ns)

    Location             Delay type                Incr(ns)  Path(ns)    Partition      Netlist Resource(s)
  -------------------------------------------------------------------    ----------------------------------
                         (clock clk_main_a0 rise edge)
                                                      0.000     0.000 r                 
    BJ4                                               0.000     0.000 r  static         <hidden>
                         net (fo=0)                   0.100     0.100    static         <hidden>/<hidden>/<hidden>/<hidden>
    HPIOBDIFFINBUF_X0Y130.DIFF_IN_P
                                                                      r  static         <hidden>/<hidden>/<hidden>/<hidden>
    HPIOBDIFFINBUF_X0Y130.O
                         DIFFINBUF (Prop_DIFFINBUF_HPIOBDIFFINBUF_DIFF_IN_P_O)
                                                      0.863     0.963 r  static         <hidden>/<hidden>/<hidden>/<hidden>
                         net (fo=1, routed)           0.050     1.013    static         <hidden>/<hidden>/<hidden>/<hidden>
    BJ4.I                                                             r  static         <hidden>/<hidden>/<hidden>/<hidden>
    BJ4.O                IBUFCTRL (Prop_IBUFCTRL_HPIOB_M_I_O)
                                                      0.000     1.013 r  static         <hidden>/<hidden>/<hidden>/<hidden>
                         net (fo=1, routed)           0.348     1.361    static         <hidden>/<hidden>/<hidden>
    BUFGCE_X0Y122.I                                                   r  static         <hidden>/<hidden>/<hidden>
    BUFGCE_X0Y122.O      BUFGCE (Prop_BUFCE_BUFGCE_I_O)
                                                      0.028     1.389 r  static         <hidden>/<hidden>/<hidden>
                         net (fo=3, routed)           1.883     3.272    static         <hidden>/<hidden>/<hidden>/<hidden>/<hidden>/<hidden>/<hidden>/<hidden>
    MMCM_X0Y5.CLKIN1                                                  r  static         <hidden>/<hidden>/<hidden>/<hidden>/<hidden>/<hidden>/<hidden>/<hidden>
    MMCM_X0Y5.CLKOUT0    MMCME4_ADV (Prop_MMCM_CLKIN1_CLKOUT0)
                                                     -0.127     3.145 r  static         <hidden>/<hidden>/<hidden>/<hidden>/<hidden>/<hidden>/<hidden>/<hidden>
                         net (fo=2, routed)           0.245     3.390    static         <hidden>/<hidden>/<hidden>/<hidden>
    BUFGCE_X0Y136.I                                                   r  static         <hidden>/<hidden>/<hidden>/<hidden>
    BUFGCE_X0Y136.O      BUFGCE (Prop_BUFCE_BUFGCE_I_O)
                                                      0.028     3.418 r  static         <hidden>/<hidden>/<hidden>/<hidden>
    X3Y5 (CLOCK_ROOT)    net (fo=4881, routed)        2.425     5.843    static         <hidden>/<hidden>/<hidden>/<hidden>/<hidden>/<hidden>/<hidden>
    SLICE_X176Y300.CLK   FDRE                                         r  static         <hidden>/<hidden>/<hidden>/<hidden>/<hidden>/<hidden>/<hidden>
  -------------------------------------------------------------------    ----------------------------------
    SLICE_X176Y300.Q     FDRE (Prop_HFF2_SLICEM_C_Q)
                                                      0.078     5.921 f  static         <hidden>/<hidden>/<hidden>/<hidden>/<hidden>/<hidden>/<hidden>
                         net (fo=1157, routed)        2.628     8.548    static         <hidden>/<hidden>/<hidden>/<hidden>/<hidden>/<hidden>/<hidden>
    SLICE_X177Y241.A1                                                 f  static         <hidden>/<hidden>/<hidden>/<hidden>/<hidden>/<hidden>/<hidden>
    SLICE_X177Y241.O6    LUT3 (Prop_D6LUT_SLICEL_I2_O)
                                                      0.146     8.694 r  static         <hidden>/<hidden>/<hidden>/<hidden>/<hidden>/<hidden>/<hidden>
                         net (fo=1, routed)           0.049     8.743    static         <hidden>/<hidden>/<hidden>/<hidden>/<hidden>/<hidden>/<hidden>
    SLICE_X177Y241.D     FDRE                                         r  static         <hidden>/<hidden>/<hidden>/<hidden>/<hidden>/<hidden>/<hidden>
  -------------------------------------------------------------------    ----------------------------------

                         (clock clk_main_a0 rise edge)
                                                      4.000     4.000 r                 
    BJ4                                               0.000     4.000 r  static         <hidden>
                         net (fo=0)                   0.079     4.079    static         <hidden>/<hidden>/<hidden>/<hidden>
    HPIOBDIFFINBUF_X0Y130.DIFF_IN_P
                                                                      r  static         <hidden>/<hidden>/<hidden>/<hidden>
    HPIOBDIFFINBUF_X0Y130.O
                         DIFFINBUF (Prop_DIFFINBUF_HPIOBDIFFINBUF_DIFF_IN_P_O)
                                                      0.750     4.829 r  static         <hidden>/<hidden>/<hidden>/<hidden>
                         net (fo=1, routed)           0.040     4.869    static         <hidden>/<hidden>/<hidden>/<hidden>
    BJ4.I                                                             r  static         <hidden>/<hidden>/<hidden>/<hidden>
    BJ4.O                IBUFCTRL (Prop_IBUFCTRL_HPIOB_M_I_O)
                                                      0.000     4.869 r  static         <hidden>/<hidden>/<hidden>/<hidden>
                         net (fo=1, routed)           0.309     5.178    static         <hidden>/<hidden>/<hidden>
    BUFGCE_X0Y122.I                                                   r  static         <hidden>/<hidden>/<hidden>
    BUFGCE_X0Y122.O      BUFGCE (Prop_BUFCE_BUFGCE_I_O)
                                                      0.024     5.202 r  static         <hidden>/<hidden>/<hidden>
                         net (fo=3, routed)           1.690     6.892    static         <hidden>/<hidden>/<hidden>/<hidden>/<hidden>/<hidden>/<hidden>/<hidden>
    MMCM_X0Y5.CLKIN1                                                  r  static         <hidden>/<hidden>/<hidden>/<hidden>/<hidden>/<hidden>/<hidden>/<hidden>
    MMCM_X0Y5.CLKOUT0    MMCME4_ADV (Prop_MMCM_CLKIN1_CLKOUT0)
                                                      0.630     7.522 r  static         <hidden>/<hidden>/<hidden>/<hidden>/<hidden>/<hidden>/<hidden>/<hidden>
                         net (fo=2, routed)           0.215     7.737    static         <hidden>/<hidden>/<hidden>/<hidden>
    BUFGCE_X0Y136.I                                                   r  static         <hidden>/<hidden>/<hidden>/<hidden>
    BUFGCE_X0Y136.O      BUFGCE (Prop_BUFCE_BUFGCE_I_O)
                                                      0.024     7.761 r  static         <hidden>/<hidden>/<hidden>/<hidden>
    X3Y5 (CLOCK_ROOT)    net (fo=4881, routed)        2.174     9.936    static         <hidden>/<hidden>/<hidden>/<hidden>/<hidden>/<hidden>/<hidden>
    SLICE_X177Y241.CLK   FDRE                                         r  static         <hidden>/<hidden>/<hidden>/<hidden>/<hidden>/<hidden>/<hidden>
                         clock pessimism             -0.299     9.637                     
                         clock uncertainty           -0.059     9.578                     
    SLICE_X177Y241       FDRE (Setup_DFF_SLICEL_C_D)
                                                      0.025     9.603    static           <hidden>/<hidden>/<hidden>/<hidden>/<hidden>/<hidden>/<hidden>
  -------------------------------------------------------------------
                         required time                          9.603                     
                         arrival time                          -8.743                     
  -------------------------------------------------------------------
                         slack                                  0.860                     

Slack (MET) :             0.867ns  (required time - arrival time)
  Source:                 <hidden>/<hidden>/<hidden>/<hidden>/<hidden>/<hidden>/<hidden>
                            (rising edge-triggered cell FDRE clocked by clk_main_a0  {rise@0.000ns fall@2.000ns period=4.000ns})
  Destination:            <hidden>/<hidden>/<hidden>/<hidden>/<hidden>/<hidden>/<hidden>
                            (rising edge-triggered cell FDRE clocked by clk_main_a0  {rise@0.000ns fall@2.000ns period=4.000ns})
  Path Group:             clk_main_a0
  Path Type:              Setup (Max at Slow Process Corner)
  Requirement:            4.000ns  (clk_main_a0 rise@4.000ns - clk_main_a0 rise@0.000ns)
  Data Path Delay:        2.869ns  (logic 0.169ns (5.890%)  route 2.700ns (94.110%))
  Logic Levels:           1  (LUT3=1)
  Clock Path Skew:        -0.230ns (DCD - SCD + CPR)
    Destination Clock Delay (DCD):    5.944ns = ( 9.944 - 4.000 ) 
    Source Clock Delay      (SCD):    5.880ns
    Clock Pessimism Removal (CPR):    -0.295ns
  Clock Uncertainty:      0.059ns  ((TSJ^2 + DJ^2)^1/2) / 2 + PE
    Total System Jitter     (TSJ):    0.071ns
    Discrete Jitter          (DJ):    0.094ns
    Phase Error              (PE):    0.000ns
  Clock Net Delay (Source):      2.462ns (routing 0.460ns, distribution 2.002ns)
  Clock Net Delay (Destination): 2.183ns (routing 0.419ns, distribution 1.764ns)

    Location             Delay type                Incr(ns)  Path(ns)    Partition      Netlist Resource(s)
  -------------------------------------------------------------------    ----------------------------------
                         (clock clk_main_a0 rise edge)
                                                      0.000     0.000 r                 
    BJ4                                               0.000     0.000 r  static         <hidden>
                         net (fo=0)                   0.100     0.100    static         <hidden>/<hidden>/<hidden>/<hidden>
    HPIOBDIFFINBUF_X0Y130.DIFF_IN_P
                                                                      r  static         <hidden>/<hidden>/<hidden>/<hidden>
    HPIOBDIFFINBUF_X0Y130.O
                         DIFFINBUF (Prop_DIFFINBUF_HPIOBDIFFINBUF_DIFF_IN_P_O)
                                                      0.863     0.963 r  static         <hidden>/<hidden>/<hidden>/<hidden>
                         net (fo=1, routed)           0.050     1.013    static         <hidden>/<hidden>/<hidden>/<hidden>
    BJ4.I                                                             r  static         <hidden>/<hidden>/<hidden>/<hidden>
    BJ4.O                IBUFCTRL (Prop_IBUFCTRL_HPIOB_M_I_O)
                                                      0.000     1.013 r  static         <hidden>/<hidden>/<hidden>/<hidden>
                         net (fo=1, routed)           0.348     1.361    static         <hidden>/<hidden>/<hidden>
    BUFGCE_X0Y122.I                                                   r  static         <hidden>/<hidden>/<hidden>
    BUFGCE_X0Y122.O      BUFGCE (Prop_BUFCE_BUFGCE_I_O)
                                                      0.028     1.389 r  static         <hidden>/<hidden>/<hidden>
                         net (fo=3, routed)           1.883     3.272    static         <hidden>/<hidden>/<hidden>/<hidden>/<hidden>/<hidden>/<hidden>/<hidden>
    MMCM_X0Y5.CLKIN1                                                  r  static         <hidden>/<hidden>/<hidden>/<hidden>/<hidden>/<hidden>/<hidden>/<hidden>
    MMCM_X0Y5.CLKOUT0    MMCME4_ADV (Prop_MMCM_CLKIN1_CLKOUT0)
                                                     -0.127     3.145 r  static         <hidden>/<hidden>/<hidden>/<hidden>/<hidden>/<hidden>/<hidden>/<hidden>
                         net (fo=2, routed)           0.245     3.390    static         <hidden>/<hidden>/<hidden>/<hidden>
    BUFGCE_X0Y136.I                                                   r  static         <hidden>/<hidden>/<hidden>/<hidden>
    BUFGCE_X0Y136.O      BUFGCE (Prop_BUFCE_BUFGCE_I_O)
                                                      0.028     3.418 r  static         <hidden>/<hidden>/<hidden>/<hidden>
    X3Y5 (CLOCK_ROOT)    net (fo=4881, routed)        2.462     5.880    static         <hidden>/<hidden>/<hidden>/<hidden>/<hidden>/<hidden>/<hidden>
    SLICE_X176Y460.CLK   FDRE                                         r  static         <hidden>/<hidden>/<hidden>/<hidden>/<hidden>/<hidden>/<hidden>
  -------------------------------------------------------------------    ----------------------------------
    SLICE_X176Y460.Q     FDRE (Prop_CFF_SLICEM_C_Q)
                                                      0.078     5.958 f  static         <hidden>/<hidden>/<hidden>/<hidden>/<hidden>/<hidden>/<hidden>
                         net (fo=1065, routed)        2.645     8.603    static         <hidden>/<hidden>/<hidden>/<hidden>/<hidden>/<hidden>/<hidden>
    SLICE_X176Y394.A4                                                 f  static         <hidden>/<hidden>/<hidden>/<hidden>/<hidden>/<hidden>/<hidden>
    SLICE_X176Y394.O6    LUT3 (Prop_E6LUT_SLICEM_I2_O)
                                                      0.091     8.694 r  static         <hidden>/<hidden>/<hidden>/<hidden>/<hidden>/<hidden>/<hidden>
                         net (fo=1, routed)           0.055     8.749    static         <hidden>/<hidden>/<hidden>/<hidden>/<hidden>/<hidden>/<hidden>
    SLICE_X176Y394.D     FDRE                                         r  static         <hidden>/<hidden>/<hidden>/<hidden>/<hidden>/<hidden>/<hidden>
  -------------------------------------------------------------------    ----------------------------------

                         (clock clk_main_a0 rise edge)
                                                      4.000     4.000 r                 
    BJ4                                               0.000     4.000 r  static         <hidden>
                         net (fo=0)                   0.079     4.079    static         <hidden>/<hidden>/<hidden>/<hidden>
    HPIOBDIFFINBUF_X0Y130.DIFF_IN_P
                                                                      r  static         <hidden>/<hidden>/<hidden>/<hidden>
    HPIOBDIFFINBUF_X0Y130.O
                         DIFFINBUF (Prop_DIFFINBUF_HPIOBDIFFINBUF_DIFF_IN_P_O)
                                                      0.750     4.829 r  static         <hidden>/<hidden>/<hidden>/<hidden>
                         net (fo=1, routed)           0.040     4.869    static         <hidden>/<hidden>/<hidden>/<hidden>
    BJ4.I                                                             r  static         <hidden>/<hidden>/<hidden>/<hidden>
    BJ4.O                IBUFCTRL (Prop_IBUFCTRL_HPIOB_M_I_O)
                                                      0.000     4.869 r  static         <hidden>/<hidden>/<hidden>/<hidden>
                         net (fo=1, routed)           0.309     5.178    static         <hidden>/<hidden>/<hidden>
    BUFGCE_X0Y122.I                                                   r  static         <hidden>/<hidden>/<hidden>
    BUFGCE_X0Y122.O      BUFGCE (Prop_BUFCE_BUFGCE_I_O)
                                                      0.024     5.202 r  static         <hidden>/<hidden>/<hidden>
                         net (fo=3, routed)           1.690     6.892    static         <hidden>/<hidden>/<hidden>/<hidden>/<hidden>/<hidden>/<hidden>/<hidden>
    MMCM_X0Y5.CLKIN1                                                  r  static         <hidden>/<hidden>/<hidden>/<hidden>/<hidden>/<hidden>/<hidden>/<hidden>
    MMCM_X0Y5.CLKOUT0    MMCME4_ADV (Prop_MMCM_CLKIN1_CLKOUT0)
                                                      0.630     7.522 r  static         <hidden>/<hidden>/<hidden>/<hidden>/<hidden>/<hidden>/<hidden>/<hidden>
                         net (fo=2, routed)           0.215     7.737    static         <hidden>/<hidden>/<hidden>/<hidden>
    BUFGCE_X0Y136.I                                                   r  static         <hidden>/<hidden>/<hidden>/<hidden>
    BUFGCE_X0Y136.O      BUFGCE (Prop_BUFCE_BUFGCE_I_O)
                                                      0.024     7.761 r  static         <hidden>/<hidden>/<hidden>/<hidden>
    X3Y5 (CLOCK_ROOT)    net (fo=4881, routed)        2.183     9.944    static         <hidden>/<hidden>/<hidden>/<hidden>/<hidden>/<hidden>/<hidden>
    SLICE_X176Y394.CLK   FDRE                                         r  static         <hidden>/<hidden>/<hidden>/<hidden>/<hidden>/<hidden>/<hidden>
                         clock pessimism             -0.295     9.649                     
                         clock uncertainty           -0.059     9.591                     
    SLICE_X176Y394       FDRE (Setup_EFF_SLICEM_C_D)
                                                      0.025     9.616    static           <hidden>/<hidden>/<hidden>/<hidden>/<hidden>/<hidden>/<hidden>
  -------------------------------------------------------------------
                         required time                          9.616                     
                         arrival time                          -8.749                     
  -------------------------------------------------------------------
                         slack                                  0.867                     

Slack (MET) :             3.702ns  (required time - arrival time)
  Source:                 <hidden>/<hidden>/<hidden>/<hidden>
                            (rising edge-triggered cell FDRE clocked by clk_main_a0  {rise@0.000ns fall@2.000ns period=4.000ns})
  Destination:            <hidden>/<hidden>/<hidden>/<hidden>
                            (rising edge-triggered cell FDRE clocked by clk_out1_clk_mmcm_a  {rise@0.000ns fall@32.000ns period=64.000ns})
  Path Group:             clk_out1_clk_mmcm_a
  Path Type:              Setup (Max at Slow Process Corner)
  Requirement:            4.000ns  (MaxDelay Path 4.000ns)
  Data Path Delay:        0.323ns  (logic 0.080ns (24.768%)  route 0.243ns (75.232%))
  Logic Levels:           0  
  Timing Exception:       MaxDelay Path 4.000ns -datapath_only

    Location             Delay type                Incr(ns)  Path(ns)    Partition      PBlock               Netlist Resource(s)
  -------------------------------------------------------------------    -------------------------------------------------------
    SLICE_X173Y322.CLK                                0.000     0.000 r  reconfigurable pblock_CL            <hidden>/<hidden>/<hidden>/<hidden>
    SLICE_X173Y322.Q     FDRE (Prop_HFF2_SLICEL_C_Q)
                                                      0.080     0.080 r  reconfigurable pblock_CL            <hidden>/<hidden>/<hidden>/<hidden>
                         net (fo=2, routed)           0.243     0.323    reconfigurable                      <hidden>/<hidden>/<hidden>/<hidden>
    SLICE_X173Y322.D     FDRE                                         r  reconfigurable pblock_CL            <hidden>/<hidden>/<hidden>/<hidden>
  -------------------------------------------------------------------    -------------------------------------------------------

                         max delay                    4.000     4.000                                        
    SLICE_X173Y322       FDRE (Setup_DFF2_SLICEL_C_D)
                                                      0.025     4.025    reconfigurable   pblock_CL              <hidden>/<hidden>/<hidden>/<hidden>
  -------------------------------------------------------------------
                         required time                          4.025                                            
                         arrival time                          -0.323                                            
  -------------------------------------------------------------------
                         slack                                  3.702                                            

Slack (MET) :             6.987ns  (required time - arrival time)
  Source:                 WRAPPER/CL/AWS_CLK_GEN/CLK_GRP_A_EN_I.CLK_MMCM_A_I/inst/CLK_CORE_DRP_I/ram_clk_config_reg[0][15]/C
                            (rising edge-triggered cell FDRE clocked by clk_hbm_ref  {rise@0.000ns fall@5.000ns period=10.000ns})
  Destination:            WRAPPER/CL/AWS_CLK_GEN/CLK_GRP_A_EN_I.CLK_MMCM_A_I/inst/AXI_LITE_IPIF_I/I_SLAVE_ATTACHMENT/s_axi_rdata_i_reg[15]/D
                            (rising edge-triggered cell FDRE clocked by clk_hbm_ref  {rise@0.000ns fall@5.000ns period=10.000ns})
  Path Group:             clk_hbm_ref
  Path Type:              Setup (Max at Slow Process Corner)
  Requirement:            10.000ns  (clk_hbm_ref rise@10.000ns - clk_hbm_ref rise@0.000ns)
  Data Path Delay:        2.840ns  (logic 0.430ns (15.141%)  route 2.410ns (84.859%))
  Logic Levels:           4  (LUT6=3 MUXF7=1)
  Clock Path Skew:        -0.104ns (DCD - SCD + CPR)
    Destination Clock Delay (DCD):    6.308ns = ( 16.308 - 10.000 ) 
    Source Clock Delay      (SCD):    6.275ns
    Clock Pessimism Removal (CPR):    -0.137ns
  Clock Uncertainty:      0.094ns  ((TSJ^2 + DJ^2)^1/2) / 2 + PE
    Total System Jitter     (TSJ):    0.071ns
    Discrete Jitter          (DJ):    0.175ns
    Phase Error              (PE):    0.000ns
  Clock Net Delay (Source):      2.929ns (routing 1.113ns, distribution 1.816ns)
  Clock Net Delay (Destination): 2.613ns (routing 1.010ns, distribution 1.603ns)

    Location             Delay type                Incr(ns)  Path(ns)    Partition      PBlock               Netlist Resource(s)
  -------------------------------------------------------------------    -------------------------------------------------------
                         (clock clk_hbm_ref rise edge)
                                                      0.000     0.000 r                                      
    BJ4                                               0.000     0.000 r  static                              <hidden>
                         net (fo=0)                   0.100     0.100    static                              <hidden>/<hidden>/<hidden>/<hidden>
    HPIOBDIFFINBUF_X0Y130.DIFF_IN_P
                                                                      r  static                              <hidden>/<hidden>/<hidden>/<hidden>
    HPIOBDIFFINBUF_X0Y130.O
                         DIFFINBUF (Prop_DIFFINBUF_HPIOBDIFFINBUF_DIFF_IN_P_O)
                                                      0.863     0.963 r  static                              <hidden>/<hidden>/<hidden>/<hidden>
                         net (fo=1, routed)           0.050     1.013    static                              <hidden>/<hidden>/<hidden>/<hidden>
    BJ4.I                                                             r  static                              <hidden>/<hidden>/<hidden>/<hidden>
    BJ4.O                IBUFCTRL (Prop_IBUFCTRL_HPIOB_M_I_O)
                                                      0.000     1.013 r  static                              <hidden>/<hidden>/<hidden>/<hidden>
                         net (fo=1, routed)           0.348     1.361    static                              <hidden>/<hidden>/<hidden>
    BUFGCE_X0Y122.I                                                   r  static                              <hidden>/<hidden>/<hidden>
    BUFGCE_X0Y122.O      BUFGCE (Prop_BUFCE_BUFGCE_I_O)
                                                      0.028     1.389 r  static                              <hidden>/<hidden>/<hidden>
                         net (fo=3, routed)           1.811     3.200    static                              <hidden>/<hidden>/<hidden>/<hidden>/<hidden>
    SLR Crossing[1->0]   
    MMCM_X0Y2.CLKIN1                                                  r  static                              <hidden>/<hidden>/<hidden>/<hidden>/<hidden>
    MMCM_X0Y2.CLKOUT0    MMCME4_ADV (Prop_MMCM_CLKIN1_CLKOUT0)
                                                     -0.127     3.073 r  static                              <hidden>/<hidden>/<hidden>/<hidden>/<hidden>
                         net (fo=2, routed)           0.245     3.318    static                              <hidden>/<hidden>/<hidden>
    BUFGCE_X0Y70.I                                                    r  static                              <hidden>/<hidden>/<hidden>
    BUFGCE_X0Y70.O       BUFGCE (Prop_BUFCE_BUFGCE_I_O)
                                                      0.028     3.346 r  static                              <hidden>/<hidden>/<hidden>
    X3Y5 (CLOCK_ROOT)    net (fo=2363, routed)        2.929     6.275    boundary                            WRAPPER/CL/AWS_CLK_GEN/CLK_GRP_A_EN_I.CLK_MMCM_A_I/inst/CLK_CORE_DRP_I/s_axi_aclk
    SLICE_X134Y227.CLK   FDRE                                         r  reconfigurable pblock_CL            WRAPPER/CL/AWS_CLK_GEN/CLK_GRP_A_EN_I.CLK_MMCM_A_I/inst/CLK_CORE_DRP_I/ram_clk_config_reg[0][15]/C
  -------------------------------------------------------------------    -------------------------------------------------------
    SLICE_X134Y227.Q     FDRE (Prop_CFF_SLICEL_C_Q)
                                                      0.079     6.354 r  reconfigurable pblock_CL            WRAPPER/CL/AWS_CLK_GEN/CLK_GRP_A_EN_I.CLK_MMCM_A_I/inst/CLK_CORE_DRP_I/ram_clk_config_reg[0][15]/Q
                         net (fo=15, routed)          2.076     8.430    reconfigurable                      WRAPPER/CL/AWS_CLK_GEN/CLK_GRP_A_EN_I.CLK_MMCM_A_I/inst/CLK_CORE_DRP_I/S2_CLKFBOUT_MULT[7]
    SLICE_X129Y230.A2                                                 r  reconfigurable pblock_CL            WRAPPER/CL/AWS_CLK_GEN/CLK_GRP_A_EN_I.CLK_MMCM_A_I/inst/CLK_CORE_DRP_I/s_axi_rdata_i[15]_i_18/I5
    SLICE_X129Y230.O6    LUT6 (Prop_D6LUT_SLICEM_I5_O)
                                                      0.122     8.552 r  reconfigurable pblock_CL            WRAPPER/CL/AWS_CLK_GEN/CLK_GRP_A_EN_I.CLK_MMCM_A_I/inst/CLK_CORE_DRP_I/s_axi_rdata_i[15]_i_18/O
                         net (fo=1, routed)           0.025     8.577    reconfigurable                      WRAPPER/CL/AWS_CLK_GEN/CLK_GRP_A_EN_I.CLK_MMCM_A_I/inst/CLK_CORE_DRP_I/s_axi_rdata_i[15]_i_18_n_0
    SLICE_X129Y230.0                                                  r  reconfigurable pblock_CL            WRAPPER/CL/AWS_CLK_GEN/CLK_GRP_A_EN_I.CLK_MMCM_A_I/inst/CLK_CORE_DRP_I/s_axi_rdata_i_reg[15]_i_11/I0
    SLICE_X129Y230.OUT   MUXF7 (Prop_F7MUX_CD_SLICEM_I0_O)
                                                      0.069     8.646 r  reconfigurable pblock_CL            WRAPPER/CL/AWS_CLK_GEN/CLK_GRP_A_EN_I.CLK_MMCM_A_I/inst/CLK_CORE_DRP_I/s_axi_rdata_i_reg[15]_i_11/O
                         net (fo=1, routed)           0.137     8.783    reconfigurable                      WRAPPER/CL/AWS_CLK_GEN/CLK_GRP_A_EN_I.CLK_MMCM_A_I/inst/CLK_CORE_DRP_I/s_axi_rdata_i_reg[15]_i_11_n_0
    SLICE_X129Y228.A6                                                 r  reconfigurable pblock_CL            WRAPPER/CL/AWS_CLK_GEN/CLK_GRP_A_EN_I.CLK_MMCM_A_I/inst/CLK_CORE_DRP_I/s_axi_rdata_i[15]_i_5/I5
    SLICE_X129Y228.O6    LUT6 (Prop_B6LUT_SLICEM_I5_O)
                                                      0.037     8.820 r  reconfigurable pblock_CL            WRAPPER/CL/AWS_CLK_GEN/CLK_GRP_A_EN_I.CLK_MMCM_A_I/inst/CLK_CORE_DRP_I/s_axi_rdata_i[15]_i_5/O
                         net (fo=1, routed)           0.106     8.926    reconfigurable                      WRAPPER/CL/AWS_CLK_GEN/CLK_GRP_A_EN_I.CLK_MMCM_A_I/inst/CLK_CORE_DRP_I/s_axi_rdata_i[15]_i_5_n_0
    SLICE_X129Y228.A2                                                 r  reconfigurable pblock_CL            WRAPPER/CL/AWS_CLK_GEN/CLK_GRP_A_EN_I.CLK_MMCM_A_I/inst/CLK_CORE_DRP_I/s_axi_rdata_i[15]_i_1/I3
    SLICE_X129Y228.O6    LUT6 (Prop_C6LUT_SLICEM_I3_O)
                                                      0.123     9.049 r  reconfigurable pblock_CL            WRAPPER/CL/AWS_CLK_GEN/CLK_GRP_A_EN_I.CLK_MMCM_A_I/inst/CLK_CORE_DRP_I/s_axi_rdata_i[15]_i_1/O
                         net (fo=1, routed)           0.066     9.115    reconfigurable                      WRAPPER/CL/AWS_CLK_GEN/CLK_GRP_A_EN_I.CLK_MMCM_A_I/inst/AXI_LITE_IPIF_I/I_SLAVE_ATTACHMENT/D[0]
    SLICE_X129Y228.D     FDRE                                         r  reconfigurable pblock_CL            WRAPPER/CL/AWS_CLK_GEN/CLK_GRP_A_EN_I.CLK_MMCM_A_I/inst/AXI_LITE_IPIF_I/I_SLAVE_ATTACHMENT/s_axi_rdata_i_reg[15]/D
  -------------------------------------------------------------------    -------------------------------------------------------

                         (clock clk_hbm_ref rise edge)
                                                     10.000    10.000 r                                      
    BJ4                                               0.000    10.000 r  static                              <hidden>
                         net (fo=0)                   0.079    10.079    static                              <hidden>/<hidden>/<hidden>/<hidden>
    HPIOBDIFFINBUF_X0Y130.DIFF_IN_P
                                                                      r  static                              <hidden>/<hidden>/<hidden>/<hidden>
    HPIOBDIFFINBUF_X0Y130.O
                         DIFFINBUF (Prop_DIFFINBUF_HPIOBDIFFINBUF_DIFF_IN_P_O)
                                                      0.750    10.829 r  static                              <hidden>/<hidden>/<hidden>/<hidden>
                         net (fo=1, routed)           0.040    10.869    static                              <hidden>/<hidden>/<hidden>/<hidden>
    BJ4.I                                                             r  static                              <hidden>/<hidden>/<hidden>/<hidden>
    BJ4.O                IBUFCTRL (Prop_IBUFCTRL_HPIOB_M_I_O)
                                                      0.000    10.869 r  static                              <hidden>/<hidden>/<hidden>/<hidden>
                         net (fo=1, routed)           0.309    11.178    static                              <hidden>/<hidden>/<hidden>
    BUFGCE_X0Y122.I                                                   r  static                              <hidden>/<hidden>/<hidden>
    BUFGCE_X0Y122.O      BUFGCE (Prop_BUFCE_BUFGCE_I_O)
                                                      0.024    11.202 r  static                              <hidden>/<hidden>/<hidden>
                         net (fo=3, routed)           1.624    12.826    static                              <hidden>/<hidden>/<hidden>/<hidden>/<hidden>
    SLR Crossing[1->0]   
    MMCM_X0Y2.CLKIN1                                                  r  static                              <hidden>/<hidden>/<hidden>/<hidden>/<hidden>
    MMCM_X0Y2.CLKOUT0    MMCME4_ADV (Prop_MMCM_CLKIN1_CLKOUT0)
                                                      0.630    13.456 r  static                              <hidden>/<hidden>/<hidden>/<hidden>/<hidden>
                         net (fo=2, routed)           0.215    13.671    static                              <hidden>/<hidden>/<hidden>
    BUFGCE_X0Y70.I                                                    r  static                              <hidden>/<hidden>/<hidden>
    BUFGCE_X0Y70.O       BUFGCE (Prop_BUFCE_BUFGCE_I_O)
                                                      0.024    13.695 r  static                              <hidden>/<hidden>/<hidden>
    X3Y5 (CLOCK_ROOT)    net (fo=2363, routed)        2.613    16.308    boundary                            WRAPPER/CL/AWS_CLK_GEN/CLK_GRP_A_EN_I.CLK_MMCM_A_I/inst/AXI_LITE_IPIF_I/I_SLAVE_ATTACHMENT/s_axi_aclk
    SLICE_X129Y228.CLK   FDRE                                         r  reconfigurable pblock_CL            WRAPPER/CL/AWS_CLK_GEN/CLK_GRP_A_EN_I.CLK_MMCM_A_I/inst/AXI_LITE_IPIF_I/I_SLAVE_ATTACHMENT/s_axi_rdata_i_reg[15]/C
                         clock pessimism             -0.137    16.171                                            
                         clock uncertainty           -0.094    16.077                                            
    SLICE_X129Y228       FDRE (Setup_CFF_SLICEM_C_D)
                                                      0.025    16.102    reconfigurable   pblock_CL              WRAPPER/CL/AWS_CLK_GEN/CLK_GRP_A_EN_I.CLK_MMCM_A_I/inst/AXI_LITE_IPIF_I/I_SLAVE_ATTACHMENT/s_axi_rdata_i_reg[15]
  -------------------------------------------------------------------
                         required time                         16.102                                            
                         arrival time                          -9.115                                            
  -------------------------------------------------------------------
                         slack                                  6.987                                            

Slack (MET) :             7.031ns  (required time - arrival time)
  Source:                 WRAPPER/CL/AWS_CLK_GEN/CLK_GRP_A_EN_I.CLK_MMCM_A_I/inst/AXI_LITE_IPIF_I/I_SLAVE_ATTACHMENT/bus2ip_addr_i_reg[3]_rep/C
                            (rising edge-triggered cell FDRE clocked by clk_hbm_ref  {rise@0.000ns fall@5.000ns period=10.000ns})
  Destination:            WRAPPER/CL/AWS_CLK_GEN/CLK_GRP_A_EN_I.CLK_MMCM_A_I/inst/CLK_CORE_DRP_I/ram_clk_config_reg[29][20]/CE
                            (rising edge-triggered cell FDRE clocked by clk_hbm_ref  {rise@0.000ns fall@5.000ns period=10.000ns})
  Path Group:             clk_hbm_ref
  Path Type:              Setup (Max at Slow Process Corner)
  Requirement:            10.000ns  (clk_hbm_ref rise@10.000ns - clk_hbm_ref rise@0.000ns)
  Data Path Delay:        2.719ns  (logic 0.489ns (17.982%)  route 2.230ns (82.018%))
  Logic Levels:           4  (LUT3=2 LUT6=2)
  Clock Path Skew:        -0.096ns (DCD - SCD + CPR)
    Destination Clock Delay (DCD):    6.312ns = ( 16.312 - 10.000 ) 
    Source Clock Delay      (SCD):    6.271ns
    Clock Pessimism Removal (CPR):    -0.137ns
  Clock Uncertainty:      0.094ns  ((TSJ^2 + DJ^2)^1/2) / 2 + PE
    Total System Jitter     (TSJ):    0.071ns
    Discrete Jitter          (DJ):    0.175ns
    Phase Error              (PE):    0.000ns
  Clock Net Delay (Source):      2.925ns (routing 1.113ns, distribution 1.812ns)
  Clock Net Delay (Destination): 2.617ns (routing 1.010ns, distribution 1.607ns)

    Location             Delay type                Incr(ns)  Path(ns)    Partition      PBlock               Netlist Resource(s)
  -------------------------------------------------------------------    -------------------------------------------------------
                         (clock clk_hbm_ref rise edge)
                                                      0.000     0.000 r                                      
    BJ4                                               0.000     0.000 r  static                              <hidden>
                         net (fo=0)                   0.100     0.100    static                              <hidden>/<hidden>/<hidden>/<hidden>
    HPIOBDIFFINBUF_X0Y130.DIFF_IN_P
                                                                      r  static                              <hidden>/<hidden>/<hidden>/<hidden>
    HPIOBDIFFINBUF_X0Y130.O
                         DIFFINBUF (Prop_DIFFINBUF_HPIOBDIFFINBUF_DIFF_IN_P_O)
                                                      0.863     0.963 r  static                              <hidden>/<hidden>/<hidden>/<hidden>
                         net (fo=1, routed)           0.050     1.013    static                              <hidden>/<hidden>/<hidden>/<hidden>
    BJ4.I                                                             r  static                              <hidden>/<hidden>/<hidden>/<hidden>
    BJ4.O                IBUFCTRL (Prop_IBUFCTRL_HPIOB_M_I_O)
                                                      0.000     1.013 r  static                              <hidden>/<hidden>/<hidden>/<hidden>
                         net (fo=1, routed)           0.348     1.361    static                              <hidden>/<hidden>/<hidden>
    BUFGCE_X0Y122.I                                                   r  static                              <hidden>/<hidden>/<hidden>
    BUFGCE_X0Y122.O      BUFGCE (Prop_BUFCE_BUFGCE_I_O)
                                                      0.028     1.389 r  static                              <hidden>/<hidden>/<hidden>
                         net (fo=3, routed)           1.811     3.200    static                              <hidden>/<hidden>/<hidden>/<hidden>/<hidden>
    SLR Crossing[1->0]   
    MMCM_X0Y2.CLKIN1                                                  r  static                              <hidden>/<hidden>/<hidden>/<hidden>/<hidden>
    MMCM_X0Y2.CLKOUT0    MMCME4_ADV (Prop_MMCM_CLKIN1_CLKOUT0)
                                                     -0.127     3.073 r  static                              <hidden>/<hidden>/<hidden>/<hidden>/<hidden>
                         net (fo=2, routed)           0.245     3.318    static                              <hidden>/<hidden>/<hidden>
    BUFGCE_X0Y70.I                                                    r  static                              <hidden>/<hidden>/<hidden>
    BUFGCE_X0Y70.O       BUFGCE (Prop_BUFCE_BUFGCE_I_O)
                                                      0.028     3.346 r  static                              <hidden>/<hidden>/<hidden>
    X3Y5 (CLOCK_ROOT)    net (fo=2363, routed)        2.925     6.271    boundary                            WRAPPER/CL/AWS_CLK_GEN/CLK_GRP_A_EN_I.CLK_MMCM_A_I/inst/AXI_LITE_IPIF_I/I_SLAVE_ATTACHMENT/s_axi_aclk
    SLICE_X131Y226.CLK   FDRE                                         r  reconfigurable pblock_CL            WRAPPER/CL/AWS_CLK_GEN/CLK_GRP_A_EN_I.CLK_MMCM_A_I/inst/AXI_LITE_IPIF_I/I_SLAVE_ATTACHMENT/bus2ip_addr_i_reg[3]_rep/C
  -------------------------------------------------------------------    -------------------------------------------------------
    SLICE_X131Y226.Q     FDRE (Prop_AFF_SLICEL_C_Q)
                                                      0.079     6.350 f  reconfigurable pblock_CL            WRAPPER/CL/AWS_CLK_GEN/CLK_GRP_A_EN_I.CLK_MMCM_A_I/inst/AXI_LITE_IPIF_I/I_SLAVE_ATTACHMENT/bus2ip_addr_i_reg[3]_rep/Q
                         net (fo=98, routed)          0.613     6.963    reconfigurable                      WRAPPER/CL/AWS_CLK_GEN/CLK_GRP_A_EN_I.CLK_MMCM_A_I/inst/AXI_LITE_IPIF_I/I_SLAVE_ATTACHMENT/bus2ip_addr_i_reg[3]_rep_0
    SLICE_X132Y229.A2                                                 f  reconfigurable pblock_CL            WRAPPER/CL/AWS_CLK_GEN/CLK_GRP_A_EN_I.CLK_MMCM_A_I/inst/AXI_LITE_IPIF_I/I_SLAVE_ATTACHMENT/ram_clk_config[7][31]_i_2/I2
    SLICE_X132Y229.O6    LUT3 (Prop_E6LUT_SLICEL_I2_O)
                                                      0.123     7.086 r  reconfigurable pblock_CL            WRAPPER/CL/AWS_CLK_GEN/CLK_GRP_A_EN_I.CLK_MMCM_A_I/inst/AXI_LITE_IPIF_I/I_SLAVE_ATTACHMENT/ram_clk_config[7][31]_i_2/O
                         net (fo=5, routed)           0.336     7.421    reconfigurable                      WRAPPER/CL/AWS_CLK_GEN/CLK_GRP_A_EN_I.CLK_MMCM_A_I/inst/AXI_LITE_IPIF_I/I_SLAVE_ATTACHMENT/ram_clk_config[7][31]_i_2_n_0
    SLICE_X129Y227.A6                                                 r  reconfigurable pblock_CL            WRAPPER/CL/AWS_CLK_GEN/CLK_GRP_A_EN_I.CLK_MMCM_A_I/inst/AXI_LITE_IPIF_I/I_SLAVE_ATTACHMENT/clkfbout_reg[6]_i_4/I5
    SLICE_X129Y227.O6    LUT6 (Prop_H6LUT_SLICEM_I5_O)
                                                      0.039     7.460 r  reconfigurable pblock_CL            WRAPPER/CL/AWS_CLK_GEN/CLK_GRP_A_EN_I.CLK_MMCM_A_I/inst/AXI_LITE_IPIF_I/I_SLAVE_ATTACHMENT/clkfbout_reg[6]_i_4/O
                         net (fo=16, routed)          0.399     7.860    reconfigurable                      WRAPPER/CL/AWS_CLK_GEN/CLK_GRP_A_EN_I.CLK_MMCM_A_I/inst/AXI_LITE_IPIF_I/I_SLAVE_ATTACHMENT/clkfbout_reg[6]_i_4_n_0
    SLICE_X129Y233.A2                                                 r  reconfigurable pblock_CL            WRAPPER/CL/AWS_CLK_GEN/CLK_GRP_A_EN_I.CLK_MMCM_A_I/inst/AXI_LITE_IPIF_I/I_SLAVE_ATTACHMENT/ram_clk_config[5][31]_i_3/I1
    SLICE_X129Y233.O6    LUT3 (Prop_A6LUT_SLICEM_I1_O)
                                                      0.125     7.985 f  reconfigurable pblock_CL            WRAPPER/CL/AWS_CLK_GEN/CLK_GRP_A_EN_I.CLK_MMCM_A_I/inst/AXI_LITE_IPIF_I/I_SLAVE_ATTACHMENT/ram_clk_config[5][31]_i_3/O
                         net (fo=18, routed)          0.322     8.307    reconfigurable                      WRAPPER/CL/AWS_CLK_GEN/CLK_GRP_A_EN_I.CLK_MMCM_A_I/inst/AXI_LITE_IPIF_I/I_SLAVE_ATTACHMENT/I_DECODER/ram_clk_config_reg[14][31]_0
    SLICE_X132Y233.A2                                                 f  reconfigurable pblock_CL            WRAPPER/CL/AWS_CLK_GEN/CLK_GRP_A_EN_I.CLK_MMCM_A_I/inst/AXI_LITE_IPIF_I/I_SLAVE_ATTACHMENT/I_DECODER/ram_clk_config[29][31]_i_1/I2
    SLICE_X132Y233.O6    LUT6 (Prop_F6LUT_SLICEL_I2_O)
                                                      0.123     8.430 r  reconfigurable pblock_CL            WRAPPER/CL/AWS_CLK_GEN/CLK_GRP_A_EN_I.CLK_MMCM_A_I/inst/AXI_LITE_IPIF_I/I_SLAVE_ATTACHMENT/I_DECODER/ram_clk_config[29][31]_i_1/O
                         net (fo=32, routed)          0.560     8.990    reconfigurable                      WRAPPER/CL/AWS_CLK_GEN/CLK_GRP_A_EN_I.CLK_MMCM_A_I/inst/CLK_CORE_DRP_I/ram_clk_config_reg[29][31]_0[0]
    SLICE_X134Y229.CE    FDRE                                         r  reconfigurable pblock_CL            WRAPPER/CL/AWS_CLK_GEN/CLK_GRP_A_EN_I.CLK_MMCM_A_I/inst/CLK_CORE_DRP_I/ram_clk_config_reg[29][20]/CE
  -------------------------------------------------------------------    -------------------------------------------------------

                         (clock clk_hbm_ref rise edge)
                                                     10.000    10.000 r                                      
    BJ4                                               0.000    10.000 r  static                              <hidden>
                         net (fo=0)                   0.079    10.079    static                              <hidden>/<hidden>/<hidden>/<hidden>
    HPIOBDIFFINBUF_X0Y130.DIFF_IN_P
                                                                      r  static                              <hidden>/<hidden>/<hidden>/<hidden>
    HPIOBDIFFINBUF_X0Y130.O
                         DIFFINBUF (Prop_DIFFINBUF_HPIOBDIFFINBUF_DIFF_IN_P_O)
                                                      0.750    10.829 r  static                              <hidden>/<hidden>/<hidden>/<hidden>
                         net (fo=1, routed)           0.040    10.869    static                              <hidden>/<hidden>/<hidden>/<hidden>
    BJ4.I                                                             r  static                              <hidden>/<hidden>/<hidden>/<hidden>
    BJ4.O                IBUFCTRL (Prop_IBUFCTRL_HPIOB_M_I_O)
                                                      0.000    10.869 r  static                              <hidden>/<hidden>/<hidden>/<hidden>
                         net (fo=1, routed)           0.309    11.178    static                              <hidden>/<hidden>/<hidden>
    BUFGCE_X0Y122.I                                                   r  static                              <hidden>/<hidden>/<hidden>
    BUFGCE_X0Y122.O      BUFGCE (Prop_BUFCE_BUFGCE_I_O)
                                                      0.024    11.202 r  static                              <hidden>/<hidden>/<hidden>
                         net (fo=3, routed)           1.624    12.826    static                              <hidden>/<hidden>/<hidden>/<hidden>/<hidden>
    SLR Crossing[1->0]   
    MMCM_X0Y2.CLKIN1                                                  r  static                              <hidden>/<hidden>/<hidden>/<hidden>/<hidden>
    MMCM_X0Y2.CLKOUT0    MMCME4_ADV (Prop_MMCM_CLKIN1_CLKOUT0)
                                                      0.630    13.456 r  static                              <hidden>/<hidden>/<hidden>/<hidden>/<hidden>
                         net (fo=2, routed)           0.215    13.671    static                              <hidden>/<hidden>/<hidden>
    BUFGCE_X0Y70.I                                                    r  static                              <hidden>/<hidden>/<hidden>
    BUFGCE_X0Y70.O       BUFGCE (Prop_BUFCE_BUFGCE_I_O)
                                                      0.024    13.695 r  static                              <hidden>/<hidden>/<hidden>
    X3Y5 (CLOCK_ROOT)    net (fo=2363, routed)        2.617    16.312    boundary                            WRAPPER/CL/AWS_CLK_GEN/CLK_GRP_A_EN_I.CLK_MMCM_A_I/inst/CLK_CORE_DRP_I/s_axi_aclk
    SLICE_X134Y229.CLK   FDRE                                         r  reconfigurable pblock_CL            WRAPPER/CL/AWS_CLK_GEN/CLK_GRP_A_EN_I.CLK_MMCM_A_I/inst/CLK_CORE_DRP_I/ram_clk_config_reg[29][20]/C
                         clock pessimism             -0.137    16.175                                            
                         clock uncertainty           -0.094    16.081                                            
    SLICE_X134Y229       FDRE (Setup_EFF2_SLICEL_C_CE)
                                                     -0.060    16.021    reconfigurable   pblock_CL              WRAPPER/CL/AWS_CLK_GEN/CLK_GRP_A_EN_I.CLK_MMCM_A_I/inst/CLK_CORE_DRP_I/ram_clk_config_reg[29][20]
  -------------------------------------------------------------------
                         required time                         16.021                                            
                         arrival time                          -8.990                                            
  -------------------------------------------------------------------
                         slack                                  7.031                                            

Slack (MET) :             7.078ns  (required time - arrival time)
  Source:                 WRAPPER/CL/AWS_CLK_GEN/CLK_GRP_A_EN_I.CLK_MMCM_A_I/inst/AXI_LITE_IPIF_I/I_SLAVE_ATTACHMENT/bus2ip_addr_i_reg[3]_rep/C
                            (rising edge-triggered cell FDRE clocked by clk_hbm_ref  {rise@0.000ns fall@5.000ns period=10.000ns})
  Destination:            WRAPPER/CL/AWS_CLK_GEN/CLK_GRP_A_EN_I.CLK_MMCM_A_I/inst/CLK_CORE_DRP_I/ram_clk_config_reg[24][12]/CE
                            (rising edge-triggered cell FDRE clocked by clk_hbm_ref  {rise@0.000ns fall@5.000ns period=10.000ns})
  Path Group:             clk_hbm_ref
  Path Type:              Setup (Max at Slow Process Corner)
  Requirement:            10.000ns  (clk_hbm_ref rise@10.000ns - clk_hbm_ref rise@0.000ns)
  Data Path Delay:        2.649ns  (logic 0.417ns (15.740%)  route 2.232ns (84.260%))
  Logic Levels:           4  (LUT3=2 LUT6=2)
  Clock Path Skew:        -0.120ns (DCD - SCD + CPR)
    Destination Clock Delay (DCD):    6.288ns = ( 16.288 - 10.000 ) 
    Source Clock Delay      (SCD):    6.271ns
    Clock Pessimism Removal (CPR):    -0.137ns
  Clock Uncertainty:      0.094ns  ((TSJ^2 + DJ^2)^1/2) / 2 + PE
    Total System Jitter     (TSJ):    0.071ns
    Discrete Jitter          (DJ):    0.175ns
    Phase Error              (PE):    0.000ns
  Clock Net Delay (Source):      2.925ns (routing 1.113ns, distribution 1.812ns)
  Clock Net Delay (Destination): 2.593ns (routing 1.010ns, distribution 1.583ns)

    Location             Delay type                Incr(ns)  Path(ns)    Partition      PBlock               Netlist Resource(s)
  -------------------------------------------------------------------    -------------------------------------------------------
                         (clock clk_hbm_ref rise edge)
                                                      0.000     0.000 r                                      
    BJ4                                               0.000     0.000 r  static                              <hidden>
                         net (fo=0)                   0.100     0.100    static                              <hidden>/<hidden>/<hidden>/<hidden>
    HPIOBDIFFINBUF_X0Y130.DIFF_IN_P
                                                                      r  static                              <hidden>/<hidden>/<hidden>/<hidden>
    HPIOBDIFFINBUF_X0Y130.O
                         DIFFINBUF (Prop_DIFFINBUF_HPIOBDIFFINBUF_DIFF_IN_P_O)
                                                      0.863     0.963 r  static                              <hidden>/<hidden>/<hidden>/<hidden>
                         net (fo=1, routed)           0.050     1.013    static                              <hidden>/<hidden>/<hidden>/<hidden>
    BJ4.I                                                             r  static                              <hidden>/<hidden>/<hidden>/<hidden>
    BJ4.O                IBUFCTRL (Prop_IBUFCTRL_HPIOB_M_I_O)
                                                      0.000     1.013 r  static                              <hidden>/<hidden>/<hidden>/<hidden>
                         net (fo=1, routed)           0.348     1.361    static                              <hidden>/<hidden>/<hidden>
    BUFGCE_X0Y122.I                                                   r  static                              <hidden>/<hidden>/<hidden>
    BUFGCE_X0Y122.O      BUFGCE (Prop_BUFCE_BUFGCE_I_O)
                                                      0.028     1.389 r  static                              <hidden>/<hidden>/<hidden>
                         net (fo=3, routed)           1.811     3.200    static                              <hidden>/<hidden>/<hidden>/<hidden>/<hidden>
    SLR Crossing[1->0]   
    MMCM_X0Y2.CLKIN1                                                  r  static                              <hidden>/<hidden>/<hidden>/<hidden>/<hidden>
    MMCM_X0Y2.CLKOUT0    MMCME4_ADV (Prop_MMCM_CLKIN1_CLKOUT0)
                                                     -0.127     3.073 r  static                              <hidden>/<hidden>/<hidden>/<hidden>/<hidden>
                         net (fo=2, routed)           0.245     3.318    static                              <hidden>/<hidden>/<hidden>
    BUFGCE_X0Y70.I                                                    r  static                              <hidden>/<hidden>/<hidden>
    BUFGCE_X0Y70.O       BUFGCE (Prop_BUFCE_BUFGCE_I_O)
                                                      0.028     3.346 r  static                              <hidden>/<hidden>/<hidden>
    X3Y5 (CLOCK_ROOT)    net (fo=2363, routed)        2.925     6.271    boundary                            WRAPPER/CL/AWS_CLK_GEN/CLK_GRP_A_EN_I.CLK_MMCM_A_I/inst/AXI_LITE_IPIF_I/I_SLAVE_ATTACHMENT/s_axi_aclk
    SLICE_X131Y226.CLK   FDRE                                         r  reconfigurable pblock_CL            WRAPPER/CL/AWS_CLK_GEN/CLK_GRP_A_EN_I.CLK_MMCM_A_I/inst/AXI_LITE_IPIF_I/I_SLAVE_ATTACHMENT/bus2ip_addr_i_reg[3]_rep/C
  -------------------------------------------------------------------    -------------------------------------------------------
    SLICE_X131Y226.Q     FDRE (Prop_AFF_SLICEL_C_Q)
                                                      0.079     6.350 f  reconfigurable pblock_CL            WRAPPER/CL/AWS_CLK_GEN/CLK_GRP_A_EN_I.CLK_MMCM_A_I/inst/AXI_LITE_IPIF_I/I_SLAVE_ATTACHMENT/bus2ip_addr_i_reg[3]_rep/Q
                         net (fo=98, routed)          0.613     6.963    reconfigurable                      WRAPPER/CL/AWS_CLK_GEN/CLK_GRP_A_EN_I.CLK_MMCM_A_I/inst/AXI_LITE_IPIF_I/I_SLAVE_ATTACHMENT/bus2ip_addr_i_reg[3]_rep_0
    SLICE_X132Y229.A2                                                 f  reconfigurable pblock_CL            WRAPPER/CL/AWS_CLK_GEN/CLK_GRP_A_EN_I.CLK_MMCM_A_I/inst/AXI_LITE_IPIF_I/I_SLAVE_ATTACHMENT/ram_clk_config[7][31]_i_2/I2
    SLICE_X132Y229.O6    LUT3 (Prop_E6LUT_SLICEL_I2_O)
                                                      0.123     7.086 r  reconfigurable pblock_CL            WRAPPER/CL/AWS_CLK_GEN/CLK_GRP_A_EN_I.CLK_MMCM_A_I/inst/AXI_LITE_IPIF_I/I_SLAVE_ATTACHMENT/ram_clk_config[7][31]_i_2/O
                         net (fo=5, routed)           0.336     7.421    reconfigurable                      WRAPPER/CL/AWS_CLK_GEN/CLK_GRP_A_EN_I.CLK_MMCM_A_I/inst/AXI_LITE_IPIF_I/I_SLAVE_ATTACHMENT/ram_clk_config[7][31]_i_2_n_0
    SLICE_X129Y227.A6                                                 r  reconfigurable pblock_CL            WRAPPER/CL/AWS_CLK_GEN/CLK_GRP_A_EN_I.CLK_MMCM_A_I/inst/AXI_LITE_IPIF_I/I_SLAVE_ATTACHMENT/clkfbout_reg[6]_i_4/I5
    SLICE_X129Y227.O6    LUT6 (Prop_H6LUT_SLICEM_I5_O)
                                                      0.039     7.460 r  reconfigurable pblock_CL            WRAPPER/CL/AWS_CLK_GEN/CLK_GRP_A_EN_I.CLK_MMCM_A_I/inst/AXI_LITE_IPIF_I/I_SLAVE_ATTACHMENT/clkfbout_reg[6]_i_4/O
                         net (fo=16, routed)          0.399     7.860    reconfigurable                      WRAPPER/CL/AWS_CLK_GEN/CLK_GRP_A_EN_I.CLK_MMCM_A_I/inst/AXI_LITE_IPIF_I/I_SLAVE_ATTACHMENT/clkfbout_reg[6]_i_4_n_0
    SLICE_X129Y233.A2                                                 r  reconfigurable pblock_CL            WRAPPER/CL/AWS_CLK_GEN/CLK_GRP_A_EN_I.CLK_MMCM_A_I/inst/AXI_LITE_IPIF_I/I_SLAVE_ATTACHMENT/ram_clk_config[5][31]_i_3/I1
    SLICE_X129Y233.O6    LUT3 (Prop_A6LUT_SLICEM_I1_O)
                                                      0.125     7.985 f  reconfigurable pblock_CL            WRAPPER/CL/AWS_CLK_GEN/CLK_GRP_A_EN_I.CLK_MMCM_A_I/inst/AXI_LITE_IPIF_I/I_SLAVE_ATTACHMENT/ram_clk_config[5][31]_i_3/O
                         net (fo=18, routed)          0.153     8.138    reconfigurable                      WRAPPER/CL/AWS_CLK_GEN/CLK_GRP_A_EN_I.CLK_MMCM_A_I/inst/AXI_LITE_IPIF_I/I_SLAVE_ATTACHMENT/I_DECODER/ram_clk_config_reg[14][31]_0
    SLICE_X130Y233.A5                                                 f  reconfigurable pblock_CL            WRAPPER/CL/AWS_CLK_GEN/CLK_GRP_A_EN_I.CLK_MMCM_A_I/inst/AXI_LITE_IPIF_I/I_SLAVE_ATTACHMENT/I_DECODER/ram_clk_config[24][31]_i_1/I3
    SLICE_X130Y233.O6    LUT6 (Prop_B6LUT_SLICEL_I3_O)
                                                      0.051     8.189 r  reconfigurable pblock_CL            WRAPPER/CL/AWS_CLK_GEN/CLK_GRP_A_EN_I.CLK_MMCM_A_I/inst/AXI_LITE_IPIF_I/I_SLAVE_ATTACHMENT/I_DECODER/ram_clk_config[24][31]_i_1/O
                         net (fo=32, routed)          0.731     8.920    reconfigurable                      WRAPPER/CL/AWS_CLK_GEN/CLK_GRP_A_EN_I.CLK_MMCM_A_I/inst/CLK_CORE_DRP_I/ram_clk_config_reg[24][31]_0[0]
    SLICE_X127Y230.CE    FDRE                                         r  reconfigurable pblock_CL            WRAPPER/CL/AWS_CLK_GEN/CLK_GRP_A_EN_I.CLK_MMCM_A_I/inst/CLK_CORE_DRP_I/ram_clk_config_reg[24][12]/CE
  -------------------------------------------------------------------    -------------------------------------------------------

                         (clock clk_hbm_ref rise edge)
                                                     10.000    10.000 r                                      
    BJ4                                               0.000    10.000 r  static                              <hidden>
                         net (fo=0)                   0.079    10.079    static                              <hidden>/<hidden>/<hidden>/<hidden>
    HPIOBDIFFINBUF_X0Y130.DIFF_IN_P
                                                                      r  static                              <hidden>/<hidden>/<hidden>/<hidden>
    HPIOBDIFFINBUF_X0Y130.O
                         DIFFINBUF (Prop_DIFFINBUF_HPIOBDIFFINBUF_DIFF_IN_P_O)
                                                      0.750    10.829 r  static                              <hidden>/<hidden>/<hidden>/<hidden>
                         net (fo=1, routed)           0.040    10.869    static                              <hidden>/<hidden>/<hidden>/<hidden>
    BJ4.I                                                             r  static                              <hidden>/<hidden>/<hidden>/<hidden>
    BJ4.O                IBUFCTRL (Prop_IBUFCTRL_HPIOB_M_I_O)
                                                      0.000    10.869 r  static                              <hidden>/<hidden>/<hidden>/<hidden>
                         net (fo=1, routed)           0.309    11.178    static                              <hidden>/<hidden>/<hidden>
    BUFGCE_X0Y122.I                                                   r  static                              <hidden>/<hidden>/<hidden>
    BUFGCE_X0Y122.O      BUFGCE (Prop_BUFCE_BUFGCE_I_O)
                                                      0.024    11.202 r  static                              <hidden>/<hidden>/<hidden>
                         net (fo=3, routed)           1.624    12.826    static                              <hidden>/<hidden>/<hidden>/<hidden>/<hidden>
    SLR Crossing[1->0]   
    MMCM_X0Y2.CLKIN1                                                  r  static                              <hidden>/<hidden>/<hidden>/<hidden>/<hidden>
    MMCM_X0Y2.CLKOUT0    MMCME4_ADV (Prop_MMCM_CLKIN1_CLKOUT0)
                                                      0.630    13.456 r  static                              <hidden>/<hidden>/<hidden>/<hidden>/<hidden>
                         net (fo=2, routed)           0.215    13.671    static                              <hidden>/<hidden>/<hidden>
    BUFGCE_X0Y70.I                                                    r  static                              <hidden>/<hidden>/<hidden>
    BUFGCE_X0Y70.O       BUFGCE (Prop_BUFCE_BUFGCE_I_O)
                                                      0.024    13.695 r  static                              <hidden>/<hidden>/<hidden>
    X3Y5 (CLOCK_ROOT)    net (fo=2363, routed)        2.593    16.288    boundary                            WRAPPER/CL/AWS_CLK_GEN/CLK_GRP_A_EN_I.CLK_MMCM_A_I/inst/CLK_CORE_DRP_I/s_axi_aclk
    SLICE_X127Y230.CLK   FDRE                                         r  reconfigurable pblock_CL            WRAPPER/CL/AWS_CLK_GEN/CLK_GRP_A_EN_I.CLK_MMCM_A_I/inst/CLK_CORE_DRP_I/ram_clk_config_reg[24][12]/C
                         clock pessimism             -0.137    16.151                                            
                         clock uncertainty           -0.094    16.056                                            
    SLICE_X127Y230       FDRE (Setup_AFF2_SLICEL_C_CE)
                                                     -0.059    15.997    reconfigurable   pblock_CL              WRAPPER/CL/AWS_CLK_GEN/CLK_GRP_A_EN_I.CLK_MMCM_A_I/inst/CLK_CORE_DRP_I/ram_clk_config_reg[24][12]
  -------------------------------------------------------------------
                         required time                         15.997                                            
                         arrival time                          -8.920                                            
  -------------------------------------------------------------------
                         slack                                  7.078                                            

Slack (MET) :             7.095ns  (required time - arrival time)
  Source:                 WRAPPER/CL/AWS_CLK_GEN/CLK_GRP_A_EN_I.CLK_MMCM_A_I/inst/AXI_LITE_IPIF_I/I_SLAVE_ATTACHMENT/bus2ip_addr_i_reg[3]_rep/C
                            (rising edge-triggered cell FDRE clocked by clk_hbm_ref  {rise@0.000ns fall@5.000ns period=10.000ns})
  Destination:            WRAPPER/CL/AWS_CLK_GEN/CLK_GRP_A_EN_I.CLK_MMCM_A_I/inst/CLK_CORE_DRP_I/ram_clk_config_reg[31][28]/CE
                            (rising edge-triggered cell FDRE clocked by clk_hbm_ref  {rise@0.000ns fall@5.000ns period=10.000ns})
  Path Group:             clk_hbm_ref
  Path Type:              Setup (Max at Slow Process Corner)
  Requirement:            10.000ns  (clk_hbm_ref rise@10.000ns - clk_hbm_ref rise@0.000ns)
  Data Path Delay:        2.655ns  (logic 0.489ns (18.418%)  route 2.166ns (81.582%))
  Logic Levels:           4  (LUT3=2 LUT6=2)
  Clock Path Skew:        -0.095ns (DCD - SCD + CPR)
    Destination Clock Delay (DCD):    6.313ns = ( 16.313 - 10.000 ) 
    Source Clock Delay      (SCD):    6.271ns
    Clock Pessimism Removal (CPR):    -0.137ns
  Clock Uncertainty:      0.094ns  ((TSJ^2 + DJ^2)^1/2) / 2 + PE
    Total System Jitter     (TSJ):    0.071ns
    Discrete Jitter          (DJ):    0.175ns
    Phase Error              (PE):    0.000ns
  Clock Net Delay (Source):      2.925ns (routing 1.113ns, distribution 1.812ns)
  Clock Net Delay (Destination): 2.618ns (routing 1.010ns, distribution 1.608ns)

    Location             Delay type                Incr(ns)  Path(ns)    Partition      PBlock               Netlist Resource(s)
  -------------------------------------------------------------------    -------------------------------------------------------
                         (clock clk_hbm_ref rise edge)
                                                      0.000     0.000 r                                      
    BJ4                                               0.000     0.000 r  static                              <hidden>
                         net (fo=0)                   0.100     0.100    static                              <hidden>/<hidden>/<hidden>/<hidden>
    HPIOBDIFFINBUF_X0Y130.DIFF_IN_P
                                                                      r  static                              <hidden>/<hidden>/<hidden>/<hidden>
    HPIOBDIFFINBUF_X0Y130.O
                         DIFFINBUF (Prop_DIFFINBUF_HPIOBDIFFINBUF_DIFF_IN_P_O)
                                                      0.863     0.963 r  static                              <hidden>/<hidden>/<hidden>/<hidden>
                         net (fo=1, routed)           0.050     1.013    static                              <hidden>/<hidden>/<hidden>/<hidden>
    BJ4.I                                                             r  static                              <hidden>/<hidden>/<hidden>/<hidden>
    BJ4.O                IBUFCTRL (Prop_IBUFCTRL_HPIOB_M_I_O)
                                                      0.000     1.013 r  static                              <hidden>/<hidden>/<hidden>/<hidden>
                         net (fo=1, routed)           0.348     1.361    static                              <hidden>/<hidden>/<hidden>
    BUFGCE_X0Y122.I                                                   r  static                              <hidden>/<hidden>/<hidden>
    BUFGCE_X0Y122.O      BUFGCE (Prop_BUFCE_BUFGCE_I_O)
                                                      0.028     1.389 r  static                              <hidden>/<hidden>/<hidden>
                         net (fo=3, routed)           1.811     3.200    static                              <hidden>/<hidden>/<hidden>/<hidden>/<hidden>
    SLR Crossing[1->0]   
    MMCM_X0Y2.CLKIN1                                                  r  static                              <hidden>/<hidden>/<hidden>/<hidden>/<hidden>
    MMCM_X0Y2.CLKOUT0    MMCME4_ADV (Prop_MMCM_CLKIN1_CLKOUT0)
                                                     -0.127     3.073 r  static                              <hidden>/<hidden>/<hidden>/<hidden>/<hidden>
                         net (fo=2, routed)           0.245     3.318    static                              <hidden>/<hidden>/<hidden>
    BUFGCE_X0Y70.I                                                    r  static                              <hidden>/<hidden>/<hidden>
    BUFGCE_X0Y70.O       BUFGCE (Prop_BUFCE_BUFGCE_I_O)
                                                      0.028     3.346 r  static                              <hidden>/<hidden>/<hidden>
    X3Y5 (CLOCK_ROOT)    net (fo=2363, routed)        2.925     6.271    boundary                            WRAPPER/CL/AWS_CLK_GEN/CLK_GRP_A_EN_I.CLK_MMCM_A_I/inst/AXI_LITE_IPIF_I/I_SLAVE_ATTACHMENT/s_axi_aclk
    SLICE_X131Y226.CLK   FDRE                                         r  reconfigurable pblock_CL            WRAPPER/CL/AWS_CLK_GEN/CLK_GRP_A_EN_I.CLK_MMCM_A_I/inst/AXI_LITE_IPIF_I/I_SLAVE_ATTACHMENT/bus2ip_addr_i_reg[3]_rep/C
  -------------------------------------------------------------------    -------------------------------------------------------
    SLICE_X131Y226.Q     FDRE (Prop_AFF_SLICEL_C_Q)
                                                      0.079     6.350 f  reconfigurable pblock_CL            WRAPPER/CL/AWS_CLK_GEN/CLK_GRP_A_EN_I.CLK_MMCM_A_I/inst/AXI_LITE_IPIF_I/I_SLAVE_ATTACHMENT/bus2ip_addr_i_reg[3]_rep/Q
                         net (fo=98, routed)          0.613     6.963    reconfigurable                      WRAPPER/CL/AWS_CLK_GEN/CLK_GRP_A_EN_I.CLK_MMCM_A_I/inst/AXI_LITE_IPIF_I/I_SLAVE_ATTACHMENT/bus2ip_addr_i_reg[3]_rep_0
    SLICE_X132Y229.A2                                                 f  reconfigurable pblock_CL            WRAPPER/CL/AWS_CLK_GEN/CLK_GRP_A_EN_I.CLK_MMCM_A_I/inst/AXI_LITE_IPIF_I/I_SLAVE_ATTACHMENT/ram_clk_config[7][31]_i_2/I2
    SLICE_X132Y229.O6    LUT3 (Prop_E6LUT_SLICEL_I2_O)
                                                      0.123     7.086 r  reconfigurable pblock_CL            WRAPPER/CL/AWS_CLK_GEN/CLK_GRP_A_EN_I.CLK_MMCM_A_I/inst/AXI_LITE_IPIF_I/I_SLAVE_ATTACHMENT/ram_clk_config[7][31]_i_2/O
                         net (fo=5, routed)           0.336     7.421    reconfigurable                      WRAPPER/CL/AWS_CLK_GEN/CLK_GRP_A_EN_I.CLK_MMCM_A_I/inst/AXI_LITE_IPIF_I/I_SLAVE_ATTACHMENT/ram_clk_config[7][31]_i_2_n_0
    SLICE_X129Y227.A6                                                 r  reconfigurable pblock_CL            WRAPPER/CL/AWS_CLK_GEN/CLK_GRP_A_EN_I.CLK_MMCM_A_I/inst/AXI_LITE_IPIF_I/I_SLAVE_ATTACHMENT/clkfbout_reg[6]_i_4/I5
    SLICE_X129Y227.O6    LUT6 (Prop_H6LUT_SLICEM_I5_O)
                                                      0.039     7.460 r  reconfigurable pblock_CL            WRAPPER/CL/AWS_CLK_GEN/CLK_GRP_A_EN_I.CLK_MMCM_A_I/inst/AXI_LITE_IPIF_I/I_SLAVE_ATTACHMENT/clkfbout_reg[6]_i_4/O
                         net (fo=16, routed)          0.399     7.860    reconfigurable                      WRAPPER/CL/AWS_CLK_GEN/CLK_GRP_A_EN_I.CLK_MMCM_A_I/inst/AXI_LITE_IPIF_I/I_SLAVE_ATTACHMENT/clkfbout_reg[6]_i_4_n_0
    SLICE_X129Y233.A2                                                 r  reconfigurable pblock_CL            WRAPPER/CL/AWS_CLK_GEN/CLK_GRP_A_EN_I.CLK_MMCM_A_I/inst/AXI_LITE_IPIF_I/I_SLAVE_ATTACHMENT/ram_clk_config[5][31]_i_3/I1
    SLICE_X129Y233.O6    LUT3 (Prop_A6LUT_SLICEM_I1_O)
                                                      0.125     7.985 f  reconfigurable pblock_CL            WRAPPER/CL/AWS_CLK_GEN/CLK_GRP_A_EN_I.CLK_MMCM_A_I/inst/AXI_LITE_IPIF_I/I_SLAVE_ATTACHMENT/ram_clk_config[5][31]_i_3/O
                         net (fo=18, routed)          0.321     8.306    reconfigurable                      WRAPPER/CL/AWS_CLK_GEN/CLK_GRP_A_EN_I.CLK_MMCM_A_I/inst/AXI_LITE_IPIF_I/I_SLAVE_ATTACHMENT/I_DECODER/ram_clk_config_reg[14][31]_0
    SLICE_X132Y233.A2                                                 f  reconfigurable pblock_CL            WRAPPER/CL/AWS_CLK_GEN/CLK_GRP_A_EN_I.CLK_MMCM_A_I/inst/AXI_LITE_IPIF_I/I_SLAVE_ATTACHMENT/I_DECODER/ram_clk_config[31][31]_i_1/I4
    SLICE_X132Y233.O6    LUT6 (Prop_E6LUT_SLICEL_I4_O)
                                                      0.123     8.429 r  reconfigurable pblock_CL            WRAPPER/CL/AWS_CLK_GEN/CLK_GRP_A_EN_I.CLK_MMCM_A_I/inst/AXI_LITE_IPIF_I/I_SLAVE_ATTACHMENT/I_DECODER/ram_clk_config[31][31]_i_1/O
                         net (fo=32, routed)          0.497     8.926    reconfigurable                      WRAPPER/CL/AWS_CLK_GEN/CLK_GRP_A_EN_I.CLK_MMCM_A_I/inst/CLK_CORE_DRP_I/ram_clk_config_reg[31][31]_0[0]
    SLICE_X133Y230.CE    FDRE                                         r  reconfigurable pblock_CL            WRAPPER/CL/AWS_CLK_GEN/CLK_GRP_A_EN_I.CLK_MMCM_A_I/inst/CLK_CORE_DRP_I/ram_clk_config_reg[31][28]/CE
  -------------------------------------------------------------------    -------------------------------------------------------

                         (clock clk_hbm_ref rise edge)
                                                     10.000    10.000 r                                      
    BJ4                                               0.000    10.000 r  static                              <hidden>
                         net (fo=0)                   0.079    10.079    static                              <hidden>/<hidden>/<hidden>/<hidden>
    HPIOBDIFFINBUF_X0Y130.DIFF_IN_P
                                                                      r  static                              <hidden>/<hidden>/<hidden>/<hidden>
    HPIOBDIFFINBUF_X0Y130.O
                         DIFFINBUF (Prop_DIFFINBUF_HPIOBDIFFINBUF_DIFF_IN_P_O)
                                                      0.750    10.829 r  static                              <hidden>/<hidden>/<hidden>/<hidden>
                         net (fo=1, routed)           0.040    10.869    static                              <hidden>/<hidden>/<hidden>/<hidden>
    BJ4.I                                                             r  static                              <hidden>/<hidden>/<hidden>/<hidden>
    BJ4.O                IBUFCTRL (Prop_IBUFCTRL_HPIOB_M_I_O)
                                                      0.000    10.869 r  static                              <hidden>/<hidden>/<hidden>/<hidden>
                         net (fo=1, routed)           0.309    11.178    static                              <hidden>/<hidden>/<hidden>
    BUFGCE_X0Y122.I                                                   r  static                              <hidden>/<hidden>/<hidden>
    BUFGCE_X0Y122.O      BUFGCE (Prop_BUFCE_BUFGCE_I_O)
                                                      0.024    11.202 r  static                              <hidden>/<hidden>/<hidden>
                         net (fo=3, routed)           1.624    12.826    static                              <hidden>/<hidden>/<hidden>/<hidden>/<hidden>
    SLR Crossing[1->0]   
    MMCM_X0Y2.CLKIN1                                                  r  static                              <hidden>/<hidden>/<hidden>/<hidden>/<hidden>
    MMCM_X0Y2.CLKOUT0    MMCME4_ADV (Prop_MMCM_CLKIN1_CLKOUT0)
                                                      0.630    13.456 r  static                              <hidden>/<hidden>/<hidden>/<hidden>/<hidden>
                         net (fo=2, routed)           0.215    13.671    static                              <hidden>/<hidden>/<hidden>
    BUFGCE_X0Y70.I                                                    r  static                              <hidden>/<hidden>/<hidden>
    BUFGCE_X0Y70.O       BUFGCE (Prop_BUFCE_BUFGCE_I_O)
                                                      0.024    13.695 r  static                              <hidden>/<hidden>/<hidden>
    X3Y5 (CLOCK_ROOT)    net (fo=2363, routed)        2.618    16.313    boundary                            WRAPPER/CL/AWS_CLK_GEN/CLK_GRP_A_EN_I.CLK_MMCM_A_I/inst/CLK_CORE_DRP_I/s_axi_aclk
    SLICE_X133Y230.CLK   FDRE                                         r  reconfigurable pblock_CL            WRAPPER/CL/AWS_CLK_GEN/CLK_GRP_A_EN_I.CLK_MMCM_A_I/inst/CLK_CORE_DRP_I/ram_clk_config_reg[31][28]/C
                         clock pessimism             -0.137    16.176                                            
                         clock uncertainty           -0.094    16.082                                            
    SLICE_X133Y230       FDRE (Setup_HFF2_SLICEM_C_CE)
                                                     -0.061    16.021    reconfigurable   pblock_CL              WRAPPER/CL/AWS_CLK_GEN/CLK_GRP_A_EN_I.CLK_MMCM_A_I/inst/CLK_CORE_DRP_I/ram_clk_config_reg[31][28]
  -------------------------------------------------------------------
                         required time                         16.021                                            
                         arrival time                          -8.926                                            
  -------------------------------------------------------------------
                         slack                                  7.095                                            

Slack (MET) :             7.095ns  (required time - arrival time)
  Source:                 WRAPPER/CL/AWS_CLK_GEN/CLK_GRP_A_EN_I.CLK_MMCM_A_I/inst/AXI_LITE_IPIF_I/I_SLAVE_ATTACHMENT/bus2ip_addr_i_reg[3]_rep/C
                            (rising edge-triggered cell FDRE clocked by clk_hbm_ref  {rise@0.000ns fall@5.000ns period=10.000ns})
  Destination:            WRAPPER/CL/AWS_CLK_GEN/CLK_GRP_A_EN_I.CLK_MMCM_A_I/inst/CLK_CORE_DRP_I/ram_clk_config_reg[31][30]/CE
                            (rising edge-triggered cell FDRE clocked by clk_hbm_ref  {rise@0.000ns fall@5.000ns period=10.000ns})
  Path Group:             clk_hbm_ref
  Path Type:              Setup (Max at Slow Process Corner)
  Requirement:            10.000ns  (clk_hbm_ref rise@10.000ns - clk_hbm_ref rise@0.000ns)
  Data Path Delay:        2.655ns  (logic 0.489ns (18.418%)  route 2.166ns (81.582%))
  Logic Levels:           4  (LUT3=2 LUT6=2)
  Clock Path Skew:        -0.095ns (DCD - SCD + CPR)
    Destination Clock Delay (DCD):    6.313ns = ( 16.313 - 10.000 ) 
    Source Clock Delay      (SCD):    6.271ns
    Clock Pessimism Removal (CPR):    -0.137ns
  Clock Uncertainty:      0.094ns  ((TSJ^2 + DJ^2)^1/2) / 2 + PE
    Total System Jitter     (TSJ):    0.071ns
    Discrete Jitter          (DJ):    0.175ns
    Phase Error              (PE):    0.000ns
  Clock Net Delay (Source):      2.925ns (routing 1.113ns, distribution 1.812ns)
  Clock Net Delay (Destination): 2.618ns (routing 1.010ns, distribution 1.608ns)

    Location             Delay type                Incr(ns)  Path(ns)    Partition      PBlock               Netlist Resource(s)
  -------------------------------------------------------------------    -------------------------------------------------------
                         (clock clk_hbm_ref rise edge)
                                                      0.000     0.000 r                                      
    BJ4                                               0.000     0.000 r  static                              <hidden>
                         net (fo=0)                   0.100     0.100    static                              <hidden>/<hidden>/<hidden>/<hidden>
    HPIOBDIFFINBUF_X0Y130.DIFF_IN_P
                                                                      r  static                              <hidden>/<hidden>/<hidden>/<hidden>
    HPIOBDIFFINBUF_X0Y130.O
                         DIFFINBUF (Prop_DIFFINBUF_HPIOBDIFFINBUF_DIFF_IN_P_O)
                                                      0.863     0.963 r  static                              <hidden>/<hidden>/<hidden>/<hidden>
                         net (fo=1, routed)           0.050     1.013    static                              <hidden>/<hidden>/<hidden>/<hidden>
    BJ4.I                                                             r  static                              <hidden>/<hidden>/<hidden>/<hidden>
    BJ4.O                IBUFCTRL (Prop_IBUFCTRL_HPIOB_M_I_O)
                                                      0.000     1.013 r  static                              <hidden>/<hidden>/<hidden>/<hidden>
                         net (fo=1, routed)           0.348     1.361    static                              <hidden>/<hidden>/<hidden>
    BUFGCE_X0Y122.I                                                   r  static                              <hidden>/<hidden>/<hidden>
    BUFGCE_X0Y122.O      BUFGCE (Prop_BUFCE_BUFGCE_I_O)
                                                      0.028     1.389 r  static                              <hidden>/<hidden>/<hidden>
                         net (fo=3, routed)           1.811     3.200    static                              <hidden>/<hidden>/<hidden>/<hidden>/<hidden>
    SLR Crossing[1->0]   
    MMCM_X0Y2.CLKIN1                                                  r  static                              <hidden>/<hidden>/<hidden>/<hidden>/<hidden>
    MMCM_X0Y2.CLKOUT0    MMCME4_ADV (Prop_MMCM_CLKIN1_CLKOUT0)
                                                     -0.127     3.073 r  static                              <hidden>/<hidden>/<hidden>/<hidden>/<hidden>
                         net (fo=2, routed)           0.245     3.318    static                              <hidden>/<hidden>/<hidden>
    BUFGCE_X0Y70.I                                                    r  static                              <hidden>/<hidden>/<hidden>
    BUFGCE_X0Y70.O       BUFGCE (Prop_BUFCE_BUFGCE_I_O)
                                                      0.028     3.346 r  static                              <hidden>/<hidden>/<hidden>
    X3Y5 (CLOCK_ROOT)    net (fo=2363, routed)        2.925     6.271    boundary                            WRAPPER/CL/AWS_CLK_GEN/CLK_GRP_A_EN_I.CLK_MMCM_A_I/inst/AXI_LITE_IPIF_I/I_SLAVE_ATTACHMENT/s_axi_aclk
    SLICE_X131Y226.CLK   FDRE                                         r  reconfigurable pblock_CL            WRAPPER/CL/AWS_CLK_GEN/CLK_GRP_A_EN_I.CLK_MMCM_A_I/inst/AXI_LITE_IPIF_I/I_SLAVE_ATTACHMENT/bus2ip_addr_i_reg[3]_rep/C
  -------------------------------------------------------------------    -------------------------------------------------------
    SLICE_X131Y226.Q     FDRE (Prop_AFF_SLICEL_C_Q)
                                                      0.079     6.350 f  reconfigurable pblock_CL            WRAPPER/CL/AWS_CLK_GEN/CLK_GRP_A_EN_I.CLK_MMCM_A_I/inst/AXI_LITE_IPIF_I/I_SLAVE_ATTACHMENT/bus2ip_addr_i_reg[3]_rep/Q
                         net (fo=98, routed)          0.613     6.963    reconfigurable                      WRAPPER/CL/AWS_CLK_GEN/CLK_GRP_A_EN_I.CLK_MMCM_A_I/inst/AXI_LITE_IPIF_I/I_SLAVE_ATTACHMENT/bus2ip_addr_i_reg[3]_rep_0
    SLICE_X132Y229.A2                                                 f  reconfigurable pblock_CL            WRAPPER/CL/AWS_CLK_GEN/CLK_GRP_A_EN_I.CLK_MMCM_A_I/inst/AXI_LITE_IPIF_I/I_SLAVE_ATTACHMENT/ram_clk_config[7][31]_i_2/I2
    SLICE_X132Y229.O6    LUT3 (Prop_E6LUT_SLICEL_I2_O)
                                                      0.123     7.086 r  reconfigurable pblock_CL            WRAPPER/CL/AWS_CLK_GEN/CLK_GRP_A_EN_I.CLK_MMCM_A_I/inst/AXI_LITE_IPIF_I/I_SLAVE_ATTACHMENT/ram_clk_config[7][31]_i_2/O
                         net (fo=5, routed)           0.336     7.421    reconfigurable                      WRAPPER/CL/AWS_CLK_GEN/CLK_GRP_A_EN_I.CLK_MMCM_A_I/inst/AXI_LITE_IPIF_I/I_SLAVE_ATTACHMENT/ram_clk_config[7][31]_i_2_n_0
    SLICE_X129Y227.A6                                                 r  reconfigurable pblock_CL            WRAPPER/CL/AWS_CLK_GEN/CLK_GRP_A_EN_I.CLK_MMCM_A_I/inst/AXI_LITE_IPIF_I/I_SLAVE_ATTACHMENT/clkfbout_reg[6]_i_4/I5
    SLICE_X129Y227.O6    LUT6 (Prop_H6LUT_SLICEM_I5_O)
                                                      0.039     7.460 r  reconfigurable pblock_CL            WRAPPER/CL/AWS_CLK_GEN/CLK_GRP_A_EN_I.CLK_MMCM_A_I/inst/AXI_LITE_IPIF_I/I_SLAVE_ATTACHMENT/clkfbout_reg[6]_i_4/O
                         net (fo=16, routed)          0.399     7.860    reconfigurable                      WRAPPER/CL/AWS_CLK_GEN/CLK_GRP_A_EN_I.CLK_MMCM_A_I/inst/AXI_LITE_IPIF_I/I_SLAVE_ATTACHMENT/clkfbout_reg[6]_i_4_n_0
    SLICE_X129Y233.A2                                                 r  reconfigurable pblock_CL            WRAPPER/CL/AWS_CLK_GEN/CLK_GRP_A_EN_I.CLK_MMCM_A_I/inst/AXI_LITE_IPIF_I/I_SLAVE_ATTACHMENT/ram_clk_config[5][31]_i_3/I1
    SLICE_X129Y233.O6    LUT3 (Prop_A6LUT_SLICEM_I1_O)
                                                      0.125     7.985 f  reconfigurable pblock_CL            WRAPPER/CL/AWS_CLK_GEN/CLK_GRP_A_EN_I.CLK_MMCM_A_I/inst/AXI_LITE_IPIF_I/I_SLAVE_ATTACHMENT/ram_clk_config[5][31]_i_3/O
                         net (fo=18, routed)          0.321     8.306    reconfigurable                      WRAPPER/CL/AWS_CLK_GEN/CLK_GRP_A_EN_I.CLK_MMCM_A_I/inst/AXI_LITE_IPIF_I/I_SLAVE_ATTACHMENT/I_DECODER/ram_clk_config_reg[14][31]_0
    SLICE_X132Y233.A2                                                 f  reconfigurable pblock_CL            WRAPPER/CL/AWS_CLK_GEN/CLK_GRP_A_EN_I.CLK_MMCM_A_I/inst/AXI_LITE_IPIF_I/I_SLAVE_ATTACHMENT/I_DECODER/ram_clk_config[31][31]_i_1/I4
    SLICE_X132Y233.O6    LUT6 (Prop_E6LUT_SLICEL_I4_O)
                                                      0.123     8.429 r  reconfigurable pblock_CL            WRAPPER/CL/AWS_CLK_GEN/CLK_GRP_A_EN_I.CLK_MMCM_A_I/inst/AXI_LITE_IPIF_I/I_SLAVE_ATTACHMENT/I_DECODER/ram_clk_config[31][31]_i_1/O
                         net (fo=32, routed)          0.497     8.926    reconfigurable                      WRAPPER/CL/AWS_CLK_GEN/CLK_GRP_A_EN_I.CLK_MMCM_A_I/inst/CLK_CORE_DRP_I/ram_clk_config_reg[31][31]_0[0]
    SLICE_X133Y230.CE    FDRE                                         r  reconfigurable pblock_CL            WRAPPER/CL/AWS_CLK_GEN/CLK_GRP_A_EN_I.CLK_MMCM_A_I/inst/CLK_CORE_DRP_I/ram_clk_config_reg[31][30]/CE
  -------------------------------------------------------------------    -------------------------------------------------------

                         (clock clk_hbm_ref rise edge)
                                                     10.000    10.000 r                                      
    BJ4                                               0.000    10.000 r  static                              <hidden>
                         net (fo=0)                   0.079    10.079    static                              <hidden>/<hidden>/<hidden>/<hidden>
    HPIOBDIFFINBUF_X0Y130.DIFF_IN_P
                                                                      r  static                              <hidden>/<hidden>/<hidden>/<hidden>
    HPIOBDIFFINBUF_X0Y130.O
                         DIFFINBUF (Prop_DIFFINBUF_HPIOBDIFFINBUF_DIFF_IN_P_O)
                                                      0.750    10.829 r  static                              <hidden>/<hidden>/<hidden>/<hidden>
                         net (fo=1, routed)           0.040    10.869    static                              <hidden>/<hidden>/<hidden>/<hidden>
    BJ4.I                                                             r  static                              <hidden>/<hidden>/<hidden>/<hidden>
    BJ4.O                IBUFCTRL (Prop_IBUFCTRL_HPIOB_M_I_O)
                                                      0.000    10.869 r  static                              <hidden>/<hidden>/<hidden>/<hidden>
                         net (fo=1, routed)           0.309    11.178    static                              <hidden>/<hidden>/<hidden>
    BUFGCE_X0Y122.I                                                   r  static                              <hidden>/<hidden>/<hidden>
    BUFGCE_X0Y122.O      BUFGCE (Prop_BUFCE_BUFGCE_I_O)
                                                      0.024    11.202 r  static                              <hidden>/<hidden>/<hidden>
                         net (fo=3, routed)           1.624    12.826    static                              <hidden>/<hidden>/<hidden>/<hidden>/<hidden>
    SLR Crossing[1->0]   
    MMCM_X0Y2.CLKIN1                                                  r  static                              <hidden>/<hidden>/<hidden>/<hidden>/<hidden>
    MMCM_X0Y2.CLKOUT0    MMCME4_ADV (Prop_MMCM_CLKIN1_CLKOUT0)
                                                      0.630    13.456 r  static                              <hidden>/<hidden>/<hidden>/<hidden>/<hidden>
                         net (fo=2, routed)           0.215    13.671    static                              <hidden>/<hidden>/<hidden>
    BUFGCE_X0Y70.I                                                    r  static                              <hidden>/<hidden>/<hidden>
    BUFGCE_X0Y70.O       BUFGCE (Prop_BUFCE_BUFGCE_I_O)
                                                      0.024    13.695 r  static                              <hidden>/<hidden>/<hidden>
    X3Y5 (CLOCK_ROOT)    net (fo=2363, routed)        2.618    16.313    boundary                            WRAPPER/CL/AWS_CLK_GEN/CLK_GRP_A_EN_I.CLK_MMCM_A_I/inst/CLK_CORE_DRP_I/s_axi_aclk
    SLICE_X133Y230.CLK   FDRE                                         r  reconfigurable pblock_CL            WRAPPER/CL/AWS_CLK_GEN/CLK_GRP_A_EN_I.CLK_MMCM_A_I/inst/CLK_CORE_DRP_I/ram_clk_config_reg[31][30]/C
                         clock pessimism             -0.137    16.176                                            
                         clock uncertainty           -0.094    16.082                                            
    SLICE_X133Y230       FDRE (Setup_FFF2_SLICEM_C_CE)
                                                     -0.061    16.021    reconfigurable   pblock_CL              WRAPPER/CL/AWS_CLK_GEN/CLK_GRP_A_EN_I.CLK_MMCM_A_I/inst/CLK_CORE_DRP_I/ram_clk_config_reg[31][30]
  -------------------------------------------------------------------
                         required time                         16.021                                            
                         arrival time                          -8.926                                            
  -------------------------------------------------------------------
                         slack                                  7.095                                            

Slack (MET) :             7.095ns  (required time - arrival time)
  Source:                 WRAPPER/CL/AWS_CLK_GEN/CLK_GRP_A_EN_I.CLK_MMCM_A_I/inst/AXI_LITE_IPIF_I/I_SLAVE_ATTACHMENT/bus2ip_addr_i_reg[3]_rep/C
                            (rising edge-triggered cell FDRE clocked by clk_hbm_ref  {rise@0.000ns fall@5.000ns period=10.000ns})
  Destination:            WRAPPER/CL/AWS_CLK_GEN/CLK_GRP_A_EN_I.CLK_MMCM_A_I/inst/CLK_CORE_DRP_I/ram_clk_config_reg[31][8]/CE
                            (rising edge-triggered cell FDRE clocked by clk_hbm_ref  {rise@0.000ns fall@5.000ns period=10.000ns})
  Path Group:             clk_hbm_ref
  Path Type:              Setup (Max at Slow Process Corner)
  Requirement:            10.000ns  (clk_hbm_ref rise@10.000ns - clk_hbm_ref rise@0.000ns)
  Data Path Delay:        2.655ns  (logic 0.489ns (18.418%)  route 2.166ns (81.582%))
  Logic Levels:           4  (LUT3=2 LUT6=2)
  Clock Path Skew:        -0.095ns (DCD - SCD + CPR)
    Destination Clock Delay (DCD):    6.313ns = ( 16.313 - 10.000 ) 
    Source Clock Delay      (SCD):    6.271ns
    Clock Pessimism Removal (CPR):    -0.137ns
  Clock Uncertainty:      0.094ns  ((TSJ^2 + DJ^2)^1/2) / 2 + PE
    Total System Jitter     (TSJ):    0.071ns
    Discrete Jitter          (DJ):    0.175ns
    Phase Error              (PE):    0.000ns
  Clock Net Delay (Source):      2.925ns (routing 1.113ns, distribution 1.812ns)
  Clock Net Delay (Destination): 2.618ns (routing 1.010ns, distribution 1.608ns)

    Location             Delay type                Incr(ns)  Path(ns)    Partition      PBlock               Netlist Resource(s)
  -------------------------------------------------------------------    -------------------------------------------------------
                         (clock clk_hbm_ref rise edge)
                                                      0.000     0.000 r                                      
    BJ4                                               0.000     0.000 r  static                              <hidden>
                         net (fo=0)                   0.100     0.100    static                              <hidden>/<hidden>/<hidden>/<hidden>
    HPIOBDIFFINBUF_X0Y130.DIFF_IN_P
                                                                      r  static                              <hidden>/<hidden>/<hidden>/<hidden>
    HPIOBDIFFINBUF_X0Y130.O
                         DIFFINBUF (Prop_DIFFINBUF_HPIOBDIFFINBUF_DIFF_IN_P_O)
                                                      0.863     0.963 r  static                              <hidden>/<hidden>/<hidden>/<hidden>
                         net (fo=1, routed)           0.050     1.013    static                              <hidden>/<hidden>/<hidden>/<hidden>
    BJ4.I                                                             r  static                              <hidden>/<hidden>/<hidden>/<hidden>
    BJ4.O                IBUFCTRL (Prop_IBUFCTRL_HPIOB_M_I_O)
                                                      0.000     1.013 r  static                              <hidden>/<hidden>/<hidden>/<hidden>
                         net (fo=1, routed)           0.348     1.361    static                              <hidden>/<hidden>/<hidden>
    BUFGCE_X0Y122.I                                                   r  static                              <hidden>/<hidden>/<hidden>
    BUFGCE_X0Y122.O      BUFGCE (Prop_BUFCE_BUFGCE_I_O)
                                                      0.028     1.389 r  static                              <hidden>/<hidden>/<hidden>
                         net (fo=3, routed)           1.811     3.200    static                              <hidden>/<hidden>/<hidden>/<hidden>/<hidden>
    SLR Crossing[1->0]   
    MMCM_X0Y2.CLKIN1                                                  r  static                              <hidden>/<hidden>/<hidden>/<hidden>/<hidden>
    MMCM_X0Y2.CLKOUT0    MMCME4_ADV (Prop_MMCM_CLKIN1_CLKOUT0)
                                                     -0.127     3.073 r  static                              <hidden>/<hidden>/<hidden>/<hidden>/<hidden>
                         net (fo=2, routed)           0.245     3.318    static                              <hidden>/<hidden>/<hidden>
    BUFGCE_X0Y70.I                                                    r  static                              <hidden>/<hidden>/<hidden>
    BUFGCE_X0Y70.O       BUFGCE (Prop_BUFCE_BUFGCE_I_O)
                                                      0.028     3.346 r  static                              <hidden>/<hidden>/<hidden>
    X3Y5 (CLOCK_ROOT)    net (fo=2363, routed)        2.925     6.271    boundary                            WRAPPER/CL/AWS_CLK_GEN/CLK_GRP_A_EN_I.CLK_MMCM_A_I/inst/AXI_LITE_IPIF_I/I_SLAVE_ATTACHMENT/s_axi_aclk
    SLICE_X131Y226.CLK   FDRE                                         r  reconfigurable pblock_CL            WRAPPER/CL/AWS_CLK_GEN/CLK_GRP_A_EN_I.CLK_MMCM_A_I/inst/AXI_LITE_IPIF_I/I_SLAVE_ATTACHMENT/bus2ip_addr_i_reg[3]_rep/C
  -------------------------------------------------------------------    -------------------------------------------------------
    SLICE_X131Y226.Q     FDRE (Prop_AFF_SLICEL_C_Q)
                                                      0.079     6.350 f  reconfigurable pblock_CL            WRAPPER/CL/AWS_CLK_GEN/CLK_GRP_A_EN_I.CLK_MMCM_A_I/inst/AXI_LITE_IPIF_I/I_SLAVE_ATTACHMENT/bus2ip_addr_i_reg[3]_rep/Q
                         net (fo=98, routed)          0.613     6.963    reconfigurable                      WRAPPER/CL/AWS_CLK_GEN/CLK_GRP_A_EN_I.CLK_MMCM_A_I/inst/AXI_LITE_IPIF_I/I_SLAVE_ATTACHMENT/bus2ip_addr_i_reg[3]_rep_0
    SLICE_X132Y229.A2                                                 f  reconfigurable pblock_CL            WRAPPER/CL/AWS_CLK_GEN/CLK_GRP_A_EN_I.CLK_MMCM_A_I/inst/AXI_LITE_IPIF_I/I_SLAVE_ATTACHMENT/ram_clk_config[7][31]_i_2/I2
    SLICE_X132Y229.O6    LUT3 (Prop_E6LUT_SLICEL_I2_O)
                                                      0.123     7.086 r  reconfigurable pblock_CL            WRAPPER/CL/AWS_CLK_GEN/CLK_GRP_A_EN_I.CLK_MMCM_A_I/inst/AXI_LITE_IPIF_I/I_SLAVE_ATTACHMENT/ram_clk_config[7][31]_i_2/O
                         net (fo=5, routed)           0.336     7.421    reconfigurable                      WRAPPER/CL/AWS_CLK_GEN/CLK_GRP_A_EN_I.CLK_MMCM_A_I/inst/AXI_LITE_IPIF_I/I_SLAVE_ATTACHMENT/ram_clk_config[7][31]_i_2_n_0
    SLICE_X129Y227.A6                                                 r  reconfigurable pblock_CL            WRAPPER/CL/AWS_CLK_GEN/CLK_GRP_A_EN_I.CLK_MMCM_A_I/inst/AXI_LITE_IPIF_I/I_SLAVE_ATTACHMENT/clkfbout_reg[6]_i_4/I5
    SLICE_X129Y227.O6    LUT6 (Prop_H6LUT_SLICEM_I5_O)
                                                      0.039     7.460 r  reconfigurable pblock_CL            WRAPPER/CL/AWS_CLK_GEN/CLK_GRP_A_EN_I.CLK_MMCM_A_I/inst/AXI_LITE_IPIF_I/I_SLAVE_ATTACHMENT/clkfbout_reg[6]_i_4/O
                         net (fo=16, routed)          0.399     7.860    reconfigurable                      WRAPPER/CL/AWS_CLK_GEN/CLK_GRP_A_EN_I.CLK_MMCM_A_I/inst/AXI_LITE_IPIF_I/I_SLAVE_ATTACHMENT/clkfbout_reg[6]_i_4_n_0
    SLICE_X129Y233.A2                                                 r  reconfigurable pblock_CL            WRAPPER/CL/AWS_CLK_GEN/CLK_GRP_A_EN_I.CLK_MMCM_A_I/inst/AXI_LITE_IPIF_I/I_SLAVE_ATTACHMENT/ram_clk_config[5][31]_i_3/I1
    SLICE_X129Y233.O6    LUT3 (Prop_A6LUT_SLICEM_I1_O)
                                                      0.125     7.985 f  reconfigurable pblock_CL            WRAPPER/CL/AWS_CLK_GEN/CLK_GRP_A_EN_I.CLK_MMCM_A_I/inst/AXI_LITE_IPIF_I/I_SLAVE_ATTACHMENT/ram_clk_config[5][31]_i_3/O
                         net (fo=18, routed)          0.321     8.306    reconfigurable                      WRAPPER/CL/AWS_CLK_GEN/CLK_GRP_A_EN_I.CLK_MMCM_A_I/inst/AXI_LITE_IPIF_I/I_SLAVE_ATTACHMENT/I_DECODER/ram_clk_config_reg[14][31]_0
    SLICE_X132Y233.A2                                                 f  reconfigurable pblock_CL            WRAPPER/CL/AWS_CLK_GEN/CLK_GRP_A_EN_I.CLK_MMCM_A_I/inst/AXI_LITE_IPIF_I/I_SLAVE_ATTACHMENT/I_DECODER/ram_clk_config[31][31]_i_1/I4
    SLICE_X132Y233.O6    LUT6 (Prop_E6LUT_SLICEL_I4_O)
                                                      0.123     8.429 r  reconfigurable pblock_CL            WRAPPER/CL/AWS_CLK_GEN/CLK_GRP_A_EN_I.CLK_MMCM_A_I/inst/AXI_LITE_IPIF_I/I_SLAVE_ATTACHMENT/I_DECODER/ram_clk_config[31][31]_i_1/O
                         net (fo=32, routed)          0.497     8.926    reconfigurable                      WRAPPER/CL/AWS_CLK_GEN/CLK_GRP_A_EN_I.CLK_MMCM_A_I/inst/CLK_CORE_DRP_I/ram_clk_config_reg[31][31]_0[0]
    SLICE_X133Y230.CE    FDRE                                         r  reconfigurable pblock_CL            WRAPPER/CL/AWS_CLK_GEN/CLK_GRP_A_EN_I.CLK_MMCM_A_I/inst/CLK_CORE_DRP_I/ram_clk_config_reg[31][8]/CE
  -------------------------------------------------------------------    -------------------------------------------------------

                         (clock clk_hbm_ref rise edge)
                                                     10.000    10.000 r                                      
    BJ4                                               0.000    10.000 r  static                              <hidden>
                         net (fo=0)                   0.079    10.079    static                              <hidden>/<hidden>/<hidden>/<hidden>
    HPIOBDIFFINBUF_X0Y130.DIFF_IN_P
                                                                      r  static                              <hidden>/<hidden>/<hidden>/<hidden>
    HPIOBDIFFINBUF_X0Y130.O
                         DIFFINBUF (Prop_DIFFINBUF_HPIOBDIFFINBUF_DIFF_IN_P_O)
                                                      0.750    10.829 r  static                              <hidden>/<hidden>/<hidden>/<hidden>
                         net (fo=1, routed)           0.040    10.869    static                              <hidden>/<hidden>/<hidden>/<hidden>
    BJ4.I                                                             r  static                              <hidden>/<hidden>/<hidden>/<hidden>
    BJ4.O                IBUFCTRL (Prop_IBUFCTRL_HPIOB_M_I_O)
                                                      0.000    10.869 r  static                              <hidden>/<hidden>/<hidden>/<hidden>
                         net (fo=1, routed)           0.309    11.178    static                              <hidden>/<hidden>/<hidden>
    BUFGCE_X0Y122.I                                                   r  static                              <hidden>/<hidden>/<hidden>
    BUFGCE_X0Y122.O      BUFGCE (Prop_BUFCE_BUFGCE_I_O)
                                                      0.024    11.202 r  static                              <hidden>/<hidden>/<hidden>
                         net (fo=3, routed)           1.624    12.826    static                              <hidden>/<hidden>/<hidden>/<hidden>/<hidden>
    SLR Crossing[1->0]   
    MMCM_X0Y2.CLKIN1                                                  r  static                              <hidden>/<hidden>/<hidden>/<hidden>/<hidden>
    MMCM_X0Y2.CLKOUT0    MMCME4_ADV (Prop_MMCM_CLKIN1_CLKOUT0)
                                                      0.630    13.456 r  static                              <hidden>/<hidden>/<hidden>/<hidden>/<hidden>
                         net (fo=2, routed)           0.215    13.671    static                              <hidden>/<hidden>/<hidden>
    BUFGCE_X0Y70.I                                                    r  static                              <hidden>/<hidden>/<hidden>
    BUFGCE_X0Y70.O       BUFGCE (Prop_BUFCE_BUFGCE_I_O)
                                                      0.024    13.695 r  static                              <hidden>/<hidden>/<hidden>
    X3Y5 (CLOCK_ROOT)    net (fo=2363, routed)        2.618    16.313    boundary                            WRAPPER/CL/AWS_CLK_GEN/CLK_GRP_A_EN_I.CLK_MMCM_A_I/inst/CLK_CORE_DRP_I/s_axi_aclk
    SLICE_X133Y230.CLK   FDRE                                         r  reconfigurable pblock_CL            WRAPPER/CL/AWS_CLK_GEN/CLK_GRP_A_EN_I.CLK_MMCM_A_I/inst/CLK_CORE_DRP_I/ram_clk_config_reg[31][8]/C
                         clock pessimism             -0.137    16.176                                            
                         clock uncertainty           -0.094    16.082                                            
    SLICE_X133Y230       FDRE (Setup_EFF2_SLICEM_C_CE)
                                                     -0.061    16.021    reconfigurable   pblock_CL              WRAPPER/CL/AWS_CLK_GEN/CLK_GRP_A_EN_I.CLK_MMCM_A_I/inst/CLK_CORE_DRP_I/ram_clk_config_reg[31][8]
  -------------------------------------------------------------------
                         required time                         16.021                                            
                         arrival time                          -8.926                                            
  -------------------------------------------------------------------
                         slack                                  7.095                                            

Slack (MET) :             7.101ns  (required time - arrival time)
  Source:                 WRAPPER/CL/AWS_CLK_GEN/CLK_GRP_A_EN_I.CLK_MMCM_A_I/inst/AXI_LITE_IPIF_I/I_SLAVE_ATTACHMENT/bus2ip_addr_i_reg[3]_rep/C
                            (rising edge-triggered cell FDRE clocked by clk_hbm_ref  {rise@0.000ns fall@5.000ns period=10.000ns})
  Destination:            WRAPPER/CL/AWS_CLK_GEN/CLK_GRP_A_EN_I.CLK_MMCM_A_I/inst/CLK_CORE_DRP_I/ram_clk_config_reg[31][10]/CE
                            (rising edge-triggered cell FDRE clocked by clk_hbm_ref  {rise@0.000ns fall@5.000ns period=10.000ns})
  Path Group:             clk_hbm_ref
  Path Type:              Setup (Max at Slow Process Corner)
  Requirement:            10.000ns  (clk_hbm_ref rise@10.000ns - clk_hbm_ref rise@0.000ns)
  Data Path Delay:        2.650ns  (logic 0.489ns (18.450%)  route 2.161ns (81.550%))
  Logic Levels:           4  (LUT3=2 LUT6=2)
  Clock Path Skew:        -0.094ns (DCD - SCD + CPR)
    Destination Clock Delay (DCD):    6.314ns = ( 16.314 - 10.000 ) 
    Source Clock Delay      (SCD):    6.271ns
    Clock Pessimism Removal (CPR):    -0.137ns
  Clock Uncertainty:      0.094ns  ((TSJ^2 + DJ^2)^1/2) / 2 + PE
    Total System Jitter     (TSJ):    0.071ns
    Discrete Jitter          (DJ):    0.175ns
    Phase Error              (PE):    0.000ns
  Clock Net Delay (Source):      2.925ns (routing 1.113ns, distribution 1.812ns)
  Clock Net Delay (Destination): 2.619ns (routing 1.010ns, distribution 1.609ns)

    Location             Delay type                Incr(ns)  Path(ns)    Partition      PBlock               Netlist Resource(s)
  -------------------------------------------------------------------    -------------------------------------------------------
                         (clock clk_hbm_ref rise edge)
                                                      0.000     0.000 r                                      
    BJ4                                               0.000     0.000 r  static                              <hidden>
                         net (fo=0)                   0.100     0.100    static                              <hidden>/<hidden>/<hidden>/<hidden>
    HPIOBDIFFINBUF_X0Y130.DIFF_IN_P
                                                                      r  static                              <hidden>/<hidden>/<hidden>/<hidden>
    HPIOBDIFFINBUF_X0Y130.O
                         DIFFINBUF (Prop_DIFFINBUF_HPIOBDIFFINBUF_DIFF_IN_P_O)
                                                      0.863     0.963 r  static                              <hidden>/<hidden>/<hidden>/<hidden>
                         net (fo=1, routed)           0.050     1.013    static                              <hidden>/<hidden>/<hidden>/<hidden>
    BJ4.I                                                             r  static                              <hidden>/<hidden>/<hidden>/<hidden>
    BJ4.O                IBUFCTRL (Prop_IBUFCTRL_HPIOB_M_I_O)
                                                      0.000     1.013 r  static                              <hidden>/<hidden>/<hidden>/<hidden>
                         net (fo=1, routed)           0.348     1.361    static                              <hidden>/<hidden>/<hidden>
    BUFGCE_X0Y122.I                                                   r  static                              <hidden>/<hidden>/<hidden>
    BUFGCE_X0Y122.O      BUFGCE (Prop_BUFCE_BUFGCE_I_O)
                                                      0.028     1.389 r  static                              <hidden>/<hidden>/<hidden>
                         net (fo=3, routed)           1.811     3.200    static                              <hidden>/<hidden>/<hidden>/<hidden>/<hidden>
    SLR Crossing[1->0]   
    MMCM_X0Y2.CLKIN1                                                  r  static                              <hidden>/<hidden>/<hidden>/<hidden>/<hidden>
    MMCM_X0Y2.CLKOUT0    MMCME4_ADV (Prop_MMCM_CLKIN1_CLKOUT0)
                                                     -0.127     3.073 r  static                              <hidden>/<hidden>/<hidden>/<hidden>/<hidden>
                         net (fo=2, routed)           0.245     3.318    static                              <hidden>/<hidden>/<hidden>
    BUFGCE_X0Y70.I                                                    r  static                              <hidden>/<hidden>/<hidden>
    BUFGCE_X0Y70.O       BUFGCE (Prop_BUFCE_BUFGCE_I_O)
                                                      0.028     3.346 r  static                              <hidden>/<hidden>/<hidden>
    X3Y5 (CLOCK_ROOT)    net (fo=2363, routed)        2.925     6.271    boundary                            WRAPPER/CL/AWS_CLK_GEN/CLK_GRP_A_EN_I.CLK_MMCM_A_I/inst/AXI_LITE_IPIF_I/I_SLAVE_ATTACHMENT/s_axi_aclk
    SLICE_X131Y226.CLK   FDRE                                         r  reconfigurable pblock_CL            WRAPPER/CL/AWS_CLK_GEN/CLK_GRP_A_EN_I.CLK_MMCM_A_I/inst/AXI_LITE_IPIF_I/I_SLAVE_ATTACHMENT/bus2ip_addr_i_reg[3]_rep/C
  -------------------------------------------------------------------    -------------------------------------------------------
    SLICE_X131Y226.Q     FDRE (Prop_AFF_SLICEL_C_Q)
                                                      0.079     6.350 f  reconfigurable pblock_CL            WRAPPER/CL/AWS_CLK_GEN/CLK_GRP_A_EN_I.CLK_MMCM_A_I/inst/AXI_LITE_IPIF_I/I_SLAVE_ATTACHMENT/bus2ip_addr_i_reg[3]_rep/Q
                         net (fo=98, routed)          0.613     6.963    reconfigurable                      WRAPPER/CL/AWS_CLK_GEN/CLK_GRP_A_EN_I.CLK_MMCM_A_I/inst/AXI_LITE_IPIF_I/I_SLAVE_ATTACHMENT/bus2ip_addr_i_reg[3]_rep_0
    SLICE_X132Y229.A2                                                 f  reconfigurable pblock_CL            WRAPPER/CL/AWS_CLK_GEN/CLK_GRP_A_EN_I.CLK_MMCM_A_I/inst/AXI_LITE_IPIF_I/I_SLAVE_ATTACHMENT/ram_clk_config[7][31]_i_2/I2
    SLICE_X132Y229.O6    LUT3 (Prop_E6LUT_SLICEL_I2_O)
                                                      0.123     7.086 r  reconfigurable pblock_CL            WRAPPER/CL/AWS_CLK_GEN/CLK_GRP_A_EN_I.CLK_MMCM_A_I/inst/AXI_LITE_IPIF_I/I_SLAVE_ATTACHMENT/ram_clk_config[7][31]_i_2/O
                         net (fo=5, routed)           0.336     7.421    reconfigurable                      WRAPPER/CL/AWS_CLK_GEN/CLK_GRP_A_EN_I.CLK_MMCM_A_I/inst/AXI_LITE_IPIF_I/I_SLAVE_ATTACHMENT/ram_clk_config[7][31]_i_2_n_0
    SLICE_X129Y227.A6                                                 r  reconfigurable pblock_CL            WRAPPER/CL/AWS_CLK_GEN/CLK_GRP_A_EN_I.CLK_MMCM_A_I/inst/AXI_LITE_IPIF_I/I_SLAVE_ATTACHMENT/clkfbout_reg[6]_i_4/I5
    SLICE_X129Y227.O6    LUT6 (Prop_H6LUT_SLICEM_I5_O)
                                                      0.039     7.460 r  reconfigurable pblock_CL            WRAPPER/CL/AWS_CLK_GEN/CLK_GRP_A_EN_I.CLK_MMCM_A_I/inst/AXI_LITE_IPIF_I/I_SLAVE_ATTACHMENT/clkfbout_reg[6]_i_4/O
                         net (fo=16, routed)          0.399     7.860    reconfigurable                      WRAPPER/CL/AWS_CLK_GEN/CLK_GRP_A_EN_I.CLK_MMCM_A_I/inst/AXI_LITE_IPIF_I/I_SLAVE_ATTACHMENT/clkfbout_reg[6]_i_4_n_0
    SLICE_X129Y233.A2                                                 r  reconfigurable pblock_CL            WRAPPER/CL/AWS_CLK_GEN/CLK_GRP_A_EN_I.CLK_MMCM_A_I/inst/AXI_LITE_IPIF_I/I_SLAVE_ATTACHMENT/ram_clk_config[5][31]_i_3/I1
    SLICE_X129Y233.O6    LUT3 (Prop_A6LUT_SLICEM_I1_O)
                                                      0.125     7.985 f  reconfigurable pblock_CL            WRAPPER/CL/AWS_CLK_GEN/CLK_GRP_A_EN_I.CLK_MMCM_A_I/inst/AXI_LITE_IPIF_I/I_SLAVE_ATTACHMENT/ram_clk_config[5][31]_i_3/O
                         net (fo=18, routed)          0.321     8.306    reconfigurable                      WRAPPER/CL/AWS_CLK_GEN/CLK_GRP_A_EN_I.CLK_MMCM_A_I/inst/AXI_LITE_IPIF_I/I_SLAVE_ATTACHMENT/I_DECODER/ram_clk_config_reg[14][31]_0
    SLICE_X132Y233.A2                                                 f  reconfigurable pblock_CL            WRAPPER/CL/AWS_CLK_GEN/CLK_GRP_A_EN_I.CLK_MMCM_A_I/inst/AXI_LITE_IPIF_I/I_SLAVE_ATTACHMENT/I_DECODER/ram_clk_config[31][31]_i_1/I4
    SLICE_X132Y233.O6    LUT6 (Prop_E6LUT_SLICEL_I4_O)
                                                      0.123     8.429 r  reconfigurable pblock_CL            WRAPPER/CL/AWS_CLK_GEN/CLK_GRP_A_EN_I.CLK_MMCM_A_I/inst/AXI_LITE_IPIF_I/I_SLAVE_ATTACHMENT/I_DECODER/ram_clk_config[31][31]_i_1/O
                         net (fo=32, routed)          0.492     8.921    reconfigurable                      WRAPPER/CL/AWS_CLK_GEN/CLK_GRP_A_EN_I.CLK_MMCM_A_I/inst/CLK_CORE_DRP_I/ram_clk_config_reg[31][31]_0[0]
    SLICE_X133Y231.CE    FDRE                                         r  reconfigurable pblock_CL            WRAPPER/CL/AWS_CLK_GEN/CLK_GRP_A_EN_I.CLK_MMCM_A_I/inst/CLK_CORE_DRP_I/ram_clk_config_reg[31][10]/CE
  -------------------------------------------------------------------    -------------------------------------------------------

                         (clock clk_hbm_ref rise edge)
                                                     10.000    10.000 r                                      
    BJ4                                               0.000    10.000 r  static                              <hidden>
                         net (fo=0)                   0.079    10.079    static                              <hidden>/<hidden>/<hidden>/<hidden>
    HPIOBDIFFINBUF_X0Y130.DIFF_IN_P
                                                                      r  static                              <hidden>/<hidden>/<hidden>/<hidden>
    HPIOBDIFFINBUF_X0Y130.O
                         DIFFINBUF (Prop_DIFFINBUF_HPIOBDIFFINBUF_DIFF_IN_P_O)
                                                      0.750    10.829 r  static                              <hidden>/<hidden>/<hidden>/<hidden>
                         net (fo=1, routed)           0.040    10.869    static                              <hidden>/<hidden>/<hidden>/<hidden>
    BJ4.I                                                             r  static                              <hidden>/<hidden>/<hidden>/<hidden>
    BJ4.O                IBUFCTRL (Prop_IBUFCTRL_HPIOB_M_I_O)
                                                      0.000    10.869 r  static                              <hidden>/<hidden>/<hidden>/<hidden>
                         net (fo=1, routed)           0.309    11.178    static                              <hidden>/<hidden>/<hidden>
    BUFGCE_X0Y122.I                                                   r  static                              <hidden>/<hidden>/<hidden>
    BUFGCE_X0Y122.O      BUFGCE (Prop_BUFCE_BUFGCE_I_O)
                                                      0.024    11.202 r  static                              <hidden>/<hidden>/<hidden>
                         net (fo=3, routed)           1.624    12.826    static                              <hidden>/<hidden>/<hidden>/<hidden>/<hidden>
    SLR Crossing[1->0]   
    MMCM_X0Y2.CLKIN1                                                  r  static                              <hidden>/<hidden>/<hidden>/<hidden>/<hidden>
    MMCM_X0Y2.CLKOUT0    MMCME4_ADV (Prop_MMCM_CLKIN1_CLKOUT0)
                                                      0.630    13.456 r  static                              <hidden>/<hidden>/<hidden>/<hidden>/<hidden>
                         net (fo=2, routed)           0.215    13.671    static                              <hidden>/<hidden>/<hidden>
    BUFGCE_X0Y70.I                                                    r  static                              <hidden>/<hidden>/<hidden>
    BUFGCE_X0Y70.O       BUFGCE (Prop_BUFCE_BUFGCE_I_O)
                                                      0.024    13.695 r  static                              <hidden>/<hidden>/<hidden>
    X3Y5 (CLOCK_ROOT)    net (fo=2363, routed)        2.619    16.314    boundary                            WRAPPER/CL/AWS_CLK_GEN/CLK_GRP_A_EN_I.CLK_MMCM_A_I/inst/CLK_CORE_DRP_I/s_axi_aclk
    SLICE_X133Y231.CLK   FDRE                                         r  reconfigurable pblock_CL            WRAPPER/CL/AWS_CLK_GEN/CLK_GRP_A_EN_I.CLK_MMCM_A_I/inst/CLK_CORE_DRP_I/ram_clk_config_reg[31][10]/C
                         clock pessimism             -0.137    16.177                                            
                         clock uncertainty           -0.094    16.083                                            
    SLICE_X133Y231       FDRE (Setup_HFF2_SLICEM_C_CE)
                                                     -0.061    16.022    reconfigurable   pblock_CL              WRAPPER/CL/AWS_CLK_GEN/CLK_GRP_A_EN_I.CLK_MMCM_A_I/inst/CLK_CORE_DRP_I/ram_clk_config_reg[31][10]
  -------------------------------------------------------------------
                         required time                         16.022                                            
                         arrival time                          -8.921                                            
  -------------------------------------------------------------------
                         slack                                  7.101                                            

Slack (MET) :             7.101ns  (required time - arrival time)
  Source:                 WRAPPER/CL/AWS_CLK_GEN/CLK_GRP_A_EN_I.CLK_MMCM_A_I/inst/AXI_LITE_IPIF_I/I_SLAVE_ATTACHMENT/bus2ip_addr_i_reg[3]_rep/C
                            (rising edge-triggered cell FDRE clocked by clk_hbm_ref  {rise@0.000ns fall@5.000ns period=10.000ns})
  Destination:            WRAPPER/CL/AWS_CLK_GEN/CLK_GRP_A_EN_I.CLK_MMCM_A_I/inst/CLK_CORE_DRP_I/ram_clk_config_reg[31][16]/CE
                            (rising edge-triggered cell FDRE clocked by clk_hbm_ref  {rise@0.000ns fall@5.000ns period=10.000ns})
  Path Group:             clk_hbm_ref
  Path Type:              Setup (Max at Slow Process Corner)
  Requirement:            10.000ns  (clk_hbm_ref rise@10.000ns - clk_hbm_ref rise@0.000ns)
  Data Path Delay:        2.650ns  (logic 0.489ns (18.450%)  route 2.161ns (81.550%))
  Logic Levels:           4  (LUT3=2 LUT6=2)
  Clock Path Skew:        -0.094ns (DCD - SCD + CPR)
    Destination Clock Delay (DCD):    6.314ns = ( 16.314 - 10.000 ) 
    Source Clock Delay      (SCD):    6.271ns
    Clock Pessimism Removal (CPR):    -0.137ns
  Clock Uncertainty:      0.094ns  ((TSJ^2 + DJ^2)^1/2) / 2 + PE
    Total System Jitter     (TSJ):    0.071ns
    Discrete Jitter          (DJ):    0.175ns
    Phase Error              (PE):    0.000ns
  Clock Net Delay (Source):      2.925ns (routing 1.113ns, distribution 1.812ns)
  Clock Net Delay (Destination): 2.619ns (routing 1.010ns, distribution 1.609ns)

    Location             Delay type                Incr(ns)  Path(ns)    Partition      PBlock               Netlist Resource(s)
  -------------------------------------------------------------------    -------------------------------------------------------
                         (clock clk_hbm_ref rise edge)
                                                      0.000     0.000 r                                      
    BJ4                                               0.000     0.000 r  static                              <hidden>
                         net (fo=0)                   0.100     0.100    static                              <hidden>/<hidden>/<hidden>/<hidden>
    HPIOBDIFFINBUF_X0Y130.DIFF_IN_P
                                                                      r  static                              <hidden>/<hidden>/<hidden>/<hidden>
    HPIOBDIFFINBUF_X0Y130.O
                         DIFFINBUF (Prop_DIFFINBUF_HPIOBDIFFINBUF_DIFF_IN_P_O)
                                                      0.863     0.963 r  static                              <hidden>/<hidden>/<hidden>/<hidden>
                         net (fo=1, routed)           0.050     1.013    static                              <hidden>/<hidden>/<hidden>/<hidden>
    BJ4.I                                                             r  static                              <hidden>/<hidden>/<hidden>/<hidden>
    BJ4.O                IBUFCTRL (Prop_IBUFCTRL_HPIOB_M_I_O)
                                                      0.000     1.013 r  static                              <hidden>/<hidden>/<hidden>/<hidden>
                         net (fo=1, routed)           0.348     1.361    static                              <hidden>/<hidden>/<hidden>
    BUFGCE_X0Y122.I                                                   r  static                              <hidden>/<hidden>/<hidden>
    BUFGCE_X0Y122.O      BUFGCE (Prop_BUFCE_BUFGCE_I_O)
                                                      0.028     1.389 r  static                              <hidden>/<hidden>/<hidden>
                         net (fo=3, routed)           1.811     3.200    static                              <hidden>/<hidden>/<hidden>/<hidden>/<hidden>
    SLR Crossing[1->0]   
    MMCM_X0Y2.CLKIN1                                                  r  static                              <hidden>/<hidden>/<hidden>/<hidden>/<hidden>
    MMCM_X0Y2.CLKOUT0    MMCME4_ADV (Prop_MMCM_CLKIN1_CLKOUT0)
                                                     -0.127     3.073 r  static                              <hidden>/<hidden>/<hidden>/<hidden>/<hidden>
                         net (fo=2, routed)           0.245     3.318    static                              <hidden>/<hidden>/<hidden>
    BUFGCE_X0Y70.I                                                    r  static                              <hidden>/<hidden>/<hidden>
    BUFGCE_X0Y70.O       BUFGCE (Prop_BUFCE_BUFGCE_I_O)
                                                      0.028     3.346 r  static                              <hidden>/<hidden>/<hidden>
    X3Y5 (CLOCK_ROOT)    net (fo=2363, routed)        2.925     6.271    boundary                            WRAPPER/CL/AWS_CLK_GEN/CLK_GRP_A_EN_I.CLK_MMCM_A_I/inst/AXI_LITE_IPIF_I/I_SLAVE_ATTACHMENT/s_axi_aclk
    SLICE_X131Y226.CLK   FDRE                                         r  reconfigurable pblock_CL            WRAPPER/CL/AWS_CLK_GEN/CLK_GRP_A_EN_I.CLK_MMCM_A_I/inst/AXI_LITE_IPIF_I/I_SLAVE_ATTACHMENT/bus2ip_addr_i_reg[3]_rep/C
  -------------------------------------------------------------------    -------------------------------------------------------
    SLICE_X131Y226.Q     FDRE (Prop_AFF_SLICEL_C_Q)
                                                      0.079     6.350 f  reconfigurable pblock_CL            WRAPPER/CL/AWS_CLK_GEN/CLK_GRP_A_EN_I.CLK_MMCM_A_I/inst/AXI_LITE_IPIF_I/I_SLAVE_ATTACHMENT/bus2ip_addr_i_reg[3]_rep/Q
                         net (fo=98, routed)          0.613     6.963    reconfigurable                      WRAPPER/CL/AWS_CLK_GEN/CLK_GRP_A_EN_I.CLK_MMCM_A_I/inst/AXI_LITE_IPIF_I/I_SLAVE_ATTACHMENT/bus2ip_addr_i_reg[3]_rep_0
    SLICE_X132Y229.A2                                                 f  reconfigurable pblock_CL            WRAPPER/CL/AWS_CLK_GEN/CLK_GRP_A_EN_I.CLK_MMCM_A_I/inst/AXI_LITE_IPIF_I/I_SLAVE_ATTACHMENT/ram_clk_config[7][31]_i_2/I2
    SLICE_X132Y229.O6    LUT3 (Prop_E6LUT_SLICEL_I2_O)
                                                      0.123     7.086 r  reconfigurable pblock_CL            WRAPPER/CL/AWS_CLK_GEN/CLK_GRP_A_EN_I.CLK_MMCM_A_I/inst/AXI_LITE_IPIF_I/I_SLAVE_ATTACHMENT/ram_clk_config[7][31]_i_2/O
                         net (fo=5, routed)           0.336     7.421    reconfigurable                      WRAPPER/CL/AWS_CLK_GEN/CLK_GRP_A_EN_I.CLK_MMCM_A_I/inst/AXI_LITE_IPIF_I/I_SLAVE_ATTACHMENT/ram_clk_config[7][31]_i_2_n_0
    SLICE_X129Y227.A6                                                 r  reconfigurable pblock_CL            WRAPPER/CL/AWS_CLK_GEN/CLK_GRP_A_EN_I.CLK_MMCM_A_I/inst/AXI_LITE_IPIF_I/I_SLAVE_ATTACHMENT/clkfbout_reg[6]_i_4/I5
    SLICE_X129Y227.O6    LUT6 (Prop_H6LUT_SLICEM_I5_O)
                                                      0.039     7.460 r  reconfigurable pblock_CL            WRAPPER/CL/AWS_CLK_GEN/CLK_GRP_A_EN_I.CLK_MMCM_A_I/inst/AXI_LITE_IPIF_I/I_SLAVE_ATTACHMENT/clkfbout_reg[6]_i_4/O
                         net (fo=16, routed)          0.399     7.860    reconfigurable                      WRAPPER/CL/AWS_CLK_GEN/CLK_GRP_A_EN_I.CLK_MMCM_A_I/inst/AXI_LITE_IPIF_I/I_SLAVE_ATTACHMENT/clkfbout_reg[6]_i_4_n_0
    SLICE_X129Y233.A2                                                 r  reconfigurable pblock_CL            WRAPPER/CL/AWS_CLK_GEN/CLK_GRP_A_EN_I.CLK_MMCM_A_I/inst/AXI_LITE_IPIF_I/I_SLAVE_ATTACHMENT/ram_clk_config[5][31]_i_3/I1
    SLICE_X129Y233.O6    LUT3 (Prop_A6LUT_SLICEM_I1_O)
                                                      0.125     7.985 f  reconfigurable pblock_CL            WRAPPER/CL/AWS_CLK_GEN/CLK_GRP_A_EN_I.CLK_MMCM_A_I/inst/AXI_LITE_IPIF_I/I_SLAVE_ATTACHMENT/ram_clk_config[5][31]_i_3/O
                         net (fo=18, routed)          0.321     8.306    reconfigurable                      WRAPPER/CL/AWS_CLK_GEN/CLK_GRP_A_EN_I.CLK_MMCM_A_I/inst/AXI_LITE_IPIF_I/I_SLAVE_ATTACHMENT/I_DECODER/ram_clk_config_reg[14][31]_0
    SLICE_X132Y233.A2                                                 f  reconfigurable pblock_CL            WRAPPER/CL/AWS_CLK_GEN/CLK_GRP_A_EN_I.CLK_MMCM_A_I/inst/AXI_LITE_IPIF_I/I_SLAVE_ATTACHMENT/I_DECODER/ram_clk_config[31][31]_i_1/I4
    SLICE_X132Y233.O6    LUT6 (Prop_E6LUT_SLICEL_I4_O)
                                                      0.123     8.429 r  reconfigurable pblock_CL            WRAPPER/CL/AWS_CLK_GEN/CLK_GRP_A_EN_I.CLK_MMCM_A_I/inst/AXI_LITE_IPIF_I/I_SLAVE_ATTACHMENT/I_DECODER/ram_clk_config[31][31]_i_1/O
                         net (fo=32, routed)          0.492     8.921    reconfigurable                      WRAPPER/CL/AWS_CLK_GEN/CLK_GRP_A_EN_I.CLK_MMCM_A_I/inst/CLK_CORE_DRP_I/ram_clk_config_reg[31][31]_0[0]
    SLICE_X133Y231.CE    FDRE                                         r  reconfigurable pblock_CL            WRAPPER/CL/AWS_CLK_GEN/CLK_GRP_A_EN_I.CLK_MMCM_A_I/inst/CLK_CORE_DRP_I/ram_clk_config_reg[31][16]/CE
  -------------------------------------------------------------------    -------------------------------------------------------

                         (clock clk_hbm_ref rise edge)
                                                     10.000    10.000 r                                      
    BJ4                                               0.000    10.000 r  static                              <hidden>
                         net (fo=0)                   0.079    10.079    static                              <hidden>/<hidden>/<hidden>/<hidden>
    HPIOBDIFFINBUF_X0Y130.DIFF_IN_P
                                                                      r  static                              <hidden>/<hidden>/<hidden>/<hidden>
    HPIOBDIFFINBUF_X0Y130.O
                         DIFFINBUF (Prop_DIFFINBUF_HPIOBDIFFINBUF_DIFF_IN_P_O)
                                                      0.750    10.829 r  static                              <hidden>/<hidden>/<hidden>/<hidden>
                         net (fo=1, routed)           0.040    10.869    static                              <hidden>/<hidden>/<hidden>/<hidden>
    BJ4.I                                                             r  static                              <hidden>/<hidden>/<hidden>/<hidden>
    BJ4.O                IBUFCTRL (Prop_IBUFCTRL_HPIOB_M_I_O)
                                                      0.000    10.869 r  static                              <hidden>/<hidden>/<hidden>/<hidden>
                         net (fo=1, routed)           0.309    11.178    static                              <hidden>/<hidden>/<hidden>
    BUFGCE_X0Y122.I                                                   r  static                              <hidden>/<hidden>/<hidden>
    BUFGCE_X0Y122.O      BUFGCE (Prop_BUFCE_BUFGCE_I_O)
                                                      0.024    11.202 r  static                              <hidden>/<hidden>/<hidden>
                         net (fo=3, routed)           1.624    12.826    static                              <hidden>/<hidden>/<hidden>/<hidden>/<hidden>
    SLR Crossing[1->0]   
    MMCM_X0Y2.CLKIN1                                                  r  static                              <hidden>/<hidden>/<hidden>/<hidden>/<hidden>
    MMCM_X0Y2.CLKOUT0    MMCME4_ADV (Prop_MMCM_CLKIN1_CLKOUT0)
                                                      0.630    13.456 r  static                              <hidden>/<hidden>/<hidden>/<hidden>/<hidden>
                         net (fo=2, routed)           0.215    13.671    static                              <hidden>/<hidden>/<hidden>
    BUFGCE_X0Y70.I                                                    r  static                              <hidden>/<hidden>/<hidden>
    BUFGCE_X0Y70.O       BUFGCE (Prop_BUFCE_BUFGCE_I_O)
                                                      0.024    13.695 r  static                              <hidden>/<hidden>/<hidden>
    X3Y5 (CLOCK_ROOT)    net (fo=2363, routed)        2.619    16.314    boundary                            WRAPPER/CL/AWS_CLK_GEN/CLK_GRP_A_EN_I.CLK_MMCM_A_I/inst/CLK_CORE_DRP_I/s_axi_aclk
    SLICE_X133Y231.CLK   FDRE                                         r  reconfigurable pblock_CL            WRAPPER/CL/AWS_CLK_GEN/CLK_GRP_A_EN_I.CLK_MMCM_A_I/inst/CLK_CORE_DRP_I/ram_clk_config_reg[31][16]/C
                         clock pessimism             -0.137    16.177                                            
                         clock uncertainty           -0.094    16.083                                            
    SLICE_X133Y231       FDRE (Setup_GFF2_SLICEM_C_CE)
                                                     -0.061    16.022    reconfigurable   pblock_CL              WRAPPER/CL/AWS_CLK_GEN/CLK_GRP_A_EN_I.CLK_MMCM_A_I/inst/CLK_CORE_DRP_I/ram_clk_config_reg[31][16]
  -------------------------------------------------------------------
                         required time                         16.022                                            
                         arrival time                          -8.921                                            
  -------------------------------------------------------------------
                         slack                                  7.101                                            

Slack (MET) :             7.101ns  (required time - arrival time)
  Source:                 WRAPPER/CL/AWS_CLK_GEN/CLK_GRP_A_EN_I.CLK_MMCM_A_I/inst/AXI_LITE_IPIF_I/I_SLAVE_ATTACHMENT/bus2ip_addr_i_reg[3]_rep/C
                            (rising edge-triggered cell FDRE clocked by clk_hbm_ref  {rise@0.000ns fall@5.000ns period=10.000ns})
  Destination:            WRAPPER/CL/AWS_CLK_GEN/CLK_GRP_A_EN_I.CLK_MMCM_A_I/inst/CLK_CORE_DRP_I/ram_clk_config_reg[31][21]/CE
                            (rising edge-triggered cell FDRE clocked by clk_hbm_ref  {rise@0.000ns fall@5.000ns period=10.000ns})
  Path Group:             clk_hbm_ref
  Path Type:              Setup (Max at Slow Process Corner)
  Requirement:            10.000ns  (clk_hbm_ref rise@10.000ns - clk_hbm_ref rise@0.000ns)
  Data Path Delay:        2.650ns  (logic 0.489ns (18.450%)  route 2.161ns (81.550%))
  Logic Levels:           4  (LUT3=2 LUT6=2)
  Clock Path Skew:        -0.094ns (DCD - SCD + CPR)
    Destination Clock Delay (DCD):    6.314ns = ( 16.314 - 10.000 ) 
    Source Clock Delay      (SCD):    6.271ns
    Clock Pessimism Removal (CPR):    -0.137ns
  Clock Uncertainty:      0.094ns  ((TSJ^2 + DJ^2)^1/2) / 2 + PE
    Total System Jitter     (TSJ):    0.071ns
    Discrete Jitter          (DJ):    0.175ns
    Phase Error              (PE):    0.000ns
  Clock Net Delay (Source):      2.925ns (routing 1.113ns, distribution 1.812ns)
  Clock Net Delay (Destination): 2.619ns (routing 1.010ns, distribution 1.609ns)

    Location             Delay type                Incr(ns)  Path(ns)    Partition      PBlock               Netlist Resource(s)
  -------------------------------------------------------------------    -------------------------------------------------------
                         (clock clk_hbm_ref rise edge)
                                                      0.000     0.000 r                                      
    BJ4                                               0.000     0.000 r  static                              <hidden>
                         net (fo=0)                   0.100     0.100    static                              <hidden>/<hidden>/<hidden>/<hidden>
    HPIOBDIFFINBUF_X0Y130.DIFF_IN_P
                                                                      r  static                              <hidden>/<hidden>/<hidden>/<hidden>
    HPIOBDIFFINBUF_X0Y130.O
                         DIFFINBUF (Prop_DIFFINBUF_HPIOBDIFFINBUF_DIFF_IN_P_O)
                                                      0.863     0.963 r  static                              <hidden>/<hidden>/<hidden>/<hidden>
                         net (fo=1, routed)           0.050     1.013    static                              <hidden>/<hidden>/<hidden>/<hidden>
    BJ4.I                                                             r  static                              <hidden>/<hidden>/<hidden>/<hidden>
    BJ4.O                IBUFCTRL (Prop_IBUFCTRL_HPIOB_M_I_O)
                                                      0.000     1.013 r  static                              <hidden>/<hidden>/<hidden>/<hidden>
                         net (fo=1, routed)           0.348     1.361    static                              <hidden>/<hidden>/<hidden>
    BUFGCE_X0Y122.I                                                   r  static                              <hidden>/<hidden>/<hidden>
    BUFGCE_X0Y122.O      BUFGCE (Prop_BUFCE_BUFGCE_I_O)
                                                      0.028     1.389 r  static                              <hidden>/<hidden>/<hidden>
                         net (fo=3, routed)           1.811     3.200    static                              <hidden>/<hidden>/<hidden>/<hidden>/<hidden>
    SLR Crossing[1->0]   
    MMCM_X0Y2.CLKIN1                                                  r  static                              <hidden>/<hidden>/<hidden>/<hidden>/<hidden>
    MMCM_X0Y2.CLKOUT0    MMCME4_ADV (Prop_MMCM_CLKIN1_CLKOUT0)
                                                     -0.127     3.073 r  static                              <hidden>/<hidden>/<hidden>/<hidden>/<hidden>
                         net (fo=2, routed)           0.245     3.318    static                              <hidden>/<hidden>/<hidden>
    BUFGCE_X0Y70.I                                                    r  static                              <hidden>/<hidden>/<hidden>
    BUFGCE_X0Y70.O       BUFGCE (Prop_BUFCE_BUFGCE_I_O)
                                                      0.028     3.346 r  static                              <hidden>/<hidden>/<hidden>
    X3Y5 (CLOCK_ROOT)    net (fo=2363, routed)        2.925     6.271    boundary                            WRAPPER/CL/AWS_CLK_GEN/CLK_GRP_A_EN_I.CLK_MMCM_A_I/inst/AXI_LITE_IPIF_I/I_SLAVE_ATTACHMENT/s_axi_aclk
    SLICE_X131Y226.CLK   FDRE                                         r  reconfigurable pblock_CL            WRAPPER/CL/AWS_CLK_GEN/CLK_GRP_A_EN_I.CLK_MMCM_A_I/inst/AXI_LITE_IPIF_I/I_SLAVE_ATTACHMENT/bus2ip_addr_i_reg[3]_rep/C
  -------------------------------------------------------------------    -------------------------------------------------------
    SLICE_X131Y226.Q     FDRE (Prop_AFF_SLICEL_C_Q)
                                                      0.079     6.350 f  reconfigurable pblock_CL            WRAPPER/CL/AWS_CLK_GEN/CLK_GRP_A_EN_I.CLK_MMCM_A_I/inst/AXI_LITE_IPIF_I/I_SLAVE_ATTACHMENT/bus2ip_addr_i_reg[3]_rep/Q
                         net (fo=98, routed)          0.613     6.963    reconfigurable                      WRAPPER/CL/AWS_CLK_GEN/CLK_GRP_A_EN_I.CLK_MMCM_A_I/inst/AXI_LITE_IPIF_I/I_SLAVE_ATTACHMENT/bus2ip_addr_i_reg[3]_rep_0
    SLICE_X132Y229.A2                                                 f  reconfigurable pblock_CL            WRAPPER/CL/AWS_CLK_GEN/CLK_GRP_A_EN_I.CLK_MMCM_A_I/inst/AXI_LITE_IPIF_I/I_SLAVE_ATTACHMENT/ram_clk_config[7][31]_i_2/I2
    SLICE_X132Y229.O6    LUT3 (Prop_E6LUT_SLICEL_I2_O)
                                                      0.123     7.086 r  reconfigurable pblock_CL            WRAPPER/CL/AWS_CLK_GEN/CLK_GRP_A_EN_I.CLK_MMCM_A_I/inst/AXI_LITE_IPIF_I/I_SLAVE_ATTACHMENT/ram_clk_config[7][31]_i_2/O
                         net (fo=5, routed)           0.336     7.421    reconfigurable                      WRAPPER/CL/AWS_CLK_GEN/CLK_GRP_A_EN_I.CLK_MMCM_A_I/inst/AXI_LITE_IPIF_I/I_SLAVE_ATTACHMENT/ram_clk_config[7][31]_i_2_n_0
    SLICE_X129Y227.A6                                                 r  reconfigurable pblock_CL            WRAPPER/CL/AWS_CLK_GEN/CLK_GRP_A_EN_I.CLK_MMCM_A_I/inst/AXI_LITE_IPIF_I/I_SLAVE_ATTACHMENT/clkfbout_reg[6]_i_4/I5
    SLICE_X129Y227.O6    LUT6 (Prop_H6LUT_SLICEM_I5_O)
                                                      0.039     7.460 r  reconfigurable pblock_CL            WRAPPER/CL/AWS_CLK_GEN/CLK_GRP_A_EN_I.CLK_MMCM_A_I/inst/AXI_LITE_IPIF_I/I_SLAVE_ATTACHMENT/clkfbout_reg[6]_i_4/O
                         net (fo=16, routed)          0.399     7.860    reconfigurable                      WRAPPER/CL/AWS_CLK_GEN/CLK_GRP_A_EN_I.CLK_MMCM_A_I/inst/AXI_LITE_IPIF_I/I_SLAVE_ATTACHMENT/clkfbout_reg[6]_i_4_n_0
    SLICE_X129Y233.A2                                                 r  reconfigurable pblock_CL            WRAPPER/CL/AWS_CLK_GEN/CLK_GRP_A_EN_I.CLK_MMCM_A_I/inst/AXI_LITE_IPIF_I/I_SLAVE_ATTACHMENT/ram_clk_config[5][31]_i_3/I1
    SLICE_X129Y233.O6    LUT3 (Prop_A6LUT_SLICEM_I1_O)
                                                      0.125     7.985 f  reconfigurable pblock_CL            WRAPPER/CL/AWS_CLK_GEN/CLK_GRP_A_EN_I.CLK_MMCM_A_I/inst/AXI_LITE_IPIF_I/I_SLAVE_ATTACHMENT/ram_clk_config[5][31]_i_3/O
                         net (fo=18, routed)          0.321     8.306    reconfigurable                      WRAPPER/CL/AWS_CLK_GEN/CLK_GRP_A_EN_I.CLK_MMCM_A_I/inst/AXI_LITE_IPIF_I/I_SLAVE_ATTACHMENT/I_DECODER/ram_clk_config_reg[14][31]_0
    SLICE_X132Y233.A2                                                 f  reconfigurable pblock_CL            WRAPPER/CL/AWS_CLK_GEN/CLK_GRP_A_EN_I.CLK_MMCM_A_I/inst/AXI_LITE_IPIF_I/I_SLAVE_ATTACHMENT/I_DECODER/ram_clk_config[31][31]_i_1/I4
    SLICE_X132Y233.O6    LUT6 (Prop_E6LUT_SLICEL_I4_O)
                                                      0.123     8.429 r  reconfigurable pblock_CL            WRAPPER/CL/AWS_CLK_GEN/CLK_GRP_A_EN_I.CLK_MMCM_A_I/inst/AXI_LITE_IPIF_I/I_SLAVE_ATTACHMENT/I_DECODER/ram_clk_config[31][31]_i_1/O
                         net (fo=32, routed)          0.492     8.921    reconfigurable                      WRAPPER/CL/AWS_CLK_GEN/CLK_GRP_A_EN_I.CLK_MMCM_A_I/inst/CLK_CORE_DRP_I/ram_clk_config_reg[31][31]_0[0]
    SLICE_X133Y231.CE    FDRE                                         r  reconfigurable pblock_CL            WRAPPER/CL/AWS_CLK_GEN/CLK_GRP_A_EN_I.CLK_MMCM_A_I/inst/CLK_CORE_DRP_I/ram_clk_config_reg[31][21]/CE
  -------------------------------------------------------------------    -------------------------------------------------------

                         (clock clk_hbm_ref rise edge)
                                                     10.000    10.000 r                                      
    BJ4                                               0.000    10.000 r  static                              <hidden>
                         net (fo=0)                   0.079    10.079    static                              <hidden>/<hidden>/<hidden>/<hidden>
    HPIOBDIFFINBUF_X0Y130.DIFF_IN_P
                                                                      r  static                              <hidden>/<hidden>/<hidden>/<hidden>
    HPIOBDIFFINBUF_X0Y130.O
                         DIFFINBUF (Prop_DIFFINBUF_HPIOBDIFFINBUF_DIFF_IN_P_O)
                                                      0.750    10.829 r  static                              <hidden>/<hidden>/<hidden>/<hidden>
                         net (fo=1, routed)           0.040    10.869    static                              <hidden>/<hidden>/<hidden>/<hidden>
    BJ4.I                                                             r  static                              <hidden>/<hidden>/<hidden>/<hidden>
    BJ4.O                IBUFCTRL (Prop_IBUFCTRL_HPIOB_M_I_O)
                                                      0.000    10.869 r  static                              <hidden>/<hidden>/<hidden>/<hidden>
                         net (fo=1, routed)           0.309    11.178    static                              <hidden>/<hidden>/<hidden>
    BUFGCE_X0Y122.I                                                   r  static                              <hidden>/<hidden>/<hidden>
    BUFGCE_X0Y122.O      BUFGCE (Prop_BUFCE_BUFGCE_I_O)
                                                      0.024    11.202 r  static                              <hidden>/<hidden>/<hidden>
                         net (fo=3, routed)           1.624    12.826    static                              <hidden>/<hidden>/<hidden>/<hidden>/<hidden>
    SLR Crossing[1->0]   
    MMCM_X0Y2.CLKIN1                                                  r  static                              <hidden>/<hidden>/<hidden>/<hidden>/<hidden>
    MMCM_X0Y2.CLKOUT0    MMCME4_ADV (Prop_MMCM_CLKIN1_CLKOUT0)
                                                      0.630    13.456 r  static                              <hidden>/<hidden>/<hidden>/<hidden>/<hidden>
                         net (fo=2, routed)           0.215    13.671    static                              <hidden>/<hidden>/<hidden>
    BUFGCE_X0Y70.I                                                    r  static                              <hidden>/<hidden>/<hidden>
    BUFGCE_X0Y70.O       BUFGCE (Prop_BUFCE_BUFGCE_I_O)
                                                      0.024    13.695 r  static                              <hidden>/<hidden>/<hidden>
    X3Y5 (CLOCK_ROOT)    net (fo=2363, routed)        2.619    16.314    boundary                            WRAPPER/CL/AWS_CLK_GEN/CLK_GRP_A_EN_I.CLK_MMCM_A_I/inst/CLK_CORE_DRP_I/s_axi_aclk
    SLICE_X133Y231.CLK   FDRE                                         r  reconfigurable pblock_CL            WRAPPER/CL/AWS_CLK_GEN/CLK_GRP_A_EN_I.CLK_MMCM_A_I/inst/CLK_CORE_DRP_I/ram_clk_config_reg[31][21]/C
                         clock pessimism             -0.137    16.177                                            
                         clock uncertainty           -0.094    16.083                                            
    SLICE_X133Y231       FDRE (Setup_FFF2_SLICEM_C_CE)
                                                     -0.061    16.022    reconfigurable   pblock_CL              WRAPPER/CL/AWS_CLK_GEN/CLK_GRP_A_EN_I.CLK_MMCM_A_I/inst/CLK_CORE_DRP_I/ram_clk_config_reg[31][21]
  -------------------------------------------------------------------
                         required time                         16.022                                            
                         arrival time                          -8.921                                            
  -------------------------------------------------------------------
                         slack                                  7.101                                            

Slack (MET) :             7.101ns  (required time - arrival time)
  Source:                 WRAPPER/CL/AWS_CLK_GEN/CLK_GRP_A_EN_I.CLK_MMCM_A_I/inst/AXI_LITE_IPIF_I/I_SLAVE_ATTACHMENT/bus2ip_addr_i_reg[3]_rep/C
                            (rising edge-triggered cell FDRE clocked by clk_hbm_ref  {rise@0.000ns fall@5.000ns period=10.000ns})
  Destination:            WRAPPER/CL/AWS_CLK_GEN/CLK_GRP_A_EN_I.CLK_MMCM_A_I/inst/CLK_CORE_DRP_I/ram_clk_config_reg[31][22]/CE
                            (rising edge-triggered cell FDRE clocked by clk_hbm_ref  {rise@0.000ns fall@5.000ns period=10.000ns})
  Path Group:             clk_hbm_ref
  Path Type:              Setup (Max at Slow Process Corner)
  Requirement:            10.000ns  (clk_hbm_ref rise@10.000ns - clk_hbm_ref rise@0.000ns)
  Data Path Delay:        2.650ns  (logic 0.489ns (18.450%)  route 2.161ns (81.550%))
  Logic Levels:           4  (LUT3=2 LUT6=2)
  Clock Path Skew:        -0.094ns (DCD - SCD + CPR)
    Destination Clock Delay (DCD):    6.314ns = ( 16.314 - 10.000 ) 
    Source Clock Delay      (SCD):    6.271ns
    Clock Pessimism Removal (CPR):    -0.137ns
  Clock Uncertainty:      0.094ns  ((TSJ^2 + DJ^2)^1/2) / 2 + PE
    Total System Jitter     (TSJ):    0.071ns
    Discrete Jitter          (DJ):    0.175ns
    Phase Error              (PE):    0.000ns
  Clock Net Delay (Source):      2.925ns (routing 1.113ns, distribution 1.812ns)
  Clock Net Delay (Destination): 2.619ns (routing 1.010ns, distribution 1.609ns)

    Location             Delay type                Incr(ns)  Path(ns)    Partition      PBlock               Netlist Resource(s)
  -------------------------------------------------------------------    -------------------------------------------------------
                         (clock clk_hbm_ref rise edge)
                                                      0.000     0.000 r                                      
    BJ4                                               0.000     0.000 r  static                              <hidden>
                         net (fo=0)                   0.100     0.100    static                              <hidden>/<hidden>/<hidden>/<hidden>
    HPIOBDIFFINBUF_X0Y130.DIFF_IN_P
                                                                      r  static                              <hidden>/<hidden>/<hidden>/<hidden>
    HPIOBDIFFINBUF_X0Y130.O
                         DIFFINBUF (Prop_DIFFINBUF_HPIOBDIFFINBUF_DIFF_IN_P_O)
                                                      0.863     0.963 r  static                              <hidden>/<hidden>/<hidden>/<hidden>
                         net (fo=1, routed)           0.050     1.013    static                              <hidden>/<hidden>/<hidden>/<hidden>
    BJ4.I                                                             r  static                              <hidden>/<hidden>/<hidden>/<hidden>
    BJ4.O                IBUFCTRL (Prop_IBUFCTRL_HPIOB_M_I_O)
                                                      0.000     1.013 r  static                              <hidden>/<hidden>/<hidden>/<hidden>
                         net (fo=1, routed)           0.348     1.361    static                              <hidden>/<hidden>/<hidden>
    BUFGCE_X0Y122.I                                                   r  static                              <hidden>/<hidden>/<hidden>
    BUFGCE_X0Y122.O      BUFGCE (Prop_BUFCE_BUFGCE_I_O)
                                                      0.028     1.389 r  static                              <hidden>/<hidden>/<hidden>
                         net (fo=3, routed)           1.811     3.200    static                              <hidden>/<hidden>/<hidden>/<hidden>/<hidden>
    SLR Crossing[1->0]   
    MMCM_X0Y2.CLKIN1                                                  r  static                              <hidden>/<hidden>/<hidden>/<hidden>/<hidden>
    MMCM_X0Y2.CLKOUT0    MMCME4_ADV (Prop_MMCM_CLKIN1_CLKOUT0)
                                                     -0.127     3.073 r  static                              <hidden>/<hidden>/<hidden>/<hidden>/<hidden>
                         net (fo=2, routed)           0.245     3.318    static                              <hidden>/<hidden>/<hidden>
    BUFGCE_X0Y70.I                                                    r  static                              <hidden>/<hidden>/<hidden>
    BUFGCE_X0Y70.O       BUFGCE (Prop_BUFCE_BUFGCE_I_O)
                                                      0.028     3.346 r  static                              <hidden>/<hidden>/<hidden>
    X3Y5 (CLOCK_ROOT)    net (fo=2363, routed)        2.925     6.271    boundary                            WRAPPER/CL/AWS_CLK_GEN/CLK_GRP_A_EN_I.CLK_MMCM_A_I/inst/AXI_LITE_IPIF_I/I_SLAVE_ATTACHMENT/s_axi_aclk
    SLICE_X131Y226.CLK   FDRE                                         r  reconfigurable pblock_CL            WRAPPER/CL/AWS_CLK_GEN/CLK_GRP_A_EN_I.CLK_MMCM_A_I/inst/AXI_LITE_IPIF_I/I_SLAVE_ATTACHMENT/bus2ip_addr_i_reg[3]_rep/C
  -------------------------------------------------------------------    -------------------------------------------------------
    SLICE_X131Y226.Q     FDRE (Prop_AFF_SLICEL_C_Q)
                                                      0.079     6.350 f  reconfigurable pblock_CL            WRAPPER/CL/AWS_CLK_GEN/CLK_GRP_A_EN_I.CLK_MMCM_A_I/inst/AXI_LITE_IPIF_I/I_SLAVE_ATTACHMENT/bus2ip_addr_i_reg[3]_rep/Q
                         net (fo=98, routed)          0.613     6.963    reconfigurable                      WRAPPER/CL/AWS_CLK_GEN/CLK_GRP_A_EN_I.CLK_MMCM_A_I/inst/AXI_LITE_IPIF_I/I_SLAVE_ATTACHMENT/bus2ip_addr_i_reg[3]_rep_0
    SLICE_X132Y229.A2                                                 f  reconfigurable pblock_CL            WRAPPER/CL/AWS_CLK_GEN/CLK_GRP_A_EN_I.CLK_MMCM_A_I/inst/AXI_LITE_IPIF_I/I_SLAVE_ATTACHMENT/ram_clk_config[7][31]_i_2/I2
    SLICE_X132Y229.O6    LUT3 (Prop_E6LUT_SLICEL_I2_O)
                                                      0.123     7.086 r  reconfigurable pblock_CL            WRAPPER/CL/AWS_CLK_GEN/CLK_GRP_A_EN_I.CLK_MMCM_A_I/inst/AXI_LITE_IPIF_I/I_SLAVE_ATTACHMENT/ram_clk_config[7][31]_i_2/O
                         net (fo=5, routed)           0.336     7.421    reconfigurable                      WRAPPER/CL/AWS_CLK_GEN/CLK_GRP_A_EN_I.CLK_MMCM_A_I/inst/AXI_LITE_IPIF_I/I_SLAVE_ATTACHMENT/ram_clk_config[7][31]_i_2_n_0
    SLICE_X129Y227.A6                                                 r  reconfigurable pblock_CL            WRAPPER/CL/AWS_CLK_GEN/CLK_GRP_A_EN_I.CLK_MMCM_A_I/inst/AXI_LITE_IPIF_I/I_SLAVE_ATTACHMENT/clkfbout_reg[6]_i_4/I5
    SLICE_X129Y227.O6    LUT6 (Prop_H6LUT_SLICEM_I5_O)
                                                      0.039     7.460 r  reconfigurable pblock_CL            WRAPPER/CL/AWS_CLK_GEN/CLK_GRP_A_EN_I.CLK_MMCM_A_I/inst/AXI_LITE_IPIF_I/I_SLAVE_ATTACHMENT/clkfbout_reg[6]_i_4/O
                         net (fo=16, routed)          0.399     7.860    reconfigurable                      WRAPPER/CL/AWS_CLK_GEN/CLK_GRP_A_EN_I.CLK_MMCM_A_I/inst/AXI_LITE_IPIF_I/I_SLAVE_ATTACHMENT/clkfbout_reg[6]_i_4_n_0
    SLICE_X129Y233.A2                                                 r  reconfigurable pblock_CL            WRAPPER/CL/AWS_CLK_GEN/CLK_GRP_A_EN_I.CLK_MMCM_A_I/inst/AXI_LITE_IPIF_I/I_SLAVE_ATTACHMENT/ram_clk_config[5][31]_i_3/I1
    SLICE_X129Y233.O6    LUT3 (Prop_A6LUT_SLICEM_I1_O)
                                                      0.125     7.985 f  reconfigurable pblock_CL            WRAPPER/CL/AWS_CLK_GEN/CLK_GRP_A_EN_I.CLK_MMCM_A_I/inst/AXI_LITE_IPIF_I/I_SLAVE_ATTACHMENT/ram_clk_config[5][31]_i_3/O
                         net (fo=18, routed)          0.321     8.306    reconfigurable                      WRAPPER/CL/AWS_CLK_GEN/CLK_GRP_A_EN_I.CLK_MMCM_A_I/inst/AXI_LITE_IPIF_I/I_SLAVE_ATTACHMENT/I_DECODER/ram_clk_config_reg[14][31]_0
    SLICE_X132Y233.A2                                                 f  reconfigurable pblock_CL            WRAPPER/CL/AWS_CLK_GEN/CLK_GRP_A_EN_I.CLK_MMCM_A_I/inst/AXI_LITE_IPIF_I/I_SLAVE_ATTACHMENT/I_DECODER/ram_clk_config[31][31]_i_1/I4
    SLICE_X132Y233.O6    LUT6 (Prop_E6LUT_SLICEL_I4_O)
                                                      0.123     8.429 r  reconfigurable pblock_CL            WRAPPER/CL/AWS_CLK_GEN/CLK_GRP_A_EN_I.CLK_MMCM_A_I/inst/AXI_LITE_IPIF_I/I_SLAVE_ATTACHMENT/I_DECODER/ram_clk_config[31][31]_i_1/O
                         net (fo=32, routed)          0.492     8.921    reconfigurable                      WRAPPER/CL/AWS_CLK_GEN/CLK_GRP_A_EN_I.CLK_MMCM_A_I/inst/CLK_CORE_DRP_I/ram_clk_config_reg[31][31]_0[0]
    SLICE_X133Y231.CE    FDRE                                         r  reconfigurable pblock_CL            WRAPPER/CL/AWS_CLK_GEN/CLK_GRP_A_EN_I.CLK_MMCM_A_I/inst/CLK_CORE_DRP_I/ram_clk_config_reg[31][22]/CE
  -------------------------------------------------------------------    -------------------------------------------------------

                         (clock clk_hbm_ref rise edge)
                                                     10.000    10.000 r                                      
    BJ4                                               0.000    10.000 r  static                              <hidden>
                         net (fo=0)                   0.079    10.079    static                              <hidden>/<hidden>/<hidden>/<hidden>
    HPIOBDIFFINBUF_X0Y130.DIFF_IN_P
                                                                      r  static                              <hidden>/<hidden>/<hidden>/<hidden>
    HPIOBDIFFINBUF_X0Y130.O
                         DIFFINBUF (Prop_DIFFINBUF_HPIOBDIFFINBUF_DIFF_IN_P_O)
                                                      0.750    10.829 r  static                              <hidden>/<hidden>/<hidden>/<hidden>
                         net (fo=1, routed)           0.040    10.869    static                              <hidden>/<hidden>/<hidden>/<hidden>
    BJ4.I                                                             r  static                              <hidden>/<hidden>/<hidden>/<hidden>
    BJ4.O                IBUFCTRL (Prop_IBUFCTRL_HPIOB_M_I_O)
                                                      0.000    10.869 r  static                              <hidden>/<hidden>/<hidden>/<hidden>
                         net (fo=1, routed)           0.309    11.178    static                              <hidden>/<hidden>/<hidden>
    BUFGCE_X0Y122.I                                                   r  static                              <hidden>/<hidden>/<hidden>
    BUFGCE_X0Y122.O      BUFGCE (Prop_BUFCE_BUFGCE_I_O)
                                                      0.024    11.202 r  static                              <hidden>/<hidden>/<hidden>
                         net (fo=3, routed)           1.624    12.826    static                              <hidden>/<hidden>/<hidden>/<hidden>/<hidden>
    SLR Crossing[1->0]   
    MMCM_X0Y2.CLKIN1                                                  r  static                              <hidden>/<hidden>/<hidden>/<hidden>/<hidden>
    MMCM_X0Y2.CLKOUT0    MMCME4_ADV (Prop_MMCM_CLKIN1_CLKOUT0)
                                                      0.630    13.456 r  static                              <hidden>/<hidden>/<hidden>/<hidden>/<hidden>
                         net (fo=2, routed)           0.215    13.671    static                              <hidden>/<hidden>/<hidden>
    BUFGCE_X0Y70.I                                                    r  static                              <hidden>/<hidden>/<hidden>
    BUFGCE_X0Y70.O       BUFGCE (Prop_BUFCE_BUFGCE_I_O)
                                                      0.024    13.695 r  static                              <hidden>/<hidden>/<hidden>
    X3Y5 (CLOCK_ROOT)    net (fo=2363, routed)        2.619    16.314    boundary                            WRAPPER/CL/AWS_CLK_GEN/CLK_GRP_A_EN_I.CLK_MMCM_A_I/inst/CLK_CORE_DRP_I/s_axi_aclk
    SLICE_X133Y231.CLK   FDRE                                         r  reconfigurable pblock_CL            WRAPPER/CL/AWS_CLK_GEN/CLK_GRP_A_EN_I.CLK_MMCM_A_I/inst/CLK_CORE_DRP_I/ram_clk_config_reg[31][22]/C
                         clock pessimism             -0.137    16.177                                            
                         clock uncertainty           -0.094    16.083                                            
    SLICE_X133Y231       FDRE (Setup_EFF2_SLICEM_C_CE)
                                                     -0.061    16.022    reconfigurable   pblock_CL              WRAPPER/CL/AWS_CLK_GEN/CLK_GRP_A_EN_I.CLK_MMCM_A_I/inst/CLK_CORE_DRP_I/ram_clk_config_reg[31][22]
  -------------------------------------------------------------------
                         required time                         16.022                                            
                         arrival time                          -8.921                                            
  -------------------------------------------------------------------
                         slack                                  7.101                                            

Slack (MET) :             10.520ns  (required time - arrival time)
  Source:                 <hidden>/<hidden>/<hidden>/<hidden>/<hidden>
                            (falling edge-triggered cell FDPE clocked by clk_spi  {rise@0.000ns fall@20.000ns period=40.000ns})
  Destination:            <hidden>
                            (output port clocked by clk_spi  {rise@0.000ns fall@20.000ns period=40.000ns})
  Path Group:             clk_spi
  Path Type:              Max at Slow Process Corner
  Requirement:            20.000ns  (clk_spi rise@40.000ns - clk_spi fall@20.000ns)
  Data Path Delay:        5.791ns  (logic 1.787ns (30.860%)  route 4.004ns (69.140%))
  Logic Levels:           7  (LUT5=2 LUT6=4 OBUFT=1)
  Output Delay:           0.000ns
  Clock Path Skew:        -3.454ns (DCD - SCD + CPR)
    Destination Clock Delay (DCD):    0.000ns = ( 40.000 - 40.000 ) 
    Source Clock Delay      (SCD):    3.454ns = ( 23.454 - 20.000 ) 
    Clock Pessimism Removal (CPR):    0.000ns
  Clock Uncertainty:      0.235ns  ((TSJ^2 + TIJ^2)^1/2 + DJ) / 2 + PE + DCD
    Total System Jitter     (TSJ):    0.071ns
    Total Input Jitter      (TIJ):    0.000ns
    Discrete Jitter          (DJ):    0.000ns
    Phase Error              (PE):    0.000ns
    Duty Cycle Distortion   (DCD):    0.200ns

    Location             Delay type                Incr(ns)  Path(ns)    Partition      Netlist Resource(s)
  -------------------------------------------------------------------    ----------------------------------
                         (clock clk_spi fall edge)   20.000    20.000 f                 
    BH5                                               0.000    20.000 f  static         <hidden>
                         net (fo=0)                   0.000    20.000    static         <hidden>/<hidden>/<hidden>/<hidden>
    BH5.PAD                                                           f  static         <hidden>/<hidden>/<hidden>/<hidden>
    BH5.O                INBUF (Prop_INBUF_HPIOB_M_PAD_O)
                                                      0.743    20.743 f  static         <hidden>/<hidden>/<hidden>/<hidden>
                         net (fo=1, routed)           0.000    20.743    static         <hidden>/<hidden>/<hidden>/<hidden>
    BH5.I                                                             f  static         <hidden>/<hidden>/<hidden>/<hidden>
    BH5.O                IBUFCTRL (Prop_IBUFCTRL_HPIOB_M_I_O)
                                                      0.000    20.743 f  static         <hidden>/<hidden>/<hidden>/<hidden>
                         net (fo=3, routed)           2.711    23.454    static         <hidden>/<hidden>/<hidden>/<hidden>/<hidden>
    SLICE_X180Y373.CLK   FDPE                                         r  static         <hidden>/<hidden>/<hidden>/<hidden>/<hidden>  (IS_INVERTED)
  -------------------------------------------------------------------    ----------------------------------
    SLICE_X180Y373.Q     FDPE (Prop_EFF_SLICEM_C_Q)
                                                      0.076    23.530 r  static         <hidden>/<hidden>/<hidden>/<hidden>/<hidden>
                         net (fo=9, routed)           0.538    24.068    static         <hidden>/<hidden>/<hidden>/<hidden>/<hidden>
    SLICE_X182Y400.A2                                                 r  static         <hidden>/<hidden>/<hidden>/<hidden>/<hidden>
    SLICE_X182Y400.O6    LUT5 (Prop_G6LUT_SLICEM_I4_O)
                                                      0.123    24.191 r  static         <hidden>/<hidden>/<hidden>/<hidden>/<hidden>
                         net (fo=1, routed)           0.255    24.446    static         <hidden>/<hidden>/<hidden>/<hidden>/<hidden>
    SLICE_X182Y385.A5                                                 r  static         <hidden>/<hidden>/<hidden>/<hidden>/<hidden>
    SLICE_X182Y385.O6    LUT6 (Prop_H6LUT_SLICEM_I5_O)
                                                      0.053    24.499 r  static         <hidden>/<hidden>/<hidden>/<hidden>/<hidden>
                         net (fo=1, routed)           0.260    24.759    static         <hidden>/<hidden>/<hidden>/<hidden>/<hidden>
    SLICE_X180Y378.A3                                                 r  static         <hidden>/<hidden>/<hidden>/<hidden>/<hidden>
    SLICE_X180Y378.O6    LUT6 (Prop_F6LUT_SLICEM_I1_O)
                                                      0.098    24.857 r  static         <hidden>/<hidden>/<hidden>/<hidden>/<hidden>
                         net (fo=1, routed)           0.318    25.175    static         <hidden>/<hidden>/<hidden>/<hidden>/<hidden>
    SLICE_X178Y377.A2                                                 r  static         <hidden>/<hidden>/<hidden>/<hidden>/<hidden>
    SLICE_X178Y377.O6    LUT6 (Prop_G6LUT_SLICEL_I5_O)
                                                      0.123    25.298 r  static         <hidden>/<hidden>/<hidden>/<hidden>/<hidden>
                         net (fo=1, routed)           0.084    25.382    static         <hidden>/<hidden>/<hidden>/<hidden>/<hidden>
    SLICE_X178Y376.A4                                                 r  static         <hidden>/<hidden>/<hidden>/<hidden>/<hidden>
    SLICE_X178Y376.O6    LUT5 (Prop_C6LUT_SLICEL_I0_O)
                                                      0.088    25.470 r  static         <hidden>/<hidden>/<hidden>/<hidden>/<hidden>
                         net (fo=1, routed)           0.286    25.756    static         <hidden>/<hidden>/<hidden>/<hidden>/<hidden>/<hidden>
    SLICE_X178Y376.A2                                                 r  static         <hidden>/<hidden>/<hidden>/<hidden>/<hidden>/<hidden>
    SLICE_X178Y376.O6    LUT6 (Prop_H6LUT_SLICEL_I0_O)
                                                      0.124    25.880 r  static         <hidden>/<hidden>/<hidden>/<hidden>/<hidden>/<hidden>
                         net (fo=1, routed)           2.263    28.143    static         <hidden>/<hidden>/<hidden>
    BK8.I                                                             r  static         <hidden>/<hidden>/<hidden>
    BK8.O                OBUFT (Prop_OUTBUF_HPIOB_S_I_O)
                                                      1.102    29.245 r  static         <hidden>/<hidden>/<hidden>
                         net (fo=0)                   0.000    29.245    static         <hidden>
    BK8                                                               r  static         <hidden>
  -------------------------------------------------------------------    ----------------------------------

                         (clock clk_spi rise edge)   40.000    40.000 r                 
                         clock pessimism              0.000    40.000                     
                         clock uncertainty           -0.235    39.765                     
                         output delay                -0.000    39.765                     
  -------------------------------------------------------------------
                         required time                         39.765                     
                         arrival time                         -29.245                     
  -------------------------------------------------------------------
                         slack                                 10.520                     

Slack (MET) :             13.157ns  (required time - arrival time)
  Source:                 <hidden>/<hidden>/<hidden>/<hidden>/<hidden>/<hidden>/<hidden>/<hidden>
                            (rising edge-triggered cell FDRE clocked by WRAPPER/RL/RL_DEBUG_BRIDGE/inst/axi_jtag/inst/u_jtag_proc/tck_i_reg/Q  {rise@0.000ns fall@16.000ns period=32.000ns})
  Destination:            <hidden>/<hidden>/<hidden>/<hidden>/<hidden>/<hidden>/<hidden>/<hidden>/<hidden>
                            (falling edge-triggered cell FDCE clocked by WRAPPER/RL/RL_DEBUG_BRIDGE/inst/axi_jtag/inst/u_jtag_proc/tck_i_reg/Q  {rise@0.000ns fall@16.000ns period=32.000ns})
  Path Group:             WRAPPER/RL/RL_DEBUG_BRIDGE/inst/axi_jtag/inst/u_jtag_proc/tck_i_reg/Q
  Path Type:              Setup (Max at Slow Process Corner)
  Requirement:            16.000ns  (WRAPPER/RL/RL_DEBUG_BRIDGE/inst/axi_jtag/inst/u_jtag_proc/tck_i_reg/Q fall@16.000ns - WRAPPER/RL/RL_DEBUG_BRIDGE/inst/axi_jtag/inst/u_jtag_proc/tck_i_reg/Q rise@0.000ns)
  Data Path Delay:        2.263ns  (logic 0.645ns (28.500%)  route 1.618ns (71.500%))
  Logic Levels:           4  (LUT3=2 LUT5=1 LUT6=1)
  Clock Path Skew:        -0.339ns (DCD - SCD + CPR)
    Destination Clock Delay (DCD):    6.237ns = ( 22.237 - 16.000 ) 
    Source Clock Delay      (SCD):    6.883ns
    Clock Pessimism Removal (CPR):    0.308ns
  Clock Uncertainty:      0.266ns  ((TSJ^2 + DJ^2)^1/2) / 2 + PE + DCD
    Total System Jitter     (TSJ):    0.071ns
    Discrete Jitter          (DJ):    0.112ns
    Phase Error              (PE):    0.000ns
    Duty Cycle Distortion   (DCD):    0.200ns
  Clock Net Delay (Source):      2.444ns (routing 1.039ns, distribution 1.405ns)
  Clock Net Delay (Destination): 2.183ns (routing 0.945ns, distribution 1.238ns)

    Location             Delay type                Incr(ns)  Path(ns)    Partition      Netlist Resource(s)
  -------------------------------------------------------------------    ----------------------------------
                         (clock WRAPPER/RL/RL_DEBUG_BRIDGE/inst/axi_jtag/inst/u_jtag_proc/tck_i_reg/Q rise edge)
                                                      0.000     0.000 r                 
    BJ4                                               0.000     0.000 r  static         <hidden>
                         net (fo=0)                   0.100     0.100    static         <hidden>/<hidden>/<hidden>/<hidden>
    HPIOBDIFFINBUF_X0Y130.DIFF_IN_P
                                                                      r  static         <hidden>/<hidden>/<hidden>/<hidden>
    HPIOBDIFFINBUF_X0Y130.O
                         DIFFINBUF (Prop_DIFFINBUF_HPIOBDIFFINBUF_DIFF_IN_P_O)
                                                      0.863     0.963 r  static         <hidden>/<hidden>/<hidden>/<hidden>
                         net (fo=1, routed)           0.050     1.013    static         <hidden>/<hidden>/<hidden>/<hidden>
    BJ4.I                                                             r  static         <hidden>/<hidden>/<hidden>/<hidden>
    BJ4.O                IBUFCTRL (Prop_IBUFCTRL_HPIOB_M_I_O)
                                                      0.000     1.013 r  static         <hidden>/<hidden>/<hidden>/<hidden>
                         net (fo=1, routed)           0.348     1.361    static         <hidden>/<hidden>/<hidden>
    BUFGCE_X0Y122.I                                                   r  static         <hidden>/<hidden>/<hidden>
    BUFGCE_X0Y122.O      BUFGCE (Prop_BUFCE_BUFGCE_I_O)
                                                      0.028     1.389 r  static         <hidden>/<hidden>/<hidden>
                         net (fo=3, routed)           1.822     3.211    static         <hidden>/<hidden>/<hidden>/<hidden>/<hidden>
    SLR Crossing[1->0]   
    PLL_X0Y5.CLKIN                                                    r  static         <hidden>/<hidden>/<hidden>/<hidden>/<hidden>
    PLL_X0Y5.CLKOUT0     PLLE4_ADV (Prop_PLL_CLKIN_CLKOUT0)
                                                      0.033     3.244 r  static         <hidden>/<hidden>/<hidden>/<hidden>/<hidden>
                         net (fo=1, routed)           0.270     3.514    static         <hidden>/<hidden>/<hidden>/<hidden>/<hidden>
    BUFGCE_X0Y56.I                                                    r  static         <hidden>/<hidden>/<hidden>/<hidden>/<hidden>
    BUFGCE_X0Y56.O       BUFGCE (Prop_BUFCE_BUFGCE_I_O)
                                                      0.028     3.542 r  static         <hidden>/<hidden>/<hidden>/<hidden>/<hidden>
    X5Y4 (CLOCK_ROOT)    net (fo=1635, routed)        2.444     5.986    static         <hidden>/<hidden>/<hidden>/<hidden>/<hidden>/<hidden>/<hidden>/<hidden>
    SLR Crossing[0->1]   
    SLICE_X196Y412.CLK                                                r  static         <hidden>/<hidden>/<hidden>/<hidden>/<hidden>/<hidden>/<hidden>/<hidden>
    SLICE_X196Y412.Q     FDRE (Prop_CFF_SLICEM_C_Q)
                                                      0.078     6.064 r  static         <hidden>/<hidden>/<hidden>/<hidden>/<hidden>/<hidden>/<hidden>/<hidden>
                         net (fo=25, routed)          0.820     6.883    static         <hidden>/<hidden>/<hidden>/<hidden>/<hidden>/<hidden>/<hidden>/<hidden>
    SLICE_X181Y397.CLK   FDRE                                         r  static         <hidden>/<hidden>/<hidden>/<hidden>/<hidden>/<hidden>/<hidden>/<hidden>
  -------------------------------------------------------------------    ----------------------------------
    SLICE_X181Y397.Q     FDRE (Prop_GFF_SLICEL_C_Q)
                                                      0.079     6.962 r  static         <hidden>/<hidden>/<hidden>/<hidden>/<hidden>/<hidden>/<hidden>/<hidden>
                         net (fo=10, routed)          1.043     8.005    static         <hidden>/<hidden>/<hidden>/<hidden>/<hidden>/<hidden>/<hidden>/<hidden>
    SLICE_X180Y389.A1                                                 r  static         <hidden>/<hidden>/<hidden>/<hidden>/<hidden>/<hidden>/<hidden>/<hidden>
    SLICE_X180Y389.O5    LUT3 (Prop_D5LUT_SLICEM_I2_O)
                                                      0.158     8.163 r  static         <hidden>/<hidden>/<hidden>/<hidden>/<hidden>/<hidden>/<hidden>/<hidden>
                         net (fo=1, routed)           0.224     8.387    static         <hidden>/<hidden>/<hidden>/<hidden>/<hidden>/<hidden>/<hidden>/<hidden>
    SLICE_X180Y392.A1                                                 r  static         <hidden>/<hidden>/<hidden>/<hidden>/<hidden>/<hidden>/<hidden>/<hidden>
    SLICE_X180Y392.O6    LUT6 (Prop_H6LUT_SLICEM_I3_O)
                                                      0.152     8.539 r  static         <hidden>/<hidden>/<hidden>/<hidden>/<hidden>/<hidden>/<hidden>/<hidden>
                         net (fo=1, routed)           0.141     8.680    static         <hidden>/<hidden>/<hidden>/<hidden>/<hidden>/<hidden>/<hidden>/<hidden>/<hidden>
    SLICE_X181Y393.A2                                                 r  static         <hidden>/<hidden>/<hidden>/<hidden>/<hidden>/<hidden>/<hidden>/<hidden>/<hidden>
    SLICE_X181Y393.O6    LUT5 (Prop_F6LUT_SLICEL_I1_O)
                                                      0.123     8.803 r  static         <hidden>/<hidden>/<hidden>/<hidden>/<hidden>/<hidden>/<hidden>/<hidden>/<hidden>
                         net (fo=1, routed)           0.195     8.998    static         <hidden>/<hidden>/<hidden>/<hidden>/<hidden>/<hidden>/<hidden>/<hidden>/<hidden>
    SLICE_X183Y394.A2                                                 r  static         <hidden>/<hidden>/<hidden>/<hidden>/<hidden>/<hidden>/<hidden>/<hidden>/<hidden>
    SLICE_X183Y394.O5    LUT3 (Prop_H5LUT_SLICEL_I2_O)
                                                      0.133     9.131 r  static         <hidden>/<hidden>/<hidden>/<hidden>/<hidden>/<hidden>/<hidden>/<hidden>/<hidden>
                         net (fo=1, routed)           0.015     9.146    static         <hidden>/<hidden>/<hidden>/<hidden>/<hidden>/<hidden>/<hidden>/<hidden>/<hidden>
    SLICE_X183Y394.D     FDCE                                         r  static         <hidden>/<hidden>/<hidden>/<hidden>/<hidden>/<hidden>/<hidden>/<hidden>/<hidden>
  -------------------------------------------------------------------    ----------------------------------

                         (clock WRAPPER/RL/RL_DEBUG_BRIDGE/inst/axi_jtag/inst/u_jtag_proc/tck_i_reg/Q fall edge)
                                                     16.000    16.000 r                 
    BJ4                                               0.000    16.000 r  static         <hidden>
                         net (fo=0)                   0.079    16.079    static         <hidden>/<hidden>/<hidden>/<hidden>
    HPIOBDIFFINBUF_X0Y130.DIFF_IN_P
                                                                      r  static         <hidden>/<hidden>/<hidden>/<hidden>
    HPIOBDIFFINBUF_X0Y130.O
                         DIFFINBUF (Prop_DIFFINBUF_HPIOBDIFFINBUF_DIFF_IN_P_O)
                                                      0.750    16.829 r  static         <hidden>/<hidden>/<hidden>/<hidden>
                         net (fo=1, routed)           0.040    16.869    static         <hidden>/<hidden>/<hidden>/<hidden>
    BJ4.I                                                             r  static         <hidden>/<hidden>/<hidden>/<hidden>
    BJ4.O                IBUFCTRL (Prop_IBUFCTRL_HPIOB_M_I_O)
                                                      0.000    16.869 r  static         <hidden>/<hidden>/<hidden>/<hidden>
                         net (fo=1, routed)           0.309    17.178    static         <hidden>/<hidden>/<hidden>
    BUFGCE_X0Y122.I                                                   r  static         <hidden>/<hidden>/<hidden>
    BUFGCE_X0Y122.O      BUFGCE (Prop_BUFCE_BUFGCE_I_O)
                                                      0.024    17.202 r  static         <hidden>/<hidden>/<hidden>
                         net (fo=3, routed)           1.632    18.834    static         <hidden>/<hidden>/<hidden>/<hidden>/<hidden>
    SLR Crossing[1->0]   
    PLL_X0Y5.CLKIN                                                    r  static         <hidden>/<hidden>/<hidden>/<hidden>/<hidden>
    PLL_X0Y5.CLKOUT0     PLLE4_ADV (Prop_PLL_CLKIN_CLKOUT0)
                                                      0.430    19.264 r  static         <hidden>/<hidden>/<hidden>/<hidden>/<hidden>
                         net (fo=1, routed)           0.231    19.495    static         <hidden>/<hidden>/<hidden>/<hidden>/<hidden>
    BUFGCE_X0Y56.I                                                    r  static         <hidden>/<hidden>/<hidden>/<hidden>/<hidden>
    BUFGCE_X0Y56.O       BUFGCE (Prop_BUFCE_BUFGCE_I_O)
                                                      0.024    19.519 r  static         <hidden>/<hidden>/<hidden>/<hidden>/<hidden>
    X5Y4 (CLOCK_ROOT)    net (fo=1635, routed)        2.183    21.702    static         <hidden>/<hidden>/<hidden>/<hidden>/<hidden>/<hidden>/<hidden>/<hidden>
    SLR Crossing[0->1]   
    SLICE_X196Y412.CLK                                                r  static         <hidden>/<hidden>/<hidden>/<hidden>/<hidden>/<hidden>/<hidden>/<hidden>
    SLICE_X196Y412.Q     FDRE (Prop_CFF_SLICEM_C_Q)
                                                      0.058    21.760 f  static         <hidden>/<hidden>/<hidden>/<hidden>/<hidden>/<hidden>/<hidden>/<hidden>
                         net (fo=25, routed)          0.477    22.237    static         <hidden>/<hidden>/<hidden>/<hidden>/<hidden>/<hidden>/<hidden>/<hidden>/<hidden>
    SLICE_X183Y394.CLK   FDCE                                         r  static         <hidden>/<hidden>/<hidden>/<hidden>/<hidden>/<hidden>/<hidden>/<hidden>/<hidden>  (IS_INVERTED)
                         clock pessimism              0.308    22.544                     
                         clock uncertainty           -0.266    22.278                     
    SLICE_X183Y394       FDCE (Setup_HFF2_SLICEL_C_D)
                                                      0.025    22.303    static           <hidden>/<hidden>/<hidden>/<hidden>/<hidden>/<hidden>/<hidden>/<hidden>/<hidden>
  -------------------------------------------------------------------
                         required time                         22.303                     
                         arrival time                          -9.146                     
  -------------------------------------------------------------------
                         slack                                 13.157                     

Slack (MET) :             14.759ns  (required time - arrival time)
  Source:                 <hidden>/<hidden>/<hidden>/<hidden>
                            (rising edge-triggered cell FDRE clocked by clk_main_a0  {rise@0.000ns fall@2.000ns period=4.000ns})
  Destination:            <hidden>/<hidden>/<hidden>
                            (rising edge-triggered cell FDRE clocked by clk_out1_clk_mmcm_a  {rise@0.000ns fall@32.000ns period=64.000ns})
  Path Group:             clk_out1_clk_mmcm_a
  Path Type:              Setup (Max at Slow Process Corner)
  Requirement:            16.000ns  (MaxDelay Path 16.000ns)
  Data Path Delay:        1.266ns  (logic 0.078ns (6.159%)  route 1.188ns (93.841%))
  Logic Levels:           0  
  Timing Exception:       MaxDelay Path 16.000ns -datapath_only

    Location             Delay type                Incr(ns)  Path(ns)    Partition      PBlock               Netlist Resource(s)
  -------------------------------------------------------------------    -------------------------------------------------------
    SLICE_X175Y339.CLK                                0.000     0.000 r  reconfigurable pblock_CL            <hidden>/<hidden>/<hidden>/<hidden>
    SLICE_X175Y339.Q     FDRE (Prop_DFF_SLICEM_C_Q)
                                                      0.078     0.078 r  reconfigurable pblock_CL            <hidden>/<hidden>/<hidden>/<hidden>
                         net (fo=4, routed)           1.188     1.266    reconfigurable                      <hidden>/<hidden>/<hidden>
    SLICE_X137Y327.D     FDRE                                         r  reconfigurable pblock_CL            <hidden>/<hidden>/<hidden>
  -------------------------------------------------------------------    -------------------------------------------------------

                         max delay                   16.000    16.000                                        
    SLICE_X137Y327       FDRE (Setup_EFF2_SLICEM_C_D)
                                                      0.025    16.025    reconfigurable   pblock_CL              <hidden>/<hidden>/<hidden>
  -------------------------------------------------------------------
                         required time                         16.025                                            
                         arrival time                          -1.266                                            
  -------------------------------------------------------------------
                         slack                                 14.759                                            

Slack (MET) :             14.859ns  (required time - arrival time)
  Source:                 <hidden>/<hidden>/<hidden>/<hidden>
                            (rising edge-triggered cell FDRE clocked by clk_main_a0  {rise@0.000ns fall@2.000ns period=4.000ns})
  Destination:            <hidden>/<hidden>/<hidden>
                            (rising edge-triggered cell FDRE clocked by clk_out1_clk_mmcm_a  {rise@0.000ns fall@32.000ns period=64.000ns})
  Path Group:             clk_out1_clk_mmcm_a
  Path Type:              Setup (Max at Slow Process Corner)
  Requirement:            16.000ns  (MaxDelay Path 16.000ns)
  Data Path Delay:        1.166ns  (logic 0.079ns (6.777%)  route 1.087ns (93.223%))
  Logic Levels:           0  
  Timing Exception:       MaxDelay Path 16.000ns -datapath_only

    Location             Delay type                Incr(ns)  Path(ns)    Partition      PBlock               Netlist Resource(s)
  -------------------------------------------------------------------    -------------------------------------------------------
    SLICE_X175Y346.CLK                                0.000     0.000 r  reconfigurable pblock_CL            <hidden>/<hidden>/<hidden>/<hidden>
    SLICE_X175Y346.Q     FDRE (Prop_HFF_SLICEM_C_Q)
                                                      0.079     0.079 r  reconfigurable pblock_CL            <hidden>/<hidden>/<hidden>/<hidden>
                         net (fo=2, routed)           1.087     1.166    reconfigurable                      <hidden>/<hidden>/<hidden>
    SLICE_X156Y332.D     FDRE                                         r  reconfigurable pblock_CL            <hidden>/<hidden>/<hidden>
  -------------------------------------------------------------------    -------------------------------------------------------

                         max delay                   16.000    16.000                                        
    SLICE_X156Y332       FDRE (Setup_EFF_SLICEM_C_D)
                                                      0.025    16.025    reconfigurable   pblock_CL              <hidden>/<hidden>/<hidden>
  -------------------------------------------------------------------
                         required time                         16.025                                            
                         arrival time                          -1.166                                            
  -------------------------------------------------------------------
                         slack                                 14.859                                            

Slack (MET) :             14.862ns  (required time - arrival time)
  Source:                 <hidden>/<hidden>/<hidden>/<hidden>
                            (rising edge-triggered cell FDRE clocked by clk_main_a0  {rise@0.000ns fall@2.000ns period=4.000ns})
  Destination:            <hidden>/<hidden>/<hidden>
                            (rising edge-triggered cell FDRE clocked by clk_out1_clk_mmcm_a  {rise@0.000ns fall@32.000ns period=64.000ns})
  Path Group:             clk_out1_clk_mmcm_a
  Path Type:              Setup (Max at Slow Process Corner)
  Requirement:            16.000ns  (MaxDelay Path 16.000ns)
  Data Path Delay:        1.163ns  (logic 0.078ns (6.706%)  route 1.085ns (93.294%))
  Logic Levels:           0  
  Timing Exception:       MaxDelay Path 16.000ns -datapath_only

    Location             Delay type                Incr(ns)  Path(ns)    Partition      PBlock               Netlist Resource(s)
  -------------------------------------------------------------------    -------------------------------------------------------
    SLICE_X175Y339.CLK                                0.000     0.000 r  reconfigurable pblock_CL            <hidden>/<hidden>/<hidden>/<hidden>
    SLICE_X175Y339.Q     FDRE (Prop_DFF_SLICEM_C_Q)
                                                      0.078     0.078 r  reconfigurable pblock_CL            <hidden>/<hidden>/<hidden>/<hidden>
                         net (fo=4, routed)           1.085     1.163    reconfigurable                      <hidden>/<hidden>/<hidden>
    SLICE_X137Y327.D     FDRE                                         r  reconfigurable pblock_CL            <hidden>/<hidden>/<hidden>
  -------------------------------------------------------------------    -------------------------------------------------------

                         max delay                   16.000    16.000                                        
    SLICE_X137Y327       FDRE (Setup_EFF_SLICEM_C_D)
                                                      0.025    16.025    reconfigurable   pblock_CL              <hidden>/<hidden>/<hidden>
  -------------------------------------------------------------------
                         required time                         16.025                                            
                         arrival time                          -1.163                                            
  -------------------------------------------------------------------
                         slack                                 14.862                                            

Slack (MET) :             14.913ns  (required time - arrival time)
  Source:                 <hidden>/<hidden>/<hidden>/<hidden>
                            (rising edge-triggered cell FDRE clocked by clk_main_a0  {rise@0.000ns fall@2.000ns period=4.000ns})
  Destination:            <hidden>/<hidden>/<hidden>
                            (rising edge-triggered cell FDRE clocked by clk_out1_clk_mmcm_a  {rise@0.000ns fall@32.000ns period=64.000ns})
  Path Group:             clk_out1_clk_mmcm_a
  Path Type:              Setup (Max at Slow Process Corner)
  Requirement:            16.000ns  (MaxDelay Path 16.000ns)
  Data Path Delay:        1.112ns  (logic 0.078ns (7.015%)  route 1.034ns (92.985%))
  Logic Levels:           0  
  Timing Exception:       MaxDelay Path 16.000ns -datapath_only

    Location             Delay type                Incr(ns)  Path(ns)    Partition      PBlock               Netlist Resource(s)
  -------------------------------------------------------------------    -------------------------------------------------------
    SLICE_X175Y339.CLK                                0.000     0.000 r  reconfigurable pblock_CL            <hidden>/<hidden>/<hidden>/<hidden>
    SLICE_X175Y339.Q     FDRE (Prop_DFF_SLICEM_C_Q)
                                                      0.078     0.078 r  reconfigurable pblock_CL            <hidden>/<hidden>/<hidden>/<hidden>
                         net (fo=4, routed)           1.034     1.112    reconfigurable                      <hidden>/<hidden>/<hidden>
    SLICE_X140Y337.D     FDRE                                         r  reconfigurable pblock_CL            <hidden>/<hidden>/<hidden>
  -------------------------------------------------------------------    -------------------------------------------------------

                         max delay                   16.000    16.000                                        
    SLICE_X140Y337       FDRE (Setup_AFF_SLICEL_C_D)
                                                      0.025    16.025    reconfigurable   pblock_CL              <hidden>/<hidden>/<hidden>
  -------------------------------------------------------------------
                         required time                         16.025                                            
                         arrival time                          -1.112                                            
  -------------------------------------------------------------------
                         slack                                 14.913                                            

Slack (MET) :             14.968ns  (required time - arrival time)
  Source:                 WRAPPER/CL/u_tile/u_squant/out_slot_reg_rep[0]/C
                            (rising edge-triggered cell FDRE clocked by clk_out1_clk_mmcm_a  {rise@0.000ns fall@32.000ns period=64.000ns})
  Destination:            WRAPPER/CL/u_tile/u_squant/pack_reg[46]/D
                            (rising edge-triggered cell FDRE clocked by clk_out1_clk_mmcm_a  {rise@0.000ns fall@32.000ns period=64.000ns})
  Path Group:             clk_out1_clk_mmcm_a
  Path Type:              Setup (Max at Slow Process Corner)
  Requirement:            64.000ns  (clk_out1_clk_mmcm_a rise@64.000ns - clk_out1_clk_mmcm_a rise@0.000ns)
  Data Path Delay:        48.942ns  (logic 18.043ns (36.866%)  route 30.899ns (63.134%))
  Logic Levels:           259  (CARRY8=205 LUT3=32 LUT4=1 LUT5=5 LUT6=15 RAMD64E=1)
  Clock Path Skew:        -0.020ns (DCD - SCD + CPR)
    Destination Clock Delay (DCD):    9.273ns = ( 73.273 - 64.000 ) 
    Source Clock Delay      (SCD):    8.655ns
    Clock Pessimism Removal (CPR):    -0.639ns
  Clock Uncertainty:      0.095ns  ((TSJ^2 + DJ^2)^1/2) / 2 + PE
    Total System Jitter     (TSJ):    0.071ns
    Discrete Jitter          (DJ):    0.176ns
    Phase Error              (PE):    0.000ns
  Clock Net Delay (Source):      2.512ns (routing 1.168ns, distribution 1.344ns)
  Clock Net Delay (Destination): 2.318ns (routing 1.067ns, distribution 1.251ns)

    Location             Delay type                Incr(ns)  Path(ns)    Partition      PBlock               Netlist Resource(s)
  -------------------------------------------------------------------    -------------------------------------------------------
                         (clock clk_out1_clk_mmcm_a rise edge)
                                                      0.000     0.000 r                                      
    BJ4                                               0.000     0.000 r  static                              <hidden>
                         net (fo=0)                   0.100     0.100    static                              <hidden>/<hidden>/<hidden>/<hidden>
    HPIOBDIFFINBUF_X0Y130.DIFF_IN_P
                                                                      r  static                              <hidden>/<hidden>/<hidden>/<hidden>
    HPIOBDIFFINBUF_X0Y130.O
                         DIFFINBUF (Prop_DIFFINBUF_HPIOBDIFFINBUF_DIFF_IN_P_O)
                                                      0.863     0.963 r  static                              <hidden>/<hidden>/<hidden>/<hidden>
                         net (fo=1, routed)           0.050     1.013    static                              <hidden>/<hidden>/<hidden>/<hidden>
    BJ4.I                                                             r  static                              <hidden>/<hidden>/<hidden>/<hidden>
    BJ4.O                IBUFCTRL (Prop_IBUFCTRL_HPIOB_M_I_O)
                                                      0.000     1.013 r  static                              <hidden>/<hidden>/<hidden>/<hidden>
                         net (fo=1, routed)           0.348     1.361    static                              <hidden>/<hidden>/<hidden>
    BUFGCE_X0Y122.I                                                   r  static                              <hidden>/<hidden>/<hidden>
    BUFGCE_X0Y122.O      BUFGCE (Prop_BUFCE_BUFGCE_I_O)
                                                      0.028     1.389 r  static                              <hidden>/<hidden>/<hidden>
                         net (fo=3, routed)           1.811     3.200    static                              <hidden>/<hidden>/<hidden>/<hidden>/<hidden>
    SLR Crossing[1->0]   
    MMCM_X0Y2.CLKIN1                                                  r  static                              <hidden>/<hidden>/<hidden>/<hidden>/<hidden>
    MMCM_X0Y2.CLKOUT0    MMCME4_ADV (Prop_MMCM_CLKIN1_CLKOUT0)
                                                     -0.127     3.073 r  static                              <hidden>/<hidden>/<hidden>/<hidden>/<hidden>
                         net (fo=2, routed)           0.245     3.318    static                              <hidden>/<hidden>/<hidden>
    BUFGCE_X0Y70.I                                                    r  static                              <hidden>/<hidden>/<hidden>
    BUFGCE_X0Y70.O       BUFGCE (Prop_BUFCE_BUFGCE_I_O)
                                                      0.028     3.346 r  static                              <hidden>/<hidden>/<hidden>
                         net (fo=2363, routed)        2.651     5.997    boundary                            WRAPPER/CL/AWS_CLK_GEN/CLK_GRP_A_EN_I.CLK_MMCM_A_I/inst/CLK_CORE_DRP_I/clk_inst/s_axi_aclk
    MMCM_X0Y3.CLKIN1                                                  r  reconfigurable pblock_CL            WRAPPER/CL/AWS_CLK_GEN/CLK_GRP_A_EN_I.CLK_MMCM_A_I/inst/CLK_CORE_DRP_I/clk_inst/mmcme4_adv_inst/CLKIN1
    MMCM_X0Y3.CLKOUT0    MMCME4_ADV (Prop_MMCM_CLKIN1_CLKOUT0)
                                                     -0.127     5.870 r  reconfigurable pblock_CL            WRAPPER/CL/AWS_CLK_GEN/CLK_GRP_A_EN_I.CLK_MMCM_A_I/inst/CLK_CORE_DRP_I/clk_inst/mmcme4_adv_inst/CLKOUT0
                         net (fo=1, routed)           0.245     6.115    reconfigurable                      WRAPPER/CL/AWS_CLK_GEN/CLK_GRP_A_EN_I.CLK_MMCM_A_I/inst/CLK_CORE_DRP_I/clk_inst/clk_out1_clk_mmcm_a
    BUFGCE_X0Y84.I                                                    r  reconfigurable pblock_CL            WRAPPER/CL/AWS_CLK_GEN/CLK_GRP_A_EN_I.CLK_MMCM_A_I/inst/CLK_CORE_DRP_I/clk_inst/clkout1_buf/I
    BUFGCE_X0Y84.O       BUFGCE (Prop_BUFCE_BUFGCE_I_O)
                                                      0.028     6.143 r  reconfigurable pblock_CL            WRAPPER/CL/AWS_CLK_GEN/CLK_GRP_A_EN_I.CLK_MMCM_A_I/inst/CLK_CORE_DRP_I/clk_inst/clkout1_buf/O
    X2Y5 (CLOCK_ROOT)    net (fo=146611, routed)      2.512     8.655    reconfigurable                      WRAPPER/CL/u_tile/u_squant/o_clk_extra_a1
    SLR Crossing[0->1]   
    SLICE_X130Y349.CLK   FDRE                                         r  reconfigurable pblock_CL            WRAPPER/CL/u_tile/u_squant/out_slot_reg_rep[0]/C
  -------------------------------------------------------------------    -------------------------------------------------------
    SLICE_X130Y349.Q     FDRE (Prop_HFF_SLICEL_C_Q)
                                                      0.079     8.734 r  reconfigurable pblock_CL            WRAPPER/CL/u_tile/u_squant/out_slot_reg_rep[0]/Q
                         net (fo=42, routed)          0.384     9.118    reconfigurable                      WRAPPER/CL/u_tile/u_squant/cmem_reg_r1_64_127_7_13/ADDRE0
    SLICE_X128Y345.A1                                                 r  reconfigurable pblock_CL            WRAPPER/CL/u_tile/u_squant/cmem_reg_r1_64_127_7_13/RAME/RADR0
    SLICE_X128Y345.O6    RAMD64E (Prop_E6LUT_SLICEM_RADR0_O)
                                                      0.148     9.266 r  reconfigurable pblock_CL            WRAPPER/CL/u_tile/u_squant/cmem_reg_r1_64_127_7_13/RAME/O
                         net (fo=1, routed)           0.200     9.466    reconfigurable                      WRAPPER/CL/u_tile/u_squant/cmem_reg_r1_64_127_7_13_n_4
    SLICE_X129Y348.A3                                                 r  reconfigurable pblock_CL            WRAPPER/CL/u_tile/u_squant/code_of5__1558_i_80/I0
    SLICE_X129Y348.O6    LUT3 (Prop_D6LUT_SLICEM_I0_O)
                                                      0.099     9.565 r  reconfigurable pblock_CL            WRAPPER/CL/u_tile/u_squant/code_of5__1558_i_80/O
                         net (fo=2, routed)           0.100     9.665    reconfigurable                      WRAPPER/CL/u_tile/u_squant/ec[1]
    SLICE_X129Y350.A5                                                 r  reconfigurable pblock_CL            WRAPPER/CL/u_tile/u_squant/code_of5__1753_i_13/I0
    SLICE_X129Y350.O6    LUT6 (Prop_G6LUT_SLICEM_I0_O)
                                                      0.052     9.717 r  reconfigurable pblock_CL            WRAPPER/CL/u_tile/u_squant/code_of5__1753_i_13/O
                         net (fo=2, routed)           0.234     9.951    reconfigurable                      WRAPPER/CL/u_tile/u_squant/code_of5__1753_i_13_n_0
    SLICE_X128Y344.A2                                                 r  reconfigurable pblock_CL            WRAPPER/CL/u_tile/u_squant/code_of5__1753_i_12/I0
    SLICE_X128Y344.O5    LUT5 (Prop_B5LUT_SLICEM_I0_O)
                                                      0.143    10.094 r  reconfigurable pblock_CL            WRAPPER/CL/u_tile/u_squant/code_of5__1753_i_12/O
                         net (fo=3, routed)           0.453    10.546    reconfigurable                      WRAPPER/CL/u_tile/u_squant/code_of5__1753_i_12_n_0
    SLICE_X125Y354.A4                                                 r  reconfigurable pblock_CL            WRAPPER/CL/u_tile/u_squant/code_of5__1593_i_16/I2
    SLICE_X125Y354.O6    LUT6 (Prop_G6LUT_SLICEL_I2_O)
                                                      0.089    10.635 f  reconfigurable pblock_CL            WRAPPER/CL/u_tile/u_squant/code_of5__1593_i_16/O
                         net (fo=31, routed)          0.214    10.849    reconfigurable                      WRAPPER/CL/u_tile/u_squant/code_of5__1593_i_16_n_0
    SLICE_X123Y353.A3                                                 f  reconfigurable pblock_CL            WRAPPER/CL/u_tile/u_squant/code_of5__1603_i_17/I4
    SLICE_X123Y353.O5    LUT5 (Prop_D5LUT_SLICEL_I4_O)
                                                      0.110    10.959 r  reconfigurable pblock_CL            WRAPPER/CL/u_tile/u_squant/code_of5__1603_i_17/O
                         net (fo=2, routed)           0.138    11.097    reconfigurable                      WRAPPER/CL/u_tile/u_squant/code_of5__1603_i_17_n_0
    SLICE_X122Y353.A1                                                 r  reconfigurable pblock_CL            WRAPPER/CL/u_tile/u_squant/code_of5__1603_i_15/I0
    SLICE_X122Y353.O6    LUT6 (Prop_G6LUT_SLICEM_I0_O)
                                                      0.150    11.247 r  reconfigurable pblock_CL            WRAPPER/CL/u_tile/u_squant/code_of5__1603_i_15/O
                         net (fo=2, routed)           0.016    11.263    reconfigurable                      WRAPPER/CL/u_tile/u_squant/code_of5__1558_i_57_n_0
    SLICE_X122Y353.S6                                                 r  reconfigurable pblock_CL            WRAPPER/CL/u_tile/u_squant/code_of5__1558_i_30/S[6]
    SLICE_X122Y353.CO7   CARRY8 (Prop_CARRY8_SLICEM_S[6]_CO[7])
                                                      0.117    11.380 r  reconfigurable pblock_CL            WRAPPER/CL/u_tile/u_squant/code_of5__1558_i_30/CO[7]
                         net (fo=1, routed)           0.026    11.406    reconfigurable                      WRAPPER/CL/u_tile/u_squant/code_of5__1558_i_30_n_0
    SLICE_X122Y354.CIN                                                r  reconfigurable pblock_CL            WRAPPER/CL/u_tile/u_squant/code_of5__1558_i_89/CI
    SLICE_X122Y354.CO7   CARRY8 (Prop_CARRY8_SLICEM_CI_CO[7])
                                                      0.015    11.421 r  reconfigurable pblock_CL            WRAPPER/CL/u_tile/u_squant/code_of5__1558_i_89/CO[7]
                         net (fo=1, routed)           0.026    11.447    reconfigurable                      WRAPPER/CL/u_tile/u_squant/code_of5__1558_i_89_n_0
    SLICE_X122Y355.CIN                                                r  reconfigurable pblock_CL            WRAPPER/CL/u_tile/u_squant/code_of5__1558_i_91/CI
    SLICE_X122Y355.CO7   CARRY8 (Prop_CARRY8_SLICEM_CI_CO[7])
                                                      0.015    11.462 r  reconfigurable pblock_CL            WRAPPER/CL/u_tile/u_squant/code_of5__1558_i_91/CO[7]
                         net (fo=1, routed)           0.026    11.488    reconfigurable                      WRAPPER/CL/u_tile/u_squant/code_of5__1558_i_91_n_0
    SLICE_X122Y356.CIN                                                r  reconfigurable pblock_CL            WRAPPER/CL/u_tile/u_squant/code_of5__1558_i_90/CI
    SLICE_X122Y356.O0    CARRY8 (Prop_CARRY8_SLICEM_CI_O[0])
                                                      0.056    11.544 r  reconfigurable pblock_CL            WRAPPER/CL/u_tile/u_squant/code_of5__1558_i_90/O[0]
                         net (fo=1, routed)           0.258    11.802    reconfigurable                      WRAPPER/CL/u_tile/u_squant/den1[24]
    SLICE_X123Y355.A1                                                 r  reconfigurable pblock_CL            WRAPPER/CL/u_tile/u_squant/code_of5__1558_i_88/I1
    SLICE_X123Y355.O6    LUT6 (Prop_B6LUT_SLICEL_I1_O)
                                                      0.148    11.950 r  reconfigurable pblock_CL            WRAPPER/CL/u_tile/u_squant/code_of5__1558_i_88/O
                         net (fo=1, routed)           0.098    12.048    reconfigurable                      WRAPPER/CL/u_tile/u_squant/code_of5__1558_i_88_n_0
    SLICE_X123Y355.A2                                                 r  reconfigurable pblock_CL            WRAPPER/CL/u_tile/u_squant/code_of5__1558_i_69/I5
    SLICE_X123Y355.O6    LUT6 (Prop_C6LUT_SLICEL_I5_O)
                                                      0.123    12.171 r  reconfigurable pblock_CL            WRAPPER/CL/u_tile/u_squant/code_of5__1558_i_69/O
                         net (fo=23, routed)          0.416    12.587    reconfigurable                      WRAPPER/CL/u_tile/u_squant/code_of5__1558_i_69_n_0
    SLICE_X128Y353.A5                                                 r  reconfigurable pblock_CL            WRAPPER/CL/u_tile/u_squant/code_of5__1558_i_73/I2
    SLICE_X128Y353.O5    LUT4 (Prop_D5LUT_SLICEM_I2_O)
                                                      0.066    12.653 r  reconfigurable pblock_CL            WRAPPER/CL/u_tile/u_squant/code_of5__1558_i_73/O
                         net (fo=3, routed)           0.202    12.855    reconfigurable                      WRAPPER/CL/u_tile/u_squant/code_of5__1558_i_73_n_0
    SLICE_X128Y353.A2                                                 r  reconfigurable pblock_CL            WRAPPER/CL/u_tile/u_squant/code_of5__1559_i_35/I0
    SLICE_X128Y353.O6    LUT5 (Prop_F6LUT_SLICEM_I0_O)
                                                      0.123    12.978 r  reconfigurable pblock_CL            WRAPPER/CL/u_tile/u_squant/code_of5__1559_i_35/O
                         net (fo=5, routed)           0.337    13.315    reconfigurable                      WRAPPER/CL/u_tile/u_squant/code_of5__1559_i_35_n_0
    SLICE_X124Y354.A5                                                 r  reconfigurable pblock_CL            WRAPPER/CL/u_tile/u_squant/code_of5__1559_i_24/I3
    SLICE_X124Y354.O6    LUT6 (Prop_F6LUT_SLICEM_I3_O)
                                                      0.051    13.366 r  reconfigurable pblock_CL            WRAPPER/CL/u_tile/u_squant/code_of5__1559_i_24/O
                         net (fo=99, routed)          1.436    14.802    reconfigurable                      WRAPPER/CL/u_tile/u_squant/code_of5__1559_i_16_n_0
    SLICE_X96Y328.A6                                                  r  reconfigurable pblock_CL            WRAPPER/CL/u_tile/u_squant/pack_reg[58]_i_1815/S[0]
    SLICE_X96Y328.CO7    CARRY8 (Prop_CARRY8_SLICEL_S[0]_CO[7])
                                                      0.190    14.992 r  reconfigurable pblock_CL            WRAPPER/CL/u_tile/u_squant/pack_reg[58]_i_1815/CO[7]
                         net (fo=1, routed)           0.026    15.018    reconfigurable                      WRAPPER/CL/u_tile/u_squant/pack_reg[58]_i_1815_n_0
    SLICE_X96Y329.CIN                                                 r  reconfigurable pblock_CL            WRAPPER/CL/u_tile/u_squant/pack_reg[58]_i_1806/CI
    SLICE_X96Y329.CO7    CARRY8 (Prop_CARRY8_SLICEL_CI_CO[7])
                                                      0.015    15.033 r  reconfigurable pblock_CL            WRAPPER/CL/u_tile/u_squant/pack_reg[58]_i_1806/CO[7]
                         net (fo=1, routed)           0.052    15.085    reconfigurable                      WRAPPER/CL/u_tile/u_squant/pack_reg[58]_i_1806_n_0
    SLICE_X96Y330.CIN                                                 r  reconfigurable pblock_CL            WRAPPER/CL/u_tile/u_squant/pack_reg[58]_i_1798/CI
    SLICE_X96Y330.CO7    CARRY8 (Prop_CARRY8_SLICEL_CI_CO[7])
                                                      0.015    15.100 r  reconfigurable pblock_CL            WRAPPER/CL/u_tile/u_squant/pack_reg[58]_i_1798/CO[7]
                         net (fo=1, routed)           0.026    15.126    reconfigurable                      WRAPPER/CL/u_tile/u_squant/pack_reg[58]_i_1798_n_0
    SLICE_X96Y331.CIN                                                 r  reconfigurable pblock_CL            WRAPPER/CL/u_tile/u_squant/pack_reg[58]_i_1797/CI
    SLICE_X96Y331.CO4    CARRY8 (Prop_CARRY8_SLICEL_CI_CO[4])
                                                      0.092    15.218 r  reconfigurable pblock_CL            WRAPPER/CL/u_tile/u_squant/pack_reg[58]_i_1797/CO[4]
                         net (fo=40, routed)          0.330    15.548    reconfigurable                      WRAPPER/CL/u_tile/u_squant/pack_reg[58]_i_1797_n_3
    SLICE_X97Y328.A5                                                  r  reconfigurable pblock_CL            WRAPPER/CL/u_tile/u_squant/pack[58]_i_1839/I0
    SLICE_X97Y328.O6     LUT3 (Prop_B6LUT_SLICEM_I0_O)
                                                      0.052    15.600 r  reconfigurable pblock_CL            WRAPPER/CL/u_tile/u_squant/pack[58]_i_1839/O
                         net (fo=1, routed)           0.016    15.616    reconfigurable                      WRAPPER/CL/u_tile/u_squant/pack[58]_i_1839_n_0
    SLICE_X97Y328.S1                                                  r  reconfigurable pblock_CL            WRAPPER/CL/u_tile/u_squant/pack_reg[58]_i_1781/S[1]
    SLICE_X97Y328.CO7    CARRY8 (Prop_CARRY8_SLICEM_S[1]_CO[7])
                                                      0.190    15.806 r  reconfigurable pblock_CL            WRAPPER/CL/u_tile/u_squant/pack_reg[58]_i_1781/CO[7]
                         net (fo=1, routed)           0.026    15.832    reconfigurable                      WRAPPER/CL/u_tile/u_squant/pack_reg[58]_i_1781_n_0
    SLICE_X97Y329.CIN                                                 r  reconfigurable pblock_CL            WRAPPER/CL/u_tile/u_squant/pack_reg[58]_i_1772/CI
    SLICE_X97Y329.CO7    CARRY8 (Prop_CARRY8_SLICEM_CI_CO[7])
                                                      0.015    15.847 r  reconfigurable pblock_CL            WRAPPER/CL/u_tile/u_squant/pack_reg[58]_i_1772/CO[7]
                         net (fo=1, routed)           0.052    15.899    reconfigurable                      WRAPPER/CL/u_tile/u_squant/pack_reg[58]_i_1772_n_0
    SLICE_X97Y330.CIN                                                 r  reconfigurable pblock_CL            WRAPPER/CL/u_tile/u_squant/pack_reg[58]_i_1763/CI
    SLICE_X97Y330.CO7    CARRY8 (Prop_CARRY8_SLICEM_CI_CO[7])
                                                      0.015    15.914 r  reconfigurable pblock_CL            WRAPPER/CL/u_tile/u_squant/pack_reg[58]_i_1763/CO[7]
                         net (fo=1, routed)           0.026    15.940    reconfigurable                      WRAPPER/CL/u_tile/u_squant/pack_reg[58]_i_1763_n_0
    SLICE_X97Y331.CIN                                                 r  reconfigurable pblock_CL            WRAPPER/CL/u_tile/u_squant/pack_reg[58]_i_1755/CI
    SLICE_X97Y331.CO7    CARRY8 (Prop_CARRY8_SLICEM_CI_CO[7])
                                                      0.015    15.955 r  reconfigurable pblock_CL            WRAPPER/CL/u_tile/u_squant/pack_reg[58]_i_1755/CO[7]
                         net (fo=1, routed)           0.026    15.981    reconfigurable                      WRAPPER/CL/u_tile/u_squant/pack_reg[58]_i_1755_n_0
    SLICE_X97Y332.CIN                                                 r  reconfigurable pblock_CL            WRAPPER/CL/u_tile/u_squant/pack_reg[58]_i_1754/CI
    SLICE_X97Y332.CO6    CARRY8 (Prop_CARRY8_SLICEM_CI_CO[6])
                                                      0.092    16.073 r  reconfigurable pblock_CL            WRAPPER/CL/u_tile/u_squant/pack_reg[58]_i_1754/CO[6]
                         net (fo=40, routed)          0.286    16.359    reconfigurable                      WRAPPER/CL/u_tile/u_squant/pack_reg[58]_i_1754_n_1
    SLICE_X98Y328.A1                                                  r  reconfigurable pblock_CL            WRAPPER/CL/u_tile/u_squant/pack[58]_i_1793/I0
    SLICE_X98Y328.O6     LUT3 (Prop_E6LUT_SLICEL_I0_O)
                                                      0.147    16.506 r  reconfigurable pblock_CL            WRAPPER/CL/u_tile/u_squant/pack[58]_i_1793/O
                         net (fo=1, routed)           0.007    16.513    reconfigurable                      WRAPPER/CL/u_tile/u_squant/pack[58]_i_1793_n_0
    SLICE_X98Y328.S4                                                  r  reconfigurable pblock_CL            WRAPPER/CL/u_tile/u_squant/pack_reg[58]_i_1738/S[4]
    SLICE_X98Y328.CO7    CARRY8 (Prop_CARRY8_SLICEL_S[4]_CO[7])
                                                      0.153    16.666 r  reconfigurable pblock_CL            WRAPPER/CL/u_tile/u_squant/pack_reg[58]_i_1738/CO[7]
                         net (fo=1, routed)           0.026    16.692    reconfigurable                      WRAPPER/CL/u_tile/u_squant/pack_reg[58]_i_1738_n_0
    SLICE_X98Y329.CIN                                                 r  reconfigurable pblock_CL            WRAPPER/CL/u_tile/u_squant/pack_reg[58]_i_1729/CI
    SLICE_X98Y329.CO7    CARRY8 (Prop_CARRY8_SLICEL_CI_CO[7])
                                                      0.015    16.707 r  reconfigurable pblock_CL            WRAPPER/CL/u_tile/u_squant/pack_reg[58]_i_1729/CO[7]
                         net (fo=1, routed)           0.052    16.759    reconfigurable                      WRAPPER/CL/u_tile/u_squant/pack_reg[58]_i_1729_n_0
    SLICE_X98Y330.CIN                                                 r  reconfigurable pblock_CL            WRAPPER/CL/u_tile/u_squant/pack_reg[58]_i_1720/CI
    SLICE_X98Y330.CO7    CARRY8 (Prop_CARRY8_SLICEL_CI_CO[7])
                                                      0.015    16.774 r  reconfigurable pblock_CL            WRAPPER/CL/u_tile/u_squant/pack_reg[58]_i_1720/CO[7]
                         net (fo=1, routed)           0.026    16.800    reconfigurable                      WRAPPER/CL/u_tile/u_squant/pack_reg[58]_i_1720_n_0
    SLICE_X98Y331.CIN                                                 r  reconfigurable pblock_CL            WRAPPER/CL/u_tile/u_squant/pack_reg[58]_i_1712/CI
    SLICE_X98Y331.CO7    CARRY8 (Prop_CARRY8_SLICEL_CI_CO[7])
                                                      0.015    16.815 r  reconfigurable pblock_CL            WRAPPER/CL/u_tile/u_squant/pack_reg[58]_i_1712/CO[7]
                         net (fo=1, routed)           0.026    16.841    reconfigurable                      WRAPPER/CL/u_tile/u_squant/pack_reg[58]_i_1712_n_0
    SLICE_X98Y332.CIN                                                 r  reconfigurable pblock_CL            WRAPPER/CL/u_tile/u_squant/pack_reg[58]_i_1711/CI
    SLICE_X98Y332.CO6    CARRY8 (Prop_CARRY8_SLICEL_CI_CO[6])
                                                      0.092    16.933 r  reconfigurable pblock_CL            WRAPPER/CL/u_tile/u_squant/pack_reg[58]_i_1711/CO[6]
                         net (fo=40, routed)          0.308    17.241    reconfigurable                      WRAPPER/CL/u_tile/u_squant/pack_reg[58]_i_1711_n_1
    SLICE_X99Y329.A5                                                  r  reconfigurable pblock_CL            WRAPPER/CL/u_tile/u_squant/pack[58]_i_1753/I0
    SLICE_X99Y329.O6     LUT3 (Prop_B6LUT_SLICEM_I0_O)
                                                      0.052    17.293 r  reconfigurable pblock_CL            WRAPPER/CL/u_tile/u_squant/pack[58]_i_1753/O
                         net (fo=1, routed)           0.016    17.309    reconfigurable                      WRAPPER/CL/u_tile/u_squant/pack[58]_i_1753_n_0
    SLICE_X99Y329.S1                                                  r  reconfigurable pblock_CL            WRAPPER/CL/u_tile/u_squant/pack_reg[58]_i_1695/S[1]
    SLICE_X99Y329.CO7    CARRY8 (Prop_CARRY8_SLICEM_S[1]_CO[7])
                                                      0.190    17.499 r  reconfigurable pblock_CL            WRAPPER/CL/u_tile/u_squant/pack_reg[58]_i_1695/CO[7]
                         net (fo=1, routed)           0.052    17.551    reconfigurable                      WRAPPER/CL/u_tile/u_squant/pack_reg[58]_i_1695_n_0
    SLICE_X99Y330.CIN                                                 r  reconfigurable pblock_CL            WRAPPER/CL/u_tile/u_squant/pack_reg[58]_i_1686/CI
    SLICE_X99Y330.CO7    CARRY8 (Prop_CARRY8_SLICEM_CI_CO[7])
                                                      0.015    17.566 r  reconfigurable pblock_CL            WRAPPER/CL/u_tile/u_squant/pack_reg[58]_i_1686/CO[7]
                         net (fo=1, routed)           0.026    17.592    reconfigurable                      WRAPPER/CL/u_tile/u_squant/pack_reg[58]_i_1686_n_0
    SLICE_X99Y331.CIN                                                 r  reconfigurable pblock_CL            WRAPPER/CL/u_tile/u_squant/pack_reg[58]_i_1677/CI
    SLICE_X99Y331.CO7    CARRY8 (Prop_CARRY8_SLICEM_CI_CO[7])
                                                      0.015    17.607 r  reconfigurable pblock_CL            WRAPPER/CL/u_tile/u_squant/pack_reg[58]_i_1677/CO[7]
                         net (fo=1, routed)           0.026    17.633    reconfigurable                      WRAPPER/CL/u_tile/u_squant/pack_reg[58]_i_1677_n_0
    SLICE_X99Y332.CIN                                                 r  reconfigurable pblock_CL            WRAPPER/CL/u_tile/u_squant/pack_reg[58]_i_1669/CI
    SLICE_X99Y332.CO7    CARRY8 (Prop_CARRY8_SLICEM_CI_CO[7])
                                                      0.015    17.648 r  reconfigurable pblock_CL            WRAPPER/CL/u_tile/u_squant/pack_reg[58]_i_1669/CO[7]
                         net (fo=1, routed)           0.026    17.674    reconfigurable                      WRAPPER/CL/u_tile/u_squant/pack_reg[58]_i_1669_n_0
    SLICE_X99Y333.CIN                                                 r  reconfigurable pblock_CL            WRAPPER/CL/u_tile/u_squant/pack_reg[58]_i_1668/CI
    SLICE_X99Y333.CO6    CARRY8 (Prop_CARRY8_SLICEM_CI_CO[6])
                                                      0.092    17.766 r  reconfigurable pblock_CL            WRAPPER/CL/u_tile/u_squant/pack_reg[58]_i_1668/CO[6]
                         net (fo=40, routed)          0.364    18.130    reconfigurable                      WRAPPER/CL/u_tile/u_squant/pack_reg[58]_i_1668_n_1
    SLICE_X99Y324.A5                                                  r  reconfigurable pblock_CL            WRAPPER/CL/u_tile/u_squant/pack[58]_i_1710/I0
    SLICE_X99Y324.O6     LUT3 (Prop_B6LUT_SLICEM_I0_O)
                                                      0.052    18.182 r  reconfigurable pblock_CL            WRAPPER/CL/u_tile/u_squant/pack[58]_i_1710/O
                         net (fo=1, routed)           0.016    18.198    reconfigurable                      WRAPPER/CL/u_tile/u_squant/pack[58]_i_1710_n_0
    SLICE_X99Y324.S1                                                  r  reconfigurable pblock_CL            WRAPPER/CL/u_tile/u_squant/pack_reg[58]_i_1652/S[1]
    SLICE_X99Y324.CO7    CARRY8 (Prop_CARRY8_SLICEM_S[1]_CO[7])
                                                      0.190    18.388 r  reconfigurable pblock_CL            WRAPPER/CL/u_tile/u_squant/pack_reg[58]_i_1652/CO[7]
                         net (fo=1, routed)           0.026    18.414    reconfigurable                      WRAPPER/CL/u_tile/u_squant/pack_reg[58]_i_1652_n_0
    SLICE_X99Y325.CIN                                                 r  reconfigurable pblock_CL            WRAPPER/CL/u_tile/u_squant/pack_reg[58]_i_1643/CI
    SLICE_X99Y325.CO7    CARRY8 (Prop_CARRY8_SLICEM_CI_CO[7])
                                                      0.015    18.429 r  reconfigurable pblock_CL            WRAPPER/CL/u_tile/u_squant/pack_reg[58]_i_1643/CO[7]
                         net (fo=1, routed)           0.026    18.455    reconfigurable                      WRAPPER/CL/u_tile/u_squant/pack_reg[58]_i_1643_n_0
    SLICE_X99Y326.CIN                                                 r  reconfigurable pblock_CL            WRAPPER/CL/u_tile/u_squant/pack_reg[58]_i_1634/CI
    SLICE_X99Y326.CO7    CARRY8 (Prop_CARRY8_SLICEM_CI_CO[7])
                                                      0.015    18.470 r  reconfigurable pblock_CL            WRAPPER/CL/u_tile/u_squant/pack_reg[58]_i_1634/CO[7]
                         net (fo=1, routed)           0.026    18.496    reconfigurable                      WRAPPER/CL/u_tile/u_squant/pack_reg[58]_i_1634_n_0
    SLICE_X99Y327.CIN                                                 r  reconfigurable pblock_CL            WRAPPER/CL/u_tile/u_squant/pack_reg[58]_i_1626/CI
    SLICE_X99Y327.CO7    CARRY8 (Prop_CARRY8_SLICEM_CI_CO[7])
                                                      0.015    18.511 r  reconfigurable pblock_CL            WRAPPER/CL/u_tile/u_squant/pack_reg[58]_i_1626/CO[7]
                         net (fo=1, routed)           0.026    18.537    reconfigurable                      WRAPPER/CL/u_tile/u_squant/pack_reg[58]_i_1626_n_0
    SLICE_X99Y328.CIN                                                 r  reconfigurable pblock_CL            WRAPPER/CL/u_tile/u_squant/pack_reg[58]_i_1625/CI
    SLICE_X99Y328.CO6    CARRY8 (Prop_CARRY8_SLICEM_CI_CO[6])
                                                      0.092    18.629 r  reconfigurable pblock_CL            WRAPPER/CL/u_tile/u_squant/pack_reg[58]_i_1625/CO[6]
                         net (fo=40, routed)          0.307    18.937    reconfigurable                      WRAPPER/CL/u_tile/u_squant/pack_reg[58]_i_1625_n_1
    SLICE_X100Y324.A1                                                 r  reconfigurable pblock_CL            WRAPPER/CL/u_tile/u_squant/pack[58]_i_1664/I0
    SLICE_X100Y324.O6    LUT3 (Prop_E6LUT_SLICEM_I0_O)
                                                      0.148    19.085 r  reconfigurable pblock_CL            WRAPPER/CL/u_tile/u_squant/pack[58]_i_1664/O
                         net (fo=1, routed)           0.014    19.099    reconfigurable                      WRAPPER/CL/u_tile/u_squant/pack[58]_i_1664_n_0
    SLICE_X100Y324.S4                                                 r  reconfigurable pblock_CL            WRAPPER/CL/u_tile/u_squant/pack_reg[58]_i_1609/S[4]
    SLICE_X100Y324.CO7   CARRY8 (Prop_CARRY8_SLICEM_S[4]_CO[7])
                                                      0.156    19.255 r  reconfigurable pblock_CL            WRAPPER/CL/u_tile/u_squant/pack_reg[58]_i_1609/CO[7]
                         net (fo=1, routed)           0.026    19.281    reconfigurable                      WRAPPER/CL/u_tile/u_squant/pack_reg[58]_i_1609_n_0
    SLICE_X100Y325.CIN                                                r  reconfigurable pblock_CL            WRAPPER/CL/u_tile/u_squant/pack_reg[58]_i_1600/CI
    SLICE_X100Y325.CO7   CARRY8 (Prop_CARRY8_SLICEM_CI_CO[7])
                                                      0.015    19.296 r  reconfigurable pblock_CL            WRAPPER/CL/u_tile/u_squant/pack_reg[58]_i_1600/CO[7]
                         net (fo=1, routed)           0.026    19.322    reconfigurable                      WRAPPER/CL/u_tile/u_squant/pack_reg[58]_i_1600_n_0
    SLICE_X100Y326.CIN                                                r  reconfigurable pblock_CL            WRAPPER/CL/u_tile/u_squant/pack_reg[58]_i_1591/CI
    SLICE_X100Y326.CO7   CARRY8 (Prop_CARRY8_SLICEM_CI_CO[7])
                                                      0.015    19.337 r  reconfigurable pblock_CL            WRAPPER/CL/u_tile/u_squant/pack_reg[58]_i_1591/CO[7]
                         net (fo=1, routed)           0.026    19.363    reconfigurable                      WRAPPER/CL/u_tile/u_squant/pack_reg[58]_i_1591_n_0
    SLICE_X100Y327.CIN                                                r  reconfigurable pblock_CL            WRAPPER/CL/u_tile/u_squant/pack_reg[58]_i_1583/CI
    SLICE_X100Y327.CO7   CARRY8 (Prop_CARRY8_SLICEM_CI_CO[7])
                                                      0.015    19.378 r  reconfigurable pblock_CL            WRAPPER/CL/u_tile/u_squant/pack_reg[58]_i_1583/CO[7]
                         net (fo=1, routed)           0.026    19.404    reconfigurable                      WRAPPER/CL/u_tile/u_squant/pack_reg[58]_i_1583_n_0
    SLICE_X100Y328.CIN                                                r  reconfigurable pblock_CL            WRAPPER/CL/u_tile/u_squant/pack_reg[58]_i_1582/CI
    SLICE_X100Y328.CO6   CARRY8 (Prop_CARRY8_SLICEM_CI_CO[6])
                                                      0.092    19.496 r  reconfigurable pblock_CL            WRAPPER/CL/u_tile/u_squant/pack_reg[58]_i_1582/CO[6]
                         net (fo=40, routed)          0.255    19.751    reconfigurable                      WRAPPER/CL/u_tile/u_squant/pack_reg[58]_i_1582_n_1
    SLICE_X101Y323.A3                                                 r  reconfigurable pblock_CL            WRAPPER/CL/u_tile/u_squant/pack[58]_i_1624/I0
    SLICE_X101Y323.O6    LUT3 (Prop_B6LUT_SLICEL_I0_O)
                                                      0.098    19.849 r  reconfigurable pblock_CL            WRAPPER/CL/u_tile/u_squant/pack[58]_i_1624/O
                         net (fo=1, routed)           0.009    19.858    reconfigurable                      WRAPPER/CL/u_tile/u_squant/pack[58]_i_1624_n_0
    SLICE_X101Y323.S1                                                 r  reconfigurable pblock_CL            WRAPPER/CL/u_tile/u_squant/pack_reg[58]_i_1566/S[1]
    SLICE_X101Y323.CO7   CARRY8 (Prop_CARRY8_SLICEL_S[1]_CO[7])
                                                      0.186    20.044 r  reconfigurable pblock_CL            WRAPPER/CL/u_tile/u_squant/pack_reg[58]_i_1566/CO[7]
                         net (fo=1, routed)           0.026    20.070    reconfigurable                      WRAPPER/CL/u_tile/u_squant/pack_reg[58]_i_1566_n_0
    SLICE_X101Y324.CIN                                                r  reconfigurable pblock_CL            WRAPPER/CL/u_tile/u_squant/pack_reg[58]_i_1557/CI
    SLICE_X101Y324.CO7   CARRY8 (Prop_CARRY8_SLICEL_CI_CO[7])
                                                      0.015    20.085 r  reconfigurable pblock_CL            WRAPPER/CL/u_tile/u_squant/pack_reg[58]_i_1557/CO[7]
                         net (fo=1, routed)           0.026    20.111    reconfigurable                      WRAPPER/CL/u_tile/u_squant/pack_reg[58]_i_1557_n_0
    SLICE_X101Y325.CIN                                                r  reconfigurable pblock_CL            WRAPPER/CL/u_tile/u_squant/pack_reg[58]_i_1548/CI
    SLICE_X101Y325.CO7   CARRY8 (Prop_CARRY8_SLICEL_CI_CO[7])
                                                      0.015    20.126 r  reconfigurable pblock_CL            WRAPPER/CL/u_tile/u_squant/pack_reg[58]_i_1548/CO[7]
                         net (fo=1, routed)           0.026    20.152    reconfigurable                      WRAPPER/CL/u_tile/u_squant/pack_reg[58]_i_1548_n_0
    SLICE_X101Y326.CIN                                                r  reconfigurable pblock_CL            WRAPPER/CL/u_tile/u_squant/pack_reg[58]_i_1540/CI
    SLICE_X101Y326.CO7   CARRY8 (Prop_CARRY8_SLICEL_CI_CO[7])
                                                      0.015    20.167 r  reconfigurable pblock_CL            WRAPPER/CL/u_tile/u_squant/pack_reg[58]_i_1540/CO[7]
                         net (fo=1, routed)           0.026    20.193    reconfigurable                      WRAPPER/CL/u_tile/u_squant/pack_reg[58]_i_1540_n_0
    SLICE_X101Y327.CIN                                                r  reconfigurable pblock_CL            WRAPPER/CL/u_tile/u_squant/pack_reg[58]_i_1539/CI
    SLICE_X101Y327.CO6   CARRY8 (Prop_CARRY8_SLICEL_CI_CO[6])
                                                      0.092    20.285 r  reconfigurable pblock_CL            WRAPPER/CL/u_tile/u_squant/pack_reg[58]_i_1539/CO[6]
                         net (fo=40, routed)          0.473    20.758    reconfigurable                      WRAPPER/CL/u_tile/u_squant/pack_reg[58]_i_1539_n_1
    SLICE_X105Y322.A3                                                 r  reconfigurable pblock_CL            WRAPPER/CL/u_tile/u_squant/pack[58]_i_1574/I0
    SLICE_X105Y322.O6    LUT3 (Prop_A6LUT_SLICEL_I0_O)
                                                      0.098    20.856 r  reconfigurable pblock_CL            WRAPPER/CL/u_tile/u_squant/pack[58]_i_1574/O
                         net (fo=1, routed)           0.009    20.865    reconfigurable                      WRAPPER/CL/u_tile/u_squant/pack[58]_i_1574_n_0
    SLICE_X105Y322.S0                                                 r  reconfigurable pblock_CL            WRAPPER/CL/u_tile/u_squant/pack_reg[58]_i_1514/S[0]
    SLICE_X105Y322.CO7   CARRY8 (Prop_CARRY8_SLICEL_S[0]_CO[7])
                                                      0.190    21.055 r  reconfigurable pblock_CL            WRAPPER/CL/u_tile/u_squant/pack_reg[58]_i_1514/CO[7]
                         net (fo=1, routed)           0.026    21.081    reconfigurable                      WRAPPER/CL/u_tile/u_squant/pack_reg[58]_i_1514_n_0
    SLICE_X105Y323.CIN                                                r  reconfigurable pblock_CL            WRAPPER/CL/u_tile/u_squant/pack_reg[58]_i_1505/CI
    SLICE_X105Y323.CO7   CARRY8 (Prop_CARRY8_SLICEL_CI_CO[7])
                                                      0.015    21.096 r  reconfigurable pblock_CL            WRAPPER/CL/u_tile/u_squant/pack_reg[58]_i_1505/CO[7]
                         net (fo=1, routed)           0.026    21.122    reconfigurable                      WRAPPER/CL/u_tile/u_squant/pack_reg[58]_i_1505_n_0
    SLICE_X105Y324.CIN                                                r  reconfigurable pblock_CL            WRAPPER/CL/u_tile/u_squant/pack_reg[58]_i_1497/CI
    SLICE_X105Y324.CO7   CARRY8 (Prop_CARRY8_SLICEL_CI_CO[7])
                                                      0.015    21.137 r  reconfigurable pblock_CL            WRAPPER/CL/u_tile/u_squant/pack_reg[58]_i_1497/CO[7]
                         net (fo=1, routed)           0.026    21.163    reconfigurable                      WRAPPER/CL/u_tile/u_squant/pack_reg[58]_i_1497_n_0
    SLICE_X105Y325.CIN                                                r  reconfigurable pblock_CL            WRAPPER/CL/u_tile/u_squant/pack_reg[58]_i_1496/CI
    SLICE_X105Y325.CO6   CARRY8 (Prop_CARRY8_SLICEL_CI_CO[6])
                                                      0.092    21.255 r  reconfigurable pblock_CL            WRAPPER/CL/u_tile/u_squant/pack_reg[58]_i_1496/CO[6]
                         net (fo=40, routed)          0.971    22.225    reconfigurable                      WRAPPER/CL/u_tile/u_squant/pack_reg[58]_i_1496_n_1
    SLICE_X122Y320.A3                                                 r  reconfigurable pblock_CL            WRAPPER/CL/u_tile/u_squant/pack[58]_i_1534/I0
    SLICE_X122Y320.O6    LUT3 (Prop_F6LUT_SLICEM_I0_O)
                                                      0.098    22.323 r  reconfigurable pblock_CL            WRAPPER/CL/u_tile/u_squant/pack[58]_i_1534/O
                         net (fo=1, routed)           0.022    22.345    reconfigurable                      WRAPPER/CL/u_tile/u_squant/pack[58]_i_1534_n_0
    SLICE_X122Y320.S5                                                 r  reconfigurable pblock_CL            WRAPPER/CL/u_tile/u_squant/pack_reg[58]_i_1480/S[5]
    SLICE_X122Y320.CO7   CARRY8 (Prop_CARRY8_SLICEM_S[5]_CO[7])
                                                      0.159    22.504 r  reconfigurable pblock_CL            WRAPPER/CL/u_tile/u_squant/pack_reg[58]_i_1480/CO[7]
                         net (fo=1, routed)           0.026    22.530    reconfigurable                      WRAPPER/CL/u_tile/u_squant/pack_reg[58]_i_1480_n_0
    SLICE_X122Y321.CIN                                                r  reconfigurable pblock_CL            WRAPPER/CL/u_tile/u_squant/pack_reg[58]_i_1471/CI
    SLICE_X122Y321.CO7   CARRY8 (Prop_CARRY8_SLICEM_CI_CO[7])
                                                      0.015    22.545 r  reconfigurable pblock_CL            WRAPPER/CL/u_tile/u_squant/pack_reg[58]_i_1471/CO[7]
                         net (fo=1, routed)           0.026    22.571    reconfigurable                      WRAPPER/CL/u_tile/u_squant/pack_reg[58]_i_1471_n_0
    SLICE_X122Y322.CIN                                                r  reconfigurable pblock_CL            WRAPPER/CL/u_tile/u_squant/pack_reg[58]_i_1462/CI
    SLICE_X122Y322.CO7   CARRY8 (Prop_CARRY8_SLICEM_CI_CO[7])
                                                      0.015    22.586 r  reconfigurable pblock_CL            WRAPPER/CL/u_tile/u_squant/pack_reg[58]_i_1462/CO[7]
                         net (fo=1, routed)           0.026    22.612    reconfigurable                      WRAPPER/CL/u_tile/u_squant/pack_reg[58]_i_1462_n_0
    SLICE_X122Y323.CIN                                                r  reconfigurable pblock_CL            WRAPPER/CL/u_tile/u_squant/pack_reg[58]_i_1454/CI
    SLICE_X122Y323.CO7   CARRY8 (Prop_CARRY8_SLICEM_CI_CO[7])
                                                      0.015    22.627 r  reconfigurable pblock_CL            WRAPPER/CL/u_tile/u_squant/pack_reg[58]_i_1454/CO[7]
                         net (fo=1, routed)           0.026    22.653    reconfigurable                      WRAPPER/CL/u_tile/u_squant/pack_reg[58]_i_1454_n_0
    SLICE_X122Y324.CIN                                                r  reconfigurable pblock_CL            WRAPPER/CL/u_tile/u_squant/pack_reg[58]_i_1453/CI
    SLICE_X122Y324.CO6   CARRY8 (Prop_CARRY8_SLICEM_CI_CO[6])
                                                      0.092    22.745 r  reconfigurable pblock_CL            WRAPPER/CL/u_tile/u_squant/pack_reg[58]_i_1453/CO[6]
                         net (fo=40, routed)          0.309    23.054    reconfigurable                      WRAPPER/CL/u_tile/u_squant/pack_reg[58]_i_1453_n_1
    SLICE_X123Y320.A4                                                 r  reconfigurable pblock_CL            WRAPPER/CL/u_tile/u_squant/pack[58]_i_1495/I0
    SLICE_X123Y320.O6    LUT3 (Prop_B6LUT_SLICEL_I0_O)
                                                      0.090    23.144 r  reconfigurable pblock_CL            WRAPPER/CL/u_tile/u_squant/pack[58]_i_1495/O
                         net (fo=1, routed)           0.009    23.153    reconfigurable                      WRAPPER/CL/u_tile/u_squant/pack[58]_i_1495_n_0
    SLICE_X123Y320.S1                                                 r  reconfigurable pblock_CL            WRAPPER/CL/u_tile/u_squant/pack_reg[58]_i_1437/S[1]
    SLICE_X123Y320.CO7   CARRY8 (Prop_CARRY8_SLICEL_S[1]_CO[7])
                                                      0.186    23.339 r  reconfigurable pblock_CL            WRAPPER/CL/u_tile/u_squant/pack_reg[58]_i_1437/CO[7]
                         net (fo=1, routed)           0.026    23.365    reconfigurable                      WRAPPER/CL/u_tile/u_squant/pack_reg[58]_i_1437_n_0
    SLICE_X123Y321.CIN                                                r  reconfigurable pblock_CL            WRAPPER/CL/u_tile/u_squant/pack_reg[58]_i_1428/CI
    SLICE_X123Y321.CO7   CARRY8 (Prop_CARRY8_SLICEL_CI_CO[7])
                                                      0.015    23.380 r  reconfigurable pblock_CL            WRAPPER/CL/u_tile/u_squant/pack_reg[58]_i_1428/CO[7]
                         net (fo=1, routed)           0.026    23.406    reconfigurable                      WRAPPER/CL/u_tile/u_squant/pack_reg[58]_i_1428_n_0
    SLICE_X123Y322.CIN                                                r  reconfigurable pblock_CL            WRAPPER/CL/u_tile/u_squant/pack_reg[58]_i_1419/CI
    SLICE_X123Y322.CO7   CARRY8 (Prop_CARRY8_SLICEL_CI_CO[7])
                                                      0.015    23.421 r  reconfigurable pblock_CL            WRAPPER/CL/u_tile/u_squant/pack_reg[58]_i_1419/CO[7]
                         net (fo=1, routed)           0.026    23.447    reconfigurable                      WRAPPER/CL/u_tile/u_squant/pack_reg[58]_i_1419_n_0
    SLICE_X123Y323.CIN                                                r  reconfigurable pblock_CL            WRAPPER/CL/u_tile/u_squant/pack_reg[58]_i_1411/CI
    SLICE_X123Y323.CO7   CARRY8 (Prop_CARRY8_SLICEL_CI_CO[7])
                                                      0.015    23.462 r  reconfigurable pblock_CL            WRAPPER/CL/u_tile/u_squant/pack_reg[58]_i_1411/CO[7]
                         net (fo=1, routed)           0.026    23.488    reconfigurable                      WRAPPER/CL/u_tile/u_squant/pack_reg[58]_i_1411_n_0
    SLICE_X123Y324.CIN                                                r  reconfigurable pblock_CL            WRAPPER/CL/u_tile/u_squant/pack_reg[58]_i_1410/CI
    SLICE_X123Y324.CO6   CARRY8 (Prop_CARRY8_SLICEL_CI_CO[6])
                                                      0.092    23.580 r  reconfigurable pblock_CL            WRAPPER/CL/u_tile/u_squant/pack_reg[58]_i_1410/CO[6]
                         net (fo=40, routed)          0.325    23.905    reconfigurable                      WRAPPER/CL/u_tile/u_squant/pack_reg[58]_i_1410_n_1
    SLICE_X123Y315.A4                                                 r  reconfigurable pblock_CL            WRAPPER/CL/u_tile/u_squant/pack[58]_i_1450/I0
    SLICE_X123Y315.O6    LUT3 (Prop_D6LUT_SLICEL_I0_O)
                                                      0.089    23.994 r  reconfigurable pblock_CL            WRAPPER/CL/u_tile/u_squant/pack[58]_i_1450/O
                         net (fo=1, routed)           0.009    24.003    reconfigurable                      WRAPPER/CL/u_tile/u_squant/pack[58]_i_1450_n_0
    SLICE_X123Y315.S3                                                 r  reconfigurable pblock_CL            WRAPPER/CL/u_tile/u_squant/pack_reg[58]_i_1394/S[3]
    SLICE_X123Y315.CO7   CARRY8 (Prop_CARRY8_SLICEL_S[3]_CO[7])
                                                      0.154    24.157 r  reconfigurable pblock_CL            WRAPPER/CL/u_tile/u_squant/pack_reg[58]_i_1394/CO[7]
                         net (fo=1, routed)           0.026    24.183    reconfigurable                      WRAPPER/CL/u_tile/u_squant/pack_reg[58]_i_1394_n_0
    SLICE_X123Y316.CIN                                                r  reconfigurable pblock_CL            WRAPPER/CL/u_tile/u_squant/pack_reg[58]_i_1385/CI
    SLICE_X123Y316.CO7   CARRY8 (Prop_CARRY8_SLICEL_CI_CO[7])
                                                      0.015    24.198 r  reconfigurable pblock_CL            WRAPPER/CL/u_tile/u_squant/pack_reg[58]_i_1385/CO[7]
                         net (fo=1, routed)           0.026    24.224    reconfigurable                      WRAPPER/CL/u_tile/u_squant/pack_reg[58]_i_1385_n_0
    SLICE_X123Y317.CIN                                                r  reconfigurable pblock_CL            WRAPPER/CL/u_tile/u_squant/pack_reg[58]_i_1376/CI
    SLICE_X123Y317.CO7   CARRY8 (Prop_CARRY8_SLICEL_CI_CO[7])
                                                      0.015    24.239 r  reconfigurable pblock_CL            WRAPPER/CL/u_tile/u_squant/pack_reg[58]_i_1376/CO[7]
                         net (fo=1, routed)           0.026    24.265    reconfigurable                      WRAPPER/CL/u_tile/u_squant/pack_reg[58]_i_1376_n_0
    SLICE_X123Y318.CIN                                                r  reconfigurable pblock_CL            WRAPPER/CL/u_tile/u_squant/pack_reg[58]_i_1368/CI
    SLICE_X123Y318.CO7   CARRY8 (Prop_CARRY8_SLICEL_CI_CO[7])
                                                      0.015    24.280 r  reconfigurable pblock_CL            WRAPPER/CL/u_tile/u_squant/pack_reg[58]_i_1368/CO[7]
                         net (fo=1, routed)           0.026    24.306    reconfigurable                      WRAPPER/CL/u_tile/u_squant/pack_reg[58]_i_1368_n_0
    SLICE_X123Y319.CIN                                                r  reconfigurable pblock_CL            WRAPPER/CL/u_tile/u_squant/pack_reg[58]_i_1367/CI
    SLICE_X123Y319.CO6   CARRY8 (Prop_CARRY8_SLICEL_CI_CO[6])
                                                      0.092    24.398 r  reconfigurable pblock_CL            WRAPPER/CL/u_tile/u_squant/pack_reg[58]_i_1367/CO[6]
                         net (fo=40, routed)          0.298    24.696    reconfigurable                      WRAPPER/CL/u_tile/u_squant/pack_reg[58]_i_1367_n_1
    SLICE_X122Y314.A5                                                 r  reconfigurable pblock_CL            WRAPPER/CL/u_tile/u_squant/pack[58]_i_1409/I0
    SLICE_X122Y314.O6    LUT3 (Prop_B6LUT_SLICEM_I0_O)
                                                      0.052    24.748 r  reconfigurable pblock_CL            WRAPPER/CL/u_tile/u_squant/pack[58]_i_1409/O
                         net (fo=1, routed)           0.016    24.764    reconfigurable                      WRAPPER/CL/u_tile/u_squant/pack[58]_i_1409_n_0
    SLICE_X122Y314.S1                                                 r  reconfigurable pblock_CL            WRAPPER/CL/u_tile/u_squant/pack_reg[58]_i_1351/S[1]
    SLICE_X122Y314.CO7   CARRY8 (Prop_CARRY8_SLICEM_S[1]_CO[7])
                                                      0.190    24.954 r  reconfigurable pblock_CL            WRAPPER/CL/u_tile/u_squant/pack_reg[58]_i_1351/CO[7]
                         net (fo=1, routed)           0.026    24.980    reconfigurable                      WRAPPER/CL/u_tile/u_squant/pack_reg[58]_i_1351_n_0
    SLICE_X122Y315.CIN                                                r  reconfigurable pblock_CL            WRAPPER/CL/u_tile/u_squant/pack_reg[58]_i_1342/CI
    SLICE_X122Y315.CO7   CARRY8 (Prop_CARRY8_SLICEM_CI_CO[7])
                                                      0.015    24.995 r  reconfigurable pblock_CL            WRAPPER/CL/u_tile/u_squant/pack_reg[58]_i_1342/CO[7]
                         net (fo=1, routed)           0.026    25.021    reconfigurable                      WRAPPER/CL/u_tile/u_squant/pack_reg[58]_i_1342_n_0
    SLICE_X122Y316.CIN                                                r  reconfigurable pblock_CL            WRAPPER/CL/u_tile/u_squant/pack_reg[58]_i_1333/CI
    SLICE_X122Y316.CO7   CARRY8 (Prop_CARRY8_SLICEM_CI_CO[7])
                                                      0.015    25.036 r  reconfigurable pblock_CL            WRAPPER/CL/u_tile/u_squant/pack_reg[58]_i_1333/CO[7]
                         net (fo=1, routed)           0.026    25.062    reconfigurable                      WRAPPER/CL/u_tile/u_squant/pack_reg[58]_i_1333_n_0
    SLICE_X122Y317.CIN                                                r  reconfigurable pblock_CL            WRAPPER/CL/u_tile/u_squant/pack_reg[58]_i_1325/CI
    SLICE_X122Y317.CO7   CARRY8 (Prop_CARRY8_SLICEM_CI_CO[7])
                                                      0.015    25.077 r  reconfigurable pblock_CL            WRAPPER/CL/u_tile/u_squant/pack_reg[58]_i_1325/CO[7]
                         net (fo=1, routed)           0.026    25.103    reconfigurable                      WRAPPER/CL/u_tile/u_squant/pack_reg[58]_i_1325_n_0
    SLICE_X122Y318.CIN                                                r  reconfigurable pblock_CL            WRAPPER/CL/u_tile/u_squant/pack_reg[58]_i_1324/CI
    SLICE_X122Y318.CO6   CARRY8 (Prop_CARRY8_SLICEM_CI_CO[6])
                                                      0.092    25.195 r  reconfigurable pblock_CL            WRAPPER/CL/u_tile/u_squant/pack_reg[58]_i_1324/CO[6]
                         net (fo=40, routed)          1.183    26.378    reconfigurable                      WRAPPER/CL/u_tile/u_squant/pack_reg[58]_i_1324_n_1
    SLICE_X96Y315.A2                                                  r  reconfigurable pblock_CL            WRAPPER/CL/u_tile/u_squant/pack[58]_i_1359/I0
    SLICE_X96Y315.O6     LUT3 (Prop_A6LUT_SLICEL_I0_O)
                                                      0.124    26.502 r  reconfigurable pblock_CL            WRAPPER/CL/u_tile/u_squant/pack[58]_i_1359/O
                         net (fo=1, routed)           0.009    26.511    reconfigurable                      WRAPPER/CL/u_tile/u_squant/pack[58]_i_1359_n_0
    SLICE_X96Y315.S0                                                  r  reconfigurable pblock_CL            WRAPPER/CL/u_tile/u_squant/pack_reg[58]_i_1299/S[0]
    SLICE_X96Y315.CO7    CARRY8 (Prop_CARRY8_SLICEL_S[0]_CO[7])
                                                      0.190    26.701 r  reconfigurable pblock_CL            WRAPPER/CL/u_tile/u_squant/pack_reg[58]_i_1299/CO[7]
                         net (fo=1, routed)           0.026    26.727    reconfigurable                      WRAPPER/CL/u_tile/u_squant/pack_reg[58]_i_1299_n_0
    SLICE_X96Y316.CIN                                                 r  reconfigurable pblock_CL            WRAPPER/CL/u_tile/u_squant/pack_reg[58]_i_1290/CI
    SLICE_X96Y316.CO7    CARRY8 (Prop_CARRY8_SLICEL_CI_CO[7])
                                                      0.015    26.742 r  reconfigurable pblock_CL            WRAPPER/CL/u_tile/u_squant/pack_reg[58]_i_1290/CO[7]
                         net (fo=1, routed)           0.026    26.768    reconfigurable                      WRAPPER/CL/u_tile/u_squant/pack_reg[58]_i_1290_n_0
    SLICE_X96Y317.CIN                                                 r  reconfigurable pblock_CL            WRAPPER/CL/u_tile/u_squant/pack_reg[58]_i_1282/CI
    SLICE_X96Y317.CO7    CARRY8 (Prop_CARRY8_SLICEL_CI_CO[7])
                                                      0.015    26.783 r  reconfigurable pblock_CL            WRAPPER/CL/u_tile/u_squant/pack_reg[58]_i_1282/CO[7]
                         net (fo=1, routed)           0.026    26.809    reconfigurable                      WRAPPER/CL/u_tile/u_squant/pack_reg[58]_i_1282_n_0
    SLICE_X96Y318.CIN                                                 r  reconfigurable pblock_CL            WRAPPER/CL/u_tile/u_squant/pack_reg[58]_i_1281/CI
    SLICE_X96Y318.CO6    CARRY8 (Prop_CARRY8_SLICEL_CI_CO[6])
                                                      0.092    26.901 r  reconfigurable pblock_CL            WRAPPER/CL/u_tile/u_squant/pack_reg[58]_i_1281/CO[6]
                         net (fo=40, routed)          0.593    27.495    reconfigurable                      WRAPPER/CL/u_tile/u_squant/pack_reg[58]_i_1281_n_1
    SLICE_X92Y314.AX                                                  r  reconfigurable pblock_CL            WRAPPER/CL/u_tile/u_squant/pack_reg[58]_i_1265/CI
    SLICE_X92Y314.CO7    CARRY8 (Prop_CARRY8_SLICEL_CI_CO[7])
                                                      0.151    27.646 r  reconfigurable pblock_CL            WRAPPER/CL/u_tile/u_squant/pack_reg[58]_i_1265/CO[7]
                         net (fo=1, routed)           0.026    27.672    reconfigurable                      WRAPPER/CL/u_tile/u_squant/pack_reg[58]_i_1265_n_0
    SLICE_X92Y315.CIN                                                 r  reconfigurable pblock_CL            WRAPPER/CL/u_tile/u_squant/pack_reg[58]_i_1256/CI
    SLICE_X92Y315.CO7    CARRY8 (Prop_CARRY8_SLICEL_CI_CO[7])
                                                      0.015    27.687 r  reconfigurable pblock_CL            WRAPPER/CL/u_tile/u_squant/pack_reg[58]_i_1256/CO[7]
                         net (fo=1, routed)           0.026    27.713    reconfigurable                      WRAPPER/CL/u_tile/u_squant/pack_reg[58]_i_1256_n_0
    SLICE_X92Y316.CIN                                                 r  reconfigurable pblock_CL            WRAPPER/CL/u_tile/u_squant/pack_reg[58]_i_1247/CI
    SLICE_X92Y316.CO7    CARRY8 (Prop_CARRY8_SLICEL_CI_CO[7])
                                                      0.015    27.728 r  reconfigurable pblock_CL            WRAPPER/CL/u_tile/u_squant/pack_reg[58]_i_1247/CO[7]
                         net (fo=1, routed)           0.026    27.754    reconfigurable                      WRAPPER/CL/u_tile/u_squant/pack_reg[58]_i_1247_n_0
    SLICE_X92Y317.CIN                                                 r  reconfigurable pblock_CL            WRAPPER/CL/u_tile/u_squant/pack_reg[58]_i_1239/CI
    SLICE_X92Y317.CO7    CARRY8 (Prop_CARRY8_SLICEL_CI_CO[7])
                                                      0.015    27.769 r  reconfigurable pblock_CL            WRAPPER/CL/u_tile/u_squant/pack_reg[58]_i_1239/CO[7]
                         net (fo=1, routed)           0.026    27.795    reconfigurable                      WRAPPER/CL/u_tile/u_squant/pack_reg[58]_i_1239_n_0
    SLICE_X92Y318.CIN                                                 r  reconfigurable pblock_CL            WRAPPER/CL/u_tile/u_squant/pack_reg[58]_i_1238/CI
    SLICE_X92Y318.CO6    CARRY8 (Prop_CARRY8_SLICEL_CI_CO[6])
                                                      0.092    27.887 r  reconfigurable pblock_CL            WRAPPER/CL/u_tile/u_squant/pack_reg[58]_i_1238/CO[6]
                         net (fo=40, routed)          0.327    28.214    reconfigurable                      WRAPPER/CL/u_tile/u_squant/pack_reg[58]_i_1238_n_1
    SLICE_X92Y309.A3                                                  r  reconfigurable pblock_CL            WRAPPER/CL/u_tile/u_squant/pack[58]_i_1276/I0
    SLICE_X92Y309.O6     LUT3 (Prop_F6LUT_SLICEL_I0_O)
                                                      0.097    28.311 r  reconfigurable pblock_CL            WRAPPER/CL/u_tile/u_squant/pack[58]_i_1276/O
                         net (fo=1, routed)           0.011    28.322    reconfigurable                      WRAPPER/CL/u_tile/u_squant/pack[58]_i_1276_n_0
    SLICE_X92Y309.S5                                                  r  reconfigurable pblock_CL            WRAPPER/CL/u_tile/u_squant/pack_reg[58]_i_1222/S[5]
    SLICE_X92Y309.CO7    CARRY8 (Prop_CARRY8_SLICEL_S[5]_CO[7])
                                                      0.155    28.477 r  reconfigurable pblock_CL            WRAPPER/CL/u_tile/u_squant/pack_reg[58]_i_1222/CO[7]
                         net (fo=1, routed)           0.026    28.503    reconfigurable                      WRAPPER/CL/u_tile/u_squant/pack_reg[58]_i_1222_n_0
    SLICE_X92Y310.CIN                                                 r  reconfigurable pblock_CL            WRAPPER/CL/u_tile/u_squant/pack_reg[58]_i_1213/CI
    SLICE_X92Y310.CO7    CARRY8 (Prop_CARRY8_SLICEL_CI_CO[7])
                                                      0.015    28.518 r  reconfigurable pblock_CL            WRAPPER/CL/u_tile/u_squant/pack_reg[58]_i_1213/CO[7]
                         net (fo=1, routed)           0.026    28.544    reconfigurable                      WRAPPER/CL/u_tile/u_squant/pack_reg[58]_i_1213_n_0
    SLICE_X92Y311.CIN                                                 r  reconfigurable pblock_CL            WRAPPER/CL/u_tile/u_squant/pack_reg[58]_i_1204/CI
    SLICE_X92Y311.CO7    CARRY8 (Prop_CARRY8_SLICEL_CI_CO[7])
                                                      0.015    28.559 r  reconfigurable pblock_CL            WRAPPER/CL/u_tile/u_squant/pack_reg[58]_i_1204/CO[7]
                         net (fo=1, routed)           0.026    28.585    reconfigurable                      WRAPPER/CL/u_tile/u_squant/pack_reg[58]_i_1204_n_0
    SLICE_X92Y312.CIN                                                 r  reconfigurable pblock_CL            WRAPPER/CL/u_tile/u_squant/pack_reg[58]_i_1196/CI
    SLICE_X92Y312.CO7    CARRY8 (Prop_CARRY8_SLICEL_CI_CO[7])
                                                      0.015    28.600 r  reconfigurable pblock_CL            WRAPPER/CL/u_tile/u_squant/pack_reg[58]_i_1196/CO[7]
                         net (fo=1, routed)           0.026    28.626    reconfigurable                      WRAPPER/CL/u_tile/u_squant/pack_reg[58]_i_1196_n_0
    SLICE_X92Y313.CIN                                                 r  reconfigurable pblock_CL            WRAPPER/CL/u_tile/u_squant/pack_reg[58]_i_1195/CI
    SLICE_X92Y313.CO6    CARRY8 (Prop_CARRY8_SLICEL_CI_CO[6])
                                                      0.092    28.718 r  reconfigurable pblock_CL            WRAPPER/CL/u_tile/u_squant/pack_reg[58]_i_1195/CO[6]
                         net (fo=40, routed)          0.377    29.095    reconfigurable                      WRAPPER/CL/u_tile/u_squant/pack_reg[58]_i_1195_n_1
    SLICE_X93Y309.A4                                                  r  reconfigurable pblock_CL            WRAPPER/CL/u_tile/u_squant/pack[58]_i_1231/I0
    SLICE_X93Y309.O6     LUT3 (Prop_H6LUT_SLICEL_I0_O)
                                                      0.090    29.185 r  reconfigurable pblock_CL            WRAPPER/CL/u_tile/u_squant/pack[58]_i_1231/O
                         net (fo=1, routed)           0.010    29.195    reconfigurable                      WRAPPER/CL/u_tile/u_squant/pack[58]_i_1231_n_0
    SLICE_X93Y309.S7                                                  r  reconfigurable pblock_CL            WRAPPER/CL/u_tile/u_squant/pack_reg[58]_i_1179/S[7]
    SLICE_X93Y309.CO7    CARRY8 (Prop_CARRY8_SLICEL_S[7]_CO[7])
                                                      0.115    29.310 r  reconfigurable pblock_CL            WRAPPER/CL/u_tile/u_squant/pack_reg[58]_i_1179/CO[7]
                         net (fo=1, routed)           0.026    29.336    reconfigurable                      WRAPPER/CL/u_tile/u_squant/pack_reg[58]_i_1179_n_0
    SLICE_X93Y310.CIN                                                 r  reconfigurable pblock_CL            WRAPPER/CL/u_tile/u_squant/pack_reg[58]_i_1170/CI
    SLICE_X93Y310.CO7    CARRY8 (Prop_CARRY8_SLICEL_CI_CO[7])
                                                      0.015    29.351 r  reconfigurable pblock_CL            WRAPPER/CL/u_tile/u_squant/pack_reg[58]_i_1170/CO[7]
                         net (fo=1, routed)           0.026    29.377    reconfigurable                      WRAPPER/CL/u_tile/u_squant/pack_reg[58]_i_1170_n_0
    SLICE_X93Y311.CIN                                                 r  reconfigurable pblock_CL            WRAPPER/CL/u_tile/u_squant/pack_reg[58]_i_1161/CI
    SLICE_X93Y311.CO7    CARRY8 (Prop_CARRY8_SLICEL_CI_CO[7])
                                                      0.015    29.392 r  reconfigurable pblock_CL            WRAPPER/CL/u_tile/u_squant/pack_reg[58]_i_1161/CO[7]
                         net (fo=1, routed)           0.026    29.418    reconfigurable                      WRAPPER/CL/u_tile/u_squant/pack_reg[58]_i_1161_n_0
    SLICE_X93Y312.CIN                                                 r  reconfigurable pblock_CL            WRAPPER/CL/u_tile/u_squant/pack_reg[58]_i_1153/CI
    SLICE_X93Y312.CO7    CARRY8 (Prop_CARRY8_SLICEL_CI_CO[7])
                                                      0.015    29.433 r  reconfigurable pblock_CL            WRAPPER/CL/u_tile/u_squant/pack_reg[58]_i_1153/CO[7]
                         net (fo=1, routed)           0.026    29.459    reconfigurable                      WRAPPER/CL/u_tile/u_squant/pack_reg[58]_i_1153_n_0
    SLICE_X93Y313.CIN                                                 r  reconfigurable pblock_CL            WRAPPER/CL/u_tile/u_squant/pack_reg[58]_i_1152/CI
    SLICE_X93Y313.CO6    CARRY8 (Prop_CARRY8_SLICEL_CI_CO[6])
                                                      0.092    29.551 r  reconfigurable pblock_CL            WRAPPER/CL/u_tile/u_squant/pack_reg[58]_i_1152/CO[6]
                         net (fo=40, routed)          0.314    29.865    reconfigurable                      WRAPPER/CL/u_tile/u_squant/pack_reg[58]_i_1152_n_1
    SLICE_X94Y309.A5                                                  r  reconfigurable pblock_CL            WRAPPER/CL/u_tile/u_squant/pack[58]_i_1190/I0
    SLICE_X94Y309.O6     LUT3 (Prop_F6LUT_SLICEM_I0_O)
                                                      0.051    29.916 r  reconfigurable pblock_CL            WRAPPER/CL/u_tile/u_squant/pack[58]_i_1190/O
                         net (fo=1, routed)           0.022    29.938    reconfigurable                      WRAPPER/CL/u_tile/u_squant/pack[58]_i_1190_n_0
    SLICE_X94Y309.S5                                                  r  reconfigurable pblock_CL            WRAPPER/CL/u_tile/u_squant/pack_reg[58]_i_1136/S[5]
    SLICE_X94Y309.CO7    CARRY8 (Prop_CARRY8_SLICEM_S[5]_CO[7])
                                                      0.159    30.097 r  reconfigurable pblock_CL            WRAPPER/CL/u_tile/u_squant/pack_reg[58]_i_1136/CO[7]
                         net (fo=1, routed)           0.026    30.123    reconfigurable                      WRAPPER/CL/u_tile/u_squant/pack_reg[58]_i_1136_n_0
    SLICE_X94Y310.CIN                                                 r  reconfigurable pblock_CL            WRAPPER/CL/u_tile/u_squant/pack_reg[58]_i_1127/CI
    SLICE_X94Y310.CO7    CARRY8 (Prop_CARRY8_SLICEM_CI_CO[7])
                                                      0.015    30.138 r  reconfigurable pblock_CL            WRAPPER/CL/u_tile/u_squant/pack_reg[58]_i_1127/CO[7]
                         net (fo=1, routed)           0.026    30.164    reconfigurable                      WRAPPER/CL/u_tile/u_squant/pack_reg[58]_i_1127_n_0
    SLICE_X94Y311.CIN                                                 r  reconfigurable pblock_CL            WRAPPER/CL/u_tile/u_squant/pack_reg[58]_i_1118/CI
    SLICE_X94Y311.CO7    CARRY8 (Prop_CARRY8_SLICEM_CI_CO[7])
                                                      0.015    30.179 r  reconfigurable pblock_CL            WRAPPER/CL/u_tile/u_squant/pack_reg[58]_i_1118/CO[7]
                         net (fo=1, routed)           0.026    30.205    reconfigurable                      WRAPPER/CL/u_tile/u_squant/pack_reg[58]_i_1118_n_0
    SLICE_X94Y312.CIN                                                 r  reconfigurable pblock_CL            WRAPPER/CL/u_tile/u_squant/pack_reg[58]_i_1110/CI
    SLICE_X94Y312.CO7    CARRY8 (Prop_CARRY8_SLICEM_CI_CO[7])
                                                      0.015    30.220 r  reconfigurable pblock_CL            WRAPPER/CL/u_tile/u_squant/pack_reg[58]_i_1110/CO[7]
                         net (fo=1, routed)           0.026    30.246    reconfigurable                      WRAPPER/CL/u_tile/u_squant/pack_reg[58]_i_1110_n_0
    SLICE_X94Y313.CIN                                                 r  reconfigurable pblock_CL            WRAPPER/CL/u_tile/u_squant/pack_reg[58]_i_1109/CI
    SLICE_X94Y313.CO6    CARRY8 (Prop_CARRY8_SLICEM_CI_CO[6])
                                                      0.092    30.338 r  reconfigurable pblock_CL            WRAPPER/CL/u_tile/u_squant/pack_reg[58]_i_1109/CO[6]
                         net (fo=40, routed)          0.297    30.635    reconfigurable                      WRAPPER/CL/u_tile/u_squant/pack_reg[58]_i_1109_n_1
    SLICE_X95Y311.A5                                                  r  reconfigurable pblock_CL            WRAPPER/CL/u_tile/u_squant/pack[58]_i_1147/I0
    SLICE_X95Y311.O6     LUT3 (Prop_F6LUT_SLICEM_I0_O)
                                                      0.051    30.686 r  reconfigurable pblock_CL            WRAPPER/CL/u_tile/u_squant/pack[58]_i_1147/O
                         net (fo=1, routed)           0.022    30.708    reconfigurable                      WRAPPER/CL/u_tile/u_squant/pack[58]_i_1147_n_0
    SLICE_X95Y311.S5                                                  r  reconfigurable pblock_CL            WRAPPER/CL/u_tile/u_squant/pack_reg[58]_i_1093/S[5]
    SLICE_X95Y311.CO7    CARRY8 (Prop_CARRY8_SLICEM_S[5]_CO[7])
                                                      0.159    30.867 r  reconfigurable pblock_CL            WRAPPER/CL/u_tile/u_squant/pack_reg[58]_i_1093/CO[7]
                         net (fo=1, routed)           0.026    30.893    reconfigurable                      WRAPPER/CL/u_tile/u_squant/pack_reg[58]_i_1093_n_0
    SLICE_X95Y312.CIN                                                 r  reconfigurable pblock_CL            WRAPPER/CL/u_tile/u_squant/pack_reg[58]_i_1084/CI
    SLICE_X95Y312.CO7    CARRY8 (Prop_CARRY8_SLICEM_CI_CO[7])
                                                      0.015    30.908 r  reconfigurable pblock_CL            WRAPPER/CL/u_tile/u_squant/pack_reg[58]_i_1084/CO[7]
                         net (fo=1, routed)           0.026    30.934    reconfigurable                      WRAPPER/CL/u_tile/u_squant/pack_reg[58]_i_1084_n_0
    SLICE_X95Y313.CIN                                                 r  reconfigurable pblock_CL            WRAPPER/CL/u_tile/u_squant/pack_reg[58]_i_1075/CI
    SLICE_X95Y313.CO7    CARRY8 (Prop_CARRY8_SLICEM_CI_CO[7])
                                                      0.015    30.949 r  reconfigurable pblock_CL            WRAPPER/CL/u_tile/u_squant/pack_reg[58]_i_1075/CO[7]
                         net (fo=1, routed)           0.026    30.975    reconfigurable                      WRAPPER/CL/u_tile/u_squant/pack_reg[58]_i_1075_n_0
    SLICE_X95Y314.CIN                                                 r  reconfigurable pblock_CL            WRAPPER/CL/u_tile/u_squant/pack_reg[58]_i_1067/CI
    SLICE_X95Y314.CO7    CARRY8 (Prop_CARRY8_SLICEM_CI_CO[7])
                                                      0.015    30.990 r  reconfigurable pblock_CL            WRAPPER/CL/u_tile/u_squant/pack_reg[58]_i_1067/CO[7]
                         net (fo=1, routed)           0.026    31.016    reconfigurable                      WRAPPER/CL/u_tile/u_squant/pack_reg[58]_i_1067_n_0
    SLICE_X95Y315.CIN                                                 r  reconfigurable pblock_CL            WRAPPER/CL/u_tile/u_squant/pack_reg[58]_i_1066/CI
    SLICE_X95Y315.CO6    CARRY8 (Prop_CARRY8_SLICEM_CI_CO[6])
                                                      0.092    31.108 r  reconfigurable pblock_CL            WRAPPER/CL/u_tile/u_squant/pack_reg[58]_i_1066/CO[6]
                         net (fo=40, routed)          0.584    31.692    reconfigurable                      WRAPPER/CL/u_tile/u_squant/pack_reg[58]_i_1066_n_1
    SLICE_X110Y310.A3                                                 r  reconfigurable pblock_CL            WRAPPER/CL/u_tile/u_squant/pack[58]_i_1104/I0
    SLICE_X110Y310.O6    LUT3 (Prop_F6LUT_SLICEL_I0_O)
                                                      0.097    31.789 r  reconfigurable pblock_CL            WRAPPER/CL/u_tile/u_squant/pack[58]_i_1104/O
                         net (fo=1, routed)           0.011    31.800    reconfigurable                      WRAPPER/CL/u_tile/u_squant/pack[58]_i_1104_n_0
    SLICE_X110Y310.S5                                                 r  reconfigurable pblock_CL            WRAPPER/CL/u_tile/u_squant/pack_reg[58]_i_1050/S[5]
    SLICE_X110Y310.CO7   CARRY8 (Prop_CARRY8_SLICEL_S[5]_CO[7])
                                                      0.155    31.955 r  reconfigurable pblock_CL            WRAPPER/CL/u_tile/u_squant/pack_reg[58]_i_1050/CO[7]
                         net (fo=1, routed)           0.026    31.981    reconfigurable                      WRAPPER/CL/u_tile/u_squant/pack_reg[58]_i_1050_n_0
    SLICE_X110Y311.CIN                                                r  reconfigurable pblock_CL            WRAPPER/CL/u_tile/u_squant/pack_reg[58]_i_1041/CI
    SLICE_X110Y311.CO7   CARRY8 (Prop_CARRY8_SLICEL_CI_CO[7])
                                                      0.015    31.996 r  reconfigurable pblock_CL            WRAPPER/CL/u_tile/u_squant/pack_reg[58]_i_1041/CO[7]
                         net (fo=1, routed)           0.026    32.022    reconfigurable                      WRAPPER/CL/u_tile/u_squant/pack_reg[58]_i_1041_n_0
    SLICE_X110Y312.CIN                                                r  reconfigurable pblock_CL            WRAPPER/CL/u_tile/u_squant/pack_reg[58]_i_1032/CI
    SLICE_X110Y312.CO7   CARRY8 (Prop_CARRY8_SLICEL_CI_CO[7])
                                                      0.015    32.037 r  reconfigurable pblock_CL            WRAPPER/CL/u_tile/u_squant/pack_reg[58]_i_1032/CO[7]
                         net (fo=1, routed)           0.026    32.063    reconfigurable                      WRAPPER/CL/u_tile/u_squant/pack_reg[58]_i_1032_n_0
    SLICE_X110Y313.CIN                                                r  reconfigurable pblock_CL            WRAPPER/CL/u_tile/u_squant/pack_reg[58]_i_1024/CI
    SLICE_X110Y313.CO7   CARRY8 (Prop_CARRY8_SLICEL_CI_CO[7])
                                                      0.015    32.078 r  reconfigurable pblock_CL            WRAPPER/CL/u_tile/u_squant/pack_reg[58]_i_1024/CO[7]
                         net (fo=1, routed)           0.026    32.104    reconfigurable                      WRAPPER/CL/u_tile/u_squant/pack_reg[58]_i_1024_n_0
    SLICE_X110Y314.CIN                                                r  reconfigurable pblock_CL            WRAPPER/CL/u_tile/u_squant/pack_reg[58]_i_1023/CI
    SLICE_X110Y314.CO6   CARRY8 (Prop_CARRY8_SLICEL_CI_CO[6])
                                                      0.092    32.196 r  reconfigurable pblock_CL            WRAPPER/CL/u_tile/u_squant/pack_reg[58]_i_1023/CO[6]
                         net (fo=40, routed)          0.815    33.011    reconfigurable                      WRAPPER/CL/u_tile/u_squant/pack_reg[58]_i_1023_n_1
    SLICE_X123Y311.A1                                                 r  reconfigurable pblock_CL            WRAPPER/CL/u_tile/u_squant/pack[58]_i_1053/I0
    SLICE_X123Y311.O6    LUT3 (Prop_F6LUT_SLICEL_I0_O)
                                                      0.148    33.159 r  reconfigurable pblock_CL            WRAPPER/CL/u_tile/u_squant/pack[58]_i_1053/O
                         net (fo=1, routed)           0.011    33.170    reconfigurable                      WRAPPER/CL/u_tile/u_squant/pack[58]_i_1053_n_0
    SLICE_X123Y311.S5                                                 r  reconfigurable pblock_CL            WRAPPER/CL/u_tile/u_squant/pack_reg[58]_i_998/S[5]
    SLICE_X123Y311.CO7   CARRY8 (Prop_CARRY8_SLICEL_S[5]_CO[7])
                                                      0.155    33.325 r  reconfigurable pblock_CL            WRAPPER/CL/u_tile/u_squant/pack_reg[58]_i_998/CO[7]
                         net (fo=1, routed)           0.026    33.351    reconfigurable                      WRAPPER/CL/u_tile/u_squant/pack_reg[58]_i_998_n_0
    SLICE_X123Y312.CIN                                                r  reconfigurable pblock_CL            WRAPPER/CL/u_tile/u_squant/pack_reg[58]_i_989/CI
    SLICE_X123Y312.CO7   CARRY8 (Prop_CARRY8_SLICEL_CI_CO[7])
                                                      0.015    33.366 r  reconfigurable pblock_CL            WRAPPER/CL/u_tile/u_squant/pack_reg[58]_i_989/CO[7]
                         net (fo=1, routed)           0.026    33.392    reconfigurable                      WRAPPER/CL/u_tile/u_squant/pack_reg[58]_i_989_n_0
    SLICE_X123Y313.CIN                                                r  reconfigurable pblock_CL            WRAPPER/CL/u_tile/u_squant/pack_reg[58]_i_981/CI
    SLICE_X123Y313.CO7   CARRY8 (Prop_CARRY8_SLICEL_CI_CO[7])
                                                      0.015    33.407 r  reconfigurable pblock_CL            WRAPPER/CL/u_tile/u_squant/pack_reg[58]_i_981/CO[7]
                         net (fo=1, routed)           0.026    33.433    reconfigurable                      WRAPPER/CL/u_tile/u_squant/pack_reg[58]_i_981_n_0
    SLICE_X123Y314.CIN                                                r  reconfigurable pblock_CL            WRAPPER/CL/u_tile/u_squant/pack_reg[58]_i_980/CI
    SLICE_X123Y314.CO6   CARRY8 (Prop_CARRY8_SLICEL_CI_CO[6])
                                                      0.092    33.525 r  reconfigurable pblock_CL            WRAPPER/CL/u_tile/u_squant/pack_reg[58]_i_980/CO[6]
                         net (fo=40, routed)          0.425    33.950    reconfigurable                      WRAPPER/CL/u_tile/u_squant/pack_reg[58]_i_980_n_1
    SLICE_X123Y305.AX                                                 r  reconfigurable pblock_CL            WRAPPER/CL/u_tile/u_squant/pack_reg[58]_i_964/CI
    SLICE_X123Y305.CO7   CARRY8 (Prop_CARRY8_SLICEL_CI_CO[7])
                                                      0.151    34.101 r  reconfigurable pblock_CL            WRAPPER/CL/u_tile/u_squant/pack_reg[58]_i_964/CO[7]
                         net (fo=1, routed)           0.026    34.127    reconfigurable                      WRAPPER/CL/u_tile/u_squant/pack_reg[58]_i_964_n_0
    SLICE_X123Y306.CIN                                                r  reconfigurable pblock_CL            WRAPPER/CL/u_tile/u_squant/pack_reg[58]_i_955/CI
    SLICE_X123Y306.CO7   CARRY8 (Prop_CARRY8_SLICEL_CI_CO[7])
                                                      0.015    34.142 r  reconfigurable pblock_CL            WRAPPER/CL/u_tile/u_squant/pack_reg[58]_i_955/CO[7]
                         net (fo=1, routed)           0.026    34.168    reconfigurable                      WRAPPER/CL/u_tile/u_squant/pack_reg[58]_i_955_n_0
    SLICE_X123Y307.CIN                                                r  reconfigurable pblock_CL            WRAPPER/CL/u_tile/u_squant/pack_reg[58]_i_946/CI
    SLICE_X123Y307.CO7   CARRY8 (Prop_CARRY8_SLICEL_CI_CO[7])
                                                      0.015    34.183 r  reconfigurable pblock_CL            WRAPPER/CL/u_tile/u_squant/pack_reg[58]_i_946/CO[7]
                         net (fo=1, routed)           0.026    34.209    reconfigurable                      WRAPPER/CL/u_tile/u_squant/pack_reg[58]_i_946_n_0
    SLICE_X123Y308.CIN                                                r  reconfigurable pblock_CL            WRAPPER/CL/u_tile/u_squant/pack_reg[58]_i_938/CI
    SLICE_X123Y308.CO7   CARRY8 (Prop_CARRY8_SLICEL_CI_CO[7])
                                                      0.015    34.224 r  reconfigurable pblock_CL            WRAPPER/CL/u_tile/u_squant/pack_reg[58]_i_938/CO[7]
                         net (fo=1, routed)           0.026    34.250    reconfigurable                      WRAPPER/CL/u_tile/u_squant/pack_reg[58]_i_938_n_0
    SLICE_X123Y309.CIN                                                r  reconfigurable pblock_CL            WRAPPER/CL/u_tile/u_squant/pack_reg[58]_i_937/CI
    SLICE_X123Y309.CO6   CARRY8 (Prop_CARRY8_SLICEL_CI_CO[6])
                                                      0.092    34.342 r  reconfigurable pblock_CL            WRAPPER/CL/u_tile/u_squant/pack_reg[58]_i_937/CO[6]
                         net (fo=40, routed)          0.195    34.536    reconfigurable                      WRAPPER/CL/u_tile/u_squant/pack_reg[58]_i_937_n_1
    SLICE_X122Y308.A2                                                 r  reconfigurable pblock_CL            WRAPPER/CL/u_tile/u_squant/pack[58]_i_976/I0
    SLICE_X122Y308.O6    LUT3 (Prop_E6LUT_SLICEM_I0_O)
                                                      0.124    34.660 r  reconfigurable pblock_CL            WRAPPER/CL/u_tile/u_squant/pack[58]_i_976/O
                         net (fo=1, routed)           0.014    34.674    reconfigurable                      WRAPPER/CL/u_tile/u_squant/pack[58]_i_976_n_0
    SLICE_X122Y308.S4                                                 r  reconfigurable pblock_CL            WRAPPER/CL/u_tile/u_squant/pack_reg[58]_i_921/S[4]
    SLICE_X122Y308.CO7   CARRY8 (Prop_CARRY8_SLICEM_S[4]_CO[7])
                                                      0.156    34.830 r  reconfigurable pblock_CL            WRAPPER/CL/u_tile/u_squant/pack_reg[58]_i_921/CO[7]
                         net (fo=1, routed)           0.026    34.856    reconfigurable                      WRAPPER/CL/u_tile/u_squant/pack_reg[58]_i_921_n_0
    SLICE_X122Y309.CIN                                                r  reconfigurable pblock_CL            WRAPPER/CL/u_tile/u_squant/pack_reg[58]_i_912/CI
    SLICE_X122Y309.CO7   CARRY8 (Prop_CARRY8_SLICEM_CI_CO[7])
                                                      0.015    34.871 r  reconfigurable pblock_CL            WRAPPER/CL/u_tile/u_squant/pack_reg[58]_i_912/CO[7]
                         net (fo=1, routed)           0.026    34.897    reconfigurable                      WRAPPER/CL/u_tile/u_squant/pack_reg[58]_i_912_n_0
    SLICE_X122Y310.CIN                                                r  reconfigurable pblock_CL            WRAPPER/CL/u_tile/u_squant/pack_reg[58]_i_903/CI
    SLICE_X122Y310.CO7   CARRY8 (Prop_CARRY8_SLICEM_CI_CO[7])
                                                      0.015    34.912 r  reconfigurable pblock_CL            WRAPPER/CL/u_tile/u_squant/pack_reg[58]_i_903/CO[7]
                         net (fo=1, routed)           0.026    34.938    reconfigurable                      WRAPPER/CL/u_tile/u_squant/pack_reg[58]_i_903_n_0
    SLICE_X122Y311.CIN                                                r  reconfigurable pblock_CL            WRAPPER/CL/u_tile/u_squant/pack_reg[58]_i_895/CI
    SLICE_X122Y311.CO7   CARRY8 (Prop_CARRY8_SLICEM_CI_CO[7])
                                                      0.015    34.953 r  reconfigurable pblock_CL            WRAPPER/CL/u_tile/u_squant/pack_reg[58]_i_895/CO[7]
                         net (fo=1, routed)           0.026    34.979    reconfigurable                      WRAPPER/CL/u_tile/u_squant/pack_reg[58]_i_895_n_0
    SLICE_X122Y312.CIN                                                r  reconfigurable pblock_CL            WRAPPER/CL/u_tile/u_squant/pack_reg[58]_i_894/CI
    SLICE_X122Y312.CO6   CARRY8 (Prop_CARRY8_SLICEM_CI_CO[6])
                                                      0.092    35.071 r  reconfigurable pblock_CL            WRAPPER/CL/u_tile/u_squant/pack_reg[58]_i_894/CO[6]
                         net (fo=40, routed)          0.969    36.040    reconfigurable                      WRAPPER/CL/u_tile/u_squant/pack_reg[58]_i_894_n_1
    SLICE_X112Y308.AX                                                 r  reconfigurable pblock_CL            WRAPPER/CL/u_tile/u_squant/pack_reg[58]_i_878/CI
    SLICE_X112Y308.CO7   CARRY8 (Prop_CARRY8_SLICEL_CI_CO[7])
                                                      0.151    36.191 r  reconfigurable pblock_CL            WRAPPER/CL/u_tile/u_squant/pack_reg[58]_i_878/CO[7]
                         net (fo=1, routed)           0.026    36.217    reconfigurable                      WRAPPER/CL/u_tile/u_squant/pack_reg[58]_i_878_n_0
    SLICE_X112Y309.CIN                                                r  reconfigurable pblock_CL            WRAPPER/CL/u_tile/u_squant/pack_reg[58]_i_869/CI
    SLICE_X112Y309.CO7   CARRY8 (Prop_CARRY8_SLICEL_CI_CO[7])
                                                      0.015    36.232 r  reconfigurable pblock_CL            WRAPPER/CL/u_tile/u_squant/pack_reg[58]_i_869/CO[7]
                         net (fo=1, routed)           0.026    36.258    reconfigurable                      WRAPPER/CL/u_tile/u_squant/pack_reg[58]_i_869_n_0
    SLICE_X112Y310.CIN                                                r  reconfigurable pblock_CL            WRAPPER/CL/u_tile/u_squant/pack_reg[58]_i_860/CI
    SLICE_X112Y310.CO7   CARRY8 (Prop_CARRY8_SLICEL_CI_CO[7])
                                                      0.015    36.273 r  reconfigurable pblock_CL            WRAPPER/CL/u_tile/u_squant/pack_reg[58]_i_860/CO[7]
                         net (fo=1, routed)           0.026    36.299    reconfigurable                      WRAPPER/CL/u_tile/u_squant/pack_reg[58]_i_860_n_0
    SLICE_X112Y311.CIN                                                r  reconfigurable pblock_CL            WRAPPER/CL/u_tile/u_squant/pack_reg[58]_i_852/CI
    SLICE_X112Y311.CO7   CARRY8 (Prop_CARRY8_SLICEL_CI_CO[7])
                                                      0.015    36.314 r  reconfigurable pblock_CL            WRAPPER/CL/u_tile/u_squant/pack_reg[58]_i_852/CO[7]
                         net (fo=1, routed)           0.026    36.340    reconfigurable                      WRAPPER/CL/u_tile/u_squant/pack_reg[58]_i_852_n_0
    SLICE_X112Y312.CIN                                                r  reconfigurable pblock_CL            WRAPPER/CL/u_tile/u_squant/pack_reg[58]_i_851/CI
    SLICE_X112Y312.CO6   CARRY8 (Prop_CARRY8_SLICEL_CI_CO[6])
                                                      0.092    36.432 r  reconfigurable pblock_CL            WRAPPER/CL/u_tile/u_squant/pack_reg[58]_i_851/CO[6]
                         net (fo=40, routed)          0.341    36.773    reconfigurable                      WRAPPER/CL/u_tile/u_squant/pack_reg[58]_i_851_n_1
    SLICE_X107Y308.A4                                                 r  reconfigurable pblock_CL            WRAPPER/CL/u_tile/u_squant/pack[58]_i_891/I0
    SLICE_X107Y308.O6    LUT3 (Prop_D6LUT_SLICEM_I0_O)
                                                      0.088    36.861 r  reconfigurable pblock_CL            WRAPPER/CL/u_tile/u_squant/pack[58]_i_891/O
                         net (fo=1, routed)           0.025    36.886    reconfigurable                      WRAPPER/CL/u_tile/u_squant/pack[58]_i_891_n_0
    SLICE_X107Y308.S3                                                 r  reconfigurable pblock_CL            WRAPPER/CL/u_tile/u_squant/pack_reg[58]_i_835/S[3]
    SLICE_X107Y308.CO7   CARRY8 (Prop_CARRY8_SLICEM_S[3]_CO[7])
                                                      0.163    37.049 r  reconfigurable pblock_CL            WRAPPER/CL/u_tile/u_squant/pack_reg[58]_i_835/CO[7]
                         net (fo=1, routed)           0.026    37.075    reconfigurable                      WRAPPER/CL/u_tile/u_squant/pack_reg[58]_i_835_n_0
    SLICE_X107Y309.CIN                                                r  reconfigurable pblock_CL            WRAPPER/CL/u_tile/u_squant/pack_reg[58]_i_826/CI
    SLICE_X107Y309.CO7   CARRY8 (Prop_CARRY8_SLICEM_CI_CO[7])
                                                      0.015    37.090 r  reconfigurable pblock_CL            WRAPPER/CL/u_tile/u_squant/pack_reg[58]_i_826/CO[7]
                         net (fo=1, routed)           0.026    37.116    reconfigurable                      WRAPPER/CL/u_tile/u_squant/pack_reg[58]_i_826_n_0
    SLICE_X107Y310.CIN                                                r  reconfigurable pblock_CL            WRAPPER/CL/u_tile/u_squant/pack_reg[58]_i_817/CI
    SLICE_X107Y310.CO7   CARRY8 (Prop_CARRY8_SLICEM_CI_CO[7])
                                                      0.015    37.131 r  reconfigurable pblock_CL            WRAPPER/CL/u_tile/u_squant/pack_reg[58]_i_817/CO[7]
                         net (fo=1, routed)           0.026    37.157    reconfigurable                      WRAPPER/CL/u_tile/u_squant/pack_reg[58]_i_817_n_0
    SLICE_X107Y311.CIN                                                r  reconfigurable pblock_CL            WRAPPER/CL/u_tile/u_squant/pack_reg[58]_i_809/CI
    SLICE_X107Y311.CO7   CARRY8 (Prop_CARRY8_SLICEM_CI_CO[7])
                                                      0.015    37.172 r  reconfigurable pblock_CL            WRAPPER/CL/u_tile/u_squant/pack_reg[58]_i_809/CO[7]
                         net (fo=1, routed)           0.026    37.198    reconfigurable                      WRAPPER/CL/u_tile/u_squant/pack_reg[58]_i_809_n_0
    SLICE_X107Y312.CIN                                                r  reconfigurable pblock_CL            WRAPPER/CL/u_tile/u_squant/pack_reg[58]_i_808/CI
    SLICE_X107Y312.CO6   CARRY8 (Prop_CARRY8_SLICEM_CI_CO[6])
                                                      0.092    37.290 r  reconfigurable pblock_CL            WRAPPER/CL/u_tile/u_squant/pack_reg[58]_i_808/CO[6]
                         net (fo=40, routed)          0.482    37.772    reconfigurable                      WRAPPER/CL/u_tile/u_squant/pack_reg[58]_i_808_n_1
    SLICE_X100Y307.A2                                                 r  reconfigurable pblock_CL            WRAPPER/CL/u_tile/u_squant/pack[58]_i_839/I0
    SLICE_X100Y307.O6    LUT3 (Prop_E6LUT_SLICEM_I0_O)
                                                      0.124    37.896 r  reconfigurable pblock_CL            WRAPPER/CL/u_tile/u_squant/pack[58]_i_839/O
                         net (fo=1, routed)           0.014    37.910    reconfigurable                      WRAPPER/CL/u_tile/u_squant/pack[58]_i_839_n_0
    SLICE_X100Y307.S4                                                 r  reconfigurable pblock_CL            WRAPPER/CL/u_tile/u_squant/pack_reg[58]_i_783/S[4]
    SLICE_X100Y307.CO7   CARRY8 (Prop_CARRY8_SLICEM_S[4]_CO[7])
                                                      0.156    38.066 r  reconfigurable pblock_CL            WRAPPER/CL/u_tile/u_squant/pack_reg[58]_i_783/CO[7]
                         net (fo=1, routed)           0.026    38.092    reconfigurable                      WRAPPER/CL/u_tile/u_squant/pack_reg[58]_i_783_n_0
    SLICE_X100Y308.CIN                                                r  reconfigurable pblock_CL            WRAPPER/CL/u_tile/u_squant/pack_reg[58]_i_774/CI
    SLICE_X100Y308.CO7   CARRY8 (Prop_CARRY8_SLICEM_CI_CO[7])
                                                      0.015    38.107 r  reconfigurable pblock_CL            WRAPPER/CL/u_tile/u_squant/pack_reg[58]_i_774/CO[7]
                         net (fo=1, routed)           0.026    38.133    reconfigurable                      WRAPPER/CL/u_tile/u_squant/pack_reg[58]_i_774_n_0
    SLICE_X100Y309.CIN                                                r  reconfigurable pblock_CL            WRAPPER/CL/u_tile/u_squant/pack_reg[58]_i_766/CI
    SLICE_X100Y309.CO7   CARRY8 (Prop_CARRY8_SLICEM_CI_CO[7])
                                                      0.015    38.148 r  reconfigurable pblock_CL            WRAPPER/CL/u_tile/u_squant/pack_reg[58]_i_766/CO[7]
                         net (fo=1, routed)           0.026    38.174    reconfigurable                      WRAPPER/CL/u_tile/u_squant/pack_reg[58]_i_766_n_0
    SLICE_X100Y310.CIN                                                r  reconfigurable pblock_CL            WRAPPER/CL/u_tile/u_squant/pack_reg[58]_i_765/CI
    SLICE_X100Y310.CO6   CARRY8 (Prop_CARRY8_SLICEM_CI_CO[6])
                                                      0.092    38.266 r  reconfigurable pblock_CL            WRAPPER/CL/u_tile/u_squant/pack_reg[58]_i_765/CO[6]
                         net (fo=40, routed)          0.343    38.609    reconfigurable                      WRAPPER/CL/u_tile/u_squant/pack_reg[58]_i_765_n_1
    SLICE_X95Y307.A4                                                  r  reconfigurable pblock_CL            WRAPPER/CL/u_tile/u_squant/pack[58]_i_797/I0
    SLICE_X95Y307.O6     LUT3 (Prop_D6LUT_SLICEM_I0_O)
                                                      0.088    38.697 r  reconfigurable pblock_CL            WRAPPER/CL/u_tile/u_squant/pack[58]_i_797/O
                         net (fo=1, routed)           0.025    38.722    reconfigurable                      WRAPPER/CL/u_tile/u_squant/pack[58]_i_797_n_0
    SLICE_X95Y307.S3                                                  r  reconfigurable pblock_CL            WRAPPER/CL/u_tile/u_squant/pack_reg[58]_i_740/S[3]
    SLICE_X95Y307.CO7    CARRY8 (Prop_CARRY8_SLICEM_S[3]_CO[7])
                                                      0.163    38.885 r  reconfigurable pblock_CL            WRAPPER/CL/u_tile/u_squant/pack_reg[58]_i_740/CO[7]
                         net (fo=1, routed)           0.026    38.911    reconfigurable                      WRAPPER/CL/u_tile/u_squant/pack_reg[58]_i_740_n_0
    SLICE_X95Y308.CIN                                                 r  reconfigurable pblock_CL            WRAPPER/CL/u_tile/u_squant/pack_reg[58]_i_731/CI
    SLICE_X95Y308.CO7    CARRY8 (Prop_CARRY8_SLICEM_CI_CO[7])
                                                      0.015    38.926 r  reconfigurable pblock_CL            WRAPPER/CL/u_tile/u_squant/pack_reg[58]_i_731/CO[7]
                         net (fo=1, routed)           0.026    38.952    reconfigurable                      WRAPPER/CL/u_tile/u_squant/pack_reg[58]_i_731_n_0
    SLICE_X95Y309.CIN                                                 r  reconfigurable pblock_CL            WRAPPER/CL/u_tile/u_squant/pack_reg[58]_i_723/CI
    SLICE_X95Y309.CO7    CARRY8 (Prop_CARRY8_SLICEM_CI_CO[7])
                                                      0.015    38.967 r  reconfigurable pblock_CL            WRAPPER/CL/u_tile/u_squant/pack_reg[58]_i_723/CO[7]
                         net (fo=1, routed)           0.026    38.993    reconfigurable                      WRAPPER/CL/u_tile/u_squant/pack_reg[58]_i_723_n_0
    SLICE_X95Y310.CIN                                                 r  reconfigurable pblock_CL            WRAPPER/CL/u_tile/u_squant/pack_reg[58]_i_722/CI
    SLICE_X95Y310.CO6    CARRY8 (Prop_CARRY8_SLICEM_CI_CO[6])
                                                      0.092    39.085 r  reconfigurable pblock_CL            WRAPPER/CL/u_tile/u_squant/pack_reg[58]_i_722/CO[6]
                         net (fo=40, routed)          0.349    39.434    reconfigurable                      WRAPPER/CL/u_tile/u_squant/pack_reg[58]_i_722_n_1
    SLICE_X96Y307.AX                                                  r  reconfigurable pblock_CL            WRAPPER/CL/u_tile/u_squant/pack_reg[58]_i_703/CI
    SLICE_X96Y307.CO7    CARRY8 (Prop_CARRY8_SLICEL_CI_CO[7])
                                                      0.151    39.585 r  reconfigurable pblock_CL            WRAPPER/CL/u_tile/u_squant/pack_reg[58]_i_703/CO[7]
                         net (fo=1, routed)           0.026    39.611    reconfigurable                      WRAPPER/CL/u_tile/u_squant/pack_reg[58]_i_703_n_0
    SLICE_X96Y308.CIN                                                 r  reconfigurable pblock_CL            WRAPPER/CL/u_tile/u_squant/pack_reg[58]_i_694/CI
    SLICE_X96Y308.CO7    CARRY8 (Prop_CARRY8_SLICEL_CI_CO[7])
                                                      0.015    39.626 r  reconfigurable pblock_CL            WRAPPER/CL/u_tile/u_squant/pack_reg[58]_i_694/CO[7]
                         net (fo=1, routed)           0.026    39.652    reconfigurable                      WRAPPER/CL/u_tile/u_squant/pack_reg[58]_i_694_n_0
    SLICE_X96Y309.CIN                                                 r  reconfigurable pblock_CL            WRAPPER/CL/u_tile/u_squant/pack_reg[58]_i_685/CI
    SLICE_X96Y309.CO7    CARRY8 (Prop_CARRY8_SLICEL_CI_CO[7])
                                                      0.015    39.667 r  reconfigurable pblock_CL            WRAPPER/CL/u_tile/u_squant/pack_reg[58]_i_685/CO[7]
                         net (fo=1, routed)           0.026    39.693    reconfigurable                      WRAPPER/CL/u_tile/u_squant/pack_reg[58]_i_685_n_0
    SLICE_X96Y310.CIN                                                 r  reconfigurable pblock_CL            WRAPPER/CL/u_tile/u_squant/pack_reg[58]_i_677/CI
    SLICE_X96Y310.CO7    CARRY8 (Prop_CARRY8_SLICEL_CI_CO[7])
                                                      0.015    39.708 r  reconfigurable pblock_CL            WRAPPER/CL/u_tile/u_squant/pack_reg[58]_i_677/CO[7]
                         net (fo=1, routed)           0.026    39.734    reconfigurable                      WRAPPER/CL/u_tile/u_squant/pack_reg[58]_i_677_n_0
    SLICE_X96Y311.CIN                                                 r  reconfigurable pblock_CL            WRAPPER/CL/u_tile/u_squant/pack_reg[58]_i_676/CI
    SLICE_X96Y311.CO6    CARRY8 (Prop_CARRY8_SLICEL_CI_CO[6])
                                                      0.092    39.826 r  reconfigurable pblock_CL            WRAPPER/CL/u_tile/u_squant/pack_reg[58]_i_676/CO[6]
                         net (fo=40, routed)          0.211    40.037    reconfigurable                      WRAPPER/CL/u_tile/u_squant/pack_reg[58]_i_676_n_1
    SLICE_X97Y310.A5                                                  r  reconfigurable pblock_CL            WRAPPER/CL/u_tile/u_squant/pack[58]_i_718/I4
    SLICE_X97Y310.O6     LUT6 (Prop_B6LUT_SLICEM_I4_O)
                                                      0.052    40.089 r  reconfigurable pblock_CL            WRAPPER/CL/u_tile/u_squant/pack[58]_i_718/O
                         net (fo=1, routed)           0.016    40.105    reconfigurable                      WRAPPER/CL/u_tile/u_squant/pack[58]_i_718_n_0
    SLICE_X97Y310.S1                                                  r  reconfigurable pblock_CL            WRAPPER/CL/u_tile/u_squant/pack_reg[58]_i_649/S[1]
    SLICE_X97Y310.CO7    CARRY8 (Prop_CARRY8_SLICEM_S[1]_CO[7])
                                                      0.190    40.295 r  reconfigurable pblock_CL            WRAPPER/CL/u_tile/u_squant/pack_reg[58]_i_649/CO[7]
                         net (fo=1, routed)           0.026    40.321    reconfigurable                      WRAPPER/CL/u_tile/u_squant/pack_reg[58]_i_649_n_0
    SLICE_X97Y311.CIN                                                 r  reconfigurable pblock_CL            WRAPPER/CL/u_tile/u_squant/pack_reg[58]_i_640/CI
    SLICE_X97Y311.CO7    CARRY8 (Prop_CARRY8_SLICEM_CI_CO[7])
                                                      0.015    40.336 r  reconfigurable pblock_CL            WRAPPER/CL/u_tile/u_squant/pack_reg[58]_i_640/CO[7]
                         net (fo=1, routed)           0.026    40.362    reconfigurable                      WRAPPER/CL/u_tile/u_squant/pack_reg[58]_i_640_n_0
    SLICE_X97Y312.CIN                                                 r  reconfigurable pblock_CL            WRAPPER/CL/u_tile/u_squant/pack_reg[58]_i_631/CI
    SLICE_X97Y312.CO7    CARRY8 (Prop_CARRY8_SLICEM_CI_CO[7])
                                                      0.015    40.377 r  reconfigurable pblock_CL            WRAPPER/CL/u_tile/u_squant/pack_reg[58]_i_631/CO[7]
                         net (fo=1, routed)           0.026    40.403    reconfigurable                      WRAPPER/CL/u_tile/u_squant/pack_reg[58]_i_631_n_0
    SLICE_X97Y313.CIN                                                 r  reconfigurable pblock_CL            WRAPPER/CL/u_tile/u_squant/pack_reg[58]_i_623/CI
    SLICE_X97Y313.CO7    CARRY8 (Prop_CARRY8_SLICEM_CI_CO[7])
                                                      0.015    40.418 r  reconfigurable pblock_CL            WRAPPER/CL/u_tile/u_squant/pack_reg[58]_i_623/CO[7]
                         net (fo=1, routed)           0.026    40.444    reconfigurable                      WRAPPER/CL/u_tile/u_squant/pack_reg[58]_i_623_n_0
    SLICE_X97Y314.CIN                                                 r  reconfigurable pblock_CL            WRAPPER/CL/u_tile/u_squant/pack_reg[58]_i_622/CI
    SLICE_X97Y314.CO6    CARRY8 (Prop_CARRY8_SLICEM_CI_CO[6])
                                                      0.092    40.536 r  reconfigurable pblock_CL            WRAPPER/CL/u_tile/u_squant/pack_reg[58]_i_622/CO[6]
                         net (fo=40, routed)          0.336    40.871    reconfigurable                      WRAPPER/CL/u_tile/u_squant/pack_reg[58]_i_622_n_1
    SLICE_X97Y305.A3                                                  r  reconfigurable pblock_CL            WRAPPER/CL/u_tile/u_squant/pack[58]_i_660/I0
    SLICE_X97Y305.O6     LUT3 (Prop_F6LUT_SLICEM_I0_O)
                                                      0.098    40.969 r  reconfigurable pblock_CL            WRAPPER/CL/u_tile/u_squant/pack[58]_i_660/O
                         net (fo=1, routed)           0.022    40.991    reconfigurable                      WRAPPER/CL/u_tile/u_squant/pack[58]_i_660_n_0
    SLICE_X97Y305.S5                                                  r  reconfigurable pblock_CL            WRAPPER/CL/u_tile/u_squant/pack_reg[58]_i_580/S[5]
    SLICE_X97Y305.CO7    CARRY8 (Prop_CARRY8_SLICEM_S[5]_CO[7])
                                                      0.159    41.150 r  reconfigurable pblock_CL            WRAPPER/CL/u_tile/u_squant/pack_reg[58]_i_580/CO[7]
                         net (fo=1, routed)           0.026    41.176    reconfigurable                      WRAPPER/CL/u_tile/u_squant/pack_reg[58]_i_580_n_0
    SLICE_X97Y306.CIN                                                 r  reconfigurable pblock_CL            WRAPPER/CL/u_tile/u_squant/pack_reg[58]_i_571/CI
    SLICE_X97Y306.CO7    CARRY8 (Prop_CARRY8_SLICEM_CI_CO[7])
                                                      0.015    41.191 r  reconfigurable pblock_CL            WRAPPER/CL/u_tile/u_squant/pack_reg[58]_i_571/CO[7]
                         net (fo=1, routed)           0.026    41.217    reconfigurable                      WRAPPER/CL/u_tile/u_squant/pack_reg[58]_i_571_n_0
    SLICE_X97Y307.CIN                                                 r  reconfigurable pblock_CL            WRAPPER/CL/u_tile/u_squant/pack_reg[58]_i_562/CI
    SLICE_X97Y307.CO7    CARRY8 (Prop_CARRY8_SLICEM_CI_CO[7])
                                                      0.015    41.232 r  reconfigurable pblock_CL            WRAPPER/CL/u_tile/u_squant/pack_reg[58]_i_562/CO[7]
                         net (fo=1, routed)           0.026    41.258    reconfigurable                      WRAPPER/CL/u_tile/u_squant/pack_reg[58]_i_562_n_0
    SLICE_X97Y308.CIN                                                 r  reconfigurable pblock_CL            WRAPPER/CL/u_tile/u_squant/pack_reg[58]_i_554/CI
    SLICE_X97Y308.CO7    CARRY8 (Prop_CARRY8_SLICEM_CI_CO[7])
                                                      0.015    41.273 r  reconfigurable pblock_CL            WRAPPER/CL/u_tile/u_squant/pack_reg[58]_i_554/CO[7]
                         net (fo=1, routed)           0.026    41.299    reconfigurable                      WRAPPER/CL/u_tile/u_squant/pack_reg[58]_i_554_n_0
    SLICE_X97Y309.CIN                                                 r  reconfigurable pblock_CL            WRAPPER/CL/u_tile/u_squant/pack_reg[58]_i_553/CI
    SLICE_X97Y309.CO6    CARRY8 (Prop_CARRY8_SLICEM_CI_CO[6])
                                                      0.092    41.391 r  reconfigurable pblock_CL            WRAPPER/CL/u_tile/u_squant/pack_reg[58]_i_553/CO[6]
                         net (fo=40, routed)          0.303    41.695    reconfigurable                      WRAPPER/CL/u_tile/u_squant/pack_reg[58]_i_553_n_1
    SLICE_X98Y306.A2                                                  r  reconfigurable pblock_CL            WRAPPER/CL/u_tile/u_squant/pack[58]_i_595/I4
    SLICE_X98Y306.O6     LUT6 (Prop_B6LUT_SLICEL_I4_O)
                                                      0.124    41.819 r  reconfigurable pblock_CL            WRAPPER/CL/u_tile/u_squant/pack[58]_i_595/O
                         net (fo=1, routed)           0.009    41.828    reconfigurable                      WRAPPER/CL/u_tile/u_squant/pack[58]_i_595_n_0
    SLICE_X98Y306.S1                                                  r  reconfigurable pblock_CL            WRAPPER/CL/u_tile/u_squant/pack_reg[58]_i_459/S[1]
    SLICE_X98Y306.CO7    CARRY8 (Prop_CARRY8_SLICEL_S[1]_CO[7])
                                                      0.186    42.014 r  reconfigurable pblock_CL            WRAPPER/CL/u_tile/u_squant/pack_reg[58]_i_459/CO[7]
                         net (fo=1, routed)           0.026    42.040    reconfigurable                      WRAPPER/CL/u_tile/u_squant/pack_reg[58]_i_459_n_0
    SLICE_X98Y307.CIN                                                 r  reconfigurable pblock_CL            WRAPPER/CL/u_tile/u_squant/pack_reg[58]_i_450/CI
    SLICE_X98Y307.CO7    CARRY8 (Prop_CARRY8_SLICEL_CI_CO[7])
                                                      0.015    42.055 r  reconfigurable pblock_CL            WRAPPER/CL/u_tile/u_squant/pack_reg[58]_i_450/CO[7]
                         net (fo=1, routed)           0.026    42.081    reconfigurable                      WRAPPER/CL/u_tile/u_squant/pack_reg[58]_i_450_n_0
    SLICE_X98Y308.CIN                                                 r  reconfigurable pblock_CL            WRAPPER/CL/u_tile/u_squant/pack_reg[58]_i_441/CI
    SLICE_X98Y308.CO7    CARRY8 (Prop_CARRY8_SLICEL_CI_CO[7])
                                                      0.015    42.096 r  reconfigurable pblock_CL            WRAPPER/CL/u_tile/u_squant/pack_reg[58]_i_441/CO[7]
                         net (fo=1, routed)           0.026    42.122    reconfigurable                      WRAPPER/CL/u_tile/u_squant/pack_reg[58]_i_441_n_0
    SLICE_X98Y309.CIN                                                 r  reconfigurable pblock_CL            WRAPPER/CL/u_tile/u_squant/pack_reg[58]_i_433/CI
    SLICE_X98Y309.CO7    CARRY8 (Prop_CARRY8_SLICEL_CI_CO[7])
                                                      0.015    42.137 r  reconfigurable pblock_CL            WRAPPER/CL/u_tile/u_squant/pack_reg[58]_i_433/CO[7]
                         net (fo=1, routed)           0.026    42.163    reconfigurable                      WRAPPER/CL/u_tile/u_squant/pack_reg[58]_i_433_n_0
    SLICE_X98Y310.CIN                                                 r  reconfigurable pblock_CL            WRAPPER/CL/u_tile/u_squant/pack_reg[58]_i_432/CI
    SLICE_X98Y310.CO6    CARRY8 (Prop_CARRY8_SLICEL_CI_CO[6])
                                                      0.092    42.255 r  reconfigurable pblock_CL            WRAPPER/CL/u_tile/u_squant/pack_reg[58]_i_432/CO[6]
                         net (fo=40, routed)          0.470    42.724    reconfigurable                      WRAPPER/CL/u_tile/u_squant/pack_reg[58]_i_432_n_1
    SLICE_X101Y305.AX                                                 r  reconfigurable pblock_CL            WRAPPER/CL/u_tile/u_squant/pack_reg[58]_i_423/CI
    SLICE_X101Y305.CO7   CARRY8 (Prop_CARRY8_SLICEL_CI_CO[7])
                                                      0.151    42.875 r  reconfigurable pblock_CL            WRAPPER/CL/u_tile/u_squant/pack_reg[58]_i_423/CO[7]
                         net (fo=1, routed)           0.026    42.901    reconfigurable                      WRAPPER/CL/u_tile/u_squant/pack_reg[58]_i_423_n_0
    SLICE_X101Y306.CIN                                                r  reconfigurable pblock_CL            WRAPPER/CL/u_tile/u_squant/pack_reg[58]_i_321/CI
    SLICE_X101Y306.CO7   CARRY8 (Prop_CARRY8_SLICEL_CI_CO[7])
                                                      0.015    42.916 r  reconfigurable pblock_CL            WRAPPER/CL/u_tile/u_squant/pack_reg[58]_i_321/CO[7]
                         net (fo=1, routed)           0.026    42.942    reconfigurable                      WRAPPER/CL/u_tile/u_squant/pack_reg[58]_i_321_n_0
    SLICE_X101Y307.CIN                                                r  reconfigurable pblock_CL            WRAPPER/CL/u_tile/u_squant/pack_reg[58]_i_312/CI
    SLICE_X101Y307.CO7   CARRY8 (Prop_CARRY8_SLICEL_CI_CO[7])
                                                      0.015    42.957 r  reconfigurable pblock_CL            WRAPPER/CL/u_tile/u_squant/pack_reg[58]_i_312/CO[7]
                         net (fo=1, routed)           0.026    42.983    reconfigurable                      WRAPPER/CL/u_tile/u_squant/pack_reg[58]_i_312_n_0
    SLICE_X101Y308.CIN                                                r  reconfigurable pblock_CL            WRAPPER/CL/u_tile/u_squant/pack_reg[58]_i_304/CI
    SLICE_X101Y308.CO7   CARRY8 (Prop_CARRY8_SLICEL_CI_CO[7])
                                                      0.015    42.998 r  reconfigurable pblock_CL            WRAPPER/CL/u_tile/u_squant/pack_reg[58]_i_304/CO[7]
                         net (fo=1, routed)           0.026    43.024    reconfigurable                      WRAPPER/CL/u_tile/u_squant/pack_reg[58]_i_304_n_0
    SLICE_X101Y309.CIN                                                r  reconfigurable pblock_CL            WRAPPER/CL/u_tile/u_squant/pack_reg[58]_i_303/CI
    SLICE_X101Y309.CO6   CARRY8 (Prop_CARRY8_SLICEL_CI_CO[6])
                                                      0.092    43.116 r  reconfigurable pblock_CL            WRAPPER/CL/u_tile/u_squant/pack_reg[58]_i_303/CO[6]
                         net (fo=40, routed)          0.506    43.623    reconfigurable                      WRAPPER/CL/u_tile/u_squant/pack_reg[58]_i_303_n_1
    SLICE_X103Y305.A5                                                 r  reconfigurable pblock_CL            WRAPPER/CL/u_tile/u_squant/pack[63]_i_186/I0
    SLICE_X103Y305.O6    LUT3 (Prop_F6LUT_SLICEL_I0_O)
                                                      0.049    43.672 r  reconfigurable pblock_CL            WRAPPER/CL/u_tile/u_squant/pack[63]_i_186/O
                         net (fo=1, routed)           0.011    43.683    reconfigurable                      WRAPPER/CL/u_tile/u_squant/pack[63]_i_186_n_0
    SLICE_X103Y305.S5                                                 r  reconfigurable pblock_CL            WRAPPER/CL/u_tile/u_squant/pack_reg[63]_i_137/S[5]
    SLICE_X103Y305.CO7   CARRY8 (Prop_CARRY8_SLICEL_S[5]_CO[7])
                                                      0.155    43.838 r  reconfigurable pblock_CL            WRAPPER/CL/u_tile/u_squant/pack_reg[63]_i_137/CO[7]
                         net (fo=1, routed)           0.026    43.864    reconfigurable                      WRAPPER/CL/u_tile/u_squant/pack_reg[63]_i_137_n_0
    SLICE_X103Y306.CIN                                                r  reconfigurable pblock_CL            WRAPPER/CL/u_tile/u_squant/pack_reg[58]_i_294/CI
    SLICE_X103Y306.CO7   CARRY8 (Prop_CARRY8_SLICEL_CI_CO[7])
                                                      0.015    43.879 r  reconfigurable pblock_CL            WRAPPER/CL/u_tile/u_squant/pack_reg[58]_i_294/CO[7]
                         net (fo=1, routed)           0.026    43.905    reconfigurable                      WRAPPER/CL/u_tile/u_squant/pack_reg[58]_i_294_n_0
    SLICE_X103Y307.CIN                                                r  reconfigurable pblock_CL            WRAPPER/CL/u_tile/u_squant/pack_reg[58]_i_177/CI
    SLICE_X103Y307.CO7   CARRY8 (Prop_CARRY8_SLICEL_CI_CO[7])
                                                      0.015    43.920 r  reconfigurable pblock_CL            WRAPPER/CL/u_tile/u_squant/pack_reg[58]_i_177/CO[7]
                         net (fo=1, routed)           0.026    43.946    reconfigurable                      WRAPPER/CL/u_tile/u_squant/pack_reg[58]_i_177_n_0
    SLICE_X103Y308.CIN                                                r  reconfigurable pblock_CL            WRAPPER/CL/u_tile/u_squant/pack_reg[58]_i_169/CI
    SLICE_X103Y308.CO7   CARRY8 (Prop_CARRY8_SLICEL_CI_CO[7])
                                                      0.015    43.961 r  reconfigurable pblock_CL            WRAPPER/CL/u_tile/u_squant/pack_reg[58]_i_169/CO[7]
                         net (fo=1, routed)           0.026    43.987    reconfigurable                      WRAPPER/CL/u_tile/u_squant/pack_reg[58]_i_169_n_0
    SLICE_X103Y309.CIN                                                r  reconfigurable pblock_CL            WRAPPER/CL/u_tile/u_squant/pack_reg[58]_i_168/CI
    SLICE_X103Y309.CO6   CARRY8 (Prop_CARRY8_SLICEL_CI_CO[6])
                                                      0.092    44.079 r  reconfigurable pblock_CL            WRAPPER/CL/u_tile/u_squant/pack_reg[58]_i_168/CO[6]
                         net (fo=40, routed)          0.259    44.337    reconfigurable                      WRAPPER/CL/u_tile/u_squant/pack_reg[58]_i_168_n_1
    SLICE_X104Y304.A5                                                 r  reconfigurable pblock_CL            WRAPPER/CL/u_tile/u_squant/pack[63]_i_183/I4
    SLICE_X104Y304.O6    LUT6 (Prop_B6LUT_SLICEM_I4_O)
                                                      0.052    44.389 r  reconfigurable pblock_CL            WRAPPER/CL/u_tile/u_squant/pack[63]_i_183/O
                         net (fo=1, routed)           0.016    44.405    reconfigurable                      WRAPPER/CL/u_tile/u_squant/pack[63]_i_183_n_0
    SLICE_X104Y304.S1                                                 r  reconfigurable pblock_CL            WRAPPER/CL/u_tile/u_squant/pack_reg[63]_i_128/S[1]
    SLICE_X104Y304.CO7   CARRY8 (Prop_CARRY8_SLICEM_S[1]_CO[7])
                                                      0.190    44.595 r  reconfigurable pblock_CL            WRAPPER/CL/u_tile/u_squant/pack_reg[63]_i_128/CO[7]
                         net (fo=1, routed)           0.026    44.621    reconfigurable                      WRAPPER/CL/u_tile/u_squant/pack_reg[63]_i_128_n_0
    SLICE_X104Y305.CIN                                                r  reconfigurable pblock_CL            WRAPPER/CL/u_tile/u_squant/pack_reg[63]_i_78/CI
    SLICE_X104Y305.CO7   CARRY8 (Prop_CARRY8_SLICEM_CI_CO[7])
                                                      0.015    44.636 r  reconfigurable pblock_CL            WRAPPER/CL/u_tile/u_squant/pack_reg[63]_i_78/CO[7]
                         net (fo=1, routed)           0.026    44.662    reconfigurable                      WRAPPER/CL/u_tile/u_squant/pack_reg[63]_i_78_n_0
    SLICE_X104Y306.CIN                                                r  reconfigurable pblock_CL            WRAPPER/CL/u_tile/u_squant/pack_reg[58]_i_159/CI
    SLICE_X104Y306.CO7   CARRY8 (Prop_CARRY8_SLICEM_CI_CO[7])
                                                      0.015    44.677 r  reconfigurable pblock_CL            WRAPPER/CL/u_tile/u_squant/pack_reg[58]_i_159/CO[7]
                         net (fo=1, routed)           0.026    44.703    reconfigurable                      WRAPPER/CL/u_tile/u_squant/pack_reg[58]_i_159_n_0
    SLICE_X104Y307.CIN                                                r  reconfigurable pblock_CL            WRAPPER/CL/u_tile/u_squant/pack_reg[58]_i_59/CI
    SLICE_X104Y307.CO7   CARRY8 (Prop_CARRY8_SLICEM_CI_CO[7])
                                                      0.015    44.718 r  reconfigurable pblock_CL            WRAPPER/CL/u_tile/u_squant/pack_reg[58]_i_59/CO[7]
                         net (fo=1, routed)           0.026    44.744    reconfigurable                      WRAPPER/CL/u_tile/u_squant/pack_reg[58]_i_59_n_0
    SLICE_X104Y308.CIN                                                r  reconfigurable pblock_CL            WRAPPER/CL/u_tile/u_squant/pack_reg[58]_i_58/CI
    SLICE_X104Y308.CO6   CARRY8 (Prop_CARRY8_SLICEM_CI_CO[6])
                                                      0.092    44.836 r  reconfigurable pblock_CL            WRAPPER/CL/u_tile/u_squant/pack_reg[58]_i_58/CO[6]
                         net (fo=40, routed)          0.293    45.130    reconfigurable                      WRAPPER/CL/u_tile/u_squant/pack_reg[58]_i_58_n_1
    SLICE_X106Y304.A1                                                 r  reconfigurable pblock_CL            WRAPPER/CL/u_tile/u_squant/pack[63]_i_172/I0
    SLICE_X106Y304.O6    LUT3 (Prop_F6LUT_SLICEM_I0_O)
                                                      0.148    45.278 r  reconfigurable pblock_CL            WRAPPER/CL/u_tile/u_squant/pack[63]_i_172/O
                         net (fo=1, routed)           0.022    45.300    reconfigurable                      WRAPPER/CL/u_tile/u_squant/pack[63]_i_172_n_0
    SLICE_X106Y304.S5                                                 r  reconfigurable pblock_CL            WRAPPER/CL/u_tile/u_squant/pack_reg[63]_i_119/S[5]
    SLICE_X106Y304.CO7   CARRY8 (Prop_CARRY8_SLICEM_S[5]_CO[7])
                                                      0.159    45.459 r  reconfigurable pblock_CL            WRAPPER/CL/u_tile/u_squant/pack_reg[63]_i_119/CO[7]
                         net (fo=1, routed)           0.026    45.485    reconfigurable                      WRAPPER/CL/u_tile/u_squant/pack_reg[63]_i_119_n_0
    SLICE_X106Y305.CIN                                                r  reconfigurable pblock_CL            WRAPPER/CL/u_tile/u_squant/pack_reg[63]_i_69/CI
    SLICE_X106Y305.CO7   CARRY8 (Prop_CARRY8_SLICEM_CI_CO[7])
                                                      0.015    45.500 r  reconfigurable pblock_CL            WRAPPER/CL/u_tile/u_squant/pack_reg[63]_i_69/CO[7]
                         net (fo=1, routed)           0.026    45.526    reconfigurable                      WRAPPER/CL/u_tile/u_squant/pack_reg[63]_i_69_n_0
    SLICE_X106Y306.CIN                                                r  reconfigurable pblock_CL            WRAPPER/CL/u_tile/u_squant/pack_reg[63]_i_34/CI
    SLICE_X106Y306.CO7   CARRY8 (Prop_CARRY8_SLICEM_CI_CO[7])
                                                      0.015    45.541 r  reconfigurable pblock_CL            WRAPPER/CL/u_tile/u_squant/pack_reg[63]_i_34/CO[7]
                         net (fo=1, routed)           0.026    45.567    reconfigurable                      WRAPPER/CL/u_tile/u_squant/pack_reg[63]_i_34_n_0
    SLICE_X106Y307.CIN                                                r  reconfigurable pblock_CL            WRAPPER/CL/u_tile/u_squant/pack_reg[58]_i_50/CI
    SLICE_X106Y307.CO7   CARRY8 (Prop_CARRY8_SLICEM_CI_CO[7])
                                                      0.015    45.582 r  reconfigurable pblock_CL            WRAPPER/CL/u_tile/u_squant/pack_reg[58]_i_50/CO[7]
                         net (fo=1, routed)           0.026    45.608    reconfigurable                      WRAPPER/CL/u_tile/u_squant/pack_reg[58]_i_50_n_0
    SLICE_X106Y308.CIN                                                r  reconfigurable pblock_CL            WRAPPER/CL/u_tile/u_squant/pack_reg[58]_i_11/CI
    SLICE_X106Y308.CO6   CARRY8 (Prop_CARRY8_SLICEM_CI_CO[6])
                                                      0.092    45.700 r  reconfigurable pblock_CL            WRAPPER/CL/u_tile/u_squant/pack_reg[58]_i_11/CO[6]
                         net (fo=42, routed)          0.364    46.064    reconfigurable                      WRAPPER/CL/u_tile/u_squant/pack_reg[58]_i_11_n_1
    SLICE_X107Y302.A2                                                 r  reconfigurable pblock_CL            WRAPPER/CL/u_tile/u_squant/pack[63]_i_169/I4
    SLICE_X107Y302.O6    LUT6 (Prop_B6LUT_SLICEM_I4_O)
                                                      0.125    46.189 r  reconfigurable pblock_CL            WRAPPER/CL/u_tile/u_squant/pack[63]_i_169/O
                         net (fo=1, routed)           0.016    46.205    reconfigurable                      WRAPPER/CL/u_tile/u_squant/pack[63]_i_169_n_0
    SLICE_X107Y302.S1                                                 r  reconfigurable pblock_CL            WRAPPER/CL/u_tile/u_squant/pack_reg[63]_i_110/S[1]
    SLICE_X107Y302.CO7   CARRY8 (Prop_CARRY8_SLICEM_S[1]_CO[7])
                                                      0.190    46.395 r  reconfigurable pblock_CL            WRAPPER/CL/u_tile/u_squant/pack_reg[63]_i_110/CO[7]
                         net (fo=1, routed)           0.026    46.421    reconfigurable                      WRAPPER/CL/u_tile/u_squant/pack_reg[63]_i_110_n_0
    SLICE_X107Y303.CIN                                                r  reconfigurable pblock_CL            WRAPPER/CL/u_tile/u_squant/pack_reg[63]_i_60/CI
    SLICE_X107Y303.CO7   CARRY8 (Prop_CARRY8_SLICEM_CI_CO[7])
                                                      0.015    46.436 r  reconfigurable pblock_CL            WRAPPER/CL/u_tile/u_squant/pack_reg[63]_i_60/CO[7]
                         net (fo=1, routed)           0.026    46.462    reconfigurable                      WRAPPER/CL/u_tile/u_squant/pack_reg[63]_i_60_n_0
    SLICE_X107Y304.CIN                                                r  reconfigurable pblock_CL            WRAPPER/CL/u_tile/u_squant/pack_reg[63]_i_25/CI
    SLICE_X107Y304.CO7   CARRY8 (Prop_CARRY8_SLICEM_CI_CO[7])
                                                      0.015    46.477 r  reconfigurable pblock_CL            WRAPPER/CL/u_tile/u_squant/pack_reg[63]_i_25/CO[7]
                         net (fo=1, routed)           0.026    46.503    reconfigurable                      WRAPPER/CL/u_tile/u_squant/pack_reg[63]_i_25_n_0
    SLICE_X107Y305.CIN                                                r  reconfigurable pblock_CL            WRAPPER/CL/u_tile/u_squant/pack_reg[63]_i_10/CI
    SLICE_X107Y305.CO7   CARRY8 (Prop_CARRY8_SLICEM_CI_CO[7])
                                                      0.015    46.518 r  reconfigurable pblock_CL            WRAPPER/CL/u_tile/u_squant/pack_reg[63]_i_10/CO[7]
                         net (fo=1, routed)           0.026    46.544    reconfigurable                      WRAPPER/CL/u_tile/u_squant/pack_reg[63]_i_10_n_0
    SLICE_X107Y306.CIN                                                r  reconfigurable pblock_CL            WRAPPER/CL/u_tile/u_squant/pack_reg[58]_i_10/CI
    SLICE_X107Y306.CO6   CARRY8 (Prop_CARRY8_SLICEM_CI_CO[6])
                                                      0.092    46.636 r  reconfigurable pblock_CL            WRAPPER/CL/u_tile/u_squant/pack_reg[58]_i_10/CO[6]
                         net (fo=42, routed)          0.480    47.116    reconfigurable                      WRAPPER/CL/u_tile/u_squant/pack_reg[58]_i_10_n_1
    SLICE_X113Y301.A3                                                 r  reconfigurable pblock_CL            WRAPPER/CL/u_tile/u_squant/pack[63]_i_162/I4
    SLICE_X113Y301.O6    LUT6 (Prop_B6LUT_SLICEL_I4_O)
                                                      0.098    47.214 r  reconfigurable pblock_CL            WRAPPER/CL/u_tile/u_squant/pack[63]_i_162/O
                         net (fo=1, routed)           0.009    47.223    reconfigurable                      WRAPPER/CL/u_tile/u_squant/pack[63]_i_162_n_0
    SLICE_X113Y301.S1                                                 r  reconfigurable pblock_CL            WRAPPER/CL/u_tile/u_squant/pack_reg[63]_i_109/S[1]
    SLICE_X113Y301.CO7   CARRY8 (Prop_CARRY8_SLICEL_S[1]_CO[7])
                                                      0.186    47.409 r  reconfigurable pblock_CL            WRAPPER/CL/u_tile/u_squant/pack_reg[63]_i_109/CO[7]
                         net (fo=1, routed)           0.026    47.435    reconfigurable                      WRAPPER/CL/u_tile/u_squant/pack_reg[63]_i_109_n_0
    SLICE_X113Y302.CIN                                                r  reconfigurable pblock_CL            WRAPPER/CL/u_tile/u_squant/pack_reg[63]_i_59/CI
    SLICE_X113Y302.CO7   CARRY8 (Prop_CARRY8_SLICEL_CI_CO[7])
                                                      0.015    47.450 r  reconfigurable pblock_CL            WRAPPER/CL/u_tile/u_squant/pack_reg[63]_i_59/CO[7]
                         net (fo=1, routed)           0.026    47.476    reconfigurable                      WRAPPER/CL/u_tile/u_squant/pack_reg[63]_i_59_n_0
    SLICE_X113Y303.CIN                                                r  reconfigurable pblock_CL            WRAPPER/CL/u_tile/u_squant/pack_reg[63]_i_24/CI
    SLICE_X113Y303.CO7   CARRY8 (Prop_CARRY8_SLICEL_CI_CO[7])
                                                      0.015    47.491 r  reconfigurable pblock_CL            WRAPPER/CL/u_tile/u_squant/pack_reg[63]_i_24/CO[7]
                         net (fo=1, routed)           0.026    47.517    reconfigurable                      WRAPPER/CL/u_tile/u_squant/pack_reg[63]_i_24_n_0
    SLICE_X113Y304.CIN                                                r  reconfigurable pblock_CL            WRAPPER/CL/u_tile/u_squant/pack_reg[63]_i_9/CI
    SLICE_X113Y304.CO7   CARRY8 (Prop_CARRY8_SLICEL_CI_CO[7])
                                                      0.015    47.532 r  reconfigurable pblock_CL            WRAPPER/CL/u_tile/u_squant/pack_reg[63]_i_9/CO[7]
                         net (fo=1, routed)           0.026    47.558    reconfigurable                      WRAPPER/CL/u_tile/u_squant/pack_reg[63]_i_9_n_0
    SLICE_X113Y305.CIN                                                r  reconfigurable pblock_CL            WRAPPER/CL/u_tile/u_squant/pack_reg[63]_i_4/CI
    SLICE_X113Y305.CO6   CARRY8 (Prop_CARRY8_SLICEL_CI_CO[6])
                                                      0.092    47.650 r  reconfigurable pblock_CL            WRAPPER/CL/u_tile/u_squant/pack_reg[63]_i_4/CO[6]
                         net (fo=43, routed)          0.271    47.921    reconfigurable                      WRAPPER/CL/u_tile/u_squant/pack_reg[63]_i_4_n_1
    SLICE_X114Y299.A5                                                 r  reconfigurable pblock_CL            WRAPPER/CL/u_tile/u_squant/pack[60]_i_82/I4
    SLICE_X114Y299.O6    LUT6 (Prop_B6LUT_SLICEM_I4_O)
                                                      0.052    47.973 r  reconfigurable pblock_CL            WRAPPER/CL/u_tile/u_squant/pack[60]_i_82/O
                         net (fo=1, routed)           0.016    47.989    reconfigurable                      WRAPPER/CL/u_tile/u_squant/pack[60]_i_82_n_0
    SLICE_X114Y299.S1                                                 r  reconfigurable pblock_CL            WRAPPER/CL/u_tile/u_squant/pack_reg[60]_i_52/S[1]
    SLICE_X114Y299.CO7   CARRY8 (Prop_CARRY8_SLICEM_S[1]_CO[7])
                                                      0.190    48.179 r  reconfigurable pblock_CL            WRAPPER/CL/u_tile/u_squant/pack_reg[60]_i_52/CO[7]
                         net (fo=1, routed)           0.026    48.205    reconfigurable                      WRAPPER/CL/u_tile/u_squant/pack_reg[60]_i_52_n_0
    SLICE_X114Y300.CIN                                                r  reconfigurable pblock_CL            WRAPPER/CL/u_tile/u_squant/pack_reg[60]_i_34/CI
    SLICE_X114Y300.CO7   CARRY8 (Prop_CARRY8_SLICEM_CI_CO[7])
                                                      0.015    48.220 r  reconfigurable pblock_CL            WRAPPER/CL/u_tile/u_squant/pack_reg[60]_i_34/CO[7]
                         net (fo=1, routed)           0.026    48.246    reconfigurable                      WRAPPER/CL/u_tile/u_squant/pack_reg[60]_i_34_n_0
    SLICE_X114Y301.CIN                                                r  reconfigurable pblock_CL            WRAPPER/CL/u_tile/u_squant/pack_reg[60]_i_16/CI
    SLICE_X114Y301.CO7   CARRY8 (Prop_CARRY8_SLICEM_CI_CO[7])
                                                      0.015    48.261 r  reconfigurable pblock_CL            WRAPPER/CL/u_tile/u_squant/pack_reg[60]_i_16/CO[7]
                         net (fo=1, routed)           0.026    48.287    reconfigurable                      WRAPPER/CL/u_tile/u_squant/pack_reg[60]_i_16_n_0
    SLICE_X114Y302.CIN                                                r  reconfigurable pblock_CL            WRAPPER/CL/u_tile/u_squant/pack_reg[60]_i_7/CI
    SLICE_X114Y302.CO7   CARRY8 (Prop_CARRY8_SLICEM_CI_CO[7])
                                                      0.015    48.302 r  reconfigurable pblock_CL            WRAPPER/CL/u_tile/u_squant/pack_reg[60]_i_7/CO[7]
                         net (fo=1, routed)           0.026    48.328    reconfigurable                      WRAPPER/CL/u_tile/u_squant/pack_reg[60]_i_7_n_0
    SLICE_X114Y303.CIN                                                r  reconfigurable pblock_CL            WRAPPER/CL/u_tile/u_squant/pack_reg[63]_i_18/CI
    SLICE_X114Y303.CO6   CARRY8 (Prop_CARRY8_SLICEM_CI_CO[6])
                                                      0.092    48.420 r  reconfigurable pblock_CL            WRAPPER/CL/u_tile/u_squant/pack_reg[63]_i_18/CO[6]
                         net (fo=43, routed)          0.432    48.852    reconfigurable                      WRAPPER/CL/u_tile/u_squant/pack_reg[63]_i_18_n_1
    SLICE_X116Y298.A5                                                 r  reconfigurable pblock_CL            WRAPPER/CL/u_tile/u_squant/pack[60]_i_71/I0
    SLICE_X116Y298.O6    LUT3 (Prop_F6LUT_SLICEL_I0_O)
                                                      0.049    48.901 r  reconfigurable pblock_CL            WRAPPER/CL/u_tile/u_squant/pack[60]_i_71/O
                         net (fo=1, routed)           0.011    48.912    reconfigurable                      WRAPPER/CL/u_tile/u_squant/pack[60]_i_71_n_0
    SLICE_X116Y298.S5                                                 r  reconfigurable pblock_CL            WRAPPER/CL/u_tile/u_squant/pack_reg[60]_i_51/S[5]
    SLICE_X116Y298.CO7   CARRY8 (Prop_CARRY8_SLICEL_S[5]_CO[7])
                                                      0.155    49.067 r  reconfigurable pblock_CL            WRAPPER/CL/u_tile/u_squant/pack_reg[60]_i_51/CO[7]
                         net (fo=1, routed)           0.026    49.093    reconfigurable                      WRAPPER/CL/u_tile/u_squant/pack_reg[60]_i_51_n_0
    SLICE_X116Y299.CIN                                                r  reconfigurable pblock_CL            WRAPPER/CL/u_tile/u_squant/pack_reg[60]_i_33/CI
    SLICE_X116Y299.CO7   CARRY8 (Prop_CARRY8_SLICEL_CI_CO[7])
                                                      0.015    49.108 r  reconfigurable pblock_CL            WRAPPER/CL/u_tile/u_squant/pack_reg[60]_i_33/CO[7]
                         net (fo=1, routed)           0.026    49.134    reconfigurable                      WRAPPER/CL/u_tile/u_squant/pack_reg[60]_i_33_n_0
    SLICE_X116Y300.CIN                                                r  reconfigurable pblock_CL            WRAPPER/CL/u_tile/u_squant/pack_reg[60]_i_15/CI
    SLICE_X116Y300.CO7   CARRY8 (Prop_CARRY8_SLICEL_CI_CO[7])
                                                      0.015    49.149 r  reconfigurable pblock_CL            WRAPPER/CL/u_tile/u_squant/pack_reg[60]_i_15/CO[7]
                         net (fo=1, routed)           0.026    49.175    reconfigurable                      WRAPPER/CL/u_tile/u_squant/pack_reg[60]_i_15_n_0
    SLICE_X116Y301.CIN                                                r  reconfigurable pblock_CL            WRAPPER/CL/u_tile/u_squant/pack_reg[60]_i_6/CI
    SLICE_X116Y301.CO7   CARRY8 (Prop_CARRY8_SLICEL_CI_CO[7])
                                                      0.015    49.190 r  reconfigurable pblock_CL            WRAPPER/CL/u_tile/u_squant/pack_reg[60]_i_6/CO[7]
                         net (fo=1, routed)           0.026    49.216    reconfigurable                      WRAPPER/CL/u_tile/u_squant/pack_reg[60]_i_6_n_0
    SLICE_X116Y302.CIN                                                r  reconfigurable pblock_CL            WRAPPER/CL/u_tile/u_squant/pack_reg[60]_i_4/CI
    SLICE_X116Y302.CO6   CARRY8 (Prop_CARRY8_SLICEL_CI_CO[6])
                                                      0.092    49.308 r  reconfigurable pblock_CL            WRAPPER/CL/u_tile/u_squant/pack_reg[60]_i_4/CO[6]
                         net (fo=45, routed)          0.624    49.933    reconfigurable                      WRAPPER/CL/u_tile/u_squant/pack_reg[60]_i_4_n_1
    SLICE_X117Y295.A4                                                 r  reconfigurable pblock_CL            WRAPPER/CL/u_tile/u_squant/pack[58]_i_501/I0
    SLICE_X117Y295.O6    LUT3 (Prop_C6LUT_SLICEL_I0_O)
                                                      0.088    50.021 r  reconfigurable pblock_CL            WRAPPER/CL/u_tile/u_squant/pack[58]_i_501/O
                         net (fo=1, routed)           0.010    50.031    reconfigurable                      WRAPPER/CL/u_tile/u_squant/pack[58]_i_501_n_0
    SLICE_X117Y295.S2                                                 r  reconfigurable pblock_CL            WRAPPER/CL/u_tile/u_squant/pack_reg[58]_i_358/S[2]
    SLICE_X117Y295.CO7   CARRY8 (Prop_CARRY8_SLICEL_S[2]_CO[7])
                                                      0.155    50.186 r  reconfigurable pblock_CL            WRAPPER/CL/u_tile/u_squant/pack_reg[58]_i_358/CO[7]
                         net (fo=1, routed)           0.026    50.212    reconfigurable                      WRAPPER/CL/u_tile/u_squant/pack_reg[58]_i_358_n_0
    SLICE_X117Y296.CIN                                                r  reconfigurable pblock_CL            WRAPPER/CL/u_tile/u_squant/pack_reg[58]_i_205/CI
    SLICE_X117Y296.CO7   CARRY8 (Prop_CARRY8_SLICEL_CI_CO[7])
                                                      0.015    50.227 r  reconfigurable pblock_CL            WRAPPER/CL/u_tile/u_squant/pack_reg[58]_i_205/CO[7]
                         net (fo=1, routed)           0.026    50.253    reconfigurable                      WRAPPER/CL/u_tile/u_squant/pack_reg[58]_i_205_n_0
    SLICE_X117Y297.CIN                                                r  reconfigurable pblock_CL            WRAPPER/CL/u_tile/u_squant/pack_reg[58]_i_85/CI
    SLICE_X117Y297.CO7   CARRY8 (Prop_CARRY8_SLICEL_CI_CO[7])
                                                      0.015    50.268 r  reconfigurable pblock_CL            WRAPPER/CL/u_tile/u_squant/pack_reg[58]_i_85/CO[7]
                         net (fo=1, routed)           0.026    50.294    reconfigurable                      WRAPPER/CL/u_tile/u_squant/pack_reg[58]_i_85_n_0
    SLICE_X117Y298.CIN                                                r  reconfigurable pblock_CL            WRAPPER/CL/u_tile/u_squant/pack_reg[58]_i_14/CI
    SLICE_X117Y298.CO7   CARRY8 (Prop_CARRY8_SLICEL_CI_CO[7])
                                                      0.015    50.309 r  reconfigurable pblock_CL            WRAPPER/CL/u_tile/u_squant/pack_reg[58]_i_14/CO[7]
                         net (fo=1, routed)           0.026    50.335    reconfigurable                      WRAPPER/CL/u_tile/u_squant/pack_reg[58]_i_14_n_0
    SLICE_X117Y299.CIN                                                r  reconfigurable pblock_CL            WRAPPER/CL/u_tile/u_squant/pack_reg[61]_i_5/CI
    SLICE_X117Y299.CO6   CARRY8 (Prop_CARRY8_SLICEL_CI_CO[6])
                                                      0.092    50.427 r  reconfigurable pblock_CL            WRAPPER/CL/u_tile/u_squant/pack_reg[61]_i_5/CO[6]
                         net (fo=44, routed)          0.568    50.995    reconfigurable                      WRAPPER/CL/u_tile/u_squant/pack_reg[61]_i_5_n_1
    SLICE_X115Y296.A2                                                 r  reconfigurable pblock_CL            WRAPPER/CL/u_tile/u_squant/pack[58]_i_362/I0
    SLICE_X115Y296.O6    LUT3 (Prop_E6LUT_SLICEM_I0_O)
                                                      0.124    51.119 r  reconfigurable pblock_CL            WRAPPER/CL/u_tile/u_squant/pack[58]_i_362/O
                         net (fo=1, routed)           0.014    51.133    reconfigurable                      WRAPPER/CL/u_tile/u_squant/pack[58]_i_362_n_0
    SLICE_X115Y296.S4                                                 r  reconfigurable pblock_CL            WRAPPER/CL/u_tile/u_squant/pack_reg[58]_i_204/S[4]
    SLICE_X115Y296.CO7   CARRY8 (Prop_CARRY8_SLICEM_S[4]_CO[7])
                                                      0.156    51.289 r  reconfigurable pblock_CL            WRAPPER/CL/u_tile/u_squant/pack_reg[58]_i_204/CO[7]
                         net (fo=1, routed)           0.026    51.315    reconfigurable                      WRAPPER/CL/u_tile/u_squant/pack_reg[58]_i_204_n_0
    SLICE_X115Y297.CIN                                                r  reconfigurable pblock_CL            WRAPPER/CL/u_tile/u_squant/pack_reg[58]_i_84/CI
    SLICE_X115Y297.CO7   CARRY8 (Prop_CARRY8_SLICEM_CI_CO[7])
                                                      0.015    51.330 r  reconfigurable pblock_CL            WRAPPER/CL/u_tile/u_squant/pack_reg[58]_i_84/CO[7]
                         net (fo=1, routed)           0.026    51.356    reconfigurable                      WRAPPER/CL/u_tile/u_squant/pack_reg[58]_i_84_n_0
    SLICE_X115Y298.CIN                                                r  reconfigurable pblock_CL            WRAPPER/CL/u_tile/u_squant/pack_reg[58]_i_13/CI
    SLICE_X115Y298.CO7   CARRY8 (Prop_CARRY8_SLICEM_CI_CO[7])
                                                      0.015    51.371 r  reconfigurable pblock_CL            WRAPPER/CL/u_tile/u_squant/pack_reg[58]_i_13/CO[7]
                         net (fo=1, routed)           0.026    51.397    reconfigurable                      WRAPPER/CL/u_tile/u_squant/pack_reg[58]_i_13_n_0
    SLICE_X115Y299.CIN                                                r  reconfigurable pblock_CL            WRAPPER/CL/u_tile/u_squant/pack_reg[58]_i_5/CI
    SLICE_X115Y299.CO6   CARRY8 (Prop_CARRY8_SLICEM_CI_CO[6])
                                                      0.092    51.489 r  reconfigurable pblock_CL            WRAPPER/CL/u_tile/u_squant/pack_reg[58]_i_5/CO[6]
                         net (fo=46, routed)          0.291    51.780    reconfigurable                      WRAPPER/CL/u_tile/u_squant/pack_reg[58]_i_5_n_1
    SLICE_X115Y303.A5                                                 r  reconfigurable pblock_CL            WRAPPER/CL/u_tile/u_squant/pack[58]_i_293/I0
    SLICE_X115Y303.O6    LUT3 (Prop_A6LUT_SLICEM_I0_O)
                                                      0.053    51.833 r  reconfigurable pblock_CL            WRAPPER/CL/u_tile/u_squant/pack[58]_i_293/O
                         net (fo=1, routed)           0.013    51.846    reconfigurable                      WRAPPER/CL/u_tile/u_squant/pack[58]_i_293_n_0
    SLICE_X115Y303.S0                                                 r  reconfigurable pblock_CL            WRAPPER/CL/u_tile/u_squant/pack_reg[58]_i_150/S[0]
    SLICE_X115Y303.CO7   CARRY8 (Prop_CARRY8_SLICEM_S[0]_CO[7])
                                                      0.192    52.038 r  reconfigurable pblock_CL            WRAPPER/CL/u_tile/u_squant/pack_reg[58]_i_150/CO[7]
                         net (fo=1, routed)           0.026    52.064    reconfigurable                      WRAPPER/CL/u_tile/u_squant/pack_reg[58]_i_150_n_0
    SLICE_X115Y304.CIN                                                r  reconfigurable pblock_CL            WRAPPER/CL/u_tile/u_squant/pack_reg[58]_i_42/CI
    SLICE_X115Y304.CO7   CARRY8 (Prop_CARRY8_SLICEM_CI_CO[7])
                                                      0.015    52.079 r  reconfigurable pblock_CL            WRAPPER/CL/u_tile/u_squant/pack_reg[58]_i_42/CO[7]
                         net (fo=1, routed)           0.026    52.105    reconfigurable                      WRAPPER/CL/u_tile/u_squant/pack_reg[58]_i_42_n_0
    SLICE_X115Y305.CIN                                                r  reconfigurable pblock_CL            WRAPPER/CL/u_tile/u_squant/pack_reg[58]_i_9/CI
    SLICE_X115Y305.CO6   CARRY8 (Prop_CARRY8_SLICEM_CI_CO[6])
                                                      0.092    52.197 r  reconfigurable pblock_CL            WRAPPER/CL/u_tile/u_squant/pack_reg[58]_i_9/CO[6]
                         net (fo=47, routed)          0.837    53.034    reconfigurable                      WRAPPER/CL/u_tile/u_squant/pack_reg[58]_i_9_n_1
    SLICE_X122Y313.A5                                                 r  reconfigurable pblock_CL            WRAPPER/CL/u_tile/u_squant/pack[58]_i_538/I4
    SLICE_X122Y313.O6    LUT6 (Prop_G6LUT_SLICEM_I4_O)
                                                      0.052    53.086 r  reconfigurable pblock_CL            WRAPPER/CL/u_tile/u_squant/pack[58]_i_538/O
                         net (fo=1, routed)           0.438    53.524    reconfigurable                      WRAPPER/CL/u_tile/u_squant/pack[58]_i_538_n_0
    SLICE_X125Y300.A5                                                 r  reconfigurable pblock_CL            WRAPPER/CL/u_tile/u_squant/pack_reg[58]_i_405/S[0]
    SLICE_X125Y300.CO7   CARRY8 (Prop_CARRY8_SLICEL_S[0]_CO[7])
                                                      0.190    53.714 f  reconfigurable pblock_CL            WRAPPER/CL/u_tile/u_squant/pack_reg[58]_i_405/CO[7]
                         net (fo=1, routed)           0.026    53.740    reconfigurable                      WRAPPER/CL/u_tile/u_squant/pack_reg[58]_i_405_n_0
    SLICE_X125Y301.CIN                                                f  reconfigurable pblock_CL            WRAPPER/CL/u_tile/u_squant/pack_reg[58]_i_276/CI
    SLICE_X125Y301.CO7   CARRY8 (Prop_CARRY8_SLICEL_CI_CO[7])
                                                      0.015    53.755 f  reconfigurable pblock_CL            WRAPPER/CL/u_tile/u_squant/pack_reg[58]_i_276/CO[7]
                         net (fo=1, routed)           0.026    53.781    reconfigurable                      WRAPPER/CL/u_tile/u_squant/pack_reg[58]_i_276_n_0
    SLICE_X125Y302.CIN                                                f  reconfigurable pblock_CL            WRAPPER/CL/u_tile/u_squant/pack_reg[58]_i_141/CI
    SLICE_X125Y302.CO7   CARRY8 (Prop_CARRY8_SLICEL_CI_CO[7])
                                                      0.015    53.796 f  reconfigurable pblock_CL            WRAPPER/CL/u_tile/u_squant/pack_reg[58]_i_141/CO[7]
                         net (fo=1, routed)           0.026    53.822    reconfigurable                      WRAPPER/CL/u_tile/u_squant/pack_reg[58]_i_141_n_0
    SLICE_X125Y303.CIN                                                f  reconfigurable pblock_CL            WRAPPER/CL/u_tile/u_squant/pack_reg[58]_i_35/CI
    SLICE_X125Y303.CO7   CARRY8 (Prop_CARRY8_SLICEL_CI_CO[7])
                                                      0.015    53.837 f  reconfigurable pblock_CL            WRAPPER/CL/u_tile/u_squant/pack_reg[58]_i_35/CO[7]
                         net (fo=1, routed)           0.026    53.863    reconfigurable                      WRAPPER/CL/u_tile/u_squant/pack_reg[58]_i_35_n_0
    SLICE_X125Y304.CIN                                                f  reconfigurable pblock_CL            WRAPPER/CL/u_tile/u_squant/pack_reg[58]_i_8/CI
    SLICE_X125Y304.CO5   CARRY8 (Prop_CARRY8_SLICEL_CI_CO[5])
                                                      0.077    53.940 f  reconfigurable pblock_CL            WRAPPER/CL/u_tile/u_squant/pack_reg[58]_i_8/CO[5]
                         net (fo=9, routed)           0.584    54.525    reconfigurable                      WRAPPER/CL/u_tile/u_squant/pack_reg[58]_i_8_n_2
    SLICE_X133Y330.A4                                                 f  reconfigurable pblock_CL            WRAPPER/CL/u_tile/u_squant/pack[60]_i_3/I1
    SLICE_X133Y330.O6    LUT6 (Prop_B6LUT_SLICEM_I1_O)
                                                      0.089    54.614 f  reconfigurable pblock_CL            WRAPPER/CL/u_tile/u_squant/pack[60]_i_3/O
                         net (fo=4, routed)           0.268    54.882    reconfigurable                      WRAPPER/CL/u_tile/u_squant/pack[60]_i_3_n_0
    SLICE_X138Y333.A4                                                 f  reconfigurable pblock_CL            WRAPPER/CL/u_tile/u_squant/pack[63]_i_5/I1
    SLICE_X138Y333.O5    LUT3 (Prop_A5LUT_SLICEL_I1_O)
                                                      0.100    54.982 f  reconfigurable pblock_CL            WRAPPER/CL/u_tile/u_squant/pack[63]_i_5/O
                         net (fo=3, routed)           0.283    55.265    reconfigurable                      WRAPPER/CL/u_tile/u_squant/pack[63]_i_5_n_0
    SLICE_X136Y340.A5                                                 f  reconfigurable pblock_CL            WRAPPER/CL/u_tile/u_squant/pack[58]_i_4/I0
    SLICE_X136Y340.O6    LUT5 (Prop_G6LUT_SLICEL_I0_O)
                                                      0.050    55.315 r  reconfigurable pblock_CL            WRAPPER/CL/u_tile/u_squant/pack[58]_i_4/O
                         net (fo=9, routed)           0.285    55.600    reconfigurable                      WRAPPER/CL/u_tile/u_squant/pack[58]_i_4_n_0
    SLICE_X137Y333.A2                                                 r  reconfigurable pblock_CL            WRAPPER/CL/u_tile/u_squant/pack[63]_i_6/I4
    SLICE_X137Y333.O6    LUT5 (Prop_C6LUT_SLICEM_I4_O)
                                                      0.123    55.723 r  reconfigurable pblock_CL            WRAPPER/CL/u_tile/u_squant/pack[63]_i_6/O
                         net (fo=2, routed)           0.267    55.990    reconfigurable                      WRAPPER/CL/u_tile/u_squant/pack[63]_i_6_n_0
    SLICE_X136Y340.A3                                                 r  reconfigurable pblock_CL            WRAPPER/CL/u_tile/u_squant/pack[62]_i_2/I2
    SLICE_X136Y340.O6    LUT6 (Prop_H6LUT_SLICEL_I2_O)
                                                      0.099    56.089 r  reconfigurable pblock_CL            WRAPPER/CL/u_tile/u_squant/pack[62]_i_2/O
                         net (fo=6, routed)           0.893    56.982    reconfigurable                      WRAPPER/CL/u_tile/u_squant/pack0[38]
    SLICE_X155Y315.A4                                                 r  reconfigurable pblock_CL            WRAPPER/CL/u_tile/u_squant/pack[46]_i_1/I0
    SLICE_X155Y315.O5    LUT3 (Prop_B5LUT_SLICEL_I0_O)
                                                      0.104    57.086 r  reconfigurable pblock_CL            WRAPPER/CL/u_tile/u_squant/pack[46]_i_1/O
                         net (fo=2, routed)           0.510    57.596    reconfigurable                      WRAPPER/CL/u_tile/u_squant/pack0[46]
    SLICE_X150Y312.D     FDRE                                         r  reconfigurable pblock_CL            WRAPPER/CL/u_tile/u_squant/pack_reg[46]/D
  -------------------------------------------------------------------    -------------------------------------------------------

                         (clock clk_out1_clk_mmcm_a rise edge)
                                                     64.000    64.000 r                                      
    BJ4                                               0.000    64.000 r  static                              <hidden>
                         net (fo=0)                   0.079    64.079    static                              <hidden>/<hidden>/<hidden>/<hidden>
    HPIOBDIFFINBUF_X0Y130.DIFF_IN_P
                                                                      r  static                              <hidden>/<hidden>/<hidden>/<hidden>
    HPIOBDIFFINBUF_X0Y130.O
                         DIFFINBUF (Prop_DIFFINBUF_HPIOBDIFFINBUF_DIFF_IN_P_O)
                                                      0.750    64.829 r  static                              <hidden>/<hidden>/<hidden>/<hidden>
                         net (fo=1, routed)           0.040    64.869    static                              <hidden>/<hidden>/<hidden>/<hidden>
    BJ4.I                                                             r  static                              <hidden>/<hidden>/<hidden>/<hidden>
    BJ4.O                IBUFCTRL (Prop_IBUFCTRL_HPIOB_M_I_O)
                                                      0.000    64.869 r  static                              <hidden>/<hidden>/<hidden>/<hidden>
                         net (fo=1, routed)           0.309    65.178    static                              <hidden>/<hidden>/<hidden>
    BUFGCE_X0Y122.I                                                   r  static                              <hidden>/<hidden>/<hidden>
    BUFGCE_X0Y122.O      BUFGCE (Prop_BUFCE_BUFGCE_I_O)
                                                      0.024    65.202 r  static                              <hidden>/<hidden>/<hidden>
                         net (fo=3, routed)           1.624    66.826    static                              <hidden>/<hidden>/<hidden>/<hidden>/<hidden>
    SLR Crossing[1->0]   
    MMCM_X0Y2.CLKIN1                                                  r  static                              <hidden>/<hidden>/<hidden>/<hidden>/<hidden>
    MMCM_X0Y2.CLKOUT0    MMCME4_ADV (Prop_MMCM_CLKIN1_CLKOUT0)
                                                      0.630    67.456 r  static                              <hidden>/<hidden>/<hidden>/<hidden>/<hidden>
                         net (fo=2, routed)           0.215    67.671    static                              <hidden>/<hidden>/<hidden>
    BUFGCE_X0Y70.I                                                    r  static                              <hidden>/<hidden>/<hidden>
    BUFGCE_X0Y70.O       BUFGCE (Prop_BUFCE_BUFGCE_I_O)
                                                      0.024    67.695 r  static                              <hidden>/<hidden>/<hidden>
                         net (fo=2363, routed)        2.391    70.086    boundary                            WRAPPER/CL/AWS_CLK_GEN/CLK_GRP_A_EN_I.CLK_MMCM_A_I/inst/CLK_CORE_DRP_I/clk_inst/s_axi_aclk
    MMCM_X0Y3.CLKIN1                                                  r  reconfigurable pblock_CL            WRAPPER/CL/AWS_CLK_GEN/CLK_GRP_A_EN_I.CLK_MMCM_A_I/inst/CLK_CORE_DRP_I/clk_inst/mmcme4_adv_inst/CLKIN1
    MMCM_X0Y3.CLKOUT0    MMCME4_ADV (Prop_MMCM_CLKIN1_CLKOUT0)
                                                      0.630    70.716 r  reconfigurable pblock_CL            WRAPPER/CL/AWS_CLK_GEN/CLK_GRP_A_EN_I.CLK_MMCM_A_I/inst/CLK_CORE_DRP_I/clk_inst/mmcme4_adv_inst/CLKOUT0
                         net (fo=1, routed)           0.215    70.931    reconfigurable                      WRAPPER/CL/AWS_CLK_GEN/CLK_GRP_A_EN_I.CLK_MMCM_A_I/inst/CLK_CORE_DRP_I/clk_inst/clk_out1_clk_mmcm_a
    BUFGCE_X0Y84.I                                                    r  reconfigurable pblock_CL            WRAPPER/CL/AWS_CLK_GEN/CLK_GRP_A_EN_I.CLK_MMCM_A_I/inst/CLK_CORE_DRP_I/clk_inst/clkout1_buf/I
    BUFGCE_X0Y84.O       BUFGCE (Prop_BUFCE_BUFGCE_I_O)
                                                      0.024    70.955 r  reconfigurable pblock_CL            WRAPPER/CL/AWS_CLK_GEN/CLK_GRP_A_EN_I.CLK_MMCM_A_I/inst/CLK_CORE_DRP_I/clk_inst/clkout1_buf/O
    X2Y5 (CLOCK_ROOT)    net (fo=146611, routed)      2.318    73.273    reconfigurable                      WRAPPER/CL/u_tile/u_squant/o_clk_extra_a1
    SLR Crossing[0->1]   
    SLICE_X150Y312.CLK   FDRE                                         r  reconfigurable pblock_CL            WRAPPER/CL/u_tile/u_squant/pack_reg[46]/C
                         clock pessimism             -0.639    72.634                                            
                         clock uncertainty           -0.095    72.540                                            
    SLICE_X150Y312       FDRE (Setup_FFF2_SLICEM_C_D)
                                                      0.025    72.565    reconfigurable   pblock_CL              WRAPPER/CL/u_tile/u_squant/pack_reg[46]
  -------------------------------------------------------------------
                         required time                         72.565                                            
                         arrival time                         -57.596                                            
  -------------------------------------------------------------------
                         slack                                 14.968                                            

Slack (MET) :             15.000ns  (required time - arrival time)
  Source:                 <hidden>/<hidden>/<hidden>/<hidden>
                            (rising edge-triggered cell FDRE clocked by clk_main_a0  {rise@0.000ns fall@2.000ns period=4.000ns})
  Destination:            <hidden>/<hidden>/<hidden>
                            (rising edge-triggered cell FDRE clocked by clk_out1_clk_mmcm_a  {rise@0.000ns fall@32.000ns period=64.000ns})
  Path Group:             clk_out1_clk_mmcm_a
  Path Type:              Setup (Max at Slow Process Corner)
  Requirement:            16.000ns  (MaxDelay Path 16.000ns)
  Data Path Delay:        1.025ns  (logic 0.078ns (7.608%)  route 0.947ns (92.392%))
  Logic Levels:           0  
  Timing Exception:       MaxDelay Path 16.000ns -datapath_only

    Location             Delay type                Incr(ns)  Path(ns)    Partition      PBlock               Netlist Resource(s)
  -------------------------------------------------------------------    -------------------------------------------------------
    SLICE_X175Y342.CLK                                0.000     0.000 r  reconfigurable pblock_CL            <hidden>/<hidden>/<hidden>/<hidden>
    SLICE_X175Y342.Q     FDRE (Prop_DFF_SLICEM_C_Q)
                                                      0.078     0.078 r  reconfigurable pblock_CL            <hidden>/<hidden>/<hidden>/<hidden>
                         net (fo=4, routed)           0.947     1.025    reconfigurable                      <hidden>/<hidden>/<hidden>
    SLICE_X143Y329.D     FDRE                                         r  reconfigurable pblock_CL            <hidden>/<hidden>/<hidden>
  -------------------------------------------------------------------    -------------------------------------------------------

                         max delay                   16.000    16.000                                        
    SLICE_X143Y329       FDRE (Setup_EFF2_SLICEL_C_D)
                                                      0.025    16.025    reconfigurable   pblock_CL              <hidden>/<hidden>/<hidden>
  -------------------------------------------------------------------
                         required time                         16.025                                            
                         arrival time                          -1.025                                            
  -------------------------------------------------------------------
                         slack                                 15.000                                            

Slack (MET) :             15.008ns  (required time - arrival time)
  Source:                 <hidden>/<hidden>/<hidden>/<hidden>
                            (rising edge-triggered cell FDRE clocked by clk_main_a0  {rise@0.000ns fall@2.000ns period=4.000ns})
  Destination:            <hidden>/<hidden>/<hidden>/<hidden>
                            (rising edge-triggered cell FDRE clocked by clk_out1_clk_mmcm_a  {rise@0.000ns fall@32.000ns period=64.000ns})
  Path Group:             clk_out1_clk_mmcm_a
  Path Type:              Setup (Max at Slow Process Corner)
  Requirement:            16.000ns  (MaxDelay Path 16.000ns)
  Data Path Delay:        1.017ns  (logic 0.201ns (19.758%)  route 0.816ns (80.242%))
  Logic Levels:           1  (LUT2=1)
  Timing Exception:       MaxDelay Path 16.000ns -datapath_only

    Location             Delay type                Incr(ns)  Path(ns)    Partition      PBlock               Netlist Resource(s)
  -------------------------------------------------------------------    -------------------------------------------------------
    SLICE_X175Y357.CLK                                0.000     0.000 r  reconfigurable pblock_CL            <hidden>/<hidden>/<hidden>/<hidden>
    SLICE_X175Y357.Q     FDRE (Prop_HFF_SLICEM_C_Q)
                                                      0.079     0.079 f  reconfigurable pblock_CL            <hidden>/<hidden>/<hidden>/<hidden>
                         net (fo=3, routed)           0.767     0.846    reconfigurable                      <hidden>/<hidden>/<hidden>/<hidden>
    SLICE_X151Y327.A2                                                 f  reconfigurable pblock_CL            <hidden>/<hidden>/<hidden>/<hidden>
    SLICE_X151Y327.O6    LUT2 (Prop_D6LUT_SLICEL_I1_O)
                                                      0.122     0.968 r  reconfigurable pblock_CL            <hidden>/<hidden>/<hidden>/<hidden>
                         net (fo=1, routed)           0.049     1.017    reconfigurable                      <hidden>/<hidden>/<hidden>/<hidden>
    SLICE_X151Y327.D     FDRE                                         r  reconfigurable pblock_CL            <hidden>/<hidden>/<hidden>/<hidden>
  -------------------------------------------------------------------    -------------------------------------------------------

                         max delay                   16.000    16.000                                        
    SLICE_X151Y327       FDRE (Setup_DFF_SLICEL_C_D)
                                                      0.025    16.025    reconfigurable   pblock_CL              <hidden>/<hidden>/<hidden>/<hidden>
  -------------------------------------------------------------------
                         required time                         16.025                                            
                         arrival time                          -1.017                                            
  -------------------------------------------------------------------
                         slack                                 15.008                                            

Slack (MET) :             15.027ns  (required time - arrival time)
  Source:                 <hidden>/<hidden>/<hidden>/<hidden>
                            (rising edge-triggered cell FDRE clocked by clk_main_a0  {rise@0.000ns fall@2.000ns period=4.000ns})
  Destination:            <hidden>/<hidden>/<hidden>
                            (rising edge-triggered cell FDRE clocked by clk_out1_clk_mmcm_a  {rise@0.000ns fall@32.000ns period=64.000ns})
  Path Group:             clk_out1_clk_mmcm_a
  Path Type:              Setup (Max at Slow Process Corner)
  Requirement:            16.000ns  (MaxDelay Path 16.000ns)
  Data Path Delay:        0.998ns  (logic 0.078ns (7.814%)  route 0.920ns (92.186%))
  Logic Levels:           0  
  Timing Exception:       MaxDelay Path 16.000ns -datapath_only

    Location             Delay type                Incr(ns)  Path(ns)    Partition      PBlock               Netlist Resource(s)
  -------------------------------------------------------------------    -------------------------------------------------------
    SLICE_X175Y342.CLK                                0.000     0.000 r  reconfigurable pblock_CL            <hidden>/<hidden>/<hidden>/<hidden>
    SLICE_X175Y342.Q     FDRE (Prop_DFF_SLICEM_C_Q)
                                                      0.078     0.078 r  reconfigurable pblock_CL            <hidden>/<hidden>/<hidden>/<hidden>
                         net (fo=4, routed)           0.920     0.998    reconfigurable                      <hidden>/<hidden>/<hidden>
    SLICE_X143Y329.D     FDRE                                         r  reconfigurable pblock_CL            <hidden>/<hidden>/<hidden>
  -------------------------------------------------------------------    -------------------------------------------------------

                         max delay                   16.000    16.000                                        
    SLICE_X143Y329       FDRE (Setup_FFF_SLICEL_C_D)
                                                      0.025    16.025    reconfigurable   pblock_CL              <hidden>/<hidden>/<hidden>
  -------------------------------------------------------------------
                         required time                         16.025                                            
                         arrival time                          -0.998                                            
  -------------------------------------------------------------------
                         slack                                 15.027                                            

Slack (MET) :             15.031ns  (required time - arrival time)
  Source:                 <hidden>/<hidden>/<hidden>/<hidden>
                            (rising edge-triggered cell FDRE clocked by clk_main_a0  {rise@0.000ns fall@2.000ns period=4.000ns})
  Destination:            <hidden>/<hidden>/<hidden>/<hidden>
                            (rising edge-triggered cell FDRE clocked by clk_out1_clk_mmcm_a  {rise@0.000ns fall@32.000ns period=64.000ns})
  Path Group:             clk_out1_clk_mmcm_a
  Path Type:              Setup (Max at Slow Process Corner)
  Requirement:            16.000ns  (MaxDelay Path 16.000ns)
  Data Path Delay:        0.994ns  (logic 0.212ns (21.322%)  route 0.782ns (78.678%))
  Logic Levels:           1  (LUT2=1)
  Timing Exception:       MaxDelay Path 16.000ns -datapath_only

    Location             Delay type                Incr(ns)  Path(ns)    Partition      PBlock               Netlist Resource(s)
  -------------------------------------------------------------------    -------------------------------------------------------
    SLICE_X175Y357.CLK                                0.000     0.000 r  reconfigurable pblock_CL            <hidden>/<hidden>/<hidden>/<hidden>
    SLICE_X175Y357.Q     FDRE (Prop_HFF_SLICEM_C_Q)
                                                      0.079     0.079 r  reconfigurable pblock_CL            <hidden>/<hidden>/<hidden>/<hidden>
                         net (fo=3, routed)           0.767     0.846    reconfigurable                      <hidden>/<hidden>/<hidden>/<hidden>
    SLICE_X151Y327.A2                                                 r  reconfigurable pblock_CL            <hidden>/<hidden>/<hidden>/<hidden>
    SLICE_X151Y327.O5    LUT2 (Prop_D5LUT_SLICEL_I1_O)
                                                      0.133     0.979 r  reconfigurable pblock_CL            <hidden>/<hidden>/<hidden>/<hidden>
                         net (fo=1, routed)           0.015     0.994    reconfigurable                      <hidden>/<hidden>/<hidden>/<hidden>
    SLICE_X151Y327.D     FDRE                                         r  reconfigurable pblock_CL            <hidden>/<hidden>/<hidden>/<hidden>
  -------------------------------------------------------------------    -------------------------------------------------------

                         max delay                   16.000    16.000                                        
    SLICE_X151Y327       FDRE (Setup_DFF2_SLICEL_C_D)
                                                      0.025    16.025    reconfigurable   pblock_CL              <hidden>/<hidden>/<hidden>/<hidden>
  -------------------------------------------------------------------
                         required time                         16.025                                            
                         arrival time                          -0.994                                            
  -------------------------------------------------------------------
                         slack                                 15.031                                            

Slack (MET) :             30.856ns  (required time - arrival time)
  Source:                 <hidden>/<hidden>/<hidden>/<hidden>/<hidden>/<hidden>/<hidden>/<hidden>
                            (rising edge-triggered cell FDRE clocked by WRAPPER/RL/RL_DEBUG_BRIDGE/inst/axi_jtag/inst/u_jtag_proc/tck_i_reg/Q  {rise@0.000ns fall@16.000ns period=32.000ns})
  Destination:            <hidden>/<hidden>/<hidden>/<hidden>/<hidden>/<hidden>/<hidden>/<hidden>
                            (rising edge-triggered cell FDRE clocked by WRAPPER/RL/RL_DEBUG_BRIDGE/inst/axi_jtag/inst/u_jtag_proc/tck_i_reg/Q  {rise@0.000ns fall@16.000ns period=32.000ns})
  Path Group:             WRAPPER/RL/RL_DEBUG_BRIDGE/inst/axi_jtag/inst/u_jtag_proc/tck_i_reg/Q
  Path Type:              Setup (Max at Slow Process Corner)
  Requirement:            32.000ns  (WRAPPER/RL/RL_DEBUG_BRIDGE/inst/axi_jtag/inst/u_jtag_proc/tck_i_reg/Q rise@32.000ns - WRAPPER/RL/RL_DEBUG_BRIDGE/inst/axi_jtag/inst/u_jtag_proc/tck_i_reg/Q rise@0.000ns)
  Data Path Delay:        0.735ns  (logic 0.133ns (18.096%)  route 0.602ns (81.904%))
  Logic Levels:           1  (LUT3=1)
  Clock Path Skew:        -0.368ns (DCD - SCD + CPR)
    Destination Clock Delay (DCD):    6.250ns = ( 38.250 - 32.000 ) 
    Source Clock Delay      (SCD):    6.924ns
    Clock Pessimism Removal (CPR):    0.306ns
  Clock Uncertainty:      0.066ns  ((TSJ^2 + DJ^2)^1/2) / 2 + PE
    Total System Jitter     (TSJ):    0.071ns
    Discrete Jitter          (DJ):    0.112ns
    Phase Error              (PE):    0.000ns
  Clock Net Delay (Source):      2.444ns (routing 1.039ns, distribution 1.405ns)
  Clock Net Delay (Destination): 2.183ns (routing 0.945ns, distribution 1.238ns)

    Location             Delay type                Incr(ns)  Path(ns)    Partition      Netlist Resource(s)
  -------------------------------------------------------------------    ----------------------------------
                         (clock WRAPPER/RL/RL_DEBUG_BRIDGE/inst/axi_jtag/inst/u_jtag_proc/tck_i_reg/Q rise edge)
                                                      0.000     0.000 r                 
    BJ4                                               0.000     0.000 r  static         <hidden>
                         net (fo=0)                   0.100     0.100    static         <hidden>/<hidden>/<hidden>/<hidden>
    HPIOBDIFFINBUF_X0Y130.DIFF_IN_P
                                                                      r  static         <hidden>/<hidden>/<hidden>/<hidden>
    HPIOBDIFFINBUF_X0Y130.O
                         DIFFINBUF (Prop_DIFFINBUF_HPIOBDIFFINBUF_DIFF_IN_P_O)
                                                      0.863     0.963 r  static         <hidden>/<hidden>/<hidden>/<hidden>
                         net (fo=1, routed)           0.050     1.013    static         <hidden>/<hidden>/<hidden>/<hidden>
    BJ4.I                                                             r  static         <hidden>/<hidden>/<hidden>/<hidden>
    BJ4.O                IBUFCTRL (Prop_IBUFCTRL_HPIOB_M_I_O)
                                                      0.000     1.013 r  static         <hidden>/<hidden>/<hidden>/<hidden>
                         net (fo=1, routed)           0.348     1.361    static         <hidden>/<hidden>/<hidden>
    BUFGCE_X0Y122.I                                                   r  static         <hidden>/<hidden>/<hidden>
    BUFGCE_X0Y122.O      BUFGCE (Prop_BUFCE_BUFGCE_I_O)
                                                      0.028     1.389 r  static         <hidden>/<hidden>/<hidden>
                         net (fo=3, routed)           1.822     3.211    static         <hidden>/<hidden>/<hidden>/<hidden>/<hidden>
    SLR Crossing[1->0]   
    PLL_X0Y5.CLKIN                                                    r  static         <hidden>/<hidden>/<hidden>/<hidden>/<hidden>
    PLL_X0Y5.CLKOUT0     PLLE4_ADV (Prop_PLL_CLKIN_CLKOUT0)
                                                      0.033     3.244 r  static         <hidden>/<hidden>/<hidden>/<hidden>/<hidden>
                         net (fo=1, routed)           0.270     3.514    static         <hidden>/<hidden>/<hidden>/<hidden>/<hidden>
    BUFGCE_X0Y56.I                                                    r  static         <hidden>/<hidden>/<hidden>/<hidden>/<hidden>
    BUFGCE_X0Y56.O       BUFGCE (Prop_BUFCE_BUFGCE_I_O)
                                                      0.028     3.542 r  static         <hidden>/<hidden>/<hidden>/<hidden>/<hidden>
    X5Y4 (CLOCK_ROOT)    net (fo=1635, routed)        2.444     5.986    static         <hidden>/<hidden>/<hidden>/<hidden>/<hidden>/<hidden>/<hidden>/<hidden>
    SLR Crossing[0->1]   
    SLICE_X196Y412.CLK                                                r  static         <hidden>/<hidden>/<hidden>/<hidden>/<hidden>/<hidden>/<hidden>/<hidden>
    SLICE_X196Y412.Q     FDRE (Prop_CFF_SLICEM_C_Q)
                                                      0.078     6.064 r  static         <hidden>/<hidden>/<hidden>/<hidden>/<hidden>/<hidden>/<hidden>/<hidden>
                         net (fo=25, routed)          0.860     6.924    static         <hidden>/<hidden>/<hidden>/<hidden>/<hidden>/<hidden>/<hidden>/<hidden>
    SLICE_X181Y393.CLK   FDRE                                         r  static         <hidden>/<hidden>/<hidden>/<hidden>/<hidden>/<hidden>/<hidden>/<hidden>
  -------------------------------------------------------------------    ----------------------------------
    SLICE_X181Y393.Q     FDRE (Prop_HFF2_SLICEL_C_Q)
                                                      0.080     7.004 r  static         <hidden>/<hidden>/<hidden>/<hidden>/<hidden>/<hidden>/<hidden>/<hidden>
                         net (fo=6, routed)           0.153     7.157    static         <hidden>/<hidden>/<hidden>/<hidden>/<hidden>/<hidden>/<hidden>/<hidden>
    SLICE_X180Y395.A5                                                 r  static         <hidden>/<hidden>/<hidden>/<hidden>/<hidden>/<hidden>/<hidden>/<hidden>
    SLICE_X180Y395.O6    LUT3 (Prop_A6LUT_SLICEM_I1_O)
                                                      0.053     7.210 r  static         <hidden>/<hidden>/<hidden>/<hidden>/<hidden>/<hidden>/<hidden>/<hidden>
                         net (fo=2, routed)           0.449     7.659    static         <hidden>/<hidden>/<hidden>/<hidden>/<hidden>/<hidden>/<hidden>/<hidden>
    SLICE_X178Y398.D     FDRE                                         r  static         <hidden>/<hidden>/<hidden>/<hidden>/<hidden>/<hidden>/<hidden>/<hidden>
  -------------------------------------------------------------------    ----------------------------------

                         (clock WRAPPER/RL/RL_DEBUG_BRIDGE/inst/axi_jtag/inst/u_jtag_proc/tck_i_reg/Q rise edge)
                                                     32.000    32.000 r                 
    BJ4                                               0.000    32.000 r  static         <hidden>
                         net (fo=0)                   0.079    32.079    static         <hidden>/<hidden>/<hidden>/<hidden>
    HPIOBDIFFINBUF_X0Y130.DIFF_IN_P
                                                                      r  static         <hidden>/<hidden>/<hidden>/<hidden>
    HPIOBDIFFINBUF_X0Y130.O
                         DIFFINBUF (Prop_DIFFINBUF_HPIOBDIFFINBUF_DIFF_IN_P_O)
                                                      0.750    32.829 r  static         <hidden>/<hidden>/<hidden>/<hidden>
                         net (fo=1, routed)           0.040    32.869    static         <hidden>/<hidden>/<hidden>/<hidden>
    BJ4.I                                                             r  static         <hidden>/<hidden>/<hidden>/<hidden>
    BJ4.O                IBUFCTRL (Prop_IBUFCTRL_HPIOB_M_I_O)
                                                      0.000    32.869 r  static         <hidden>/<hidden>/<hidden>/<hidden>
                         net (fo=1, routed)           0.309    33.178    static         <hidden>/<hidden>/<hidden>
    BUFGCE_X0Y122.I                                                   r  static         <hidden>/<hidden>/<hidden>
    BUFGCE_X0Y122.O      BUFGCE (Prop_BUFCE_BUFGCE_I_O)
                                                      0.024    33.202 r  static         <hidden>/<hidden>/<hidden>
                         net (fo=3, routed)           1.632    34.834    static         <hidden>/<hidden>/<hidden>/<hidden>/<hidden>
    SLR Crossing[1->0]   
    PLL_X0Y5.CLKIN                                                    r  static         <hidden>/<hidden>/<hidden>/<hidden>/<hidden>
    PLL_X0Y5.CLKOUT0     PLLE4_ADV (Prop_PLL_CLKIN_CLKOUT0)
                                                      0.430    35.264 r  static         <hidden>/<hidden>/<hidden>/<hidden>/<hidden>
                         net (fo=1, routed)           0.231    35.495    static         <hidden>/<hidden>/<hidden>/<hidden>/<hidden>
    BUFGCE_X0Y56.I                                                    r  static         <hidden>/<hidden>/<hidden>/<hidden>/<hidden>
    BUFGCE_X0Y56.O       BUFGCE (Prop_BUFCE_BUFGCE_I_O)
                                                      0.024    35.519 r  static         <hidden>/<hidden>/<hidden>/<hidden>/<hidden>
    X5Y4 (CLOCK_ROOT)    net (fo=1635, routed)        2.183    37.702    static         <hidden>/<hidden>/<hidden>/<hidden>/<hidden>/<hidden>/<hidden>/<hidden>
    SLR Crossing[0->1]   
    SLICE_X196Y412.CLK                                                r  static         <hidden>/<hidden>/<hidden>/<hidden>/<hidden>/<hidden>/<hidden>/<hidden>
    SLICE_X196Y412.Q     FDRE (Prop_CFF_SLICEM_C_Q)
                                                      0.058    37.760 r  static         <hidden>/<hidden>/<hidden>/<hidden>/<hidden>/<hidden>/<hidden>/<hidden>
                         net (fo=25, routed)          0.490    38.250    static         <hidden>/<hidden>/<hidden>/<hidden>/<hidden>/<hidden>/<hidden>/<hidden>
    SLICE_X178Y398.CLK   FDRE                                         r  static         <hidden>/<hidden>/<hidden>/<hidden>/<hidden>/<hidden>/<hidden>/<hidden>
                         clock pessimism              0.306    38.555                     
                         clock uncertainty           -0.066    38.489                     
    SLICE_X178Y398       FDRE (Setup_FFF_SLICEL_C_D)
                                                      0.025    38.514    static           <hidden>/<hidden>/<hidden>/<hidden>/<hidden>/<hidden>/<hidden>/<hidden>
  -------------------------------------------------------------------
                         required time                         38.514                     
                         arrival time                          -7.659                     
  -------------------------------------------------------------------
                         slack                                 30.856                     

Slack (MET) :             58.097ns  (required time - arrival time)
  Source:                 <hidden>/<hidden>/<hidden>
                            (rising edge-triggered cell FDRE clocked by clk_out1_clk_mmcm_a  {rise@0.000ns fall@32.000ns period=64.000ns})
  Destination:            WRAPPER/CL/u_tile/u_kvq/g_eng[2].u_eng/g_key.u_bank_store/mem_reg[1][1827]/CLR
                            (recovery check against rising-edge clock clk_out1_clk_mmcm_a  {rise@0.000ns fall@32.000ns period=64.000ns})
  Path Group:             **async_default**
  Path Type:              Recovery (Max at Slow Process Corner)
  Requirement:            64.000ns  (clk_out1_clk_mmcm_a rise@64.000ns - clk_out1_clk_mmcm_a rise@0.000ns)
  Data Path Delay:        5.246ns  (logic 0.266ns (5.070%)  route 4.980ns (94.930%))
  Logic Levels:           2  (BUFGCE=1 LUT2=1)
  Clock Path Skew:        -0.495ns (DCD - SCD + CPR)
    Destination Clock Delay (DCD):    8.967ns = ( 72.967 - 64.000 ) 
    Source Clock Delay      (SCD):    8.808ns
    Clock Pessimism Removal (CPR):    -0.655ns
  Clock Uncertainty:      0.095ns  ((TSJ^2 + DJ^2)^1/2) / 2 + PE
    Total System Jitter     (TSJ):    0.071ns
    Discrete Jitter          (DJ):    0.176ns
    Phase Error              (PE):    0.000ns
  Clock Net Delay (Source):      2.665ns (routing 1.168ns, distribution 1.497ns)
  Clock Net Delay (Destination): 2.012ns (routing 1.067ns, distribution 0.945ns)

    Location             Delay type                Incr(ns)  Path(ns)    Partition      PBlock               Netlist Resource(s)
  -------------------------------------------------------------------    -------------------------------------------------------
                         (clock clk_out1_clk_mmcm_a rise edge)
                                                      0.000     0.000 r                                      
    BJ4                                               0.000     0.000 r  static                              <hidden>
                         net (fo=0)                   0.100     0.100    static                              <hidden>/<hidden>/<hidden>/<hidden>
    HPIOBDIFFINBUF_X0Y130.DIFF_IN_P
                                                                      r  static                              <hidden>/<hidden>/<hidden>/<hidden>
    HPIOBDIFFINBUF_X0Y130.O
                         DIFFINBUF (Prop_DIFFINBUF_HPIOBDIFFINBUF_DIFF_IN_P_O)
                                                      0.863     0.963 r  static                              <hidden>/<hidden>/<hidden>/<hidden>
                         net (fo=1, routed)           0.050     1.013    static                              <hidden>/<hidden>/<hidden>/<hidden>
    BJ4.I                                                             r  static                              <hidden>/<hidden>/<hidden>/<hidden>
    BJ4.O                IBUFCTRL (Prop_IBUFCTRL_HPIOB_M_I_O)
                                                      0.000     1.013 r  static                              <hidden>/<hidden>/<hidden>/<hidden>
                         net (fo=1, routed)           0.348     1.361    static                              <hidden>/<hidden>/<hidden>
    BUFGCE_X0Y122.I                                                   r  static                              <hidden>/<hidden>/<hidden>
    BUFGCE_X0Y122.O      BUFGCE (Prop_BUFCE_BUFGCE_I_O)
                                                      0.028     1.389 r  static                              <hidden>/<hidden>/<hidden>
                         net (fo=3, routed)           1.811     3.200    static                              <hidden>/<hidden>/<hidden>/<hidden>/<hidden>
    SLR Crossing[1->0]   
    MMCM_X0Y2.CLKIN1                                                  r  static                              <hidden>/<hidden>/<hidden>/<hidden>/<hidden>
    MMCM_X0Y2.CLKOUT0    MMCME4_ADV (Prop_MMCM_CLKIN1_CLKOUT0)
                                                     -0.127     3.073 r  static                              <hidden>/<hidden>/<hidden>/<hidden>/<hidden>
                         net (fo=2, routed)           0.245     3.318    static                              <hidden>/<hidden>/<hidden>
    BUFGCE_X0Y70.I                                                    r  static                              <hidden>/<hidden>/<hidden>
    BUFGCE_X0Y70.O       BUFGCE (Prop_BUFCE_BUFGCE_I_O)
                                                      0.028     3.346 r  static                              <hidden>/<hidden>/<hidden>
                         net (fo=2363, routed)        2.651     5.997    boundary                            WRAPPER/CL/AWS_CLK_GEN/CLK_GRP_A_EN_I.CLK_MMCM_A_I/inst/CLK_CORE_DRP_I/clk_inst/s_axi_aclk
    MMCM_X0Y3.CLKIN1                                                  r  reconfigurable pblock_CL            WRAPPER/CL/AWS_CLK_GEN/CLK_GRP_A_EN_I.CLK_MMCM_A_I/inst/CLK_CORE_DRP_I/clk_inst/mmcme4_adv_inst/CLKIN1
    MMCM_X0Y3.CLKOUT0    MMCME4_ADV (Prop_MMCM_CLKIN1_CLKOUT0)
                                                     -0.127     5.870 r  reconfigurable pblock_CL            WRAPPER/CL/AWS_CLK_GEN/CLK_GRP_A_EN_I.CLK_MMCM_A_I/inst/CLK_CORE_DRP_I/clk_inst/mmcme4_adv_inst/CLKOUT0
                         net (fo=1, routed)           0.245     6.115    reconfigurable                      WRAPPER/CL/AWS_CLK_GEN/CLK_GRP_A_EN_I.CLK_MMCM_A_I/inst/CLK_CORE_DRP_I/clk_inst/clk_out1_clk_mmcm_a
    BUFGCE_X0Y84.I                                                    r  reconfigurable pblock_CL            WRAPPER/CL/AWS_CLK_GEN/CLK_GRP_A_EN_I.CLK_MMCM_A_I/inst/CLK_CORE_DRP_I/clk_inst/clkout1_buf/I
    BUFGCE_X0Y84.O       BUFGCE (Prop_BUFCE_BUFGCE_I_O)
                                                      0.028     6.143 r  reconfigurable pblock_CL            WRAPPER/CL/AWS_CLK_GEN/CLK_GRP_A_EN_I.CLK_MMCM_A_I/inst/CLK_CORE_DRP_I/clk_inst/clkout1_buf/O
    X2Y5 (CLOCK_ROOT)    net (fo=146611, routed)      2.665     8.808    reconfigurable                      <hidden>/<hidden>/<hidden>
    SLR Crossing[0->1]   
    SLICE_X175Y372.CLK   FDRE                                         r  reconfigurable pblock_CL            <hidden>/<hidden>/<hidden>
  -------------------------------------------------------------------    -------------------------------------------------------
    SLICE_X175Y372.Q     FDRE (Prop_DFF2_SLICEM_C_Q)
                                                      0.080     8.888 r  reconfigurable pblock_CL            <hidden>/<hidden>/<hidden>
                         net (fo=199, routed)         2.122    11.010    reconfigurable                      WRAPPER/CL/u_tile/u_rms/rst_tile_n
    SLICE_X136Y328.A1                                                 r  reconfigurable pblock_CL            WRAPPER/CL/u_tile/u_rms/sc_mem_reg_bram_0_i_26_lopt_replica/I0
    SLICE_X136Y328.O5    LUT2 (Prop_C5LUT_SLICEL_I0_O)
                                                      0.158    11.168 r  reconfigurable pblock_CL            WRAPPER/CL/u_tile/u_rms/sc_mem_reg_bram_0_i_26_lopt_replica/O
                         net (fo=1, routed)           1.310    12.478    reconfigurable                      WRAPPER/CL/u_tile/u_rms/O_replN
    BUFGCE_X0Y97.I                                                    r  reconfigurable pblock_CL            WRAPPER/CL/u_tile/u_rms/rst_n_BUFG_inst/I
    BUFGCE_X0Y97.O       BUFGCE (Prop_BUFCE_BUFGCE_I_O)
                                                      0.028    12.506 r  reconfigurable pblock_CL            WRAPPER/CL/u_tile/u_rms/rst_n_BUFG_inst/O
                         net (fo=93766, routed)       1.548    14.054    reconfigurable                      WRAPPER/CL/u_tile/u_kvq/g_eng[2].u_eng/g_key.u_bank_store/rd_row_reg[2046]_0
    SLICE_X57Y363.SR     FDCE                                         f  reconfigurable pblock_CL            WRAPPER/CL/u_tile/u_kvq/g_eng[2].u_eng/g_key.u_bank_store/mem_reg[1][1827]/CLR  (IS_INVERTED)
  -------------------------------------------------------------------    -------------------------------------------------------

                         (clock clk_out1_clk_mmcm_a rise edge)
                                                     64.000    64.000 r                                      
    BJ4                                               0.000    64.000 r  static                              <hidden>
                         net (fo=0)                   0.079    64.079    static                              <hidden>/<hidden>/<hidden>/<hidden>
    HPIOBDIFFINBUF_X0Y130.DIFF_IN_P
                                                                      r  static                              <hidden>/<hidden>/<hidden>/<hidden>
    HPIOBDIFFINBUF_X0Y130.O
                         DIFFINBUF (Prop_DIFFINBUF_HPIOBDIFFINBUF_DIFF_IN_P_O)
                                                      0.750    64.829 r  static                              <hidden>/<hidden>/<hidden>/<hidden>
                         net (fo=1, routed)           0.040    64.869    static                              <hidden>/<hidden>/<hidden>/<hidden>
    BJ4.I                                                             r  static                              <hidden>/<hidden>/<hidden>/<hidden>
    BJ4.O                IBUFCTRL (Prop_IBUFCTRL_HPIOB_M_I_O)
                                                      0.000    64.869 r  static                              <hidden>/<hidden>/<hidden>/<hidden>
                         net (fo=1, routed)           0.309    65.178    static                              <hidden>/<hidden>/<hidden>
    BUFGCE_X0Y122.I                                                   r  static                              <hidden>/<hidden>/<hidden>
    BUFGCE_X0Y122.O      BUFGCE (Prop_BUFCE_BUFGCE_I_O)
                                                      0.024    65.202 r  static                              <hidden>/<hidden>/<hidden>
                         net (fo=3, routed)           1.624    66.826    static                              <hidden>/<hidden>/<hidden>/<hidden>/<hidden>
    SLR Crossing[1->0]   
    MMCM_X0Y2.CLKIN1                                                  r  static                              <hidden>/<hidden>/<hidden>/<hidden>/<hidden>
    MMCM_X0Y2.CLKOUT0    MMCME4_ADV (Prop_MMCM_CLKIN1_CLKOUT0)
                                                      0.630    67.456 r  static                              <hidden>/<hidden>/<hidden>/<hidden>/<hidden>
                         net (fo=2, routed)           0.215    67.671    static                              <hidden>/<hidden>/<hidden>
    BUFGCE_X0Y70.I                                                    r  static                              <hidden>/<hidden>/<hidden>
    BUFGCE_X0Y70.O       BUFGCE (Prop_BUFCE_BUFGCE_I_O)
                                                      0.024    67.695 r  static                              <hidden>/<hidden>/<hidden>
                         net (fo=2363, routed)        2.391    70.086    boundary                            WRAPPER/CL/AWS_CLK_GEN/CLK_GRP_A_EN_I.CLK_MMCM_A_I/inst/CLK_CORE_DRP_I/clk_inst/s_axi_aclk
    MMCM_X0Y3.CLKIN1                                                  r  reconfigurable pblock_CL            WRAPPER/CL/AWS_CLK_GEN/CLK_GRP_A_EN_I.CLK_MMCM_A_I/inst/CLK_CORE_DRP_I/clk_inst/mmcme4_adv_inst/CLKIN1
    MMCM_X0Y3.CLKOUT0    MMCME4_ADV (Prop_MMCM_CLKIN1_CLKOUT0)
                                                      0.630    70.716 r  reconfigurable pblock_CL            WRAPPER/CL/AWS_CLK_GEN/CLK_GRP_A_EN_I.CLK_MMCM_A_I/inst/CLK_CORE_DRP_I/clk_inst/mmcme4_adv_inst/CLKOUT0
                         net (fo=1, routed)           0.215    70.931    reconfigurable                      WRAPPER/CL/AWS_CLK_GEN/CLK_GRP_A_EN_I.CLK_MMCM_A_I/inst/CLK_CORE_DRP_I/clk_inst/clk_out1_clk_mmcm_a
    BUFGCE_X0Y84.I                                                    r  reconfigurable pblock_CL            WRAPPER/CL/AWS_CLK_GEN/CLK_GRP_A_EN_I.CLK_MMCM_A_I/inst/CLK_CORE_DRP_I/clk_inst/clkout1_buf/I
    BUFGCE_X0Y84.O       BUFGCE (Prop_BUFCE_BUFGCE_I_O)
                                                      0.024    70.955 r  reconfigurable pblock_CL            WRAPPER/CL/AWS_CLK_GEN/CLK_GRP_A_EN_I.CLK_MMCM_A_I/inst/CLK_CORE_DRP_I/clk_inst/clkout1_buf/O
    X2Y5 (CLOCK_ROOT)    net (fo=146611, routed)      2.012    72.967    reconfigurable                      WRAPPER/CL/u_tile/u_kvq/g_eng[2].u_eng/g_key.u_bank_store/o_clk_extra_a1
    SLR Crossing[0->1]   
    SLICE_X57Y363.CLK    FDCE                                         r  reconfigurable pblock_CL            WRAPPER/CL/u_tile/u_kvq/g_eng[2].u_eng/g_key.u_bank_store/mem_reg[1][1827]/C
                         clock pessimism             -0.655    72.312                                            
                         clock uncertainty           -0.095    72.217                                            
    SLICE_X57Y363        FDCE (Recov_DFF2_SLICEM_C_CLR)
                                                     -0.066    72.151    reconfigurable   pblock_CL              WRAPPER/CL/u_tile/u_kvq/g_eng[2].u_eng/g_key.u_bank_store/mem_reg[1][1827]
  -------------------------------------------------------------------
                         required time                         72.151                                            
                         arrival time                         -14.054                                            
  -------------------------------------------------------------------
                         slack                                 58.097                                            

Slack (MET) :             58.097ns  (required time - arrival time)
  Source:                 <hidden>/<hidden>/<hidden>
                            (rising edge-triggered cell FDRE clocked by clk_out1_clk_mmcm_a  {rise@0.000ns fall@32.000ns period=64.000ns})
  Destination:            WRAPPER/CL/u_tile/u_kvq/g_eng[2].u_eng/g_key.u_bank_store/mem_reg[1][1843]/CLR
                            (recovery check against rising-edge clock clk_out1_clk_mmcm_a  {rise@0.000ns fall@32.000ns period=64.000ns})
  Path Group:             **async_default**
  Path Type:              Recovery (Max at Slow Process Corner)
  Requirement:            64.000ns  (clk_out1_clk_mmcm_a rise@64.000ns - clk_out1_clk_mmcm_a rise@0.000ns)
  Data Path Delay:        5.245ns  (logic 0.266ns (5.071%)  route 4.979ns (94.929%))
  Logic Levels:           2  (BUFGCE=1 LUT2=1)
  Clock Path Skew:        -0.496ns (DCD - SCD + CPR)
    Destination Clock Delay (DCD):    8.966ns = ( 72.966 - 64.000 ) 
    Source Clock Delay      (SCD):    8.808ns
    Clock Pessimism Removal (CPR):    -0.655ns
  Clock Uncertainty:      0.095ns  ((TSJ^2 + DJ^2)^1/2) / 2 + PE
    Total System Jitter     (TSJ):    0.071ns
    Discrete Jitter          (DJ):    0.176ns
    Phase Error              (PE):    0.000ns
  Clock Net Delay (Source):      2.665ns (routing 1.168ns, distribution 1.497ns)
  Clock Net Delay (Destination): 2.011ns (routing 1.067ns, distribution 0.944ns)

    Location             Delay type                Incr(ns)  Path(ns)    Partition      PBlock               Netlist Resource(s)
  -------------------------------------------------------------------    -------------------------------------------------------
                         (clock clk_out1_clk_mmcm_a rise edge)
                                                      0.000     0.000 r                                      
    BJ4                                               0.000     0.000 r  static                              <hidden>
                         net (fo=0)                   0.100     0.100    static                              <hidden>/<hidden>/<hidden>/<hidden>
    HPIOBDIFFINBUF_X0Y130.DIFF_IN_P
                                                                      r  static                              <hidden>/<hidden>/<hidden>/<hidden>
    HPIOBDIFFINBUF_X0Y130.O
                         DIFFINBUF (Prop_DIFFINBUF_HPIOBDIFFINBUF_DIFF_IN_P_O)
                                                      0.863     0.963 r  static                              <hidden>/<hidden>/<hidden>/<hidden>
                         net (fo=1, routed)           0.050     1.013    static                              <hidden>/<hidden>/<hidden>/<hidden>
    BJ4.I                                                             r  static                              <hidden>/<hidden>/<hidden>/<hidden>
    BJ4.O                IBUFCTRL (Prop_IBUFCTRL_HPIOB_M_I_O)
                                                      0.000     1.013 r  static                              <hidden>/<hidden>/<hidden>/<hidden>
                         net (fo=1, routed)           0.348     1.361    static                              <hidden>/<hidden>/<hidden>
    BUFGCE_X0Y122.I                                                   r  static                              <hidden>/<hidden>/<hidden>
    BUFGCE_X0Y122.O      BUFGCE (Prop_BUFCE_BUFGCE_I_O)
                                                      0.028     1.389 r  static                              <hidden>/<hidden>/<hidden>
                         net (fo=3, routed)           1.811     3.200    static                              <hidden>/<hidden>/<hidden>/<hidden>/<hidden>
    SLR Crossing[1->0]   
    MMCM_X0Y2.CLKIN1                                                  r  static                              <hidden>/<hidden>/<hidden>/<hidden>/<hidden>
    MMCM_X0Y2.CLKOUT0    MMCME4_ADV (Prop_MMCM_CLKIN1_CLKOUT0)
                                                     -0.127     3.073 r  static                              <hidden>/<hidden>/<hidden>/<hidden>/<hidden>
                         net (fo=2, routed)           0.245     3.318    static                              <hidden>/<hidden>/<hidden>
    BUFGCE_X0Y70.I                                                    r  static                              <hidden>/<hidden>/<hidden>
    BUFGCE_X0Y70.O       BUFGCE (Prop_BUFCE_BUFGCE_I_O)
                                                      0.028     3.346 r  static                              <hidden>/<hidden>/<hidden>
                         net (fo=2363, routed)        2.651     5.997    boundary                            WRAPPER/CL/AWS_CLK_GEN/CLK_GRP_A_EN_I.CLK_MMCM_A_I/inst/CLK_CORE_DRP_I/clk_inst/s_axi_aclk
    MMCM_X0Y3.CLKIN1                                                  r  reconfigurable pblock_CL            WRAPPER/CL/AWS_CLK_GEN/CLK_GRP_A_EN_I.CLK_MMCM_A_I/inst/CLK_CORE_DRP_I/clk_inst/mmcme4_adv_inst/CLKIN1
    MMCM_X0Y3.CLKOUT0    MMCME4_ADV (Prop_MMCM_CLKIN1_CLKOUT0)
                                                     -0.127     5.870 r  reconfigurable pblock_CL            WRAPPER/CL/AWS_CLK_GEN/CLK_GRP_A_EN_I.CLK_MMCM_A_I/inst/CLK_CORE_DRP_I/clk_inst/mmcme4_adv_inst/CLKOUT0
                         net (fo=1, routed)           0.245     6.115    reconfigurable                      WRAPPER/CL/AWS_CLK_GEN/CLK_GRP_A_EN_I.CLK_MMCM_A_I/inst/CLK_CORE_DRP_I/clk_inst/clk_out1_clk_mmcm_a
    BUFGCE_X0Y84.I                                                    r  reconfigurable pblock_CL            WRAPPER/CL/AWS_CLK_GEN/CLK_GRP_A_EN_I.CLK_MMCM_A_I/inst/CLK_CORE_DRP_I/clk_inst/clkout1_buf/I
    BUFGCE_X0Y84.O       BUFGCE (Prop_BUFCE_BUFGCE_I_O)
                                                      0.028     6.143 r  reconfigurable pblock_CL            WRAPPER/CL/AWS_CLK_GEN/CLK_GRP_A_EN_I.CLK_MMCM_A_I/inst/CLK_CORE_DRP_I/clk_inst/clkout1_buf/O
    X2Y5 (CLOCK_ROOT)    net (fo=146611, routed)      2.665     8.808    reconfigurable                      <hidden>/<hidden>/<hidden>
    SLR Crossing[0->1]   
    SLICE_X175Y372.CLK   FDRE                                         r  reconfigurable pblock_CL            <hidden>/<hidden>/<hidden>
  -------------------------------------------------------------------    -------------------------------------------------------
    SLICE_X175Y372.Q     FDRE (Prop_DFF2_SLICEM_C_Q)
                                                      0.080     8.888 r  reconfigurable pblock_CL            <hidden>/<hidden>/<hidden>
                         net (fo=199, routed)         2.122    11.010    reconfigurable                      WRAPPER/CL/u_tile/u_rms/rst_tile_n
    SLICE_X136Y328.A1                                                 r  reconfigurable pblock_CL            WRAPPER/CL/u_tile/u_rms/sc_mem_reg_bram_0_i_26_lopt_replica/I0
    SLICE_X136Y328.O5    LUT2 (Prop_C5LUT_SLICEL_I0_O)
                                                      0.158    11.168 r  reconfigurable pblock_CL            WRAPPER/CL/u_tile/u_rms/sc_mem_reg_bram_0_i_26_lopt_replica/O
                         net (fo=1, routed)           1.310    12.478    reconfigurable                      WRAPPER/CL/u_tile/u_rms/O_replN
    BUFGCE_X0Y97.I                                                    r  reconfigurable pblock_CL            WRAPPER/CL/u_tile/u_rms/rst_n_BUFG_inst/I
    BUFGCE_X0Y97.O       BUFGCE (Prop_BUFCE_BUFGCE_I_O)
                                                      0.028    12.506 r  reconfigurable pblock_CL            WRAPPER/CL/u_tile/u_rms/rst_n_BUFG_inst/O
                         net (fo=93766, routed)       1.547    14.053    reconfigurable                      WRAPPER/CL/u_tile/u_kvq/g_eng[2].u_eng/g_key.u_bank_store/rd_row_reg[2046]_0
    SLICE_X57Y366.SR     FDCE                                         f  reconfigurable pblock_CL            WRAPPER/CL/u_tile/u_kvq/g_eng[2].u_eng/g_key.u_bank_store/mem_reg[1][1843]/CLR  (IS_INVERTED)
  -------------------------------------------------------------------    -------------------------------------------------------

                         (clock clk_out1_clk_mmcm_a rise edge)
                                                     64.000    64.000 r                                      
    BJ4                                               0.000    64.000 r  static                              <hidden>
                         net (fo=0)                   0.079    64.079    static                              <hidden>/<hidden>/<hidden>/<hidden>
    HPIOBDIFFINBUF_X0Y130.DIFF_IN_P
                                                                      r  static                              <hidden>/<hidden>/<hidden>/<hidden>
    HPIOBDIFFINBUF_X0Y130.O
                         DIFFINBUF (Prop_DIFFINBUF_HPIOBDIFFINBUF_DIFF_IN_P_O)
                                                      0.750    64.829 r  static                              <hidden>/<hidden>/<hidden>/<hidden>
                         net (fo=1, routed)           0.040    64.869    static                              <hidden>/<hidden>/<hidden>/<hidden>
    BJ4.I                                                             r  static                              <hidden>/<hidden>/<hidden>/<hidden>
    BJ4.O                IBUFCTRL (Prop_IBUFCTRL_HPIOB_M_I_O)
                                                      0.000    64.869 r  static                              <hidden>/<hidden>/<hidden>/<hidden>
                         net (fo=1, routed)           0.309    65.178    static                              <hidden>/<hidden>/<hidden>
    BUFGCE_X0Y122.I                                                   r  static                              <hidden>/<hidden>/<hidden>
    BUFGCE_X0Y122.O      BUFGCE (Prop_BUFCE_BUFGCE_I_O)
                                                      0.024    65.202 r  static                              <hidden>/<hidden>/<hidden>
                         net (fo=3, routed)           1.624    66.826    static                              <hidden>/<hidden>/<hidden>/<hidden>/<hidden>
    SLR Crossing[1->0]   
    MMCM_X0Y2.CLKIN1                                                  r  static                              <hidden>/<hidden>/<hidden>/<hidden>/<hidden>
    MMCM_X0Y2.CLKOUT0    MMCME4_ADV (Prop_MMCM_CLKIN1_CLKOUT0)
                                                      0.630    67.456 r  static                              <hidden>/<hidden>/<hidden>/<hidden>/<hidden>
                         net (fo=2, routed)           0.215    67.671    static                              <hidden>/<hidden>/<hidden>
    BUFGCE_X0Y70.I                                                    r  static                              <hidden>/<hidden>/<hidden>
    BUFGCE_X0Y70.O       BUFGCE (Prop_BUFCE_BUFGCE_I_O)
                                                      0.024    67.695 r  static                              <hidden>/<hidden>/<hidden>
                         net (fo=2363, routed)        2.391    70.086    boundary                            WRAPPER/CL/AWS_CLK_GEN/CLK_GRP_A_EN_I.CLK_MMCM_A_I/inst/CLK_CORE_DRP_I/clk_inst/s_axi_aclk
    MMCM_X0Y3.CLKIN1                                                  r  reconfigurable pblock_CL            WRAPPER/CL/AWS_CLK_GEN/CLK_GRP_A_EN_I.CLK_MMCM_A_I/inst/CLK_CORE_DRP_I/clk_inst/mmcme4_adv_inst/CLKIN1
    MMCM_X0Y3.CLKOUT0    MMCME4_ADV (Prop_MMCM_CLKIN1_CLKOUT0)
                                                      0.630    70.716 r  reconfigurable pblock_CL            WRAPPER/CL/AWS_CLK_GEN/CLK_GRP_A_EN_I.CLK_MMCM_A_I/inst/CLK_CORE_DRP_I/clk_inst/mmcme4_adv_inst/CLKOUT0
                         net (fo=1, routed)           0.215    70.931    reconfigurable                      WRAPPER/CL/AWS_CLK_GEN/CLK_GRP_A_EN_I.CLK_MMCM_A_I/inst/CLK_CORE_DRP_I/clk_inst/clk_out1_clk_mmcm_a
    BUFGCE_X0Y84.I                                                    r  reconfigurable pblock_CL            WRAPPER/CL/AWS_CLK_GEN/CLK_GRP_A_EN_I.CLK_MMCM_A_I/inst/CLK_CORE_DRP_I/clk_inst/clkout1_buf/I
    BUFGCE_X0Y84.O       BUFGCE (Prop_BUFCE_BUFGCE_I_O)
                                                      0.024    70.955 r  reconfigurable pblock_CL            WRAPPER/CL/AWS_CLK_GEN/CLK_GRP_A_EN_I.CLK_MMCM_A_I/inst/CLK_CORE_DRP_I/clk_inst/clkout1_buf/O
    X2Y5 (CLOCK_ROOT)    net (fo=146611, routed)      2.011    72.966    reconfigurable                      WRAPPER/CL/u_tile/u_kvq/g_eng[2].u_eng/g_key.u_bank_store/o_clk_extra_a1
    SLR Crossing[0->1]   
    SLICE_X57Y366.CLK    FDCE                                         r  reconfigurable pblock_CL            WRAPPER/CL/u_tile/u_kvq/g_eng[2].u_eng/g_key.u_bank_store/mem_reg[1][1843]/C
                         clock pessimism             -0.655    72.311                                            
                         clock uncertainty           -0.095    72.216                                            
    SLICE_X57Y366        FDCE (Recov_DFF2_SLICEM_C_CLR)
                                                     -0.066    72.150    reconfigurable   pblock_CL              WRAPPER/CL/u_tile/u_kvq/g_eng[2].u_eng/g_key.u_bank_store/mem_reg[1][1843]
  -------------------------------------------------------------------
                         required time                         72.150                                            
                         arrival time                         -14.053                                            
  -------------------------------------------------------------------
                         slack                                 58.097                                            

Slack (MET) :             58.097ns  (required time - arrival time)
  Source:                 <hidden>/<hidden>/<hidden>
                            (rising edge-triggered cell FDRE clocked by clk_out1_clk_mmcm_a  {rise@0.000ns fall@32.000ns period=64.000ns})
  Destination:            WRAPPER/CL/u_tile/u_kvq/g_eng[2].u_eng/g_key.u_bank_store/mem_reg[1][2037]/CLR
                            (recovery check against rising-edge clock clk_out1_clk_mmcm_a  {rise@0.000ns fall@32.000ns period=64.000ns})
  Path Group:             **async_default**
  Path Type:              Recovery (Max at Slow Process Corner)
  Requirement:            64.000ns  (clk_out1_clk_mmcm_a rise@64.000ns - clk_out1_clk_mmcm_a rise@0.000ns)
  Data Path Delay:        5.245ns  (logic 0.266ns (5.071%)  route 4.979ns (94.929%))
  Logic Levels:           2  (BUFGCE=1 LUT2=1)
  Clock Path Skew:        -0.496ns (DCD - SCD + CPR)
    Destination Clock Delay (DCD):    8.966ns = ( 72.966 - 64.000 ) 
    Source Clock Delay      (SCD):    8.808ns
    Clock Pessimism Removal (CPR):    -0.655ns
  Clock Uncertainty:      0.095ns  ((TSJ^2 + DJ^2)^1/2) / 2 + PE
    Total System Jitter     (TSJ):    0.071ns
    Discrete Jitter          (DJ):    0.176ns
    Phase Error              (PE):    0.000ns
  Clock Net Delay (Source):      2.665ns (routing 1.168ns, distribution 1.497ns)
  Clock Net Delay (Destination): 2.011ns (routing 1.067ns, distribution 0.944ns)

    Location             Delay type                Incr(ns)  Path(ns)    Partition      PBlock               Netlist Resource(s)
  -------------------------------------------------------------------    -------------------------------------------------------
                         (clock clk_out1_clk_mmcm_a rise edge)
                                                      0.000     0.000 r                                      
    BJ4                                               0.000     0.000 r  static                              <hidden>
                         net (fo=0)                   0.100     0.100    static                              <hidden>/<hidden>/<hidden>/<hidden>
    HPIOBDIFFINBUF_X0Y130.DIFF_IN_P
                                                                      r  static                              <hidden>/<hidden>/<hidden>/<hidden>
    HPIOBDIFFINBUF_X0Y130.O
                         DIFFINBUF (Prop_DIFFINBUF_HPIOBDIFFINBUF_DIFF_IN_P_O)
                                                      0.863     0.963 r  static                              <hidden>/<hidden>/<hidden>/<hidden>
                         net (fo=1, routed)           0.050     1.013    static                              <hidden>/<hidden>/<hidden>/<hidden>
    BJ4.I                                                             r  static                              <hidden>/<hidden>/<hidden>/<hidden>
    BJ4.O                IBUFCTRL (Prop_IBUFCTRL_HPIOB_M_I_O)
                                                      0.000     1.013 r  static                              <hidden>/<hidden>/<hidden>/<hidden>
                         net (fo=1, routed)           0.348     1.361    static                              <hidden>/<hidden>/<hidden>
    BUFGCE_X0Y122.I                                                   r  static                              <hidden>/<hidden>/<hidden>
    BUFGCE_X0Y122.O      BUFGCE (Prop_BUFCE_BUFGCE_I_O)
                                                      0.028     1.389 r  static                              <hidden>/<hidden>/<hidden>
                         net (fo=3, routed)           1.811     3.200    static                              <hidden>/<hidden>/<hidden>/<hidden>/<hidden>
    SLR Crossing[1->0]   
    MMCM_X0Y2.CLKIN1                                                  r  static                              <hidden>/<hidden>/<hidden>/<hidden>/<hidden>
    MMCM_X0Y2.CLKOUT0    MMCME4_ADV (Prop_MMCM_CLKIN1_CLKOUT0)
                                                     -0.127     3.073 r  static                              <hidden>/<hidden>/<hidden>/<hidden>/<hidden>
                         net (fo=2, routed)           0.245     3.318    static                              <hidden>/<hidden>/<hidden>
    BUFGCE_X0Y70.I                                                    r  static                              <hidden>/<hidden>/<hidden>
    BUFGCE_X0Y70.O       BUFGCE (Prop_BUFCE_BUFGCE_I_O)
                                                      0.028     3.346 r  static                              <hidden>/<hidden>/<hidden>
                         net (fo=2363, routed)        2.651     5.997    boundary                            WRAPPER/CL/AWS_CLK_GEN/CLK_GRP_A_EN_I.CLK_MMCM_A_I/inst/CLK_CORE_DRP_I/clk_inst/s_axi_aclk
    MMCM_X0Y3.CLKIN1                                                  r  reconfigurable pblock_CL            WRAPPER/CL/AWS_CLK_GEN/CLK_GRP_A_EN_I.CLK_MMCM_A_I/inst/CLK_CORE_DRP_I/clk_inst/mmcme4_adv_inst/CLKIN1
    MMCM_X0Y3.CLKOUT0    MMCME4_ADV (Prop_MMCM_CLKIN1_CLKOUT0)
                                                     -0.127     5.870 r  reconfigurable pblock_CL            WRAPPER/CL/AWS_CLK_GEN/CLK_GRP_A_EN_I.CLK_MMCM_A_I/inst/CLK_CORE_DRP_I/clk_inst/mmcme4_adv_inst/CLKOUT0
                         net (fo=1, routed)           0.245     6.115    reconfigurable                      WRAPPER/CL/AWS_CLK_GEN/CLK_GRP_A_EN_I.CLK_MMCM_A_I/inst/CLK_CORE_DRP_I/clk_inst/clk_out1_clk_mmcm_a
    BUFGCE_X0Y84.I                                                    r  reconfigurable pblock_CL            WRAPPER/CL/AWS_CLK_GEN/CLK_GRP_A_EN_I.CLK_MMCM_A_I/inst/CLK_CORE_DRP_I/clk_inst/clkout1_buf/I
    BUFGCE_X0Y84.O       BUFGCE (Prop_BUFCE_BUFGCE_I_O)
                                                      0.028     6.143 r  reconfigurable pblock_CL            WRAPPER/CL/AWS_CLK_GEN/CLK_GRP_A_EN_I.CLK_MMCM_A_I/inst/CLK_CORE_DRP_I/clk_inst/clkout1_buf/O
    X2Y5 (CLOCK_ROOT)    net (fo=146611, routed)      2.665     8.808    reconfigurable                      <hidden>/<hidden>/<hidden>
    SLR Crossing[0->1]   
    SLICE_X175Y372.CLK   FDRE                                         r  reconfigurable pblock_CL            <hidden>/<hidden>/<hidden>
  -------------------------------------------------------------------    -------------------------------------------------------
    SLICE_X175Y372.Q     FDRE (Prop_DFF2_SLICEM_C_Q)
                                                      0.080     8.888 r  reconfigurable pblock_CL            <hidden>/<hidden>/<hidden>
                         net (fo=199, routed)         2.122    11.010    reconfigurable                      WRAPPER/CL/u_tile/u_rms/rst_tile_n
    SLICE_X136Y328.A1                                                 r  reconfigurable pblock_CL            WRAPPER/CL/u_tile/u_rms/sc_mem_reg_bram_0_i_26_lopt_replica/I0
    SLICE_X136Y328.O5    LUT2 (Prop_C5LUT_SLICEL_I0_O)
                                                      0.158    11.168 r  reconfigurable pblock_CL            WRAPPER/CL/u_tile/u_rms/sc_mem_reg_bram_0_i_26_lopt_replica/O
                         net (fo=1, routed)           1.310    12.478    reconfigurable                      WRAPPER/CL/u_tile/u_rms/O_replN
    BUFGCE_X0Y97.I                                                    r  reconfigurable pblock_CL            WRAPPER/CL/u_tile/u_rms/rst_n_BUFG_inst/I
    BUFGCE_X0Y97.O       BUFGCE (Prop_BUFCE_BUFGCE_I_O)
                                                      0.028    12.506 r  reconfigurable pblock_CL            WRAPPER/CL/u_tile/u_rms/rst_n_BUFG_inst/O
                         net (fo=93766, routed)       1.547    14.053    reconfigurable                      WRAPPER/CL/u_tile/u_kvq/g_eng[2].u_eng/g_key.u_bank_store/rd_row_reg[2046]_0
    SLICE_X57Y366.SR     FDCE                                         f  reconfigurable pblock_CL            WRAPPER/CL/u_tile/u_kvq/g_eng[2].u_eng/g_key.u_bank_store/mem_reg[1][2037]/CLR  (IS_INVERTED)
  -------------------------------------------------------------------    -------------------------------------------------------

                         (clock clk_out1_clk_mmcm_a rise edge)
                                                     64.000    64.000 r                                      
    BJ4                                               0.000    64.000 r  static                              <hidden>
                         net (fo=0)                   0.079    64.079    static                              <hidden>/<hidden>/<hidden>/<hidden>
    HPIOBDIFFINBUF_X0Y130.DIFF_IN_P
                                                                      r  static                              <hidden>/<hidden>/<hidden>/<hidden>
    HPIOBDIFFINBUF_X0Y130.O
                         DIFFINBUF (Prop_DIFFINBUF_HPIOBDIFFINBUF_DIFF_IN_P_O)
                                                      0.750    64.829 r  static                              <hidden>/<hidden>/<hidden>/<hidden>
                         net (fo=1, routed)           0.040    64.869    static                              <hidden>/<hidden>/<hidden>/<hidden>
    BJ4.I                                                             r  static                              <hidden>/<hidden>/<hidden>/<hidden>
    BJ4.O                IBUFCTRL (Prop_IBUFCTRL_HPIOB_M_I_O)
                                                      0.000    64.869 r  static                              <hidden>/<hidden>/<hidden>/<hidden>
                         net (fo=1, routed)           0.309    65.178    static                              <hidden>/<hidden>/<hidden>
    BUFGCE_X0Y122.I                                                   r  static                              <hidden>/<hidden>/<hidden>
    BUFGCE_X0Y122.O      BUFGCE (Prop_BUFCE_BUFGCE_I_O)
                                                      0.024    65.202 r  static                              <hidden>/<hidden>/<hidden>
                         net (fo=3, routed)           1.624    66.826    static                              <hidden>/<hidden>/<hidden>/<hidden>/<hidden>
    SLR Crossing[1->0]   
    MMCM_X0Y2.CLKIN1                                                  r  static                              <hidden>/<hidden>/<hidden>/<hidden>/<hidden>
    MMCM_X0Y2.CLKOUT0    MMCME4_ADV (Prop_MMCM_CLKIN1_CLKOUT0)
                                                      0.630    67.456 r  static                              <hidden>/<hidden>/<hidden>/<hidden>/<hidden>
                         net (fo=2, routed)           0.215    67.671    static                              <hidden>/<hidden>/<hidden>
    BUFGCE_X0Y70.I                                                    r  static                              <hidden>/<hidden>/<hidden>
    BUFGCE_X0Y70.O       BUFGCE (Prop_BUFCE_BUFGCE_I_O)
                                                      0.024    67.695 r  static                              <hidden>/<hidden>/<hidden>
                         net (fo=2363, routed)        2.391    70.086    boundary                            WRAPPER/CL/AWS_CLK_GEN/CLK_GRP_A_EN_I.CLK_MMCM_A_I/inst/CLK_CORE_DRP_I/clk_inst/s_axi_aclk
    MMCM_X0Y3.CLKIN1                                                  r  reconfigurable pblock_CL            WRAPPER/CL/AWS_CLK_GEN/CLK_GRP_A_EN_I.CLK_MMCM_A_I/inst/CLK_CORE_DRP_I/clk_inst/mmcme4_adv_inst/CLKIN1
    MMCM_X0Y3.CLKOUT0    MMCME4_ADV (Prop_MMCM_CLKIN1_CLKOUT0)
                                                      0.630    70.716 r  reconfigurable pblock_CL            WRAPPER/CL/AWS_CLK_GEN/CLK_GRP_A_EN_I.CLK_MMCM_A_I/inst/CLK_CORE_DRP_I/clk_inst/mmcme4_adv_inst/CLKOUT0
                         net (fo=1, routed)           0.215    70.931    reconfigurable                      WRAPPER/CL/AWS_CLK_GEN/CLK_GRP_A_EN_I.CLK_MMCM_A_I/inst/CLK_CORE_DRP_I/clk_inst/clk_out1_clk_mmcm_a
    BUFGCE_X0Y84.I                                                    r  reconfigurable pblock_CL            WRAPPER/CL/AWS_CLK_GEN/CLK_GRP_A_EN_I.CLK_MMCM_A_I/inst/CLK_CORE_DRP_I/clk_inst/clkout1_buf/I
    BUFGCE_X0Y84.O       BUFGCE (Prop_BUFCE_BUFGCE_I_O)
                                                      0.024    70.955 r  reconfigurable pblock_CL            WRAPPER/CL/AWS_CLK_GEN/CLK_GRP_A_EN_I.CLK_MMCM_A_I/inst/CLK_CORE_DRP_I/clk_inst/clkout1_buf/O
    X2Y5 (CLOCK_ROOT)    net (fo=146611, routed)      2.011    72.966    reconfigurable                      WRAPPER/CL/u_tile/u_kvq/g_eng[2].u_eng/g_key.u_bank_store/o_clk_extra_a1
    SLR Crossing[0->1]   
    SLICE_X57Y366.CLK    FDCE                                         r  reconfigurable pblock_CL            WRAPPER/CL/u_tile/u_kvq/g_eng[2].u_eng/g_key.u_bank_store/mem_reg[1][2037]/C
                         clock pessimism             -0.655    72.311                                            
                         clock uncertainty           -0.095    72.216                                            
    SLICE_X57Y366        FDCE (Recov_CFF2_SLICEM_C_CLR)
                                                     -0.066    72.150    reconfigurable   pblock_CL              WRAPPER/CL/u_tile/u_kvq/g_eng[2].u_eng/g_key.u_bank_store/mem_reg[1][2037]
  -------------------------------------------------------------------
                         required time                         72.150                                            
                         arrival time                         -14.053                                            
  -------------------------------------------------------------------
                         slack                                 58.097                                            

Slack (MET) :             58.097ns  (required time - arrival time)
  Source:                 <hidden>/<hidden>/<hidden>
                            (rising edge-triggered cell FDRE clocked by clk_out1_clk_mmcm_a  {rise@0.000ns fall@32.000ns period=64.000ns})
  Destination:            WRAPPER/CL/u_tile/u_kvq/g_eng[2].u_eng/g_key.u_bank_store/mem_reg[2][1843]/CLR
                            (recovery check against rising-edge clock clk_out1_clk_mmcm_a  {rise@0.000ns fall@32.000ns period=64.000ns})
  Path Group:             **async_default**
  Path Type:              Recovery (Max at Slow Process Corner)
  Requirement:            64.000ns  (clk_out1_clk_mmcm_a rise@64.000ns - clk_out1_clk_mmcm_a rise@0.000ns)
  Data Path Delay:        5.245ns  (logic 0.266ns (5.071%)  route 4.979ns (94.929%))
  Logic Levels:           2  (BUFGCE=1 LUT2=1)
  Clock Path Skew:        -0.496ns (DCD - SCD + CPR)
    Destination Clock Delay (DCD):    8.966ns = ( 72.966 - 64.000 ) 
    Source Clock Delay      (SCD):    8.808ns
    Clock Pessimism Removal (CPR):    -0.655ns
  Clock Uncertainty:      0.095ns  ((TSJ^2 + DJ^2)^1/2) / 2 + PE
    Total System Jitter     (TSJ):    0.071ns
    Discrete Jitter          (DJ):    0.176ns
    Phase Error              (PE):    0.000ns
  Clock Net Delay (Source):      2.665ns (routing 1.168ns, distribution 1.497ns)
  Clock Net Delay (Destination): 2.011ns (routing 1.067ns, distribution 0.944ns)

    Location             Delay type                Incr(ns)  Path(ns)    Partition      PBlock               Netlist Resource(s)
  -------------------------------------------------------------------    -------------------------------------------------------
                         (clock clk_out1_clk_mmcm_a rise edge)
                                                      0.000     0.000 r                                      
    BJ4                                               0.000     0.000 r  static                              <hidden>
                         net (fo=0)                   0.100     0.100    static                              <hidden>/<hidden>/<hidden>/<hidden>
    HPIOBDIFFINBUF_X0Y130.DIFF_IN_P
                                                                      r  static                              <hidden>/<hidden>/<hidden>/<hidden>
    HPIOBDIFFINBUF_X0Y130.O
                         DIFFINBUF (Prop_DIFFINBUF_HPIOBDIFFINBUF_DIFF_IN_P_O)
                                                      0.863     0.963 r  static                              <hidden>/<hidden>/<hidden>/<hidden>
                         net (fo=1, routed)           0.050     1.013    static                              <hidden>/<hidden>/<hidden>/<hidden>
    BJ4.I                                                             r  static                              <hidden>/<hidden>/<hidden>/<hidden>
    BJ4.O                IBUFCTRL (Prop_IBUFCTRL_HPIOB_M_I_O)
                                                      0.000     1.013 r  static                              <hidden>/<hidden>/<hidden>/<hidden>
                         net (fo=1, routed)           0.348     1.361    static                              <hidden>/<hidden>/<hidden>
    BUFGCE_X0Y122.I                                                   r  static                              <hidden>/<hidden>/<hidden>
    BUFGCE_X0Y122.O      BUFGCE (Prop_BUFCE_BUFGCE_I_O)
                                                      0.028     1.389 r  static                              <hidden>/<hidden>/<hidden>
                         net (fo=3, routed)           1.811     3.200    static                              <hidden>/<hidden>/<hidden>/<hidden>/<hidden>
    SLR Crossing[1->0]   
    MMCM_X0Y2.CLKIN1                                                  r  static                              <hidden>/<hidden>/<hidden>/<hidden>/<hidden>
    MMCM_X0Y2.CLKOUT0    MMCME4_ADV (Prop_MMCM_CLKIN1_CLKOUT0)
                                                     -0.127     3.073 r  static                              <hidden>/<hidden>/<hidden>/<hidden>/<hidden>
                         net (fo=2, routed)           0.245     3.318    static                              <hidden>/<hidden>/<hidden>
    BUFGCE_X0Y70.I                                                    r  static                              <hidden>/<hidden>/<hidden>
    BUFGCE_X0Y70.O       BUFGCE (Prop_BUFCE_BUFGCE_I_O)
                                                      0.028     3.346 r  static                              <hidden>/<hidden>/<hidden>
                         net (fo=2363, routed)        2.651     5.997    boundary                            WRAPPER/CL/AWS_CLK_GEN/CLK_GRP_A_EN_I.CLK_MMCM_A_I/inst/CLK_CORE_DRP_I/clk_inst/s_axi_aclk
    MMCM_X0Y3.CLKIN1                                                  r  reconfigurable pblock_CL            WRAPPER/CL/AWS_CLK_GEN/CLK_GRP_A_EN_I.CLK_MMCM_A_I/inst/CLK_CORE_DRP_I/clk_inst/mmcme4_adv_inst/CLKIN1
    MMCM_X0Y3.CLKOUT0    MMCME4_ADV (Prop_MMCM_CLKIN1_CLKOUT0)
                                                     -0.127     5.870 r  reconfigurable pblock_CL            WRAPPER/CL/AWS_CLK_GEN/CLK_GRP_A_EN_I.CLK_MMCM_A_I/inst/CLK_CORE_DRP_I/clk_inst/mmcme4_adv_inst/CLKOUT0
                         net (fo=1, routed)           0.245     6.115    reconfigurable                      WRAPPER/CL/AWS_CLK_GEN/CLK_GRP_A_EN_I.CLK_MMCM_A_I/inst/CLK_CORE_DRP_I/clk_inst/clk_out1_clk_mmcm_a
    BUFGCE_X0Y84.I                                                    r  reconfigurable pblock_CL            WRAPPER/CL/AWS_CLK_GEN/CLK_GRP_A_EN_I.CLK_MMCM_A_I/inst/CLK_CORE_DRP_I/clk_inst/clkout1_buf/I
    BUFGCE_X0Y84.O       BUFGCE (Prop_BUFCE_BUFGCE_I_O)
                                                      0.028     6.143 r  reconfigurable pblock_CL            WRAPPER/CL/AWS_CLK_GEN/CLK_GRP_A_EN_I.CLK_MMCM_A_I/inst/CLK_CORE_DRP_I/clk_inst/clkout1_buf/O
    X2Y5 (CLOCK_ROOT)    net (fo=146611, routed)      2.665     8.808    reconfigurable                      <hidden>/<hidden>/<hidden>
    SLR Crossing[0->1]   
    SLICE_X175Y372.CLK   FDRE                                         r  reconfigurable pblock_CL            <hidden>/<hidden>/<hidden>
  -------------------------------------------------------------------    -------------------------------------------------------
    SLICE_X175Y372.Q     FDRE (Prop_DFF2_SLICEM_C_Q)
                                                      0.080     8.888 r  reconfigurable pblock_CL            <hidden>/<hidden>/<hidden>
                         net (fo=199, routed)         2.122    11.010    reconfigurable                      WRAPPER/CL/u_tile/u_rms/rst_tile_n
    SLICE_X136Y328.A1                                                 r  reconfigurable pblock_CL            WRAPPER/CL/u_tile/u_rms/sc_mem_reg_bram_0_i_26_lopt_replica/I0
    SLICE_X136Y328.O5    LUT2 (Prop_C5LUT_SLICEL_I0_O)
                                                      0.158    11.168 r  reconfigurable pblock_CL            WRAPPER/CL/u_tile/u_rms/sc_mem_reg_bram_0_i_26_lopt_replica/O
                         net (fo=1, routed)           1.310    12.478    reconfigurable                      WRAPPER/CL/u_tile/u_rms/O_replN
    BUFGCE_X0Y97.I                                                    r  reconfigurable pblock_CL            WRAPPER/CL/u_tile/u_rms/rst_n_BUFG_inst/I
    BUFGCE_X0Y97.O       BUFGCE (Prop_BUFCE_BUFGCE_I_O)
                                                      0.028    12.506 r  reconfigurable pblock_CL            WRAPPER/CL/u_tile/u_rms/rst_n_BUFG_inst/O
                         net (fo=93766, routed)       1.547    14.053    reconfigurable                      WRAPPER/CL/u_tile/u_kvq/g_eng[2].u_eng/g_key.u_bank_store/rd_row_reg[2046]_0
    SLICE_X57Y366.SR     FDCE                                         f  reconfigurable pblock_CL            WRAPPER/CL/u_tile/u_kvq/g_eng[2].u_eng/g_key.u_bank_store/mem_reg[2][1843]/CLR  (IS_INVERTED)
  -------------------------------------------------------------------    -------------------------------------------------------

                         (clock clk_out1_clk_mmcm_a rise edge)
                                                     64.000    64.000 r                                      
    BJ4                                               0.000    64.000 r  static                              <hidden>
                         net (fo=0)                   0.079    64.079    static                              <hidden>/<hidden>/<hidden>/<hidden>
    HPIOBDIFFINBUF_X0Y130.DIFF_IN_P
                                                                      r  static                              <hidden>/<hidden>/<hidden>/<hidden>
    HPIOBDIFFINBUF_X0Y130.O
                         DIFFINBUF (Prop_DIFFINBUF_HPIOBDIFFINBUF_DIFF_IN_P_O)
                                                      0.750    64.829 r  static                              <hidden>/<hidden>/<hidden>/<hidden>
                         net (fo=1, routed)           0.040    64.869    static                              <hidden>/<hidden>/<hidden>/<hidden>
    BJ4.I                                                             r  static                              <hidden>/<hidden>/<hidden>/<hidden>
    BJ4.O                IBUFCTRL (Prop_IBUFCTRL_HPIOB_M_I_O)
                                                      0.000    64.869 r  static                              <hidden>/<hidden>/<hidden>/<hidden>
                         net (fo=1, routed)           0.309    65.178    static                              <hidden>/<hidden>/<hidden>
    BUFGCE_X0Y122.I                                                   r  static                              <hidden>/<hidden>/<hidden>
    BUFGCE_X0Y122.O      BUFGCE (Prop_BUFCE_BUFGCE_I_O)
                                                      0.024    65.202 r  static                              <hidden>/<hidden>/<hidden>
                         net (fo=3, routed)           1.624    66.826    static                              <hidden>/<hidden>/<hidden>/<hidden>/<hidden>
    SLR Crossing[1->0]   
    MMCM_X0Y2.CLKIN1                                                  r  static                              <hidden>/<hidden>/<hidden>/<hidden>/<hidden>
    MMCM_X0Y2.CLKOUT0    MMCME4_ADV (Prop_MMCM_CLKIN1_CLKOUT0)
                                                      0.630    67.456 r  static                              <hidden>/<hidden>/<hidden>/<hidden>/<hidden>
                         net (fo=2, routed)           0.215    67.671    static                              <hidden>/<hidden>/<hidden>
    BUFGCE_X0Y70.I                                                    r  static                              <hidden>/<hidden>/<hidden>
    BUFGCE_X0Y70.O       BUFGCE (Prop_BUFCE_BUFGCE_I_O)
                                                      0.024    67.695 r  static                              <hidden>/<hidden>/<hidden>
                         net (fo=2363, routed)        2.391    70.086    boundary                            WRAPPER/CL/AWS_CLK_GEN/CLK_GRP_A_EN_I.CLK_MMCM_A_I/inst/CLK_CORE_DRP_I/clk_inst/s_axi_aclk
    MMCM_X0Y3.CLKIN1                                                  r  reconfigurable pblock_CL            WRAPPER/CL/AWS_CLK_GEN/CLK_GRP_A_EN_I.CLK_MMCM_A_I/inst/CLK_CORE_DRP_I/clk_inst/mmcme4_adv_inst/CLKIN1
    MMCM_X0Y3.CLKOUT0    MMCME4_ADV (Prop_MMCM_CLKIN1_CLKOUT0)
                                                      0.630    70.716 r  reconfigurable pblock_CL            WRAPPER/CL/AWS_CLK_GEN/CLK_GRP_A_EN_I.CLK_MMCM_A_I/inst/CLK_CORE_DRP_I/clk_inst/mmcme4_adv_inst/CLKOUT0
                         net (fo=1, routed)           0.215    70.931    reconfigurable                      WRAPPER/CL/AWS_CLK_GEN/CLK_GRP_A_EN_I.CLK_MMCM_A_I/inst/CLK_CORE_DRP_I/clk_inst/clk_out1_clk_mmcm_a
    BUFGCE_X0Y84.I                                                    r  reconfigurable pblock_CL            WRAPPER/CL/AWS_CLK_GEN/CLK_GRP_A_EN_I.CLK_MMCM_A_I/inst/CLK_CORE_DRP_I/clk_inst/clkout1_buf/I
    BUFGCE_X0Y84.O       BUFGCE (Prop_BUFCE_BUFGCE_I_O)
                                                      0.024    70.955 r  reconfigurable pblock_CL            WRAPPER/CL/AWS_CLK_GEN/CLK_GRP_A_EN_I.CLK_MMCM_A_I/inst/CLK_CORE_DRP_I/clk_inst/clkout1_buf/O
    X2Y5 (CLOCK_ROOT)    net (fo=146611, routed)      2.011    72.966    reconfigurable                      WRAPPER/CL/u_tile/u_kvq/g_eng[2].u_eng/g_key.u_bank_store/o_clk_extra_a1
    SLR Crossing[0->1]   
    SLICE_X57Y366.CLK    FDCE                                         r  reconfigurable pblock_CL            WRAPPER/CL/u_tile/u_kvq/g_eng[2].u_eng/g_key.u_bank_store/mem_reg[2][1843]/C
                         clock pessimism             -0.655    72.311                                            
                         clock uncertainty           -0.095    72.216                                            
    SLICE_X57Y366        FDCE (Recov_DFF_SLICEM_C_CLR)
                                                     -0.066    72.150    reconfigurable   pblock_CL              WRAPPER/CL/u_tile/u_kvq/g_eng[2].u_eng/g_key.u_bank_store/mem_reg[2][1843]
  -------------------------------------------------------------------
                         required time                         72.150                                            
                         arrival time                         -14.053                                            
  -------------------------------------------------------------------
                         slack                                 58.097                                            

Slack (MET) :             58.097ns  (required time - arrival time)
  Source:                 <hidden>/<hidden>/<hidden>
                            (rising edge-triggered cell FDRE clocked by clk_out1_clk_mmcm_a  {rise@0.000ns fall@32.000ns period=64.000ns})
  Destination:            WRAPPER/CL/u_tile/u_kvq/g_eng[2].u_eng/g_key.u_bank_store/mem_reg[2][2037]/CLR
                            (recovery check against rising-edge clock clk_out1_clk_mmcm_a  {rise@0.000ns fall@32.000ns period=64.000ns})
  Path Group:             **async_default**
  Path Type:              Recovery (Max at Slow Process Corner)
  Requirement:            64.000ns  (clk_out1_clk_mmcm_a rise@64.000ns - clk_out1_clk_mmcm_a rise@0.000ns)
  Data Path Delay:        5.245ns  (logic 0.266ns (5.071%)  route 4.979ns (94.929%))
  Logic Levels:           2  (BUFGCE=1 LUT2=1)
  Clock Path Skew:        -0.496ns (DCD - SCD + CPR)
    Destination Clock Delay (DCD):    8.966ns = ( 72.966 - 64.000 ) 
    Source Clock Delay      (SCD):    8.808ns
    Clock Pessimism Removal (CPR):    -0.655ns
  Clock Uncertainty:      0.095ns  ((TSJ^2 + DJ^2)^1/2) / 2 + PE
    Total System Jitter     (TSJ):    0.071ns
    Discrete Jitter          (DJ):    0.176ns
    Phase Error              (PE):    0.000ns
  Clock Net Delay (Source):      2.665ns (routing 1.168ns, distribution 1.497ns)
  Clock Net Delay (Destination): 2.011ns (routing 1.067ns, distribution 0.944ns)

    Location             Delay type                Incr(ns)  Path(ns)    Partition      PBlock               Netlist Resource(s)
  -------------------------------------------------------------------    -------------------------------------------------------
                         (clock clk_out1_clk_mmcm_a rise edge)
                                                      0.000     0.000 r                                      
    BJ4                                               0.000     0.000 r  static                              <hidden>
                         net (fo=0)                   0.100     0.100    static                              <hidden>/<hidden>/<hidden>/<hidden>
    HPIOBDIFFINBUF_X0Y130.DIFF_IN_P
                                                                      r  static                              <hidden>/<hidden>/<hidden>/<hidden>
    HPIOBDIFFINBUF_X0Y130.O
                         DIFFINBUF (Prop_DIFFINBUF_HPIOBDIFFINBUF_DIFF_IN_P_O)
                                                      0.863     0.963 r  static                              <hidden>/<hidden>/<hidden>/<hidden>
                         net (fo=1, routed)           0.050     1.013    static                              <hidden>/<hidden>/<hidden>/<hidden>
    BJ4.I                                                             r  static                              <hidden>/<hidden>/<hidden>/<hidden>
    BJ4.O                IBUFCTRL (Prop_IBUFCTRL_HPIOB_M_I_O)
                                                      0.000     1.013 r  static                              <hidden>/<hidden>/<hidden>/<hidden>
                         net (fo=1, routed)           0.348     1.361    static                              <hidden>/<hidden>/<hidden>
    BUFGCE_X0Y122.I                                                   r  static                              <hidden>/<hidden>/<hidden>
    BUFGCE_X0Y122.O      BUFGCE (Prop_BUFCE_BUFGCE_I_O)
                                                      0.028     1.389 r  static                              <hidden>/<hidden>/<hidden>
                         net (fo=3, routed)           1.811     3.200    static                              <hidden>/<hidden>/<hidden>/<hidden>/<hidden>
    SLR Crossing[1->0]   
    MMCM_X0Y2.CLKIN1                                                  r  static                              <hidden>/<hidden>/<hidden>/<hidden>/<hidden>
    MMCM_X0Y2.CLKOUT0    MMCME4_ADV (Prop_MMCM_CLKIN1_CLKOUT0)
                                                     -0.127     3.073 r  static                              <hidden>/<hidden>/<hidden>/<hidden>/<hidden>
                         net (fo=2, routed)           0.245     3.318    static                              <hidden>/<hidden>/<hidden>
    BUFGCE_X0Y70.I                                                    r  static                              <hidden>/<hidden>/<hidden>
    BUFGCE_X0Y70.O       BUFGCE (Prop_BUFCE_BUFGCE_I_O)
                                                      0.028     3.346 r  static                              <hidden>/<hidden>/<hidden>
                         net (fo=2363, routed)        2.651     5.997    boundary                            WRAPPER/CL/AWS_CLK_GEN/CLK_GRP_A_EN_I.CLK_MMCM_A_I/inst/CLK_CORE_DRP_I/clk_inst/s_axi_aclk
    MMCM_X0Y3.CLKIN1                                                  r  reconfigurable pblock_CL            WRAPPER/CL/AWS_CLK_GEN/CLK_GRP_A_EN_I.CLK_MMCM_A_I/inst/CLK_CORE_DRP_I/clk_inst/mmcme4_adv_inst/CLKIN1
    MMCM_X0Y3.CLKOUT0    MMCME4_ADV (Prop_MMCM_CLKIN1_CLKOUT0)
                                                     -0.127     5.870 r  reconfigurable pblock_CL            WRAPPER/CL/AWS_CLK_GEN/CLK_GRP_A_EN_I.CLK_MMCM_A_I/inst/CLK_CORE_DRP_I/clk_inst/mmcme4_adv_inst/CLKOUT0
                         net (fo=1, routed)           0.245     6.115    reconfigurable                      WRAPPER/CL/AWS_CLK_GEN/CLK_GRP_A_EN_I.CLK_MMCM_A_I/inst/CLK_CORE_DRP_I/clk_inst/clk_out1_clk_mmcm_a
    BUFGCE_X0Y84.I                                                    r  reconfigurable pblock_CL            WRAPPER/CL/AWS_CLK_GEN/CLK_GRP_A_EN_I.CLK_MMCM_A_I/inst/CLK_CORE_DRP_I/clk_inst/clkout1_buf/I
    BUFGCE_X0Y84.O       BUFGCE (Prop_BUFCE_BUFGCE_I_O)
                                                      0.028     6.143 r  reconfigurable pblock_CL            WRAPPER/CL/AWS_CLK_GEN/CLK_GRP_A_EN_I.CLK_MMCM_A_I/inst/CLK_CORE_DRP_I/clk_inst/clkout1_buf/O
    X2Y5 (CLOCK_ROOT)    net (fo=146611, routed)      2.665     8.808    reconfigurable                      <hidden>/<hidden>/<hidden>
    SLR Crossing[0->1]   
    SLICE_X175Y372.CLK   FDRE                                         r  reconfigurable pblock_CL            <hidden>/<hidden>/<hidden>
  -------------------------------------------------------------------    -------------------------------------------------------
    SLICE_X175Y372.Q     FDRE (Prop_DFF2_SLICEM_C_Q)
                                                      0.080     8.888 r  reconfigurable pblock_CL            <hidden>/<hidden>/<hidden>
                         net (fo=199, routed)         2.122    11.010    reconfigurable                      WRAPPER/CL/u_tile/u_rms/rst_tile_n
    SLICE_X136Y328.A1                                                 r  reconfigurable pblock_CL            WRAPPER/CL/u_tile/u_rms/sc_mem_reg_bram_0_i_26_lopt_replica/I0
    SLICE_X136Y328.O5    LUT2 (Prop_C5LUT_SLICEL_I0_O)
                                                      0.158    11.168 r  reconfigurable pblock_CL            WRAPPER/CL/u_tile/u_rms/sc_mem_reg_bram_0_i_26_lopt_replica/O
                         net (fo=1, routed)           1.310    12.478    reconfigurable                      WRAPPER/CL/u_tile/u_rms/O_replN
    BUFGCE_X0Y97.I                                                    r  reconfigurable pblock_CL            WRAPPER/CL/u_tile/u_rms/rst_n_BUFG_inst/I
    BUFGCE_X0Y97.O       BUFGCE (Prop_BUFCE_BUFGCE_I_O)
                                                      0.028    12.506 r  reconfigurable pblock_CL            WRAPPER/CL/u_tile/u_rms/rst_n_BUFG_inst/O
                         net (fo=93766, routed)       1.547    14.053    reconfigurable                      WRAPPER/CL/u_tile/u_kvq/g_eng[2].u_eng/g_key.u_bank_store/rd_row_reg[2046]_0
    SLICE_X57Y366.SR     FDCE                                         f  reconfigurable pblock_CL            WRAPPER/CL/u_tile/u_kvq/g_eng[2].u_eng/g_key.u_bank_store/mem_reg[2][2037]/CLR  (IS_INVERTED)
  -------------------------------------------------------------------    -------------------------------------------------------

                         (clock clk_out1_clk_mmcm_a rise edge)
                                                     64.000    64.000 r                                      
    BJ4                                               0.000    64.000 r  static                              <hidden>
                         net (fo=0)                   0.079    64.079    static                              <hidden>/<hidden>/<hidden>/<hidden>
    HPIOBDIFFINBUF_X0Y130.DIFF_IN_P
                                                                      r  static                              <hidden>/<hidden>/<hidden>/<hidden>
    HPIOBDIFFINBUF_X0Y130.O
                         DIFFINBUF (Prop_DIFFINBUF_HPIOBDIFFINBUF_DIFF_IN_P_O)
                                                      0.750    64.829 r  static                              <hidden>/<hidden>/<hidden>/<hidden>
                         net (fo=1, routed)           0.040    64.869    static                              <hidden>/<hidden>/<hidden>/<hidden>
    BJ4.I                                                             r  static                              <hidden>/<hidden>/<hidden>/<hidden>
    BJ4.O                IBUFCTRL (Prop_IBUFCTRL_HPIOB_M_I_O)
                                                      0.000    64.869 r  static                              <hidden>/<hidden>/<hidden>/<hidden>
                         net (fo=1, routed)           0.309    65.178    static                              <hidden>/<hidden>/<hidden>
    BUFGCE_X0Y122.I                                                   r  static                              <hidden>/<hidden>/<hidden>
    BUFGCE_X0Y122.O      BUFGCE (Prop_BUFCE_BUFGCE_I_O)
                                                      0.024    65.202 r  static                              <hidden>/<hidden>/<hidden>
                         net (fo=3, routed)           1.624    66.826    static                              <hidden>/<hidden>/<hidden>/<hidden>/<hidden>
    SLR Crossing[1->0]   
    MMCM_X0Y2.CLKIN1                                                  r  static                              <hidden>/<hidden>/<hidden>/<hidden>/<hidden>
    MMCM_X0Y2.CLKOUT0    MMCME4_ADV (Prop_MMCM_CLKIN1_CLKOUT0)
                                                      0.630    67.456 r  static                              <hidden>/<hidden>/<hidden>/<hidden>/<hidden>
                         net (fo=2, routed)           0.215    67.671    static                              <hidden>/<hidden>/<hidden>
    BUFGCE_X0Y70.I                                                    r  static                              <hidden>/<hidden>/<hidden>
    BUFGCE_X0Y70.O       BUFGCE (Prop_BUFCE_BUFGCE_I_O)
                                                      0.024    67.695 r  static                              <hidden>/<hidden>/<hidden>
                         net (fo=2363, routed)        2.391    70.086    boundary                            WRAPPER/CL/AWS_CLK_GEN/CLK_GRP_A_EN_I.CLK_MMCM_A_I/inst/CLK_CORE_DRP_I/clk_inst/s_axi_aclk
    MMCM_X0Y3.CLKIN1                                                  r  reconfigurable pblock_CL            WRAPPER/CL/AWS_CLK_GEN/CLK_GRP_A_EN_I.CLK_MMCM_A_I/inst/CLK_CORE_DRP_I/clk_inst/mmcme4_adv_inst/CLKIN1
    MMCM_X0Y3.CLKOUT0    MMCME4_ADV (Prop_MMCM_CLKIN1_CLKOUT0)
                                                      0.630    70.716 r  reconfigurable pblock_CL            WRAPPER/CL/AWS_CLK_GEN/CLK_GRP_A_EN_I.CLK_MMCM_A_I/inst/CLK_CORE_DRP_I/clk_inst/mmcme4_adv_inst/CLKOUT0
                         net (fo=1, routed)           0.215    70.931    reconfigurable                      WRAPPER/CL/AWS_CLK_GEN/CLK_GRP_A_EN_I.CLK_MMCM_A_I/inst/CLK_CORE_DRP_I/clk_inst/clk_out1_clk_mmcm_a
    BUFGCE_X0Y84.I                                                    r  reconfigurable pblock_CL            WRAPPER/CL/AWS_CLK_GEN/CLK_GRP_A_EN_I.CLK_MMCM_A_I/inst/CLK_CORE_DRP_I/clk_inst/clkout1_buf/I
    BUFGCE_X0Y84.O       BUFGCE (Prop_BUFCE_BUFGCE_I_O)
                                                      0.024    70.955 r  reconfigurable pblock_CL            WRAPPER/CL/AWS_CLK_GEN/CLK_GRP_A_EN_I.CLK_MMCM_A_I/inst/CLK_CORE_DRP_I/clk_inst/clkout1_buf/O
    X2Y5 (CLOCK_ROOT)    net (fo=146611, routed)      2.011    72.966    reconfigurable                      WRAPPER/CL/u_tile/u_kvq/g_eng[2].u_eng/g_key.u_bank_store/o_clk_extra_a1
    SLR Crossing[0->1]   
    SLICE_X57Y366.CLK    FDCE                                         r  reconfigurable pblock_CL            WRAPPER/CL/u_tile/u_kvq/g_eng[2].u_eng/g_key.u_bank_store/mem_reg[2][2037]/C
                         clock pessimism             -0.655    72.311                                            
                         clock uncertainty           -0.095    72.216                                            
    SLICE_X57Y366        FDCE (Recov_CFF_SLICEM_C_CLR)
                                                     -0.066    72.150    reconfigurable   pblock_CL              WRAPPER/CL/u_tile/u_kvq/g_eng[2].u_eng/g_key.u_bank_store/mem_reg[2][2037]
  -------------------------------------------------------------------
                         required time                         72.150                                            
                         arrival time                         -14.053                                            
  -------------------------------------------------------------------
                         slack                                 58.097                                            

Slack (MET) :             58.097ns  (required time - arrival time)
  Source:                 <hidden>/<hidden>/<hidden>
                            (rising edge-triggered cell FDRE clocked by clk_out1_clk_mmcm_a  {rise@0.000ns fall@32.000ns period=64.000ns})
  Destination:            WRAPPER/CL/u_tile/u_kvq/g_eng[2].u_eng/g_key.u_bank_store/mem_reg[3][1843]/CLR
                            (recovery check against rising-edge clock clk_out1_clk_mmcm_a  {rise@0.000ns fall@32.000ns period=64.000ns})
  Path Group:             **async_default**
  Path Type:              Recovery (Max at Slow Process Corner)
  Requirement:            64.000ns  (clk_out1_clk_mmcm_a rise@64.000ns - clk_out1_clk_mmcm_a rise@0.000ns)
  Data Path Delay:        5.245ns  (logic 0.266ns (5.071%)  route 4.979ns (94.929%))
  Logic Levels:           2  (BUFGCE=1 LUT2=1)
  Clock Path Skew:        -0.496ns (DCD - SCD + CPR)
    Destination Clock Delay (DCD):    8.966ns = ( 72.966 - 64.000 ) 
    Source Clock Delay      (SCD):    8.808ns
    Clock Pessimism Removal (CPR):    -0.655ns
  Clock Uncertainty:      0.095ns  ((TSJ^2 + DJ^2)^1/2) / 2 + PE
    Total System Jitter     (TSJ):    0.071ns
    Discrete Jitter          (DJ):    0.176ns
    Phase Error              (PE):    0.000ns
  Clock Net Delay (Source):      2.665ns (routing 1.168ns, distribution 1.497ns)
  Clock Net Delay (Destination): 2.011ns (routing 1.067ns, distribution 0.944ns)

    Location             Delay type                Incr(ns)  Path(ns)    Partition      PBlock               Netlist Resource(s)
  -------------------------------------------------------------------    -------------------------------------------------------
                         (clock clk_out1_clk_mmcm_a rise edge)
                                                      0.000     0.000 r                                      
    BJ4                                               0.000     0.000 r  static                              <hidden>
                         net (fo=0)                   0.100     0.100    static                              <hidden>/<hidden>/<hidden>/<hidden>
    HPIOBDIFFINBUF_X0Y130.DIFF_IN_P
                                                                      r  static                              <hidden>/<hidden>/<hidden>/<hidden>
    HPIOBDIFFINBUF_X0Y130.O
                         DIFFINBUF (Prop_DIFFINBUF_HPIOBDIFFINBUF_DIFF_IN_P_O)
                                                      0.863     0.963 r  static                              <hidden>/<hidden>/<hidden>/<hidden>
                         net (fo=1, routed)           0.050     1.013    static                              <hidden>/<hidden>/<hidden>/<hidden>
    BJ4.I                                                             r  static                              <hidden>/<hidden>/<hidden>/<hidden>
    BJ4.O                IBUFCTRL (Prop_IBUFCTRL_HPIOB_M_I_O)
                                                      0.000     1.013 r  static                              <hidden>/<hidden>/<hidden>/<hidden>
                         net (fo=1, routed)           0.348     1.361    static                              <hidden>/<hidden>/<hidden>
    BUFGCE_X0Y122.I                                                   r  static                              <hidden>/<hidden>/<hidden>
    BUFGCE_X0Y122.O      BUFGCE (Prop_BUFCE_BUFGCE_I_O)
                                                      0.028     1.389 r  static                              <hidden>/<hidden>/<hidden>
                         net (fo=3, routed)           1.811     3.200    static                              <hidden>/<hidden>/<hidden>/<hidden>/<hidden>
    SLR Crossing[1->0]   
    MMCM_X0Y2.CLKIN1                                                  r  static                              <hidden>/<hidden>/<hidden>/<hidden>/<hidden>
    MMCM_X0Y2.CLKOUT0    MMCME4_ADV (Prop_MMCM_CLKIN1_CLKOUT0)
                                                     -0.127     3.073 r  static                              <hidden>/<hidden>/<hidden>/<hidden>/<hidden>
                         net (fo=2, routed)           0.245     3.318    static                              <hidden>/<hidden>/<hidden>
    BUFGCE_X0Y70.I                                                    r  static                              <hidden>/<hidden>/<hidden>
    BUFGCE_X0Y70.O       BUFGCE (Prop_BUFCE_BUFGCE_I_O)
                                                      0.028     3.346 r  static                              <hidden>/<hidden>/<hidden>
                         net (fo=2363, routed)        2.651     5.997    boundary                            WRAPPER/CL/AWS_CLK_GEN/CLK_GRP_A_EN_I.CLK_MMCM_A_I/inst/CLK_CORE_DRP_I/clk_inst/s_axi_aclk
    MMCM_X0Y3.CLKIN1                                                  r  reconfigurable pblock_CL            WRAPPER/CL/AWS_CLK_GEN/CLK_GRP_A_EN_I.CLK_MMCM_A_I/inst/CLK_CORE_DRP_I/clk_inst/mmcme4_adv_inst/CLKIN1
    MMCM_X0Y3.CLKOUT0    MMCME4_ADV (Prop_MMCM_CLKIN1_CLKOUT0)
                                                     -0.127     5.870 r  reconfigurable pblock_CL            WRAPPER/CL/AWS_CLK_GEN/CLK_GRP_A_EN_I.CLK_MMCM_A_I/inst/CLK_CORE_DRP_I/clk_inst/mmcme4_adv_inst/CLKOUT0
                         net (fo=1, routed)           0.245     6.115    reconfigurable                      WRAPPER/CL/AWS_CLK_GEN/CLK_GRP_A_EN_I.CLK_MMCM_A_I/inst/CLK_CORE_DRP_I/clk_inst/clk_out1_clk_mmcm_a
    BUFGCE_X0Y84.I                                                    r  reconfigurable pblock_CL            WRAPPER/CL/AWS_CLK_GEN/CLK_GRP_A_EN_I.CLK_MMCM_A_I/inst/CLK_CORE_DRP_I/clk_inst/clkout1_buf/I
    BUFGCE_X0Y84.O       BUFGCE (Prop_BUFCE_BUFGCE_I_O)
                                                      0.028     6.143 r  reconfigurable pblock_CL            WRAPPER/CL/AWS_CLK_GEN/CLK_GRP_A_EN_I.CLK_MMCM_A_I/inst/CLK_CORE_DRP_I/clk_inst/clkout1_buf/O
    X2Y5 (CLOCK_ROOT)    net (fo=146611, routed)      2.665     8.808    reconfigurable                      <hidden>/<hidden>/<hidden>
    SLR Crossing[0->1]   
    SLICE_X175Y372.CLK   FDRE                                         r  reconfigurable pblock_CL            <hidden>/<hidden>/<hidden>
  -------------------------------------------------------------------    -------------------------------------------------------
    SLICE_X175Y372.Q     FDRE (Prop_DFF2_SLICEM_C_Q)
                                                      0.080     8.888 r  reconfigurable pblock_CL            <hidden>/<hidden>/<hidden>
                         net (fo=199, routed)         2.122    11.010    reconfigurable                      WRAPPER/CL/u_tile/u_rms/rst_tile_n
    SLICE_X136Y328.A1                                                 r  reconfigurable pblock_CL            WRAPPER/CL/u_tile/u_rms/sc_mem_reg_bram_0_i_26_lopt_replica/I0
    SLICE_X136Y328.O5    LUT2 (Prop_C5LUT_SLICEL_I0_O)
                                                      0.158    11.168 r  reconfigurable pblock_CL            WRAPPER/CL/u_tile/u_rms/sc_mem_reg_bram_0_i_26_lopt_replica/O
                         net (fo=1, routed)           1.310    12.478    reconfigurable                      WRAPPER/CL/u_tile/u_rms/O_replN
    BUFGCE_X0Y97.I                                                    r  reconfigurable pblock_CL            WRAPPER/CL/u_tile/u_rms/rst_n_BUFG_inst/I
    BUFGCE_X0Y97.O       BUFGCE (Prop_BUFCE_BUFGCE_I_O)
                                                      0.028    12.506 r  reconfigurable pblock_CL            WRAPPER/CL/u_tile/u_rms/rst_n_BUFG_inst/O
                         net (fo=93766, routed)       1.547    14.053    reconfigurable                      WRAPPER/CL/u_tile/u_kvq/g_eng[2].u_eng/g_key.u_bank_store/rd_row_reg[2046]_0
    SLICE_X57Y367.SR     FDCE                                         f  reconfigurable pblock_CL            WRAPPER/CL/u_tile/u_kvq/g_eng[2].u_eng/g_key.u_bank_store/mem_reg[3][1843]/CLR  (IS_INVERTED)
  -------------------------------------------------------------------    -------------------------------------------------------

                         (clock clk_out1_clk_mmcm_a rise edge)
                                                     64.000    64.000 r                                      
    BJ4                                               0.000    64.000 r  static                              <hidden>
                         net (fo=0)                   0.079    64.079    static                              <hidden>/<hidden>/<hidden>/<hidden>
    HPIOBDIFFINBUF_X0Y130.DIFF_IN_P
                                                                      r  static                              <hidden>/<hidden>/<hidden>/<hidden>
    HPIOBDIFFINBUF_X0Y130.O
                         DIFFINBUF (Prop_DIFFINBUF_HPIOBDIFFINBUF_DIFF_IN_P_O)
                                                      0.750    64.829 r  static                              <hidden>/<hidden>/<hidden>/<hidden>
                         net (fo=1, routed)           0.040    64.869    static                              <hidden>/<hidden>/<hidden>/<hidden>
    BJ4.I                                                             r  static                              <hidden>/<hidden>/<hidden>/<hidden>
    BJ4.O                IBUFCTRL (Prop_IBUFCTRL_HPIOB_M_I_O)
                                                      0.000    64.869 r  static                              <hidden>/<hidden>/<hidden>/<hidden>
                         net (fo=1, routed)           0.309    65.178    static                              <hidden>/<hidden>/<hidden>
    BUFGCE_X0Y122.I                                                   r  static                              <hidden>/<hidden>/<hidden>
    BUFGCE_X0Y122.O      BUFGCE (Prop_BUFCE_BUFGCE_I_O)
                                                      0.024    65.202 r  static                              <hidden>/<hidden>/<hidden>
                         net (fo=3, routed)           1.624    66.826    static                              <hidden>/<hidden>/<hidden>/<hidden>/<hidden>
    SLR Crossing[1->0]   
    MMCM_X0Y2.CLKIN1                                                  r  static                              <hidden>/<hidden>/<hidden>/<hidden>/<hidden>
    MMCM_X0Y2.CLKOUT0    MMCME4_ADV (Prop_MMCM_CLKIN1_CLKOUT0)
                                                      0.630    67.456 r  static                              <hidden>/<hidden>/<hidden>/<hidden>/<hidden>
                         net (fo=2, routed)           0.215    67.671    static                              <hidden>/<hidden>/<hidden>
    BUFGCE_X0Y70.I                                                    r  static                              <hidden>/<hidden>/<hidden>
    BUFGCE_X0Y70.O       BUFGCE (Prop_BUFCE_BUFGCE_I_O)
                                                      0.024    67.695 r  static                              <hidden>/<hidden>/<hidden>
                         net (fo=2363, routed)        2.391    70.086    boundary                            WRAPPER/CL/AWS_CLK_GEN/CLK_GRP_A_EN_I.CLK_MMCM_A_I/inst/CLK_CORE_DRP_I/clk_inst/s_axi_aclk
    MMCM_X0Y3.CLKIN1                                                  r  reconfigurable pblock_CL            WRAPPER/CL/AWS_CLK_GEN/CLK_GRP_A_EN_I.CLK_MMCM_A_I/inst/CLK_CORE_DRP_I/clk_inst/mmcme4_adv_inst/CLKIN1
    MMCM_X0Y3.CLKOUT0    MMCME4_ADV (Prop_MMCM_CLKIN1_CLKOUT0)
                                                      0.630    70.716 r  reconfigurable pblock_CL            WRAPPER/CL/AWS_CLK_GEN/CLK_GRP_A_EN_I.CLK_MMCM_A_I/inst/CLK_CORE_DRP_I/clk_inst/mmcme4_adv_inst/CLKOUT0
                         net (fo=1, routed)           0.215    70.931    reconfigurable                      WRAPPER/CL/AWS_CLK_GEN/CLK_GRP_A_EN_I.CLK_MMCM_A_I/inst/CLK_CORE_DRP_I/clk_inst/clk_out1_clk_mmcm_a
    BUFGCE_X0Y84.I                                                    r  reconfigurable pblock_CL            WRAPPER/CL/AWS_CLK_GEN/CLK_GRP_A_EN_I.CLK_MMCM_A_I/inst/CLK_CORE_DRP_I/clk_inst/clkout1_buf/I
    BUFGCE_X0Y84.O       BUFGCE (Prop_BUFCE_BUFGCE_I_O)
                                                      0.024    70.955 r  reconfigurable pblock_CL            WRAPPER/CL/AWS_CLK_GEN/CLK_GRP_A_EN_I.CLK_MMCM_A_I/inst/CLK_CORE_DRP_I/clk_inst/clkout1_buf/O
    X2Y5 (CLOCK_ROOT)    net (fo=146611, routed)      2.011    72.966    reconfigurable                      WRAPPER/CL/u_tile/u_kvq/g_eng[2].u_eng/g_key.u_bank_store/o_clk_extra_a1
    SLR Crossing[0->1]   
    SLICE_X57Y367.CLK    FDCE                                         r  reconfigurable pblock_CL            WRAPPER/CL/u_tile/u_kvq/g_eng[2].u_eng/g_key.u_bank_store/mem_reg[3][1843]/C
                         clock pessimism             -0.655    72.311                                            
                         clock uncertainty           -0.095    72.216                                            
    SLICE_X57Y367        FDCE (Recov_AFF2_SLICEM_C_CLR)
                                                     -0.066    72.150    reconfigurable   pblock_CL              WRAPPER/CL/u_tile/u_kvq/g_eng[2].u_eng/g_key.u_bank_store/mem_reg[3][1843]
  -------------------------------------------------------------------
                         required time                         72.150                                            
                         arrival time                         -14.053                                            
  -------------------------------------------------------------------
                         slack                                 58.097                                            

Slack (MET) :             58.097ns  (required time - arrival time)
  Source:                 <hidden>/<hidden>/<hidden>
                            (rising edge-triggered cell FDRE clocked by clk_out1_clk_mmcm_a  {rise@0.000ns fall@32.000ns period=64.000ns})
  Destination:            WRAPPER/CL/u_tile/u_kvq/g_eng[2].u_eng/g_key.u_bank_store/mem_reg[3][2037]/CLR
                            (recovery check against rising-edge clock clk_out1_clk_mmcm_a  {rise@0.000ns fall@32.000ns period=64.000ns})
  Path Group:             **async_default**
  Path Type:              Recovery (Max at Slow Process Corner)
  Requirement:            64.000ns  (clk_out1_clk_mmcm_a rise@64.000ns - clk_out1_clk_mmcm_a rise@0.000ns)
  Data Path Delay:        5.245ns  (logic 0.266ns (5.071%)  route 4.979ns (94.929%))
  Logic Levels:           2  (BUFGCE=1 LUT2=1)
  Clock Path Skew:        -0.496ns (DCD - SCD + CPR)
    Destination Clock Delay (DCD):    8.966ns = ( 72.966 - 64.000 ) 
    Source Clock Delay      (SCD):    8.808ns
    Clock Pessimism Removal (CPR):    -0.655ns
  Clock Uncertainty:      0.095ns  ((TSJ^2 + DJ^2)^1/2) / 2 + PE
    Total System Jitter     (TSJ):    0.071ns
    Discrete Jitter          (DJ):    0.176ns
    Phase Error              (PE):    0.000ns
  Clock Net Delay (Source):      2.665ns (routing 1.168ns, distribution 1.497ns)
  Clock Net Delay (Destination): 2.011ns (routing 1.067ns, distribution 0.944ns)

    Location             Delay type                Incr(ns)  Path(ns)    Partition      PBlock               Netlist Resource(s)
  -------------------------------------------------------------------    -------------------------------------------------------
                         (clock clk_out1_clk_mmcm_a rise edge)
                                                      0.000     0.000 r                                      
    BJ4                                               0.000     0.000 r  static                              <hidden>
                         net (fo=0)                   0.100     0.100    static                              <hidden>/<hidden>/<hidden>/<hidden>
    HPIOBDIFFINBUF_X0Y130.DIFF_IN_P
                                                                      r  static                              <hidden>/<hidden>/<hidden>/<hidden>
    HPIOBDIFFINBUF_X0Y130.O
                         DIFFINBUF (Prop_DIFFINBUF_HPIOBDIFFINBUF_DIFF_IN_P_O)
                                                      0.863     0.963 r  static                              <hidden>/<hidden>/<hidden>/<hidden>
                         net (fo=1, routed)           0.050     1.013    static                              <hidden>/<hidden>/<hidden>/<hidden>
    BJ4.I                                                             r  static                              <hidden>/<hidden>/<hidden>/<hidden>
    BJ4.O                IBUFCTRL (Prop_IBUFCTRL_HPIOB_M_I_O)
                                                      0.000     1.013 r  static                              <hidden>/<hidden>/<hidden>/<hidden>
                         net (fo=1, routed)           0.348     1.361    static                              <hidden>/<hidden>/<hidden>
    BUFGCE_X0Y122.I                                                   r  static                              <hidden>/<hidden>/<hidden>
    BUFGCE_X0Y122.O      BUFGCE (Prop_BUFCE_BUFGCE_I_O)
                                                      0.028     1.389 r  static                              <hidden>/<hidden>/<hidden>
                         net (fo=3, routed)           1.811     3.200    static                              <hidden>/<hidden>/<hidden>/<hidden>/<hidden>
    SLR Crossing[1->0]   
    MMCM_X0Y2.CLKIN1                                                  r  static                              <hidden>/<hidden>/<hidden>/<hidden>/<hidden>
    MMCM_X0Y2.CLKOUT0    MMCME4_ADV (Prop_MMCM_CLKIN1_CLKOUT0)
                                                     -0.127     3.073 r  static                              <hidden>/<hidden>/<hidden>/<hidden>/<hidden>
                         net (fo=2, routed)           0.245     3.318    static                              <hidden>/<hidden>/<hidden>
    BUFGCE_X0Y70.I                                                    r  static                              <hidden>/<hidden>/<hidden>
    BUFGCE_X0Y70.O       BUFGCE (Prop_BUFCE_BUFGCE_I_O)
                                                      0.028     3.346 r  static                              <hidden>/<hidden>/<hidden>
                         net (fo=2363, routed)        2.651     5.997    boundary                            WRAPPER/CL/AWS_CLK_GEN/CLK_GRP_A_EN_I.CLK_MMCM_A_I/inst/CLK_CORE_DRP_I/clk_inst/s_axi_aclk
    MMCM_X0Y3.CLKIN1                                                  r  reconfigurable pblock_CL            WRAPPER/CL/AWS_CLK_GEN/CLK_GRP_A_EN_I.CLK_MMCM_A_I/inst/CLK_CORE_DRP_I/clk_inst/mmcme4_adv_inst/CLKIN1
    MMCM_X0Y3.CLKOUT0    MMCME4_ADV (Prop_MMCM_CLKIN1_CLKOUT0)
                                                     -0.127     5.870 r  reconfigurable pblock_CL            WRAPPER/CL/AWS_CLK_GEN/CLK_GRP_A_EN_I.CLK_MMCM_A_I/inst/CLK_CORE_DRP_I/clk_inst/mmcme4_adv_inst/CLKOUT0
                         net (fo=1, routed)           0.245     6.115    reconfigurable                      WRAPPER/CL/AWS_CLK_GEN/CLK_GRP_A_EN_I.CLK_MMCM_A_I/inst/CLK_CORE_DRP_I/clk_inst/clk_out1_clk_mmcm_a
    BUFGCE_X0Y84.I                                                    r  reconfigurable pblock_CL            WRAPPER/CL/AWS_CLK_GEN/CLK_GRP_A_EN_I.CLK_MMCM_A_I/inst/CLK_CORE_DRP_I/clk_inst/clkout1_buf/I
    BUFGCE_X0Y84.O       BUFGCE (Prop_BUFCE_BUFGCE_I_O)
                                                      0.028     6.143 r  reconfigurable pblock_CL            WRAPPER/CL/AWS_CLK_GEN/CLK_GRP_A_EN_I.CLK_MMCM_A_I/inst/CLK_CORE_DRP_I/clk_inst/clkout1_buf/O
    X2Y5 (CLOCK_ROOT)    net (fo=146611, routed)      2.665     8.808    reconfigurable                      <hidden>/<hidden>/<hidden>
    SLR Crossing[0->1]   
    SLICE_X175Y372.CLK   FDRE                                         r  reconfigurable pblock_CL            <hidden>/<hidden>/<hidden>
  -------------------------------------------------------------------    -------------------------------------------------------
    SLICE_X175Y372.Q     FDRE (Prop_DFF2_SLICEM_C_Q)
                                                      0.080     8.888 r  reconfigurable pblock_CL            <hidden>/<hidden>/<hidden>
                         net (fo=199, routed)         2.122    11.010    reconfigurable                      WRAPPER/CL/u_tile/u_rms/rst_tile_n
    SLICE_X136Y328.A1                                                 r  reconfigurable pblock_CL            WRAPPER/CL/u_tile/u_rms/sc_mem_reg_bram_0_i_26_lopt_replica/I0
    SLICE_X136Y328.O5    LUT2 (Prop_C5LUT_SLICEL_I0_O)
                                                      0.158    11.168 r  reconfigurable pblock_CL            WRAPPER/CL/u_tile/u_rms/sc_mem_reg_bram_0_i_26_lopt_replica/O
                         net (fo=1, routed)           1.310    12.478    reconfigurable                      WRAPPER/CL/u_tile/u_rms/O_replN
    BUFGCE_X0Y97.I                                                    r  reconfigurable pblock_CL            WRAPPER/CL/u_tile/u_rms/rst_n_BUFG_inst/I
    BUFGCE_X0Y97.O       BUFGCE (Prop_BUFCE_BUFGCE_I_O)
                                                      0.028    12.506 r  reconfigurable pblock_CL            WRAPPER/CL/u_tile/u_rms/rst_n_BUFG_inst/O
                         net (fo=93766, routed)       1.547    14.053    reconfigurable                      WRAPPER/CL/u_tile/u_kvq/g_eng[2].u_eng/g_key.u_bank_store/rd_row_reg[2046]_0
    SLICE_X57Y367.SR     FDCE                                         f  reconfigurable pblock_CL            WRAPPER/CL/u_tile/u_kvq/g_eng[2].u_eng/g_key.u_bank_store/mem_reg[3][2037]/CLR  (IS_INVERTED)
  -------------------------------------------------------------------    -------------------------------------------------------

                         (clock clk_out1_clk_mmcm_a rise edge)
                                                     64.000    64.000 r                                      
    BJ4                                               0.000    64.000 r  static                              <hidden>
                         net (fo=0)                   0.079    64.079    static                              <hidden>/<hidden>/<hidden>/<hidden>
    HPIOBDIFFINBUF_X0Y130.DIFF_IN_P
                                                                      r  static                              <hidden>/<hidden>/<hidden>/<hidden>
    HPIOBDIFFINBUF_X0Y130.O
                         DIFFINBUF (Prop_DIFFINBUF_HPIOBDIFFINBUF_DIFF_IN_P_O)
                                                      0.750    64.829 r  static                              <hidden>/<hidden>/<hidden>/<hidden>
                         net (fo=1, routed)           0.040    64.869    static                              <hidden>/<hidden>/<hidden>/<hidden>
    BJ4.I                                                             r  static                              <hidden>/<hidden>/<hidden>/<hidden>
    BJ4.O                IBUFCTRL (Prop_IBUFCTRL_HPIOB_M_I_O)
                                                      0.000    64.869 r  static                              <hidden>/<hidden>/<hidden>/<hidden>
                         net (fo=1, routed)           0.309    65.178    static                              <hidden>/<hidden>/<hidden>
    BUFGCE_X0Y122.I                                                   r  static                              <hidden>/<hidden>/<hidden>
    BUFGCE_X0Y122.O      BUFGCE (Prop_BUFCE_BUFGCE_I_O)
                                                      0.024    65.202 r  static                              <hidden>/<hidden>/<hidden>
                         net (fo=3, routed)           1.624    66.826    static                              <hidden>/<hidden>/<hidden>/<hidden>/<hidden>
    SLR Crossing[1->0]   
    MMCM_X0Y2.CLKIN1                                                  r  static                              <hidden>/<hidden>/<hidden>/<hidden>/<hidden>
    MMCM_X0Y2.CLKOUT0    MMCME4_ADV (Prop_MMCM_CLKIN1_CLKOUT0)
                                                      0.630    67.456 r  static                              <hidden>/<hidden>/<hidden>/<hidden>/<hidden>
                         net (fo=2, routed)           0.215    67.671    static                              <hidden>/<hidden>/<hidden>
    BUFGCE_X0Y70.I                                                    r  static                              <hidden>/<hidden>/<hidden>
    BUFGCE_X0Y70.O       BUFGCE (Prop_BUFCE_BUFGCE_I_O)
                                                      0.024    67.695 r  static                              <hidden>/<hidden>/<hidden>
                         net (fo=2363, routed)        2.391    70.086    boundary                            WRAPPER/CL/AWS_CLK_GEN/CLK_GRP_A_EN_I.CLK_MMCM_A_I/inst/CLK_CORE_DRP_I/clk_inst/s_axi_aclk
    MMCM_X0Y3.CLKIN1                                                  r  reconfigurable pblock_CL            WRAPPER/CL/AWS_CLK_GEN/CLK_GRP_A_EN_I.CLK_MMCM_A_I/inst/CLK_CORE_DRP_I/clk_inst/mmcme4_adv_inst/CLKIN1
    MMCM_X0Y3.CLKOUT0    MMCME4_ADV (Prop_MMCM_CLKIN1_CLKOUT0)
                                                      0.630    70.716 r  reconfigurable pblock_CL            WRAPPER/CL/AWS_CLK_GEN/CLK_GRP_A_EN_I.CLK_MMCM_A_I/inst/CLK_CORE_DRP_I/clk_inst/mmcme4_adv_inst/CLKOUT0
                         net (fo=1, routed)           0.215    70.931    reconfigurable                      WRAPPER/CL/AWS_CLK_GEN/CLK_GRP_A_EN_I.CLK_MMCM_A_I/inst/CLK_CORE_DRP_I/clk_inst/clk_out1_clk_mmcm_a
    BUFGCE_X0Y84.I                                                    r  reconfigurable pblock_CL            WRAPPER/CL/AWS_CLK_GEN/CLK_GRP_A_EN_I.CLK_MMCM_A_I/inst/CLK_CORE_DRP_I/clk_inst/clkout1_buf/I
    BUFGCE_X0Y84.O       BUFGCE (Prop_BUFCE_BUFGCE_I_O)
                                                      0.024    70.955 r  reconfigurable pblock_CL            WRAPPER/CL/AWS_CLK_GEN/CLK_GRP_A_EN_I.CLK_MMCM_A_I/inst/CLK_CORE_DRP_I/clk_inst/clkout1_buf/O
    X2Y5 (CLOCK_ROOT)    net (fo=146611, routed)      2.011    72.966    reconfigurable                      WRAPPER/CL/u_tile/u_kvq/g_eng[2].u_eng/g_key.u_bank_store/o_clk_extra_a1
    SLR Crossing[0->1]   
    SLICE_X57Y367.CLK    FDCE                                         r  reconfigurable pblock_CL            WRAPPER/CL/u_tile/u_kvq/g_eng[2].u_eng/g_key.u_bank_store/mem_reg[3][2037]/C
                         clock pessimism             -0.655    72.311                                            
                         clock uncertainty           -0.095    72.216                                            
    SLICE_X57Y367        FDCE (Recov_BFF2_SLICEM_C_CLR)
                                                     -0.066    72.150    reconfigurable   pblock_CL              WRAPPER/CL/u_tile/u_kvq/g_eng[2].u_eng/g_key.u_bank_store/mem_reg[3][2037]
  -------------------------------------------------------------------
                         required time                         72.150                                            
                         arrival time                         -14.053                                            
  -------------------------------------------------------------------
                         slack                                 58.097                                            

Slack (MET) :             58.097ns  (required time - arrival time)
  Source:                 <hidden>/<hidden>/<hidden>
                            (rising edge-triggered cell FDRE clocked by clk_out1_clk_mmcm_a  {rise@0.000ns fall@32.000ns period=64.000ns})
  Destination:            WRAPPER/CL/u_tile/u_kvq/g_eng[2].u_eng/g_key.u_bank_store/mem_reg[4][1843]/CLR
                            (recovery check against rising-edge clock clk_out1_clk_mmcm_a  {rise@0.000ns fall@32.000ns period=64.000ns})
  Path Group:             **async_default**
  Path Type:              Recovery (Max at Slow Process Corner)
  Requirement:            64.000ns  (clk_out1_clk_mmcm_a rise@64.000ns - clk_out1_clk_mmcm_a rise@0.000ns)
  Data Path Delay:        5.245ns  (logic 0.266ns (5.071%)  route 4.979ns (94.929%))
  Logic Levels:           2  (BUFGCE=1 LUT2=1)
  Clock Path Skew:        -0.496ns (DCD - SCD + CPR)
    Destination Clock Delay (DCD):    8.966ns = ( 72.966 - 64.000 ) 
    Source Clock Delay      (SCD):    8.808ns
    Clock Pessimism Removal (CPR):    -0.655ns
  Clock Uncertainty:      0.095ns  ((TSJ^2 + DJ^2)^1/2) / 2 + PE
    Total System Jitter     (TSJ):    0.071ns
    Discrete Jitter          (DJ):    0.176ns
    Phase Error              (PE):    0.000ns
  Clock Net Delay (Source):      2.665ns (routing 1.168ns, distribution 1.497ns)
  Clock Net Delay (Destination): 2.011ns (routing 1.067ns, distribution 0.944ns)

    Location             Delay type                Incr(ns)  Path(ns)    Partition      PBlock               Netlist Resource(s)
  -------------------------------------------------------------------    -------------------------------------------------------
                         (clock clk_out1_clk_mmcm_a rise edge)
                                                      0.000     0.000 r                                      
    BJ4                                               0.000     0.000 r  static                              <hidden>
                         net (fo=0)                   0.100     0.100    static                              <hidden>/<hidden>/<hidden>/<hidden>
    HPIOBDIFFINBUF_X0Y130.DIFF_IN_P
                                                                      r  static                              <hidden>/<hidden>/<hidden>/<hidden>
    HPIOBDIFFINBUF_X0Y130.O
                         DIFFINBUF (Prop_DIFFINBUF_HPIOBDIFFINBUF_DIFF_IN_P_O)
                                                      0.863     0.963 r  static                              <hidden>/<hidden>/<hidden>/<hidden>
                         net (fo=1, routed)           0.050     1.013    static                              <hidden>/<hidden>/<hidden>/<hidden>
    BJ4.I                                                             r  static                              <hidden>/<hidden>/<hidden>/<hidden>
    BJ4.O                IBUFCTRL (Prop_IBUFCTRL_HPIOB_M_I_O)
                                                      0.000     1.013 r  static                              <hidden>/<hidden>/<hidden>/<hidden>
                         net (fo=1, routed)           0.348     1.361    static                              <hidden>/<hidden>/<hidden>
    BUFGCE_X0Y122.I                                                   r  static                              <hidden>/<hidden>/<hidden>
    BUFGCE_X0Y122.O      BUFGCE (Prop_BUFCE_BUFGCE_I_O)
                                                      0.028     1.389 r  static                              <hidden>/<hidden>/<hidden>
                         net (fo=3, routed)           1.811     3.200    static                              <hidden>/<hidden>/<hidden>/<hidden>/<hidden>
    SLR Crossing[1->0]   
    MMCM_X0Y2.CLKIN1                                                  r  static                              <hidden>/<hidden>/<hidden>/<hidden>/<hidden>
    MMCM_X0Y2.CLKOUT0    MMCME4_ADV (Prop_MMCM_CLKIN1_CLKOUT0)
                                                     -0.127     3.073 r  static                              <hidden>/<hidden>/<hidden>/<hidden>/<hidden>
                         net (fo=2, routed)           0.245     3.318    static                              <hidden>/<hidden>/<hidden>
    BUFGCE_X0Y70.I                                                    r  static                              <hidden>/<hidden>/<hidden>
    BUFGCE_X0Y70.O       BUFGCE (Prop_BUFCE_BUFGCE_I_O)
                                                      0.028     3.346 r  static                              <hidden>/<hidden>/<hidden>
                         net (fo=2363, routed)        2.651     5.997    boundary                            WRAPPER/CL/AWS_CLK_GEN/CLK_GRP_A_EN_I.CLK_MMCM_A_I/inst/CLK_CORE_DRP_I/clk_inst/s_axi_aclk
    MMCM_X0Y3.CLKIN1                                                  r  reconfigurable pblock_CL            WRAPPER/CL/AWS_CLK_GEN/CLK_GRP_A_EN_I.CLK_MMCM_A_I/inst/CLK_CORE_DRP_I/clk_inst/mmcme4_adv_inst/CLKIN1
    MMCM_X0Y3.CLKOUT0    MMCME4_ADV (Prop_MMCM_CLKIN1_CLKOUT0)
                                                     -0.127     5.870 r  reconfigurable pblock_CL            WRAPPER/CL/AWS_CLK_GEN/CLK_GRP_A_EN_I.CLK_MMCM_A_I/inst/CLK_CORE_DRP_I/clk_inst/mmcme4_adv_inst/CLKOUT0
                         net (fo=1, routed)           0.245     6.115    reconfigurable                      WRAPPER/CL/AWS_CLK_GEN/CLK_GRP_A_EN_I.CLK_MMCM_A_I/inst/CLK_CORE_DRP_I/clk_inst/clk_out1_clk_mmcm_a
    BUFGCE_X0Y84.I                                                    r  reconfigurable pblock_CL            WRAPPER/CL/AWS_CLK_GEN/CLK_GRP_A_EN_I.CLK_MMCM_A_I/inst/CLK_CORE_DRP_I/clk_inst/clkout1_buf/I
    BUFGCE_X0Y84.O       BUFGCE (Prop_BUFCE_BUFGCE_I_O)
                                                      0.028     6.143 r  reconfigurable pblock_CL            WRAPPER/CL/AWS_CLK_GEN/CLK_GRP_A_EN_I.CLK_MMCM_A_I/inst/CLK_CORE_DRP_I/clk_inst/clkout1_buf/O
    X2Y5 (CLOCK_ROOT)    net (fo=146611, routed)      2.665     8.808    reconfigurable                      <hidden>/<hidden>/<hidden>
    SLR Crossing[0->1]   
    SLICE_X175Y372.CLK   FDRE                                         r  reconfigurable pblock_CL            <hidden>/<hidden>/<hidden>
  -------------------------------------------------------------------    -------------------------------------------------------
    SLICE_X175Y372.Q     FDRE (Prop_DFF2_SLICEM_C_Q)
                                                      0.080     8.888 r  reconfigurable pblock_CL            <hidden>/<hidden>/<hidden>
                         net (fo=199, routed)         2.122    11.010    reconfigurable                      WRAPPER/CL/u_tile/u_rms/rst_tile_n
    SLICE_X136Y328.A1                                                 r  reconfigurable pblock_CL            WRAPPER/CL/u_tile/u_rms/sc_mem_reg_bram_0_i_26_lopt_replica/I0
    SLICE_X136Y328.O5    LUT2 (Prop_C5LUT_SLICEL_I0_O)
                                                      0.158    11.168 r  reconfigurable pblock_CL            WRAPPER/CL/u_tile/u_rms/sc_mem_reg_bram_0_i_26_lopt_replica/O
                         net (fo=1, routed)           1.310    12.478    reconfigurable                      WRAPPER/CL/u_tile/u_rms/O_replN
    BUFGCE_X0Y97.I                                                    r  reconfigurable pblock_CL            WRAPPER/CL/u_tile/u_rms/rst_n_BUFG_inst/I
    BUFGCE_X0Y97.O       BUFGCE (Prop_BUFCE_BUFGCE_I_O)
                                                      0.028    12.506 r  reconfigurable pblock_CL            WRAPPER/CL/u_tile/u_rms/rst_n_BUFG_inst/O
                         net (fo=93766, routed)       1.547    14.053    reconfigurable                      WRAPPER/CL/u_tile/u_kvq/g_eng[2].u_eng/g_key.u_bank_store/rd_row_reg[2046]_0
    SLICE_X57Y365.SR     FDCE                                         f  reconfigurable pblock_CL            WRAPPER/CL/u_tile/u_kvq/g_eng[2].u_eng/g_key.u_bank_store/mem_reg[4][1843]/CLR  (IS_INVERTED)
  -------------------------------------------------------------------    -------------------------------------------------------

                         (clock clk_out1_clk_mmcm_a rise edge)
                                                     64.000    64.000 r                                      
    BJ4                                               0.000    64.000 r  static                              <hidden>
                         net (fo=0)                   0.079    64.079    static                              <hidden>/<hidden>/<hidden>/<hidden>
    HPIOBDIFFINBUF_X0Y130.DIFF_IN_P
                                                                      r  static                              <hidden>/<hidden>/<hidden>/<hidden>
    HPIOBDIFFINBUF_X0Y130.O
                         DIFFINBUF (Prop_DIFFINBUF_HPIOBDIFFINBUF_DIFF_IN_P_O)
                                                      0.750    64.829 r  static                              <hidden>/<hidden>/<hidden>/<hidden>
                         net (fo=1, routed)           0.040    64.869    static                              <hidden>/<hidden>/<hidden>/<hidden>
    BJ4.I                                                             r  static                              <hidden>/<hidden>/<hidden>/<hidden>
    BJ4.O                IBUFCTRL (Prop_IBUFCTRL_HPIOB_M_I_O)
                                                      0.000    64.869 r  static                              <hidden>/<hidden>/<hidden>/<hidden>
                         net (fo=1, routed)           0.309    65.178    static                              <hidden>/<hidden>/<hidden>
    BUFGCE_X0Y122.I                                                   r  static                              <hidden>/<hidden>/<hidden>
    BUFGCE_X0Y122.O      BUFGCE (Prop_BUFCE_BUFGCE_I_O)
                                                      0.024    65.202 r  static                              <hidden>/<hidden>/<hidden>
                         net (fo=3, routed)           1.624    66.826    static                              <hidden>/<hidden>/<hidden>/<hidden>/<hidden>
    SLR Crossing[1->0]   
    MMCM_X0Y2.CLKIN1                                                  r  static                              <hidden>/<hidden>/<hidden>/<hidden>/<hidden>
    MMCM_X0Y2.CLKOUT0    MMCME4_ADV (Prop_MMCM_CLKIN1_CLKOUT0)
                                                      0.630    67.456 r  static                              <hidden>/<hidden>/<hidden>/<hidden>/<hidden>
                         net (fo=2, routed)           0.215    67.671    static                              <hidden>/<hidden>/<hidden>
    BUFGCE_X0Y70.I                                                    r  static                              <hidden>/<hidden>/<hidden>
    BUFGCE_X0Y70.O       BUFGCE (Prop_BUFCE_BUFGCE_I_O)
                                                      0.024    67.695 r  static                              <hidden>/<hidden>/<hidden>
                         net (fo=2363, routed)        2.391    70.086    boundary                            WRAPPER/CL/AWS_CLK_GEN/CLK_GRP_A_EN_I.CLK_MMCM_A_I/inst/CLK_CORE_DRP_I/clk_inst/s_axi_aclk
    MMCM_X0Y3.CLKIN1                                                  r  reconfigurable pblock_CL            WRAPPER/CL/AWS_CLK_GEN/CLK_GRP_A_EN_I.CLK_MMCM_A_I/inst/CLK_CORE_DRP_I/clk_inst/mmcme4_adv_inst/CLKIN1
    MMCM_X0Y3.CLKOUT0    MMCME4_ADV (Prop_MMCM_CLKIN1_CLKOUT0)
                                                      0.630    70.716 r  reconfigurable pblock_CL            WRAPPER/CL/AWS_CLK_GEN/CLK_GRP_A_EN_I.CLK_MMCM_A_I/inst/CLK_CORE_DRP_I/clk_inst/mmcme4_adv_inst/CLKOUT0
                         net (fo=1, routed)           0.215    70.931    reconfigurable                      WRAPPER/CL/AWS_CLK_GEN/CLK_GRP_A_EN_I.CLK_MMCM_A_I/inst/CLK_CORE_DRP_I/clk_inst/clk_out1_clk_mmcm_a
    BUFGCE_X0Y84.I                                                    r  reconfigurable pblock_CL            WRAPPER/CL/AWS_CLK_GEN/CLK_GRP_A_EN_I.CLK_MMCM_A_I/inst/CLK_CORE_DRP_I/clk_inst/clkout1_buf/I
    BUFGCE_X0Y84.O       BUFGCE (Prop_BUFCE_BUFGCE_I_O)
                                                      0.024    70.955 r  reconfigurable pblock_CL            WRAPPER/CL/AWS_CLK_GEN/CLK_GRP_A_EN_I.CLK_MMCM_A_I/inst/CLK_CORE_DRP_I/clk_inst/clkout1_buf/O
    X2Y5 (CLOCK_ROOT)    net (fo=146611, routed)      2.011    72.966    reconfigurable                      WRAPPER/CL/u_tile/u_kvq/g_eng[2].u_eng/g_key.u_bank_store/o_clk_extra_a1
    SLR Crossing[0->1]   
    SLICE_X57Y365.CLK    FDCE                                         r  reconfigurable pblock_CL            WRAPPER/CL/u_tile/u_kvq/g_eng[2].u_eng/g_key.u_bank_store/mem_reg[4][1843]/C
                         clock pessimism             -0.655    72.311                                            
                         clock uncertainty           -0.095    72.216                                            
    SLICE_X57Y365        FDCE (Recov_DFF2_SLICEM_C_CLR)
                                                     -0.066    72.150    reconfigurable   pblock_CL              WRAPPER/CL/u_tile/u_kvq/g_eng[2].u_eng/g_key.u_bank_store/mem_reg[4][1843]
  -------------------------------------------------------------------
                         required time                         72.150                                            
                         arrival time                         -14.053                                            
  -------------------------------------------------------------------
                         slack                                 58.097                                            

Slack (MET) :             58.097ns  (required time - arrival time)
  Source:                 <hidden>/<hidden>/<hidden>
                            (rising edge-triggered cell FDRE clocked by clk_out1_clk_mmcm_a  {rise@0.000ns fall@32.000ns period=64.000ns})
  Destination:            WRAPPER/CL/u_tile/u_kvq/g_eng[2].u_eng/g_key.u_bank_store/mem_reg[4][1859]/CLR
                            (recovery check against rising-edge clock clk_out1_clk_mmcm_a  {rise@0.000ns fall@32.000ns period=64.000ns})
  Path Group:             **async_default**
  Path Type:              Recovery (Max at Slow Process Corner)
  Requirement:            64.000ns  (clk_out1_clk_mmcm_a rise@64.000ns - clk_out1_clk_mmcm_a rise@0.000ns)
  Data Path Delay:        5.245ns  (logic 0.266ns (5.071%)  route 4.979ns (94.929%))
  Logic Levels:           2  (BUFGCE=1 LUT2=1)
  Clock Path Skew:        -0.496ns (DCD - SCD + CPR)
    Destination Clock Delay (DCD):    8.966ns = ( 72.966 - 64.000 ) 
    Source Clock Delay      (SCD):    8.808ns
    Clock Pessimism Removal (CPR):    -0.655ns
  Clock Uncertainty:      0.095ns  ((TSJ^2 + DJ^2)^1/2) / 2 + PE
    Total System Jitter     (TSJ):    0.071ns
    Discrete Jitter          (DJ):    0.176ns
    Phase Error              (PE):    0.000ns
  Clock Net Delay (Source):      2.665ns (routing 1.168ns, distribution 1.497ns)
  Clock Net Delay (Destination): 2.011ns (routing 1.067ns, distribution 0.944ns)

    Location             Delay type                Incr(ns)  Path(ns)    Partition      PBlock               Netlist Resource(s)
  -------------------------------------------------------------------    -------------------------------------------------------
                         (clock clk_out1_clk_mmcm_a rise edge)
                                                      0.000     0.000 r                                      
    BJ4                                               0.000     0.000 r  static                              <hidden>
                         net (fo=0)                   0.100     0.100    static                              <hidden>/<hidden>/<hidden>/<hidden>
    HPIOBDIFFINBUF_X0Y130.DIFF_IN_P
                                                                      r  static                              <hidden>/<hidden>/<hidden>/<hidden>
    HPIOBDIFFINBUF_X0Y130.O
                         DIFFINBUF (Prop_DIFFINBUF_HPIOBDIFFINBUF_DIFF_IN_P_O)
                                                      0.863     0.963 r  static                              <hidden>/<hidden>/<hidden>/<hidden>
                         net (fo=1, routed)           0.050     1.013    static                              <hidden>/<hidden>/<hidden>/<hidden>
    BJ4.I                                                             r  static                              <hidden>/<hidden>/<hidden>/<hidden>
    BJ4.O                IBUFCTRL (Prop_IBUFCTRL_HPIOB_M_I_O)
                                                      0.000     1.013 r  static                              <hidden>/<hidden>/<hidden>/<hidden>
                         net (fo=1, routed)           0.348     1.361    static                              <hidden>/<hidden>/<hidden>
    BUFGCE_X0Y122.I                                                   r  static                              <hidden>/<hidden>/<hidden>
    BUFGCE_X0Y122.O      BUFGCE (Prop_BUFCE_BUFGCE_I_O)
                                                      0.028     1.389 r  static                              <hidden>/<hidden>/<hidden>
                         net (fo=3, routed)           1.811     3.200    static                              <hidden>/<hidden>/<hidden>/<hidden>/<hidden>
    SLR Crossing[1->0]   
    MMCM_X0Y2.CLKIN1                                                  r  static                              <hidden>/<hidden>/<hidden>/<hidden>/<hidden>
    MMCM_X0Y2.CLKOUT0    MMCME4_ADV (Prop_MMCM_CLKIN1_CLKOUT0)
                                                     -0.127     3.073 r  static                              <hidden>/<hidden>/<hidden>/<hidden>/<hidden>
                         net (fo=2, routed)           0.245     3.318    static                              <hidden>/<hidden>/<hidden>
    BUFGCE_X0Y70.I                                                    r  static                              <hidden>/<hidden>/<hidden>
    BUFGCE_X0Y70.O       BUFGCE (Prop_BUFCE_BUFGCE_I_O)
                                                      0.028     3.346 r  static                              <hidden>/<hidden>/<hidden>
                         net (fo=2363, routed)        2.651     5.997    boundary                            WRAPPER/CL/AWS_CLK_GEN/CLK_GRP_A_EN_I.CLK_MMCM_A_I/inst/CLK_CORE_DRP_I/clk_inst/s_axi_aclk
    MMCM_X0Y3.CLKIN1                                                  r  reconfigurable pblock_CL            WRAPPER/CL/AWS_CLK_GEN/CLK_GRP_A_EN_I.CLK_MMCM_A_I/inst/CLK_CORE_DRP_I/clk_inst/mmcme4_adv_inst/CLKIN1
    MMCM_X0Y3.CLKOUT0    MMCME4_ADV (Prop_MMCM_CLKIN1_CLKOUT0)
                                                     -0.127     5.870 r  reconfigurable pblock_CL            WRAPPER/CL/AWS_CLK_GEN/CLK_GRP_A_EN_I.CLK_MMCM_A_I/inst/CLK_CORE_DRP_I/clk_inst/mmcme4_adv_inst/CLKOUT0
                         net (fo=1, routed)           0.245     6.115    reconfigurable                      WRAPPER/CL/AWS_CLK_GEN/CLK_GRP_A_EN_I.CLK_MMCM_A_I/inst/CLK_CORE_DRP_I/clk_inst/clk_out1_clk_mmcm_a
    BUFGCE_X0Y84.I                                                    r  reconfigurable pblock_CL            WRAPPER/CL/AWS_CLK_GEN/CLK_GRP_A_EN_I.CLK_MMCM_A_I/inst/CLK_CORE_DRP_I/clk_inst/clkout1_buf/I
    BUFGCE_X0Y84.O       BUFGCE (Prop_BUFCE_BUFGCE_I_O)
                                                      0.028     6.143 r  reconfigurable pblock_CL            WRAPPER/CL/AWS_CLK_GEN/CLK_GRP_A_EN_I.CLK_MMCM_A_I/inst/CLK_CORE_DRP_I/clk_inst/clkout1_buf/O
    X2Y5 (CLOCK_ROOT)    net (fo=146611, routed)      2.665     8.808    reconfigurable                      <hidden>/<hidden>/<hidden>
    SLR Crossing[0->1]   
    SLICE_X175Y372.CLK   FDRE                                         r  reconfigurable pblock_CL            <hidden>/<hidden>/<hidden>
  -------------------------------------------------------------------    -------------------------------------------------------
    SLICE_X175Y372.Q     FDRE (Prop_DFF2_SLICEM_C_Q)
                                                      0.080     8.888 r  reconfigurable pblock_CL            <hidden>/<hidden>/<hidden>
                         net (fo=199, routed)         2.122    11.010    reconfigurable                      WRAPPER/CL/u_tile/u_rms/rst_tile_n
    SLICE_X136Y328.A1                                                 r  reconfigurable pblock_CL            WRAPPER/CL/u_tile/u_rms/sc_mem_reg_bram_0_i_26_lopt_replica/I0
    SLICE_X136Y328.O5    LUT2 (Prop_C5LUT_SLICEL_I0_O)
                                                      0.158    11.168 r  reconfigurable pblock_CL            WRAPPER/CL/u_tile/u_rms/sc_mem_reg_bram_0_i_26_lopt_replica/O
                         net (fo=1, routed)           1.310    12.478    reconfigurable                      WRAPPER/CL/u_tile/u_rms/O_replN
    BUFGCE_X0Y97.I                                                    r  reconfigurable pblock_CL            WRAPPER/CL/u_tile/u_rms/rst_n_BUFG_inst/I
    BUFGCE_X0Y97.O       BUFGCE (Prop_BUFCE_BUFGCE_I_O)
                                                      0.028    12.506 r  reconfigurable pblock_CL            WRAPPER/CL/u_tile/u_rms/rst_n_BUFG_inst/O
                         net (fo=93766, routed)       1.547    14.053    reconfigurable                      WRAPPER/CL/u_tile/u_kvq/g_eng[2].u_eng/g_key.u_bank_store/rd_row_reg[2046]_0
    SLICE_X57Y365.SR     FDCE                                         f  reconfigurable pblock_CL            WRAPPER/CL/u_tile/u_kvq/g_eng[2].u_eng/g_key.u_bank_store/mem_reg[4][1859]/CLR  (IS_INVERTED)
  -------------------------------------------------------------------    -------------------------------------------------------

                         (clock clk_out1_clk_mmcm_a rise edge)
                                                     64.000    64.000 r                                      
    BJ4                                               0.000    64.000 r  static                              <hidden>
                         net (fo=0)                   0.079    64.079    static                              <hidden>/<hidden>/<hidden>/<hidden>
    HPIOBDIFFINBUF_X0Y130.DIFF_IN_P
                                                                      r  static                              <hidden>/<hidden>/<hidden>/<hidden>
    HPIOBDIFFINBUF_X0Y130.O
                         DIFFINBUF (Prop_DIFFINBUF_HPIOBDIFFINBUF_DIFF_IN_P_O)
                                                      0.750    64.829 r  static                              <hidden>/<hidden>/<hidden>/<hidden>
                         net (fo=1, routed)           0.040    64.869    static                              <hidden>/<hidden>/<hidden>/<hidden>
    BJ4.I                                                             r  static                              <hidden>/<hidden>/<hidden>/<hidden>
    BJ4.O                IBUFCTRL (Prop_IBUFCTRL_HPIOB_M_I_O)
                                                      0.000    64.869 r  static                              <hidden>/<hidden>/<hidden>/<hidden>
                         net (fo=1, routed)           0.309    65.178    static                              <hidden>/<hidden>/<hidden>
    BUFGCE_X0Y122.I                                                   r  static                              <hidden>/<hidden>/<hidden>
    BUFGCE_X0Y122.O      BUFGCE (Prop_BUFCE_BUFGCE_I_O)
                                                      0.024    65.202 r  static                              <hidden>/<hidden>/<hidden>
                         net (fo=3, routed)           1.624    66.826    static                              <hidden>/<hidden>/<hidden>/<hidden>/<hidden>
    SLR Crossing[1->0]   
    MMCM_X0Y2.CLKIN1                                                  r  static                              <hidden>/<hidden>/<hidden>/<hidden>/<hidden>
    MMCM_X0Y2.CLKOUT0    MMCME4_ADV (Prop_MMCM_CLKIN1_CLKOUT0)
                                                      0.630    67.456 r  static                              <hidden>/<hidden>/<hidden>/<hidden>/<hidden>
                         net (fo=2, routed)           0.215    67.671    static                              <hidden>/<hidden>/<hidden>
    BUFGCE_X0Y70.I                                                    r  static                              <hidden>/<hidden>/<hidden>
    BUFGCE_X0Y70.O       BUFGCE (Prop_BUFCE_BUFGCE_I_O)
                                                      0.024    67.695 r  static                              <hidden>/<hidden>/<hidden>
                         net (fo=2363, routed)        2.391    70.086    boundary                            WRAPPER/CL/AWS_CLK_GEN/CLK_GRP_A_EN_I.CLK_MMCM_A_I/inst/CLK_CORE_DRP_I/clk_inst/s_axi_aclk
    MMCM_X0Y3.CLKIN1                                                  r  reconfigurable pblock_CL            WRAPPER/CL/AWS_CLK_GEN/CLK_GRP_A_EN_I.CLK_MMCM_A_I/inst/CLK_CORE_DRP_I/clk_inst/mmcme4_adv_inst/CLKIN1
    MMCM_X0Y3.CLKOUT0    MMCME4_ADV (Prop_MMCM_CLKIN1_CLKOUT0)
                                                      0.630    70.716 r  reconfigurable pblock_CL            WRAPPER/CL/AWS_CLK_GEN/CLK_GRP_A_EN_I.CLK_MMCM_A_I/inst/CLK_CORE_DRP_I/clk_inst/mmcme4_adv_inst/CLKOUT0
                         net (fo=1, routed)           0.215    70.931    reconfigurable                      WRAPPER/CL/AWS_CLK_GEN/CLK_GRP_A_EN_I.CLK_MMCM_A_I/inst/CLK_CORE_DRP_I/clk_inst/clk_out1_clk_mmcm_a
    BUFGCE_X0Y84.I                                                    r  reconfigurable pblock_CL            WRAPPER/CL/AWS_CLK_GEN/CLK_GRP_A_EN_I.CLK_MMCM_A_I/inst/CLK_CORE_DRP_I/clk_inst/clkout1_buf/I
    BUFGCE_X0Y84.O       BUFGCE (Prop_BUFCE_BUFGCE_I_O)
                                                      0.024    70.955 r  reconfigurable pblock_CL            WRAPPER/CL/AWS_CLK_GEN/CLK_GRP_A_EN_I.CLK_MMCM_A_I/inst/CLK_CORE_DRP_I/clk_inst/clkout1_buf/O
    X2Y5 (CLOCK_ROOT)    net (fo=146611, routed)      2.011    72.966    reconfigurable                      WRAPPER/CL/u_tile/u_kvq/g_eng[2].u_eng/g_key.u_bank_store/o_clk_extra_a1
    SLR Crossing[0->1]   
    SLICE_X57Y365.CLK    FDCE                                         r  reconfigurable pblock_CL            WRAPPER/CL/u_tile/u_kvq/g_eng[2].u_eng/g_key.u_bank_store/mem_reg[4][1859]/C
                         clock pessimism             -0.655    72.311                                            
                         clock uncertainty           -0.095    72.216                                            
    SLICE_X57Y365        FDCE (Recov_CFF2_SLICEM_C_CLR)
                                                     -0.066    72.150    reconfigurable   pblock_CL              WRAPPER/CL/u_tile/u_kvq/g_eng[2].u_eng/g_key.u_bank_store/mem_reg[4][1859]
  -------------------------------------------------------------------
                         required time                         72.150                                            
                         arrival time                         -14.053                                            
  -------------------------------------------------------------------
                         slack                                 58.097                                            

Slack (MET) :             58.097ns  (required time - arrival time)
  Source:                 <hidden>/<hidden>/<hidden>
                            (rising edge-triggered cell FDRE clocked by clk_out1_clk_mmcm_a  {rise@0.000ns fall@32.000ns period=64.000ns})
  Destination:            WRAPPER/CL/u_tile/u_kvq/g_eng[2].u_eng/g_key.u_bank_store/mem_reg[7][1827]/CLR
                            (recovery check against rising-edge clock clk_out1_clk_mmcm_a  {rise@0.000ns fall@32.000ns period=64.000ns})
  Path Group:             **async_default**
  Path Type:              Recovery (Max at Slow Process Corner)
  Requirement:            64.000ns  (clk_out1_clk_mmcm_a rise@64.000ns - clk_out1_clk_mmcm_a rise@0.000ns)
  Data Path Delay:        5.246ns  (logic 0.266ns (5.070%)  route 4.980ns (94.930%))
  Logic Levels:           2  (BUFGCE=1 LUT2=1)
  Clock Path Skew:        -0.495ns (DCD - SCD + CPR)
    Destination Clock Delay (DCD):    8.967ns = ( 72.967 - 64.000 ) 
    Source Clock Delay      (SCD):    8.808ns
    Clock Pessimism Removal (CPR):    -0.655ns
  Clock Uncertainty:      0.095ns  ((TSJ^2 + DJ^2)^1/2) / 2 + PE
    Total System Jitter     (TSJ):    0.071ns
    Discrete Jitter          (DJ):    0.176ns
    Phase Error              (PE):    0.000ns
  Clock Net Delay (Source):      2.665ns (routing 1.168ns, distribution 1.497ns)
  Clock Net Delay (Destination): 2.012ns (routing 1.067ns, distribution 0.945ns)

    Location             Delay type                Incr(ns)  Path(ns)    Partition      PBlock               Netlist Resource(s)
  -------------------------------------------------------------------    -------------------------------------------------------
                         (clock clk_out1_clk_mmcm_a rise edge)
                                                      0.000     0.000 r                                      
    BJ4                                               0.000     0.000 r  static                              <hidden>
                         net (fo=0)                   0.100     0.100    static                              <hidden>/<hidden>/<hidden>/<hidden>
    HPIOBDIFFINBUF_X0Y130.DIFF_IN_P
                                                                      r  static                              <hidden>/<hidden>/<hidden>/<hidden>
    HPIOBDIFFINBUF_X0Y130.O
                         DIFFINBUF (Prop_DIFFINBUF_HPIOBDIFFINBUF_DIFF_IN_P_O)
                                                      0.863     0.963 r  static                              <hidden>/<hidden>/<hidden>/<hidden>
                         net (fo=1, routed)           0.050     1.013    static                              <hidden>/<hidden>/<hidden>/<hidden>
    BJ4.I                                                             r  static                              <hidden>/<hidden>/<hidden>/<hidden>
    BJ4.O                IBUFCTRL (Prop_IBUFCTRL_HPIOB_M_I_O)
                                                      0.000     1.013 r  static                              <hidden>/<hidden>/<hidden>/<hidden>
                         net (fo=1, routed)           0.348     1.361    static                              <hidden>/<hidden>/<hidden>
    BUFGCE_X0Y122.I                                                   r  static                              <hidden>/<hidden>/<hidden>
    BUFGCE_X0Y122.O      BUFGCE (Prop_BUFCE_BUFGCE_I_O)
                                                      0.028     1.389 r  static                              <hidden>/<hidden>/<hidden>
                         net (fo=3, routed)           1.811     3.200    static                              <hidden>/<hidden>/<hidden>/<hidden>/<hidden>
    SLR Crossing[1->0]   
    MMCM_X0Y2.CLKIN1                                                  r  static                              <hidden>/<hidden>/<hidden>/<hidden>/<hidden>
    MMCM_X0Y2.CLKOUT0    MMCME4_ADV (Prop_MMCM_CLKIN1_CLKOUT0)
                                                     -0.127     3.073 r  static                              <hidden>/<hidden>/<hidden>/<hidden>/<hidden>
                         net (fo=2, routed)           0.245     3.318    static                              <hidden>/<hidden>/<hidden>
    BUFGCE_X0Y70.I                                                    r  static                              <hidden>/<hidden>/<hidden>
    BUFGCE_X0Y70.O       BUFGCE (Prop_BUFCE_BUFGCE_I_O)
                                                      0.028     3.346 r  static                              <hidden>/<hidden>/<hidden>
                         net (fo=2363, routed)        2.651     5.997    boundary                            WRAPPER/CL/AWS_CLK_GEN/CLK_GRP_A_EN_I.CLK_MMCM_A_I/inst/CLK_CORE_DRP_I/clk_inst/s_axi_aclk
    MMCM_X0Y3.CLKIN1                                                  r  reconfigurable pblock_CL            WRAPPER/CL/AWS_CLK_GEN/CLK_GRP_A_EN_I.CLK_MMCM_A_I/inst/CLK_CORE_DRP_I/clk_inst/mmcme4_adv_inst/CLKIN1
    MMCM_X0Y3.CLKOUT0    MMCME4_ADV (Prop_MMCM_CLKIN1_CLKOUT0)
                                                     -0.127     5.870 r  reconfigurable pblock_CL            WRAPPER/CL/AWS_CLK_GEN/CLK_GRP_A_EN_I.CLK_MMCM_A_I/inst/CLK_CORE_DRP_I/clk_inst/mmcme4_adv_inst/CLKOUT0
                         net (fo=1, routed)           0.245     6.115    reconfigurable                      WRAPPER/CL/AWS_CLK_GEN/CLK_GRP_A_EN_I.CLK_MMCM_A_I/inst/CLK_CORE_DRP_I/clk_inst/clk_out1_clk_mmcm_a
    BUFGCE_X0Y84.I                                                    r  reconfigurable pblock_CL            WRAPPER/CL/AWS_CLK_GEN/CLK_GRP_A_EN_I.CLK_MMCM_A_I/inst/CLK_CORE_DRP_I/clk_inst/clkout1_buf/I
    BUFGCE_X0Y84.O       BUFGCE (Prop_BUFCE_BUFGCE_I_O)
                                                      0.028     6.143 r  reconfigurable pblock_CL            WRAPPER/CL/AWS_CLK_GEN/CLK_GRP_A_EN_I.CLK_MMCM_A_I/inst/CLK_CORE_DRP_I/clk_inst/clkout1_buf/O
    X2Y5 (CLOCK_ROOT)    net (fo=146611, routed)      2.665     8.808    reconfigurable                      <hidden>/<hidden>/<hidden>
    SLR Crossing[0->1]   
    SLICE_X175Y372.CLK   FDRE                                         r  reconfigurable pblock_CL            <hidden>/<hidden>/<hidden>
  -------------------------------------------------------------------    -------------------------------------------------------
    SLICE_X175Y372.Q     FDRE (Prop_DFF2_SLICEM_C_Q)
                                                      0.080     8.888 r  reconfigurable pblock_CL            <hidden>/<hidden>/<hidden>
                         net (fo=199, routed)         2.122    11.010    reconfigurable                      WRAPPER/CL/u_tile/u_rms/rst_tile_n
    SLICE_X136Y328.A1                                                 r  reconfigurable pblock_CL            WRAPPER/CL/u_tile/u_rms/sc_mem_reg_bram_0_i_26_lopt_replica/I0
    SLICE_X136Y328.O5    LUT2 (Prop_C5LUT_SLICEL_I0_O)
                                                      0.158    11.168 r  reconfigurable pblock_CL            WRAPPER/CL/u_tile/u_rms/sc_mem_reg_bram_0_i_26_lopt_replica/O
                         net (fo=1, routed)           1.310    12.478    reconfigurable                      WRAPPER/CL/u_tile/u_rms/O_replN
    BUFGCE_X0Y97.I                                                    r  reconfigurable pblock_CL            WRAPPER/CL/u_tile/u_rms/rst_n_BUFG_inst/I
    BUFGCE_X0Y97.O       BUFGCE (Prop_BUFCE_BUFGCE_I_O)
                                                      0.028    12.506 r  reconfigurable pblock_CL            WRAPPER/CL/u_tile/u_rms/rst_n_BUFG_inst/O
                         net (fo=93766, routed)       1.548    14.054    reconfigurable                      WRAPPER/CL/u_tile/u_kvq/g_eng[2].u_eng/g_key.u_bank_store/rd_row_reg[2046]_0
    SLICE_X57Y364.SR     FDCE                                         f  reconfigurable pblock_CL            WRAPPER/CL/u_tile/u_kvq/g_eng[2].u_eng/g_key.u_bank_store/mem_reg[7][1827]/CLR  (IS_INVERTED)
  -------------------------------------------------------------------    -------------------------------------------------------

                         (clock clk_out1_clk_mmcm_a rise edge)
                                                     64.000    64.000 r                                      
    BJ4                                               0.000    64.000 r  static                              <hidden>
                         net (fo=0)                   0.079    64.079    static                              <hidden>/<hidden>/<hidden>/<hidden>
    HPIOBDIFFINBUF_X0Y130.DIFF_IN_P
                                                                      r  static                              <hidden>/<hidden>/<hidden>/<hidden>
    HPIOBDIFFINBUF_X0Y130.O
                         DIFFINBUF (Prop_DIFFINBUF_HPIOBDIFFINBUF_DIFF_IN_P_O)
                                                      0.750    64.829 r  static                              <hidden>/<hidden>/<hidden>/<hidden>
                         net (fo=1, routed)           0.040    64.869    static                              <hidden>/<hidden>/<hidden>/<hidden>
    BJ4.I                                                             r  static                              <hidden>/<hidden>/<hidden>/<hidden>
    BJ4.O                IBUFCTRL (Prop_IBUFCTRL_HPIOB_M_I_O)
                                                      0.000    64.869 r  static                              <hidden>/<hidden>/<hidden>/<hidden>
                         net (fo=1, routed)           0.309    65.178    static                              <hidden>/<hidden>/<hidden>
    BUFGCE_X0Y122.I                                                   r  static                              <hidden>/<hidden>/<hidden>
    BUFGCE_X0Y122.O      BUFGCE (Prop_BUFCE_BUFGCE_I_O)
                                                      0.024    65.202 r  static                              <hidden>/<hidden>/<hidden>
                         net (fo=3, routed)           1.624    66.826    static                              <hidden>/<hidden>/<hidden>/<hidden>/<hidden>
    SLR Crossing[1->0]   
    MMCM_X0Y2.CLKIN1                                                  r  static                              <hidden>/<hidden>/<hidden>/<hidden>/<hidden>
    MMCM_X0Y2.CLKOUT0    MMCME4_ADV (Prop_MMCM_CLKIN1_CLKOUT0)
                                                      0.630    67.456 r  static                              <hidden>/<hidden>/<hidden>/<hidden>/<hidden>
                         net (fo=2, routed)           0.215    67.671    static                              <hidden>/<hidden>/<hidden>
    BUFGCE_X0Y70.I                                                    r  static                              <hidden>/<hidden>/<hidden>
    BUFGCE_X0Y70.O       BUFGCE (Prop_BUFCE_BUFGCE_I_O)
                                                      0.024    67.695 r  static                              <hidden>/<hidden>/<hidden>
                         net (fo=2363, routed)        2.391    70.086    boundary                            WRAPPER/CL/AWS_CLK_GEN/CLK_GRP_A_EN_I.CLK_MMCM_A_I/inst/CLK_CORE_DRP_I/clk_inst/s_axi_aclk
    MMCM_X0Y3.CLKIN1                                                  r  reconfigurable pblock_CL            WRAPPER/CL/AWS_CLK_GEN/CLK_GRP_A_EN_I.CLK_MMCM_A_I/inst/CLK_CORE_DRP_I/clk_inst/mmcme4_adv_inst/CLKIN1
    MMCM_X0Y3.CLKOUT0    MMCME4_ADV (Prop_MMCM_CLKIN1_CLKOUT0)
                                                      0.630    70.716 r  reconfigurable pblock_CL            WRAPPER/CL/AWS_CLK_GEN/CLK_GRP_A_EN_I.CLK_MMCM_A_I/inst/CLK_CORE_DRP_I/clk_inst/mmcme4_adv_inst/CLKOUT0
                         net (fo=1, routed)           0.215    70.931    reconfigurable                      WRAPPER/CL/AWS_CLK_GEN/CLK_GRP_A_EN_I.CLK_MMCM_A_I/inst/CLK_CORE_DRP_I/clk_inst/clk_out1_clk_mmcm_a
    BUFGCE_X0Y84.I                                                    r  reconfigurable pblock_CL            WRAPPER/CL/AWS_CLK_GEN/CLK_GRP_A_EN_I.CLK_MMCM_A_I/inst/CLK_CORE_DRP_I/clk_inst/clkout1_buf/I
    BUFGCE_X0Y84.O       BUFGCE (Prop_BUFCE_BUFGCE_I_O)
                                                      0.024    70.955 r  reconfigurable pblock_CL            WRAPPER/CL/AWS_CLK_GEN/CLK_GRP_A_EN_I.CLK_MMCM_A_I/inst/CLK_CORE_DRP_I/clk_inst/clkout1_buf/O
    X2Y5 (CLOCK_ROOT)    net (fo=146611, routed)      2.012    72.967    reconfigurable                      WRAPPER/CL/u_tile/u_kvq/g_eng[2].u_eng/g_key.u_bank_store/o_clk_extra_a1
    SLR Crossing[0->1]   
    SLICE_X57Y364.CLK    FDCE                                         r  reconfigurable pblock_CL            WRAPPER/CL/u_tile/u_kvq/g_eng[2].u_eng/g_key.u_bank_store/mem_reg[7][1827]/C
                         clock pessimism             -0.655    72.312                                            
                         clock uncertainty           -0.095    72.217                                            
    SLICE_X57Y364        FDCE (Recov_DFF2_SLICEM_C_CLR)
                                                     -0.066    72.151    reconfigurable   pblock_CL              WRAPPER/CL/u_tile/u_kvq/g_eng[2].u_eng/g_key.u_bank_store/mem_reg[7][1827]
  -------------------------------------------------------------------
                         required time                         72.151                                            
                         arrival time                         -14.054                                            
  -------------------------------------------------------------------
                         slack                                 58.097                                            




