Copyright 1986-2022 Xilinx, Inc. All Rights Reserved. Copyright 2022-2025 Advanced Micro Devices, Inc. All Rights Reserved.
--------------------------------------------------------------------------------------------------------------------------------------------------------------------------------------------------------------------------------------------------------------------------------------------
| Tool Version      : Vivado v.2025.2 (lin64) Build 6299465 Fri Nov 14 12:34:56 MST 2025
| Date              : Mon Jul 27 17:14:26 2026
| Host              : ip-172-31-41-25 running 64-bit Ubuntu 24.04.1 LTS
| Command           : report_timing -delay_type max -path_type full_clock_expanded -max_paths 10 -nworst 1 -input_pins -slice_pins -sort_by group -significant_digits 3 -file /home/ubuntu/aws-fpga/hdk/cl/examples/cl_apex/build/reports/cl_apex.2026_07_27-160421.post_phy_opt_timing.rpt
| Design            : top
| Device            : xcvu47p-fsvh2892
| Speed File        : -2  PRODUCTION 1.30 05-01-2022
| Design State      : Physopt postPlace
| Temperature Grade : E
--------------------------------------------------------------------------------------------------------------------------------------------------------------------------------------------------------------------------------------------------------------------------------------------

Timing Report

Slack (MET) :             0.177ns  (required time - arrival time)
  Source:                 <hidden>/<hidden>/<hidden>/<hidden>
                            (rising edge-triggered cell FDRE clocked by clk_main_a0  {rise@0.000ns fall@2.000ns period=4.000ns})
  Destination:            <hidden>/<hidden>/<hidden>/<hidden>
                            (rising edge-triggered cell FDRE clocked by clk_out1_clk_mmcm_a  {rise@0.000ns fall@32.000ns period=64.000ns})
  Path Group:             clk_out1_clk_mmcm_a
  Path Type:              Setup (Max at Slow Process Corner)
  Requirement:            4.000ns  (clk_out1_clk_mmcm_a rise@64.000ns - clk_main_a0 rise@60.000ns)
  Data Path Delay:        6.515ns  (logic 0.264ns (4.052%)  route 6.251ns (95.948%))
  Logic Levels:           2  (LUT1=1 LUT3=1)
  Clock Path Skew:        4.035ns (DCD - SCD + CPR)
    Destination Clock Delay (DCD):    9.509ns = ( 73.509 - 64.000 ) 
    Source Clock Delay      (SCD):    5.748ns = ( 65.748 - 60.000 ) 
    Clock Pessimism Removal (CPR):    0.273ns
  Clock Uncertainty:      0.251ns  ((TSJ^2 + DJ^2)^1/2) / 2 + PE
    Total System Jitter     (TSJ):    0.071ns
    Discrete Jitter          (DJ):    0.250ns
    Phase Error              (PE):    0.121ns
  Inter-SLR Compensation: 1.117ns  ((DCD - CCD) * PF)
    Destination Clock Delay (DCD):    9.509ns
    Common Clock Delay      (CCD):    2.061ns
    Prorating Factor         (PF):    0.150
  Clock Net Delay (Source):      2.330ns (routing 0.461ns, distribution 1.869ns)
  Clock Net Delay (Destination): 2.557ns (routing 0.963ns, distribution 1.594ns)

    Location             Delay type                Incr(ns)  Path(ns)    Partition      PBlock               Netlist Resource(s)
  -------------------------------------------------------------------    -------------------------------------------------------
                         (clock clk_main_a0 rise edge)
                                                     60.000    60.000 r                                      
    BJ4                                               0.000    60.000 r  static                              <hidden>
                         net (fo=0)                   0.100    60.100    static                              <hidden>/<hidden>/<hidden>/<hidden>
    HPIOBDIFFINBUF_X0Y130.DIFF_IN_P
                                                                      r  static                              <hidden>/<hidden>/<hidden>/<hidden>
    HPIOBDIFFINBUF_X0Y130.O
                         DIFFINBUF (Prop_DIFFINBUF_HPIOBDIFFINBUF_DIFF_IN_P_O)
                                                      0.863    60.963 r  static                              <hidden>/<hidden>/<hidden>/<hidden>
                         net (fo=1, routed)           0.050    61.013    static                              <hidden>/<hidden>/<hidden>/<hidden>
    BJ4.I                                                             r  static                              <hidden>/<hidden>/<hidden>/<hidden>
    BJ4.O                IBUFCTRL (Prop_IBUFCTRL_HPIOB_M_I_O)
                                                      0.000    61.013 r  static                              <hidden>/<hidden>/<hidden>/<hidden>
                         net (fo=1, routed)           0.348    61.361    static                              <hidden>/<hidden>/<hidden>
    BUFGCE_X0Y122.I                                                   r  static                              <hidden>/<hidden>/<hidden>
    BUFGCE_X0Y122.O      BUFGCE (Prop_BUFCE_BUFGCE_I_O)
                                                      0.028    61.389 r  static                              <hidden>/<hidden>/<hidden>
                         net (fo=3, routed)           1.883    63.272    static                              <hidden>/<hidden>/<hidden>/<hidden>/<hidden>/<hidden>/<hidden>/<hidden>
    MMCM_X0Y5.CLKIN1                                                  r  static                              <hidden>/<hidden>/<hidden>/<hidden>/<hidden>/<hidden>/<hidden>/<hidden>
    MMCM_X0Y5.CLKOUT0    MMCME4_ADV (Prop_MMCM_CLKIN1_CLKOUT0)
                                                     -0.127    63.145 r  static                              <hidden>/<hidden>/<hidden>/<hidden>/<hidden>/<hidden>/<hidden>/<hidden>
                         net (fo=2, routed)           0.245    63.390    static                              <hidden>/<hidden>/<hidden>/<hidden>
    BUFGCE_X0Y135.I                                                   r  static                              <hidden>/<hidden>/<hidden>/<hidden>
    BUFGCE_X0Y135.O      BUFGCE (Prop_BUFCE_BUFGCE_I_O)
                                                      0.028    63.418 r  static                              <hidden>/<hidden>/<hidden>/<hidden>
    X3Y5 (CLOCK_ROOT)    net (fo=313, estimated)      2.330    65.748    boundary                            <hidden>/<hidden>/<hidden>/<hidden>
    SLR Crossing[1->2]   
    SLICE_X136Y517.CLK   FDRE                                         r  reconfigurable pblock_CL            <hidden>/<hidden>/<hidden>/<hidden>
  -------------------------------------------------------------------    -------------------------------------------------------
    SLICE_X136Y517.Q     FDRE (Prop_CFF_SLICEL_C_Q)
                                                      0.079    65.827 r  reconfigurable pblock_CL            <hidden>/<hidden>/<hidden>/<hidden>
                         net (fo=8, estimated)        0.166    65.993    reconfigurable                      <hidden>/<hidden>/<hidden>/<hidden>
    SLICE_X135Y517.A3                                                 r  reconfigurable pblock_CL            <hidden>/<hidden>/<hidden>/<hidden>
    SLICE_X135Y517.O5    LUT3 (Prop_B5LUT_SLICEL_I2_O)
                                                      0.116    66.109 r  reconfigurable pblock_CL            <hidden>/<hidden>/<hidden>/<hidden>
                         net (fo=1, estimated)        2.794    68.903    reconfigurable                      <hidden>/<hidden>/<hidden>/<hidden>
    SLICE_X0Y590.A5                                                   r  reconfigurable pblock_CL            <hidden>/<hidden>/<hidden>/<hidden>
    SLICE_X0Y590.O5      LUT1 (Prop_A5LUT_SLICEL_I0_O)
                                                      0.069    68.972 r  reconfigurable pblock_CL            <hidden>/<hidden>/<hidden>/<hidden>
                         net (fo=1, estimated)        3.291    72.263    reconfigurable                      <hidden>/<hidden>/<hidden>/<hidden>
    SLICE_X138Y516.D     FDRE                                         r  reconfigurable pblock_CL            <hidden>/<hidden>/<hidden>/<hidden>
  -------------------------------------------------------------------    -------------------------------------------------------

                         (clock clk_out1_clk_mmcm_a rise edge)
                                                     64.000    64.000 r                                      
    BJ4                                               0.000    64.000 r  static                              <hidden>
                         net (fo=0)                   0.079    64.079    static                              <hidden>/<hidden>/<hidden>/<hidden>
    HPIOBDIFFINBUF_X0Y130.DIFF_IN_P
                                                                      r  static                              <hidden>/<hidden>/<hidden>/<hidden>
    HPIOBDIFFINBUF_X0Y130.O
                         DIFFINBUF (Prop_DIFFINBUF_HPIOBDIFFINBUF_DIFF_IN_P_O)
                                                      0.750    64.829 r  static                              <hidden>/<hidden>/<hidden>/<hidden>
                         net (fo=1, routed)           0.040    64.869    static                              <hidden>/<hidden>/<hidden>/<hidden>
    BJ4.I                                                             r  static                              <hidden>/<hidden>/<hidden>/<hidden>
    BJ4.O                IBUFCTRL (Prop_IBUFCTRL_HPIOB_M_I_O)
                                                      0.000    64.869 r  static                              <hidden>/<hidden>/<hidden>/<hidden>
                         net (fo=1, routed)           0.309    65.178    static                              <hidden>/<hidden>/<hidden>
    BUFGCE_X0Y122.I                                                   r  static                              <hidden>/<hidden>/<hidden>
    BUFGCE_X0Y122.O      BUFGCE (Prop_BUFCE_BUFGCE_I_O)
                                                      0.024    65.202 r  static                              <hidden>/<hidden>/<hidden>
                         net (fo=3, routed)           1.624    66.826    static                              <hidden>/<hidden>/<hidden>/<hidden>/<hidden>
    SLR Crossing[1->0]   
    MMCM_X0Y2.CLKIN1                                                  r  static                              <hidden>/<hidden>/<hidden>/<hidden>/<hidden>
    MMCM_X0Y2.CLKOUT0    MMCME4_ADV (Prop_MMCM_CLKIN1_CLKOUT0)
                                                      0.630    67.456 r  static                              <hidden>/<hidden>/<hidden>/<hidden>/<hidden>
                         net (fo=2, routed)           0.215    67.671    static                              <hidden>/<hidden>/<hidden>
    BUFGCE_X0Y70.I                                                    r  static                              <hidden>/<hidden>/<hidden>
    BUFGCE_X0Y70.O       BUFGCE (Prop_BUFCE_BUFGCE_I_O)
                                                      0.024    67.695 r  static                              <hidden>/<hidden>/<hidden>
                         net (fo=2363, estimated)     2.391    70.086    boundary                            WRAPPER/CL/AWS_CLK_GEN/CLK_GRP_A_EN_I.CLK_MMCM_A_I/inst/CLK_CORE_DRP_I/clk_inst/s_axi_aclk
    MMCM_X0Y3.CLKIN1                                                  r  reconfigurable pblock_CL            WRAPPER/CL/AWS_CLK_GEN/CLK_GRP_A_EN_I.CLK_MMCM_A_I/inst/CLK_CORE_DRP_I/clk_inst/mmcme4_adv_inst/CLKIN1
    MMCM_X0Y3.CLKOUT0    MMCME4_ADV (Prop_MMCM_CLKIN1_CLKOUT0)
                                                      0.630    70.716 r  reconfigurable pblock_CL            WRAPPER/CL/AWS_CLK_GEN/CLK_GRP_A_EN_I.CLK_MMCM_A_I/inst/CLK_CORE_DRP_I/clk_inst/mmcme4_adv_inst/CLKOUT0
                         net (fo=1, estimated)        0.212    70.928    reconfigurable                      WRAPPER/CL/AWS_CLK_GEN/CLK_GRP_A_EN_I.CLK_MMCM_A_I/inst/CLK_CORE_DRP_I/clk_inst/clk_out1_clk_mmcm_a
    BUFGCE_X0Y73.I                                                    r  reconfigurable pblock_CL            WRAPPER/CL/AWS_CLK_GEN/CLK_GRP_A_EN_I.CLK_MMCM_A_I/inst/CLK_CORE_DRP_I/clk_inst/clkout1_buf/I
    BUFGCE_X0Y73.O       BUFGCE (Prop_BUFCE_BUFGCE_I_O)
                                                      0.024    70.952 r  reconfigurable pblock_CL            WRAPPER/CL/AWS_CLK_GEN/CLK_GRP_A_EN_I.CLK_MMCM_A_I/inst/CLK_CORE_DRP_I/clk_inst/clkout1_buf/O
    X3Y5 (CLOCK_ROOT)    net (fo=189276, estimated)
                                                      2.557    73.509    reconfigurable                      <hidden>/<hidden>/<hidden>/<hidden>
    SLR Crossing[0->2]   
    SLICE_X138Y516.CLK   FDRE                                         r  reconfigurable pblock_CL            <hidden>/<hidden>/<hidden>/<hidden>
                         clock pessimism              0.273    73.783                                            
                         inter-SLR compensation      -1.117    72.665                                            
                         clock uncertainty           -0.251    72.415                                            
    SLICE_X138Y516       FDRE (Setup_HFF2_SLICEL_C_D)
                                                      0.025    72.440    reconfigurable   pblock_CL              <hidden>/<hidden>/<hidden>/<hidden>
  -------------------------------------------------------------------
                         required time                         72.440                                            
                         arrival time                         -72.263                                            
  -------------------------------------------------------------------
                         slack                                  0.177                                            

Slack (MET) :             0.711ns  (required time - arrival time)
  Source:                 <hidden>/<hidden>/<hidden>/<hidden>/<hidden>/<hidden>/<hidden>
                            (rising edge-triggered cell FDRE clocked by clk_main_a0  {rise@0.000ns fall@2.000ns period=4.000ns})
  Destination:            <hidden>/<hidden>/<hidden>/<hidden>/<hidden>/<hidden>/<hidden>
                            (rising edge-triggered cell FDRE clocked by clk_main_a0  {rise@0.000ns fall@2.000ns period=4.000ns})
  Path Group:             clk_main_a0
  Path Type:              Setup (Max at Slow Process Corner)
  Requirement:            4.000ns  (clk_main_a0 rise@4.000ns - clk_main_a0 rise@0.000ns)
  Data Path Delay:        3.024ns  (logic 0.176ns (5.820%)  route 2.848ns (94.180%))
  Logic Levels:           1  (LUT3=1)
  Clock Path Skew:        -0.231ns (DCD - SCD + CPR)
    Destination Clock Delay (DCD):    5.943ns = ( 9.943 - 4.000 ) 
    Source Clock Delay      (SCD):    5.880ns
    Clock Pessimism Removal (CPR):    -0.295ns
  Clock Uncertainty:      0.059ns  ((TSJ^2 + DJ^2)^1/2) / 2 + PE
    Total System Jitter     (TSJ):    0.071ns
    Discrete Jitter          (DJ):    0.094ns
    Phase Error              (PE):    0.000ns
  Clock Net Delay (Source):      2.462ns (routing 0.460ns, distribution 2.002ns)
  Clock Net Delay (Destination): 2.182ns (routing 0.419ns, distribution 1.763ns)

    Location             Delay type                Incr(ns)  Path(ns)    Partition      Netlist Resource(s)
  -------------------------------------------------------------------    ----------------------------------
                         (clock clk_main_a0 rise edge)
                                                      0.000     0.000 r                 
    BJ4                                               0.000     0.000 r  static         <hidden>
                         net (fo=0)                   0.100     0.100    static         <hidden>/<hidden>/<hidden>/<hidden>
    HPIOBDIFFINBUF_X0Y130.DIFF_IN_P
                                                                      r  static         <hidden>/<hidden>/<hidden>/<hidden>
    HPIOBDIFFINBUF_X0Y130.O
                         DIFFINBUF (Prop_DIFFINBUF_HPIOBDIFFINBUF_DIFF_IN_P_O)
                                                      0.863     0.963 r  static         <hidden>/<hidden>/<hidden>/<hidden>
                         net (fo=1, routed)           0.050     1.013    static         <hidden>/<hidden>/<hidden>/<hidden>
    BJ4.I                                                             r  static         <hidden>/<hidden>/<hidden>/<hidden>
    BJ4.O                IBUFCTRL (Prop_IBUFCTRL_HPIOB_M_I_O)
                                                      0.000     1.013 r  static         <hidden>/<hidden>/<hidden>/<hidden>
                         net (fo=1, routed)           0.348     1.361    static         <hidden>/<hidden>/<hidden>
    BUFGCE_X0Y122.I                                                   r  static         <hidden>/<hidden>/<hidden>
    BUFGCE_X0Y122.O      BUFGCE (Prop_BUFCE_BUFGCE_I_O)
                                                      0.028     1.389 r  static         <hidden>/<hidden>/<hidden>
                         net (fo=3, routed)           1.883     3.272    static         <hidden>/<hidden>/<hidden>/<hidden>/<hidden>/<hidden>/<hidden>/<hidden>
    MMCM_X0Y5.CLKIN1                                                  r  static         <hidden>/<hidden>/<hidden>/<hidden>/<hidden>/<hidden>/<hidden>/<hidden>
    MMCM_X0Y5.CLKOUT0    MMCME4_ADV (Prop_MMCM_CLKIN1_CLKOUT0)
                                                     -0.127     3.145 r  static         <hidden>/<hidden>/<hidden>/<hidden>/<hidden>/<hidden>/<hidden>/<hidden>
                         net (fo=2, routed)           0.245     3.390    static         <hidden>/<hidden>/<hidden>/<hidden>
    BUFGCE_X0Y136.I                                                   r  static         <hidden>/<hidden>/<hidden>/<hidden>
    BUFGCE_X0Y136.O      BUFGCE (Prop_BUFCE_BUFGCE_I_O)
                                                      0.028     3.418 r  static         <hidden>/<hidden>/<hidden>/<hidden>
    X3Y5 (CLOCK_ROOT)    net (fo=4881, routed)        2.462     5.880    static         <hidden>/<hidden>/<hidden>/<hidden>/<hidden>/<hidden>/<hidden>
    SLICE_X176Y460.CLK   FDRE                                         r  static         <hidden>/<hidden>/<hidden>/<hidden>/<hidden>/<hidden>/<hidden>
  -------------------------------------------------------------------    ----------------------------------
    SLICE_X176Y460.Q     FDRE (Prop_CFF_SLICEM_C_Q)
                                                      0.078     5.958 f  static         <hidden>/<hidden>/<hidden>/<hidden>/<hidden>/<hidden>/<hidden>
                         net (fo=1065, routed)        2.782     8.739    static         <hidden>/<hidden>/<hidden>/<hidden>/<hidden>/<hidden>/<hidden>
    SLICE_X176Y393.A3                                                 f  static         <hidden>/<hidden>/<hidden>/<hidden>/<hidden>/<hidden>/<hidden>
    SLICE_X176Y393.O6    LUT3 (Prop_C6LUT_SLICEM_I2_O)
                                                      0.098     8.837 r  static         <hidden>/<hidden>/<hidden>/<hidden>/<hidden>/<hidden>/<hidden>
                         net (fo=1, routed)           0.066     8.903    static         <hidden>/<hidden>/<hidden>/<hidden>/<hidden>/<hidden>/<hidden>
    SLICE_X176Y393.D     FDRE                                         r  static         <hidden>/<hidden>/<hidden>/<hidden>/<hidden>/<hidden>/<hidden>
  -------------------------------------------------------------------    ----------------------------------

                         (clock clk_main_a0 rise edge)
                                                      4.000     4.000 r                 
    BJ4                                               0.000     4.000 r  static         <hidden>
                         net (fo=0)                   0.079     4.079    static         <hidden>/<hidden>/<hidden>/<hidden>
    HPIOBDIFFINBUF_X0Y130.DIFF_IN_P
                                                                      r  static         <hidden>/<hidden>/<hidden>/<hidden>
    HPIOBDIFFINBUF_X0Y130.O
                         DIFFINBUF (Prop_DIFFINBUF_HPIOBDIFFINBUF_DIFF_IN_P_O)
                                                      0.750     4.829 r  static         <hidden>/<hidden>/<hidden>/<hidden>
                         net (fo=1, routed)           0.040     4.869    static         <hidden>/<hidden>/<hidden>/<hidden>
    BJ4.I                                                             r  static         <hidden>/<hidden>/<hidden>/<hidden>
    BJ4.O                IBUFCTRL (Prop_IBUFCTRL_HPIOB_M_I_O)
                                                      0.000     4.869 r  static         <hidden>/<hidden>/<hidden>/<hidden>
                         net (fo=1, routed)           0.309     5.178    static         <hidden>/<hidden>/<hidden>
    BUFGCE_X0Y122.I                                                   r  static         <hidden>/<hidden>/<hidden>
    BUFGCE_X0Y122.O      BUFGCE (Prop_BUFCE_BUFGCE_I_O)
                                                      0.024     5.202 r  static         <hidden>/<hidden>/<hidden>
                         net (fo=3, routed)           1.690     6.892    static         <hidden>/<hidden>/<hidden>/<hidden>/<hidden>/<hidden>/<hidden>/<hidden>
    MMCM_X0Y5.CLKIN1                                                  r  static         <hidden>/<hidden>/<hidden>/<hidden>/<hidden>/<hidden>/<hidden>/<hidden>
    MMCM_X0Y5.CLKOUT0    MMCME4_ADV (Prop_MMCM_CLKIN1_CLKOUT0)
                                                      0.630     7.522 r  static         <hidden>/<hidden>/<hidden>/<hidden>/<hidden>/<hidden>/<hidden>/<hidden>
                         net (fo=2, routed)           0.215     7.737    static         <hidden>/<hidden>/<hidden>/<hidden>
    BUFGCE_X0Y136.I                                                   r  static         <hidden>/<hidden>/<hidden>/<hidden>
    BUFGCE_X0Y136.O      BUFGCE (Prop_BUFCE_BUFGCE_I_O)
                                                      0.024     7.761 r  static         <hidden>/<hidden>/<hidden>/<hidden>
    X3Y5 (CLOCK_ROOT)    net (fo=4881, routed)        2.182     9.943    static         <hidden>/<hidden>/<hidden>/<hidden>/<hidden>/<hidden>/<hidden>
    SLICE_X176Y393.CLK   FDRE                                         r  static         <hidden>/<hidden>/<hidden>/<hidden>/<hidden>/<hidden>/<hidden>
                         clock pessimism             -0.295     9.648                     
                         clock uncertainty           -0.059     9.590                     
    SLICE_X176Y393       FDRE (Setup_CFF_SLICEM_C_D)
                                                      0.025     9.615    static           <hidden>/<hidden>/<hidden>/<hidden>/<hidden>/<hidden>/<hidden>
  -------------------------------------------------------------------
                         required time                          9.615                     
                         arrival time                          -8.903                     
  -------------------------------------------------------------------
                         slack                                  0.711                     

Slack (MET) :             0.729ns  (required time - arrival time)
  Source:                 <hidden>/<hidden>/<hidden>/<hidden>/<hidden>/<hidden>/<hidden>
                            (rising edge-triggered cell FDRE clocked by clk_main_a0  {rise@0.000ns fall@2.000ns period=4.000ns})
  Destination:            <hidden>/<hidden>/<hidden>/<hidden>/<hidden>/<hidden>/<hidden>
                            (rising edge-triggered cell FDRE clocked by clk_main_a0  {rise@0.000ns fall@2.000ns period=4.000ns})
  Path Group:             clk_main_a0
  Path Type:              Setup (Max at Slow Process Corner)
  Requirement:            4.000ns  (clk_main_a0 rise@4.000ns - clk_main_a0 rise@0.000ns)
  Data Path Delay:        3.006ns  (logic 0.167ns (5.556%)  route 2.839ns (94.444%))
  Logic Levels:           1  (LUT3=1)
  Clock Path Skew:        -0.231ns (DCD - SCD + CPR)
    Destination Clock Delay (DCD):    5.943ns = ( 9.943 - 4.000 ) 
    Source Clock Delay      (SCD):    5.880ns
    Clock Pessimism Removal (CPR):    -0.295ns
  Clock Uncertainty:      0.059ns  ((TSJ^2 + DJ^2)^1/2) / 2 + PE
    Total System Jitter     (TSJ):    0.071ns
    Discrete Jitter          (DJ):    0.094ns
    Phase Error              (PE):    0.000ns
  Clock Net Delay (Source):      2.462ns (routing 0.460ns, distribution 2.002ns)
  Clock Net Delay (Destination): 2.182ns (routing 0.419ns, distribution 1.763ns)

    Location             Delay type                Incr(ns)  Path(ns)    Partition      Netlist Resource(s)
  -------------------------------------------------------------------    ----------------------------------
                         (clock clk_main_a0 rise edge)
                                                      0.000     0.000 r                 
    BJ4                                               0.000     0.000 r  static         <hidden>
                         net (fo=0)                   0.100     0.100    static         <hidden>/<hidden>/<hidden>/<hidden>
    HPIOBDIFFINBUF_X0Y130.DIFF_IN_P
                                                                      r  static         <hidden>/<hidden>/<hidden>/<hidden>
    HPIOBDIFFINBUF_X0Y130.O
                         DIFFINBUF (Prop_DIFFINBUF_HPIOBDIFFINBUF_DIFF_IN_P_O)
                                                      0.863     0.963 r  static         <hidden>/<hidden>/<hidden>/<hidden>
                         net (fo=1, routed)           0.050     1.013    static         <hidden>/<hidden>/<hidden>/<hidden>
    BJ4.I                                                             r  static         <hidden>/<hidden>/<hidden>/<hidden>
    BJ4.O                IBUFCTRL (Prop_IBUFCTRL_HPIOB_M_I_O)
                                                      0.000     1.013 r  static         <hidden>/<hidden>/<hidden>/<hidden>
                         net (fo=1, routed)           0.348     1.361    static         <hidden>/<hidden>/<hidden>
    BUFGCE_X0Y122.I                                                   r  static         <hidden>/<hidden>/<hidden>
    BUFGCE_X0Y122.O      BUFGCE (Prop_BUFCE_BUFGCE_I_O)
                                                      0.028     1.389 r  static         <hidden>/<hidden>/<hidden>
                         net (fo=3, routed)           1.883     3.272    static         <hidden>/<hidden>/<hidden>/<hidden>/<hidden>/<hidden>/<hidden>/<hidden>
    MMCM_X0Y5.CLKIN1                                                  r  static         <hidden>/<hidden>/<hidden>/<hidden>/<hidden>/<hidden>/<hidden>/<hidden>
    MMCM_X0Y5.CLKOUT0    MMCME4_ADV (Prop_MMCM_CLKIN1_CLKOUT0)
                                                     -0.127     3.145 r  static         <hidden>/<hidden>/<hidden>/<hidden>/<hidden>/<hidden>/<hidden>/<hidden>
                         net (fo=2, routed)           0.245     3.390    static         <hidden>/<hidden>/<hidden>/<hidden>
    BUFGCE_X0Y136.I                                                   r  static         <hidden>/<hidden>/<hidden>/<hidden>
    BUFGCE_X0Y136.O      BUFGCE (Prop_BUFCE_BUFGCE_I_O)
                                                      0.028     3.418 r  static         <hidden>/<hidden>/<hidden>/<hidden>
    X3Y5 (CLOCK_ROOT)    net (fo=4881, routed)        2.462     5.880    static         <hidden>/<hidden>/<hidden>/<hidden>/<hidden>/<hidden>/<hidden>
    SLICE_X176Y460.CLK   FDRE                                         r  static         <hidden>/<hidden>/<hidden>/<hidden>/<hidden>/<hidden>/<hidden>
  -------------------------------------------------------------------    ----------------------------------
    SLICE_X176Y460.Q     FDRE (Prop_CFF_SLICEM_C_Q)
                                                      0.078     5.958 f  static         <hidden>/<hidden>/<hidden>/<hidden>/<hidden>/<hidden>/<hidden>
                         net (fo=1065, routed)        2.780     8.737    static         <hidden>/<hidden>/<hidden>/<hidden>/<hidden>/<hidden>/<hidden>
    SLICE_X176Y393.A4                                                 f  static         <hidden>/<hidden>/<hidden>/<hidden>/<hidden>/<hidden>/<hidden>
    SLICE_X176Y393.O6    LUT3 (Prop_B6LUT_SLICEM_I2_O)
                                                      0.089     8.826 r  static         <hidden>/<hidden>/<hidden>/<hidden>/<hidden>/<hidden>/<hidden>
                         net (fo=1, routed)           0.059     8.885    static         <hidden>/<hidden>/<hidden>/<hidden>/<hidden>/<hidden>/<hidden>
    SLICE_X176Y393.D     FDRE                                         r  static         <hidden>/<hidden>/<hidden>/<hidden>/<hidden>/<hidden>/<hidden>
  -------------------------------------------------------------------    ----------------------------------

                         (clock clk_main_a0 rise edge)
                                                      4.000     4.000 r                 
    BJ4                                               0.000     4.000 r  static         <hidden>
                         net (fo=0)                   0.079     4.079    static         <hidden>/<hidden>/<hidden>/<hidden>
    HPIOBDIFFINBUF_X0Y130.DIFF_IN_P
                                                                      r  static         <hidden>/<hidden>/<hidden>/<hidden>
    HPIOBDIFFINBUF_X0Y130.O
                         DIFFINBUF (Prop_DIFFINBUF_HPIOBDIFFINBUF_DIFF_IN_P_O)
                                                      0.750     4.829 r  static         <hidden>/<hidden>/<hidden>/<hidden>
                         net (fo=1, routed)           0.040     4.869    static         <hidden>/<hidden>/<hidden>/<hidden>
    BJ4.I                                                             r  static         <hidden>/<hidden>/<hidden>/<hidden>
    BJ4.O                IBUFCTRL (Prop_IBUFCTRL_HPIOB_M_I_O)
                                                      0.000     4.869 r  static         <hidden>/<hidden>/<hidden>/<hidden>
                         net (fo=1, routed)           0.309     5.178    static         <hidden>/<hidden>/<hidden>
    BUFGCE_X0Y122.I                                                   r  static         <hidden>/<hidden>/<hidden>
    BUFGCE_X0Y122.O      BUFGCE (Prop_BUFCE_BUFGCE_I_O)
                                                      0.024     5.202 r  static         <hidden>/<hidden>/<hidden>
                         net (fo=3, routed)           1.690     6.892    static         <hidden>/<hidden>/<hidden>/<hidden>/<hidden>/<hidden>/<hidden>/<hidden>
    MMCM_X0Y5.CLKIN1                                                  r  static         <hidden>/<hidden>/<hidden>/<hidden>/<hidden>/<hidden>/<hidden>/<hidden>
    MMCM_X0Y5.CLKOUT0    MMCME4_ADV (Prop_MMCM_CLKIN1_CLKOUT0)
                                                      0.630     7.522 r  static         <hidden>/<hidden>/<hidden>/<hidden>/<hidden>/<hidden>/<hidden>/<hidden>
                         net (fo=2, routed)           0.215     7.737    static         <hidden>/<hidden>/<hidden>/<hidden>
    BUFGCE_X0Y136.I                                                   r  static         <hidden>/<hidden>/<hidden>/<hidden>
    BUFGCE_X0Y136.O      BUFGCE (Prop_BUFCE_BUFGCE_I_O)
                                                      0.024     7.761 r  static         <hidden>/<hidden>/<hidden>/<hidden>
    X3Y5 (CLOCK_ROOT)    net (fo=4881, routed)        2.182     9.943    static         <hidden>/<hidden>/<hidden>/<hidden>/<hidden>/<hidden>/<hidden>
    SLICE_X176Y393.CLK   FDRE                                         r  static         <hidden>/<hidden>/<hidden>/<hidden>/<hidden>/<hidden>/<hidden>
                         clock pessimism             -0.295     9.648                     
                         clock uncertainty           -0.059     9.590                     
    SLICE_X176Y393       FDRE (Setup_BFF_SLICEM_C_D)
                                                      0.025     9.615    static           <hidden>/<hidden>/<hidden>/<hidden>/<hidden>/<hidden>/<hidden>
  -------------------------------------------------------------------
                         required time                          9.615                     
                         arrival time                          -8.885                     
  -------------------------------------------------------------------
                         slack                                  0.729                     

Slack (MET) :             0.737ns  (required time - arrival time)
  Source:                 <hidden>/<hidden>/<hidden>/<hidden>/<hidden>/<hidden>/<hidden>
                            (rising edge-triggered cell FDRE clocked by clk_main_a0  {rise@0.000ns fall@2.000ns period=4.000ns})
  Destination:            <hidden>/<hidden>/<hidden>/<hidden>/<hidden>/<hidden>/<hidden>
                            (rising edge-triggered cell FDRE clocked by clk_main_a0  {rise@0.000ns fall@2.000ns period=4.000ns})
  Path Group:             clk_main_a0
  Path Type:              Setup (Max at Slow Process Corner)
  Requirement:            4.000ns  (clk_main_a0 rise@4.000ns - clk_main_a0 rise@0.000ns)
  Data Path Delay:        2.998ns  (logic 0.189ns (6.304%)  route 2.809ns (93.696%))
  Logic Levels:           1  (LUT3=1)
  Clock Path Skew:        -0.231ns (DCD - SCD + CPR)
    Destination Clock Delay (DCD):    5.943ns = ( 9.943 - 4.000 ) 
    Source Clock Delay      (SCD):    5.880ns
    Clock Pessimism Removal (CPR):    -0.295ns
  Clock Uncertainty:      0.059ns  ((TSJ^2 + DJ^2)^1/2) / 2 + PE
    Total System Jitter     (TSJ):    0.071ns
    Discrete Jitter          (DJ):    0.094ns
    Phase Error              (PE):    0.000ns
  Clock Net Delay (Source):      2.462ns (routing 0.460ns, distribution 2.002ns)
  Clock Net Delay (Destination): 2.182ns (routing 0.419ns, distribution 1.763ns)

    Location             Delay type                Incr(ns)  Path(ns)    Partition      Netlist Resource(s)
  -------------------------------------------------------------------    ----------------------------------
                         (clock clk_main_a0 rise edge)
                                                      0.000     0.000 r                 
    BJ4                                               0.000     0.000 r  static         <hidden>
                         net (fo=0)                   0.100     0.100    static         <hidden>/<hidden>/<hidden>/<hidden>
    HPIOBDIFFINBUF_X0Y130.DIFF_IN_P
                                                                      r  static         <hidden>/<hidden>/<hidden>/<hidden>
    HPIOBDIFFINBUF_X0Y130.O
                         DIFFINBUF (Prop_DIFFINBUF_HPIOBDIFFINBUF_DIFF_IN_P_O)
                                                      0.863     0.963 r  static         <hidden>/<hidden>/<hidden>/<hidden>
                         net (fo=1, routed)           0.050     1.013    static         <hidden>/<hidden>/<hidden>/<hidden>
    BJ4.I                                                             r  static         <hidden>/<hidden>/<hidden>/<hidden>
    BJ4.O                IBUFCTRL (Prop_IBUFCTRL_HPIOB_M_I_O)
                                                      0.000     1.013 r  static         <hidden>/<hidden>/<hidden>/<hidden>
                         net (fo=1, routed)           0.348     1.361    static         <hidden>/<hidden>/<hidden>
    BUFGCE_X0Y122.I                                                   r  static         <hidden>/<hidden>/<hidden>
    BUFGCE_X0Y122.O      BUFGCE (Prop_BUFCE_BUFGCE_I_O)
                                                      0.028     1.389 r  static         <hidden>/<hidden>/<hidden>
                         net (fo=3, routed)           1.883     3.272    static         <hidden>/<hidden>/<hidden>/<hidden>/<hidden>/<hidden>/<hidden>/<hidden>
    MMCM_X0Y5.CLKIN1                                                  r  static         <hidden>/<hidden>/<hidden>/<hidden>/<hidden>/<hidden>/<hidden>/<hidden>
    MMCM_X0Y5.CLKOUT0    MMCME4_ADV (Prop_MMCM_CLKIN1_CLKOUT0)
                                                     -0.127     3.145 r  static         <hidden>/<hidden>/<hidden>/<hidden>/<hidden>/<hidden>/<hidden>/<hidden>
                         net (fo=2, routed)           0.245     3.390    static         <hidden>/<hidden>/<hidden>/<hidden>
    BUFGCE_X0Y136.I                                                   r  static         <hidden>/<hidden>/<hidden>/<hidden>
    BUFGCE_X0Y136.O      BUFGCE (Prop_BUFCE_BUFGCE_I_O)
                                                      0.028     3.418 r  static         <hidden>/<hidden>/<hidden>/<hidden>
    X3Y5 (CLOCK_ROOT)    net (fo=4881, routed)        2.462     5.880    static         <hidden>/<hidden>/<hidden>/<hidden>/<hidden>/<hidden>/<hidden>
    SLICE_X176Y460.CLK   FDRE                                         r  static         <hidden>/<hidden>/<hidden>/<hidden>/<hidden>/<hidden>/<hidden>
  -------------------------------------------------------------------    ----------------------------------
    SLICE_X176Y460.Q     FDRE (Prop_CFF_SLICEM_C_Q)
                                                      0.078     5.958 f  static         <hidden>/<hidden>/<hidden>/<hidden>/<hidden>/<hidden>/<hidden>
                         net (fo=1065, routed)        2.782     8.739    static         <hidden>/<hidden>/<hidden>/<hidden>/<hidden>/<hidden>/<hidden>
    SLICE_X176Y393.A3                                                 f  static         <hidden>/<hidden>/<hidden>/<hidden>/<hidden>/<hidden>/<hidden>
    SLICE_X176Y393.O5    LUT3 (Prop_C5LUT_SLICEM_I2_O)
                                                      0.111     8.850 r  static         <hidden>/<hidden>/<hidden>/<hidden>/<hidden>/<hidden>/<hidden>
                         net (fo=1, routed)           0.027     8.877    static         <hidden>/<hidden>/<hidden>/<hidden>/<hidden>/<hidden>/<hidden>
    SLICE_X176Y393.D     FDRE                                         r  static         <hidden>/<hidden>/<hidden>/<hidden>/<hidden>/<hidden>/<hidden>
  -------------------------------------------------------------------    ----------------------------------

                         (clock clk_main_a0 rise edge)
                                                      4.000     4.000 r                 
    BJ4                                               0.000     4.000 r  static         <hidden>
                         net (fo=0)                   0.079     4.079    static         <hidden>/<hidden>/<hidden>/<hidden>
    HPIOBDIFFINBUF_X0Y130.DIFF_IN_P
                                                                      r  static         <hidden>/<hidden>/<hidden>/<hidden>
    HPIOBDIFFINBUF_X0Y130.O
                         DIFFINBUF (Prop_DIFFINBUF_HPIOBDIFFINBUF_DIFF_IN_P_O)
                                                      0.750     4.829 r  static         <hidden>/<hidden>/<hidden>/<hidden>
                         net (fo=1, routed)           0.040     4.869    static         <hidden>/<hidden>/<hidden>/<hidden>
    BJ4.I                                                             r  static         <hidden>/<hidden>/<hidden>/<hidden>
    BJ4.O                IBUFCTRL (Prop_IBUFCTRL_HPIOB_M_I_O)
                                                      0.000     4.869 r  static         <hidden>/<hidden>/<hidden>/<hidden>
                         net (fo=1, routed)           0.309     5.178    static         <hidden>/<hidden>/<hidden>
    BUFGCE_X0Y122.I                                                   r  static         <hidden>/<hidden>/<hidden>
    BUFGCE_X0Y122.O      BUFGCE (Prop_BUFCE_BUFGCE_I_O)
                                                      0.024     5.202 r  static         <hidden>/<hidden>/<hidden>
                         net (fo=3, routed)           1.690     6.892    static         <hidden>/<hidden>/<hidden>/<hidden>/<hidden>/<hidden>/<hidden>/<hidden>
    MMCM_X0Y5.CLKIN1                                                  r  static         <hidden>/<hidden>/<hidden>/<hidden>/<hidden>/<hidden>/<hidden>/<hidden>
    MMCM_X0Y5.CLKOUT0    MMCME4_ADV (Prop_MMCM_CLKIN1_CLKOUT0)
                                                      0.630     7.522 r  static         <hidden>/<hidden>/<hidden>/<hidden>/<hidden>/<hidden>/<hidden>/<hidden>
                         net (fo=2, routed)           0.215     7.737    static         <hidden>/<hidden>/<hidden>/<hidden>
    BUFGCE_X0Y136.I                                                   r  static         <hidden>/<hidden>/<hidden>/<hidden>
    BUFGCE_X0Y136.O      BUFGCE (Prop_BUFCE_BUFGCE_I_O)
                                                      0.024     7.761 r  static         <hidden>/<hidden>/<hidden>/<hidden>
    X3Y5 (CLOCK_ROOT)    net (fo=4881, routed)        2.182     9.943    static         <hidden>/<hidden>/<hidden>/<hidden>/<hidden>/<hidden>/<hidden>
    SLICE_X176Y393.CLK   FDRE                                         r  static         <hidden>/<hidden>/<hidden>/<hidden>/<hidden>/<hidden>/<hidden>
                         clock pessimism             -0.295     9.648                     
                         clock uncertainty           -0.059     9.590                     
    SLICE_X176Y393       FDRE (Setup_CFF2_SLICEM_C_D)
                                                      0.025     9.615    static           <hidden>/<hidden>/<hidden>/<hidden>/<hidden>/<hidden>/<hidden>
  -------------------------------------------------------------------
                         required time                          9.615                     
                         arrival time                          -8.877                     
  -------------------------------------------------------------------
                         slack                                  0.737                     

Slack (MET) :             0.748ns  (required time - arrival time)
  Source:                 <hidden>/<hidden>/<hidden>/<hidden>/<hidden>/<hidden>/<hidden>
                            (rising edge-triggered cell FDRE clocked by clk_main_a0  {rise@0.000ns fall@2.000ns period=4.000ns})
  Destination:            <hidden>/<hidden>/<hidden>/<hidden>/<hidden>/<hidden>/<hidden>
                            (rising edge-triggered cell FDRE clocked by clk_main_a0  {rise@0.000ns fall@2.000ns period=4.000ns})
  Path Group:             clk_main_a0
  Path Type:              Setup (Max at Slow Process Corner)
  Requirement:            4.000ns  (clk_main_a0 rise@4.000ns - clk_main_a0 rise@0.000ns)
  Data Path Delay:        3.015ns  (logic 0.228ns (7.563%)  route 2.787ns (92.437%))
  Logic Levels:           1  (LUT3=1)
  Clock Path Skew:        -0.204ns (DCD - SCD + CPR)
    Destination Clock Delay (DCD):    5.938ns = ( 9.938 - 4.000 ) 
    Source Clock Delay      (SCD):    5.843ns
    Clock Pessimism Removal (CPR):    -0.299ns
  Clock Uncertainty:      0.059ns  ((TSJ^2 + DJ^2)^1/2) / 2 + PE
    Total System Jitter     (TSJ):    0.071ns
    Discrete Jitter          (DJ):    0.094ns
    Phase Error              (PE):    0.000ns
  Clock Net Delay (Source):      2.425ns (routing 0.460ns, distribution 1.965ns)
  Clock Net Delay (Destination): 2.176ns (routing 0.419ns, distribution 1.757ns)

    Location             Delay type                Incr(ns)  Path(ns)    Partition      Netlist Resource(s)
  -------------------------------------------------------------------    ----------------------------------
                         (clock clk_main_a0 rise edge)
                                                      0.000     0.000 r                 
    BJ4                                               0.000     0.000 r  static         <hidden>
                         net (fo=0)                   0.100     0.100    static         <hidden>/<hidden>/<hidden>/<hidden>
    HPIOBDIFFINBUF_X0Y130.DIFF_IN_P
                                                                      r  static         <hidden>/<hidden>/<hidden>/<hidden>
    HPIOBDIFFINBUF_X0Y130.O
                         DIFFINBUF (Prop_DIFFINBUF_HPIOBDIFFINBUF_DIFF_IN_P_O)
                                                      0.863     0.963 r  static         <hidden>/<hidden>/<hidden>/<hidden>
                         net (fo=1, routed)           0.050     1.013    static         <hidden>/<hidden>/<hidden>/<hidden>
    BJ4.I                                                             r  static         <hidden>/<hidden>/<hidden>/<hidden>
    BJ4.O                IBUFCTRL (Prop_IBUFCTRL_HPIOB_M_I_O)
                                                      0.000     1.013 r  static         <hidden>/<hidden>/<hidden>/<hidden>
                         net (fo=1, routed)           0.348     1.361    static         <hidden>/<hidden>/<hidden>
    BUFGCE_X0Y122.I                                                   r  static         <hidden>/<hidden>/<hidden>
    BUFGCE_X0Y122.O      BUFGCE (Prop_BUFCE_BUFGCE_I_O)
                                                      0.028     1.389 r  static         <hidden>/<hidden>/<hidden>
                         net (fo=3, routed)           1.883     3.272    static         <hidden>/<hidden>/<hidden>/<hidden>/<hidden>/<hidden>/<hidden>/<hidden>
    MMCM_X0Y5.CLKIN1                                                  r  static         <hidden>/<hidden>/<hidden>/<hidden>/<hidden>/<hidden>/<hidden>/<hidden>
    MMCM_X0Y5.CLKOUT0    MMCME4_ADV (Prop_MMCM_CLKIN1_CLKOUT0)
                                                     -0.127     3.145 r  static         <hidden>/<hidden>/<hidden>/<hidden>/<hidden>/<hidden>/<hidden>/<hidden>
                         net (fo=2, routed)           0.245     3.390    static         <hidden>/<hidden>/<hidden>/<hidden>
    BUFGCE_X0Y136.I                                                   r  static         <hidden>/<hidden>/<hidden>/<hidden>
    BUFGCE_X0Y136.O      BUFGCE (Prop_BUFCE_BUFGCE_I_O)
                                                      0.028     3.418 r  static         <hidden>/<hidden>/<hidden>/<hidden>
    X3Y5 (CLOCK_ROOT)    net (fo=4881, routed)        2.425     5.843    static         <hidden>/<hidden>/<hidden>/<hidden>/<hidden>/<hidden>/<hidden>
    SLICE_X176Y300.CLK   FDRE                                         r  static         <hidden>/<hidden>/<hidden>/<hidden>/<hidden>/<hidden>/<hidden>
  -------------------------------------------------------------------    ----------------------------------
    SLICE_X176Y300.Q     FDRE (Prop_HFF2_SLICEM_C_Q)
                                                      0.078     5.921 f  static         <hidden>/<hidden>/<hidden>/<hidden>/<hidden>/<hidden>/<hidden>
                         net (fo=1157, routed)        2.736     8.656    static         <hidden>/<hidden>/<hidden>/<hidden>/<hidden>/<hidden>/<hidden>
    SLICE_X177Y241.A1                                                 f  static         <hidden>/<hidden>/<hidden>/<hidden>/<hidden>/<hidden>/<hidden>
    SLICE_X177Y241.O6    LUT3 (Prop_H6LUT_SLICEL_I2_O)
                                                      0.150     8.806 r  static         <hidden>/<hidden>/<hidden>/<hidden>/<hidden>/<hidden>/<hidden>
                         net (fo=1, routed)           0.051     8.857    static         <hidden>/<hidden>/<hidden>/<hidden>/<hidden>/<hidden>/<hidden>
    SLICE_X177Y241.D     FDRE                                         r  static         <hidden>/<hidden>/<hidden>/<hidden>/<hidden>/<hidden>/<hidden>
  -------------------------------------------------------------------    ----------------------------------

                         (clock clk_main_a0 rise edge)
                                                      4.000     4.000 r                 
    BJ4                                               0.000     4.000 r  static         <hidden>
                         net (fo=0)                   0.079     4.079    static         <hidden>/<hidden>/<hidden>/<hidden>
    HPIOBDIFFINBUF_X0Y130.DIFF_IN_P
                                                                      r  static         <hidden>/<hidden>/<hidden>/<hidden>
    HPIOBDIFFINBUF_X0Y130.O
                         DIFFINBUF (Prop_DIFFINBUF_HPIOBDIFFINBUF_DIFF_IN_P_O)
                                                      0.750     4.829 r  static         <hidden>/<hidden>/<hidden>/<hidden>
                         net (fo=1, routed)           0.040     4.869    static         <hidden>/<hidden>/<hidden>/<hidden>
    BJ4.I                                                             r  static         <hidden>/<hidden>/<hidden>/<hidden>
    BJ4.O                IBUFCTRL (Prop_IBUFCTRL_HPIOB_M_I_O)
                                                      0.000     4.869 r  static         <hidden>/<hidden>/<hidden>/<hidden>
                         net (fo=1, routed)           0.309     5.178    static         <hidden>/<hidden>/<hidden>
    BUFGCE_X0Y122.I                                                   r  static         <hidden>/<hidden>/<hidden>
    BUFGCE_X0Y122.O      BUFGCE (Prop_BUFCE_BUFGCE_I_O)
                                                      0.024     5.202 r  static         <hidden>/<hidden>/<hidden>
                         net (fo=3, routed)           1.690     6.892    static         <hidden>/<hidden>/<hidden>/<hidden>/<hidden>/<hidden>/<hidden>/<hidden>
    MMCM_X0Y5.CLKIN1                                                  r  static         <hidden>/<hidden>/<hidden>/<hidden>/<hidden>/<hidden>/<hidden>/<hidden>
    MMCM_X0Y5.CLKOUT0    MMCME4_ADV (Prop_MMCM_CLKIN1_CLKOUT0)
                                                      0.630     7.522 r  static         <hidden>/<hidden>/<hidden>/<hidden>/<hidden>/<hidden>/<hidden>/<hidden>
                         net (fo=2, routed)           0.215     7.737    static         <hidden>/<hidden>/<hidden>/<hidden>
    BUFGCE_X0Y136.I                                                   r  static         <hidden>/<hidden>/<hidden>/<hidden>
    BUFGCE_X0Y136.O      BUFGCE (Prop_BUFCE_BUFGCE_I_O)
                                                      0.024     7.761 r  static         <hidden>/<hidden>/<hidden>/<hidden>
    X3Y5 (CLOCK_ROOT)    net (fo=4881, routed)        2.176     9.938    static         <hidden>/<hidden>/<hidden>/<hidden>/<hidden>/<hidden>/<hidden>
    SLICE_X177Y241.CLK   FDRE                                         r  static         <hidden>/<hidden>/<hidden>/<hidden>/<hidden>/<hidden>/<hidden>
                         clock pessimism             -0.299     9.639                     
                         clock uncertainty           -0.059     9.580                     
    SLICE_X177Y241       FDRE (Setup_HFF_SLICEL_C_D)
                                                      0.025     9.605    static           <hidden>/<hidden>/<hidden>/<hidden>/<hidden>/<hidden>/<hidden>
  -------------------------------------------------------------------
                         required time                          9.605                     
                         arrival time                          -8.857                     
  -------------------------------------------------------------------
                         slack                                  0.748                     

Slack (MET) :             0.748ns  (required time - arrival time)
  Source:                 <hidden>/<hidden>/<hidden>/<hidden>/<hidden>/<hidden>/<hidden>
                            (rising edge-triggered cell FDRE clocked by clk_main_a0  {rise@0.000ns fall@2.000ns period=4.000ns})
  Destination:            <hidden>/<hidden>/<hidden>/<hidden>/<hidden>/<hidden>/<hidden>
                            (rising edge-triggered cell FDRE clocked by clk_main_a0  {rise@0.000ns fall@2.000ns period=4.000ns})
  Path Group:             clk_main_a0
  Path Type:              Setup (Max at Slow Process Corner)
  Requirement:            4.000ns  (clk_main_a0 rise@4.000ns - clk_main_a0 rise@0.000ns)
  Data Path Delay:        2.987ns  (logic 0.181ns (6.060%)  route 2.806ns (93.940%))
  Logic Levels:           1  (LUT3=1)
  Clock Path Skew:        -0.231ns (DCD - SCD + CPR)
    Destination Clock Delay (DCD):    5.943ns = ( 9.943 - 4.000 ) 
    Source Clock Delay      (SCD):    5.880ns
    Clock Pessimism Removal (CPR):    -0.295ns
  Clock Uncertainty:      0.059ns  ((TSJ^2 + DJ^2)^1/2) / 2 + PE
    Total System Jitter     (TSJ):    0.071ns
    Discrete Jitter          (DJ):    0.094ns
    Phase Error              (PE):    0.000ns
  Clock Net Delay (Source):      2.462ns (routing 0.460ns, distribution 2.002ns)
  Clock Net Delay (Destination): 2.182ns (routing 0.419ns, distribution 1.763ns)

    Location             Delay type                Incr(ns)  Path(ns)    Partition      Netlist Resource(s)
  -------------------------------------------------------------------    ----------------------------------
                         (clock clk_main_a0 rise edge)
                                                      0.000     0.000 r                 
    BJ4                                               0.000     0.000 r  static         <hidden>
                         net (fo=0)                   0.100     0.100    static         <hidden>/<hidden>/<hidden>/<hidden>
    HPIOBDIFFINBUF_X0Y130.DIFF_IN_P
                                                                      r  static         <hidden>/<hidden>/<hidden>/<hidden>
    HPIOBDIFFINBUF_X0Y130.O
                         DIFFINBUF (Prop_DIFFINBUF_HPIOBDIFFINBUF_DIFF_IN_P_O)
                                                      0.863     0.963 r  static         <hidden>/<hidden>/<hidden>/<hidden>
                         net (fo=1, routed)           0.050     1.013    static         <hidden>/<hidden>/<hidden>/<hidden>
    BJ4.I                                                             r  static         <hidden>/<hidden>/<hidden>/<hidden>
    BJ4.O                IBUFCTRL (Prop_IBUFCTRL_HPIOB_M_I_O)
                                                      0.000     1.013 r  static         <hidden>/<hidden>/<hidden>/<hidden>
                         net (fo=1, routed)           0.348     1.361    static         <hidden>/<hidden>/<hidden>
    BUFGCE_X0Y122.I                                                   r  static         <hidden>/<hidden>/<hidden>
    BUFGCE_X0Y122.O      BUFGCE (Prop_BUFCE_BUFGCE_I_O)
                                                      0.028     1.389 r  static         <hidden>/<hidden>/<hidden>
                         net (fo=3, routed)           1.883     3.272    static         <hidden>/<hidden>/<hidden>/<hidden>/<hidden>/<hidden>/<hidden>/<hidden>
    MMCM_X0Y5.CLKIN1                                                  r  static         <hidden>/<hidden>/<hidden>/<hidden>/<hidden>/<hidden>/<hidden>/<hidden>
    MMCM_X0Y5.CLKOUT0    MMCME4_ADV (Prop_MMCM_CLKIN1_CLKOUT0)
                                                     -0.127     3.145 r  static         <hidden>/<hidden>/<hidden>/<hidden>/<hidden>/<hidden>/<hidden>/<hidden>
                         net (fo=2, routed)           0.245     3.390    static         <hidden>/<hidden>/<hidden>/<hidden>
    BUFGCE_X0Y136.I                                                   r  static         <hidden>/<hidden>/<hidden>/<hidden>
    BUFGCE_X0Y136.O      BUFGCE (Prop_BUFCE_BUFGCE_I_O)
                                                      0.028     3.418 r  static         <hidden>/<hidden>/<hidden>/<hidden>
    X3Y5 (CLOCK_ROOT)    net (fo=4881, routed)        2.462     5.880    static         <hidden>/<hidden>/<hidden>/<hidden>/<hidden>/<hidden>/<hidden>
    SLICE_X176Y460.CLK   FDRE                                         r  static         <hidden>/<hidden>/<hidden>/<hidden>/<hidden>/<hidden>/<hidden>
  -------------------------------------------------------------------    ----------------------------------
    SLICE_X176Y460.Q     FDRE (Prop_CFF_SLICEM_C_Q)
                                                      0.078     5.958 f  static         <hidden>/<hidden>/<hidden>/<hidden>/<hidden>/<hidden>/<hidden>
                         net (fo=1065, routed)        2.780     8.737    static         <hidden>/<hidden>/<hidden>/<hidden>/<hidden>/<hidden>/<hidden>
    SLICE_X176Y393.A4                                                 f  static         <hidden>/<hidden>/<hidden>/<hidden>/<hidden>/<hidden>/<hidden>
    SLICE_X176Y393.O5    LUT3 (Prop_B5LUT_SLICEM_I2_O)
                                                      0.103     8.840 r  static         <hidden>/<hidden>/<hidden>/<hidden>/<hidden>/<hidden>/<hidden>
                         net (fo=1, routed)           0.026     8.866    static         <hidden>/<hidden>/<hidden>/<hidden>/<hidden>/<hidden>/<hidden>
    SLICE_X176Y393.D     FDRE                                         r  static         <hidden>/<hidden>/<hidden>/<hidden>/<hidden>/<hidden>/<hidden>
  -------------------------------------------------------------------    ----------------------------------

                         (clock clk_main_a0 rise edge)
                                                      4.000     4.000 r                 
    BJ4                                               0.000     4.000 r  static         <hidden>
                         net (fo=0)                   0.079     4.079    static         <hidden>/<hidden>/<hidden>/<hidden>
    HPIOBDIFFINBUF_X0Y130.DIFF_IN_P
                                                                      r  static         <hidden>/<hidden>/<hidden>/<hidden>
    HPIOBDIFFINBUF_X0Y130.O
                         DIFFINBUF (Prop_DIFFINBUF_HPIOBDIFFINBUF_DIFF_IN_P_O)
                                                      0.750     4.829 r  static         <hidden>/<hidden>/<hidden>/<hidden>
                         net (fo=1, routed)           0.040     4.869    static         <hidden>/<hidden>/<hidden>/<hidden>
    BJ4.I                                                             r  static         <hidden>/<hidden>/<hidden>/<hidden>
    BJ4.O                IBUFCTRL (Prop_IBUFCTRL_HPIOB_M_I_O)
                                                      0.000     4.869 r  static         <hidden>/<hidden>/<hidden>/<hidden>
                         net (fo=1, routed)           0.309     5.178    static         <hidden>/<hidden>/<hidden>
    BUFGCE_X0Y122.I                                                   r  static         <hidden>/<hidden>/<hidden>
    BUFGCE_X0Y122.O      BUFGCE (Prop_BUFCE_BUFGCE_I_O)
                                                      0.024     5.202 r  static         <hidden>/<hidden>/<hidden>
                         net (fo=3, routed)           1.690     6.892    static         <hidden>/<hidden>/<hidden>/<hidden>/<hidden>/<hidden>/<hidden>/<hidden>
    MMCM_X0Y5.CLKIN1                                                  r  static         <hidden>/<hidden>/<hidden>/<hidden>/<hidden>/<hidden>/<hidden>/<hidden>
    MMCM_X0Y5.CLKOUT0    MMCME4_ADV (Prop_MMCM_CLKIN1_CLKOUT0)
                                                      0.630     7.522 r  static         <hidden>/<hidden>/<hidden>/<hidden>/<hidden>/<hidden>/<hidden>/<hidden>
                         net (fo=2, routed)           0.215     7.737    static         <hidden>/<hidden>/<hidden>/<hidden>
    BUFGCE_X0Y136.I                                                   r  static         <hidden>/<hidden>/<hidden>/<hidden>
    BUFGCE_X0Y136.O      BUFGCE (Prop_BUFCE_BUFGCE_I_O)
                                                      0.024     7.761 r  static         <hidden>/<hidden>/<hidden>/<hidden>
    X3Y5 (CLOCK_ROOT)    net (fo=4881, routed)        2.182     9.943    static         <hidden>/<hidden>/<hidden>/<hidden>/<hidden>/<hidden>/<hidden>
    SLICE_X176Y393.CLK   FDRE                                         r  static         <hidden>/<hidden>/<hidden>/<hidden>/<hidden>/<hidden>/<hidden>
                         clock pessimism             -0.295     9.648                     
                         clock uncertainty           -0.059     9.590                     
    SLICE_X176Y393       FDRE (Setup_BFF2_SLICEM_C_D)
                                                      0.025     9.615    static           <hidden>/<hidden>/<hidden>/<hidden>/<hidden>/<hidden>/<hidden>
  -------------------------------------------------------------------
                         required time                          9.615                     
                         arrival time                          -8.866                     
  -------------------------------------------------------------------
                         slack                                  0.748                     

Slack (MET) :             0.776ns  (required time - arrival time)
  Source:                 <hidden>/<hidden>/<hidden>/<hidden>/<hidden>/<hidden>/<hidden>
                            (rising edge-triggered cell FDRE clocked by clk_main_a0  {rise@0.000ns fall@2.000ns period=4.000ns})
  Destination:            <hidden>/<hidden>/<hidden>/<hidden>/<hidden>/<hidden>/<hidden>
                            (rising edge-triggered cell FDRE clocked by clk_main_a0  {rise@0.000ns fall@2.000ns period=4.000ns})
  Path Group:             clk_main_a0
  Path Type:              Setup (Max at Slow Process Corner)
  Requirement:            4.000ns  (clk_main_a0 rise@4.000ns - clk_main_a0 rise@0.000ns)
  Data Path Delay:        2.987ns  (logic 0.236ns (7.901%)  route 2.751ns (92.099%))
  Logic Levels:           1  (LUT3=1)
  Clock Path Skew:        -0.204ns (DCD - SCD + CPR)
    Destination Clock Delay (DCD):    5.938ns = ( 9.938 - 4.000 ) 
    Source Clock Delay      (SCD):    5.843ns
    Clock Pessimism Removal (CPR):    -0.299ns
  Clock Uncertainty:      0.059ns  ((TSJ^2 + DJ^2)^1/2) / 2 + PE
    Total System Jitter     (TSJ):    0.071ns
    Discrete Jitter          (DJ):    0.094ns
    Phase Error              (PE):    0.000ns
  Clock Net Delay (Source):      2.425ns (routing 0.460ns, distribution 1.965ns)
  Clock Net Delay (Destination): 2.176ns (routing 0.419ns, distribution 1.757ns)

    Location             Delay type                Incr(ns)  Path(ns)    Partition      Netlist Resource(s)
  -------------------------------------------------------------------    ----------------------------------
                         (clock clk_main_a0 rise edge)
                                                      0.000     0.000 r                 
    BJ4                                               0.000     0.000 r  static         <hidden>
                         net (fo=0)                   0.100     0.100    static         <hidden>/<hidden>/<hidden>/<hidden>
    HPIOBDIFFINBUF_X0Y130.DIFF_IN_P
                                                                      r  static         <hidden>/<hidden>/<hidden>/<hidden>
    HPIOBDIFFINBUF_X0Y130.O
                         DIFFINBUF (Prop_DIFFINBUF_HPIOBDIFFINBUF_DIFF_IN_P_O)
                                                      0.863     0.963 r  static         <hidden>/<hidden>/<hidden>/<hidden>
                         net (fo=1, routed)           0.050     1.013    static         <hidden>/<hidden>/<hidden>/<hidden>
    BJ4.I                                                             r  static         <hidden>/<hidden>/<hidden>/<hidden>
    BJ4.O                IBUFCTRL (Prop_IBUFCTRL_HPIOB_M_I_O)
                                                      0.000     1.013 r  static         <hidden>/<hidden>/<hidden>/<hidden>
                         net (fo=1, routed)           0.348     1.361    static         <hidden>/<hidden>/<hidden>
    BUFGCE_X0Y122.I                                                   r  static         <hidden>/<hidden>/<hidden>
    BUFGCE_X0Y122.O      BUFGCE (Prop_BUFCE_BUFGCE_I_O)
                                                      0.028     1.389 r  static         <hidden>/<hidden>/<hidden>
                         net (fo=3, routed)           1.883     3.272    static         <hidden>/<hidden>/<hidden>/<hidden>/<hidden>/<hidden>/<hidden>/<hidden>
    MMCM_X0Y5.CLKIN1                                                  r  static         <hidden>/<hidden>/<hidden>/<hidden>/<hidden>/<hidden>/<hidden>/<hidden>
    MMCM_X0Y5.CLKOUT0    MMCME4_ADV (Prop_MMCM_CLKIN1_CLKOUT0)
                                                     -0.127     3.145 r  static         <hidden>/<hidden>/<hidden>/<hidden>/<hidden>/<hidden>/<hidden>/<hidden>
                         net (fo=2, routed)           0.245     3.390    static         <hidden>/<hidden>/<hidden>/<hidden>
    BUFGCE_X0Y136.I                                                   r  static         <hidden>/<hidden>/<hidden>/<hidden>
    BUFGCE_X0Y136.O      BUFGCE (Prop_BUFCE_BUFGCE_I_O)
                                                      0.028     3.418 r  static         <hidden>/<hidden>/<hidden>/<hidden>
    X3Y5 (CLOCK_ROOT)    net (fo=4881, routed)        2.425     5.843    static         <hidden>/<hidden>/<hidden>/<hidden>/<hidden>/<hidden>/<hidden>
    SLICE_X176Y300.CLK   FDRE                                         r  static         <hidden>/<hidden>/<hidden>/<hidden>/<hidden>/<hidden>/<hidden>
  -------------------------------------------------------------------    ----------------------------------
    SLICE_X176Y300.Q     FDRE (Prop_HFF2_SLICEM_C_Q)
                                                      0.078     5.921 f  static         <hidden>/<hidden>/<hidden>/<hidden>/<hidden>/<hidden>/<hidden>
                         net (fo=1157, routed)        2.736     8.656    static         <hidden>/<hidden>/<hidden>/<hidden>/<hidden>/<hidden>/<hidden>
    SLICE_X177Y241.A1                                                 f  static         <hidden>/<hidden>/<hidden>/<hidden>/<hidden>/<hidden>/<hidden>
    SLICE_X177Y241.O5    LUT3 (Prop_H5LUT_SLICEL_I2_O)
                                                      0.158     8.814 r  static         <hidden>/<hidden>/<hidden>/<hidden>/<hidden>/<hidden>/<hidden>
                         net (fo=1, routed)           0.015     8.829    static         <hidden>/<hidden>/<hidden>/<hidden>/<hidden>/<hidden>/<hidden>
    SLICE_X177Y241.D     FDRE                                         r  static         <hidden>/<hidden>/<hidden>/<hidden>/<hidden>/<hidden>/<hidden>
  -------------------------------------------------------------------    ----------------------------------

                         (clock clk_main_a0 rise edge)
                                                      4.000     4.000 r                 
    BJ4                                               0.000     4.000 r  static         <hidden>
                         net (fo=0)                   0.079     4.079    static         <hidden>/<hidden>/<hidden>/<hidden>
    HPIOBDIFFINBUF_X0Y130.DIFF_IN_P
                                                                      r  static         <hidden>/<hidden>/<hidden>/<hidden>
    HPIOBDIFFINBUF_X0Y130.O
                         DIFFINBUF (Prop_DIFFINBUF_HPIOBDIFFINBUF_DIFF_IN_P_O)
                                                      0.750     4.829 r  static         <hidden>/<hidden>/<hidden>/<hidden>
                         net (fo=1, routed)           0.040     4.869    static         <hidden>/<hidden>/<hidden>/<hidden>
    BJ4.I                                                             r  static         <hidden>/<hidden>/<hidden>/<hidden>
    BJ4.O                IBUFCTRL (Prop_IBUFCTRL_HPIOB_M_I_O)
                                                      0.000     4.869 r  static         <hidden>/<hidden>/<hidden>/<hidden>
                         net (fo=1, routed)           0.309     5.178    static         <hidden>/<hidden>/<hidden>
    BUFGCE_X0Y122.I                                                   r  static         <hidden>/<hidden>/<hidden>
    BUFGCE_X0Y122.O      BUFGCE (Prop_BUFCE_BUFGCE_I_O)
                                                      0.024     5.202 r  static         <hidden>/<hidden>/<hidden>
                         net (fo=3, routed)           1.690     6.892    static         <hidden>/<hidden>/<hidden>/<hidden>/<hidden>/<hidden>/<hidden>/<hidden>
    MMCM_X0Y5.CLKIN1                                                  r  static         <hidden>/<hidden>/<hidden>/<hidden>/<hidden>/<hidden>/<hidden>/<hidden>
    MMCM_X0Y5.CLKOUT0    MMCME4_ADV (Prop_MMCM_CLKIN1_CLKOUT0)
                                                      0.630     7.522 r  static         <hidden>/<hidden>/<hidden>/<hidden>/<hidden>/<hidden>/<hidden>/<hidden>
                         net (fo=2, routed)           0.215     7.737    static         <hidden>/<hidden>/<hidden>/<hidden>
    BUFGCE_X0Y136.I                                                   r  static         <hidden>/<hidden>/<hidden>/<hidden>
    BUFGCE_X0Y136.O      BUFGCE (Prop_BUFCE_BUFGCE_I_O)
                                                      0.024     7.761 r  static         <hidden>/<hidden>/<hidden>/<hidden>
    X3Y5 (CLOCK_ROOT)    net (fo=4881, routed)        2.176     9.938    static         <hidden>/<hidden>/<hidden>/<hidden>/<hidden>/<hidden>/<hidden>
    SLICE_X177Y241.CLK   FDRE                                         r  static         <hidden>/<hidden>/<hidden>/<hidden>/<hidden>/<hidden>/<hidden>
                         clock pessimism             -0.299     9.639                     
                         clock uncertainty           -0.059     9.580                     
    SLICE_X177Y241       FDRE (Setup_HFF2_SLICEL_C_D)
                                                      0.025     9.605    static           <hidden>/<hidden>/<hidden>/<hidden>/<hidden>/<hidden>/<hidden>
  -------------------------------------------------------------------
                         required time                          9.605                     
                         arrival time                          -8.829                     
  -------------------------------------------------------------------
                         slack                                  0.776                     

Slack (MET) :             0.784ns  (required time - arrival time)
  Source:                 <hidden>/<hidden>/<hidden>/<hidden>/<hidden>/<hidden>/<hidden>
                            (rising edge-triggered cell FDRE clocked by clk_main_a0  {rise@0.000ns fall@2.000ns period=4.000ns})
  Destination:            <hidden>/<hidden>/<hidden>/<hidden>/<hidden>/<hidden>/<hidden>
                            (rising edge-triggered cell FDRE clocked by clk_main_a0  {rise@0.000ns fall@2.000ns period=4.000ns})
  Path Group:             clk_main_a0
  Path Type:              Setup (Max at Slow Process Corner)
  Requirement:            4.000ns  (clk_main_a0 rise@4.000ns - clk_main_a0 rise@0.000ns)
  Data Path Delay:        2.952ns  (logic 0.201ns (6.808%)  route 2.751ns (93.192%))
  Logic Levels:           1  (LUT3=1)
  Clock Path Skew:        -0.230ns (DCD - SCD + CPR)
    Destination Clock Delay (DCD):    5.944ns = ( 9.944 - 4.000 ) 
    Source Clock Delay      (SCD):    5.880ns
    Clock Pessimism Removal (CPR):    -0.295ns
  Clock Uncertainty:      0.059ns  ((TSJ^2 + DJ^2)^1/2) / 2 + PE
    Total System Jitter     (TSJ):    0.071ns
    Discrete Jitter          (DJ):    0.094ns
    Phase Error              (PE):    0.000ns
  Clock Net Delay (Source):      2.462ns (routing 0.460ns, distribution 2.002ns)
  Clock Net Delay (Destination): 2.183ns (routing 0.419ns, distribution 1.764ns)

    Location             Delay type                Incr(ns)  Path(ns)    Partition      Netlist Resource(s)
  -------------------------------------------------------------------    ----------------------------------
                         (clock clk_main_a0 rise edge)
                                                      0.000     0.000 r                 
    BJ4                                               0.000     0.000 r  static         <hidden>
                         net (fo=0)                   0.100     0.100    static         <hidden>/<hidden>/<hidden>/<hidden>
    HPIOBDIFFINBUF_X0Y130.DIFF_IN_P
                                                                      r  static         <hidden>/<hidden>/<hidden>/<hidden>
    HPIOBDIFFINBUF_X0Y130.O
                         DIFFINBUF (Prop_DIFFINBUF_HPIOBDIFFINBUF_DIFF_IN_P_O)
                                                      0.863     0.963 r  static         <hidden>/<hidden>/<hidden>/<hidden>
                         net (fo=1, routed)           0.050     1.013    static         <hidden>/<hidden>/<hidden>/<hidden>
    BJ4.I                                                             r  static         <hidden>/<hidden>/<hidden>/<hidden>
    BJ4.O                IBUFCTRL (Prop_IBUFCTRL_HPIOB_M_I_O)
                                                      0.000     1.013 r  static         <hidden>/<hidden>/<hidden>/<hidden>
                         net (fo=1, routed)           0.348     1.361    static         <hidden>/<hidden>/<hidden>
    BUFGCE_X0Y122.I                                                   r  static         <hidden>/<hidden>/<hidden>
    BUFGCE_X0Y122.O      BUFGCE (Prop_BUFCE_BUFGCE_I_O)
                                                      0.028     1.389 r  static         <hidden>/<hidden>/<hidden>
                         net (fo=3, routed)           1.883     3.272    static         <hidden>/<hidden>/<hidden>/<hidden>/<hidden>/<hidden>/<hidden>/<hidden>
    MMCM_X0Y5.CLKIN1                                                  r  static         <hidden>/<hidden>/<hidden>/<hidden>/<hidden>/<hidden>/<hidden>/<hidden>
    MMCM_X0Y5.CLKOUT0    MMCME4_ADV (Prop_MMCM_CLKIN1_CLKOUT0)
                                                     -0.127     3.145 r  static         <hidden>/<hidden>/<hidden>/<hidden>/<hidden>/<hidden>/<hidden>/<hidden>
                         net (fo=2, routed)           0.245     3.390    static         <hidden>/<hidden>/<hidden>/<hidden>
    BUFGCE_X0Y136.I                                                   r  static         <hidden>/<hidden>/<hidden>/<hidden>
    BUFGCE_X0Y136.O      BUFGCE (Prop_BUFCE_BUFGCE_I_O)
                                                      0.028     3.418 r  static         <hidden>/<hidden>/<hidden>/<hidden>
    X3Y5 (CLOCK_ROOT)    net (fo=4881, routed)        2.462     5.880    static         <hidden>/<hidden>/<hidden>/<hidden>/<hidden>/<hidden>/<hidden>
    SLICE_X176Y460.CLK   FDRE                                         r  static         <hidden>/<hidden>/<hidden>/<hidden>/<hidden>/<hidden>/<hidden>
  -------------------------------------------------------------------    ----------------------------------
    SLICE_X176Y460.Q     FDRE (Prop_CFF_SLICEM_C_Q)
                                                      0.078     5.958 f  static         <hidden>/<hidden>/<hidden>/<hidden>/<hidden>/<hidden>/<hidden>
                         net (fo=1065, routed)        2.692     8.650    static         <hidden>/<hidden>/<hidden>/<hidden>/<hidden>/<hidden>/<hidden>
    SLICE_X176Y394.A2                                                 f  static         <hidden>/<hidden>/<hidden>/<hidden>/<hidden>/<hidden>/<hidden>
    SLICE_X176Y394.O6    LUT3 (Prop_G6LUT_SLICEM_I2_O)
                                                      0.123     8.773 r  static         <hidden>/<hidden>/<hidden>/<hidden>/<hidden>/<hidden>/<hidden>
                         net (fo=1, routed)           0.059     8.832    static         <hidden>/<hidden>/<hidden>/<hidden>/<hidden>/<hidden>/<hidden>
    SLICE_X176Y394.D     FDRE                                         r  static         <hidden>/<hidden>/<hidden>/<hidden>/<hidden>/<hidden>/<hidden>
  -------------------------------------------------------------------    ----------------------------------

                         (clock clk_main_a0 rise edge)
                                                      4.000     4.000 r                 
    BJ4                                               0.000     4.000 r  static         <hidden>
                         net (fo=0)                   0.079     4.079    static         <hidden>/<hidden>/<hidden>/<hidden>
    HPIOBDIFFINBUF_X0Y130.DIFF_IN_P
                                                                      r  static         <hidden>/<hidden>/<hidden>/<hidden>
    HPIOBDIFFINBUF_X0Y130.O
                         DIFFINBUF (Prop_DIFFINBUF_HPIOBDIFFINBUF_DIFF_IN_P_O)
                                                      0.750     4.829 r  static         <hidden>/<hidden>/<hidden>/<hidden>
                         net (fo=1, routed)           0.040     4.869    static         <hidden>/<hidden>/<hidden>/<hidden>
    BJ4.I                                                             r  static         <hidden>/<hidden>/<hidden>/<hidden>
    BJ4.O                IBUFCTRL (Prop_IBUFCTRL_HPIOB_M_I_O)
                                                      0.000     4.869 r  static         <hidden>/<hidden>/<hidden>/<hidden>
                         net (fo=1, routed)           0.309     5.178    static         <hidden>/<hidden>/<hidden>
    BUFGCE_X0Y122.I                                                   r  static         <hidden>/<hidden>/<hidden>
    BUFGCE_X0Y122.O      BUFGCE (Prop_BUFCE_BUFGCE_I_O)
                                                      0.024     5.202 r  static         <hidden>/<hidden>/<hidden>
                         net (fo=3, routed)           1.690     6.892    static         <hidden>/<hidden>/<hidden>/<hidden>/<hidden>/<hidden>/<hidden>/<hidden>
    MMCM_X0Y5.CLKIN1                                                  r  static         <hidden>/<hidden>/<hidden>/<hidden>/<hidden>/<hidden>/<hidden>/<hidden>
    MMCM_X0Y5.CLKOUT0    MMCME4_ADV (Prop_MMCM_CLKIN1_CLKOUT0)
                                                      0.630     7.522 r  static         <hidden>/<hidden>/<hidden>/<hidden>/<hidden>/<hidden>/<hidden>/<hidden>
                         net (fo=2, routed)           0.215     7.737    static         <hidden>/<hidden>/<hidden>/<hidden>
    BUFGCE_X0Y136.I                                                   r  static         <hidden>/<hidden>/<hidden>/<hidden>
    BUFGCE_X0Y136.O      BUFGCE (Prop_BUFCE_BUFGCE_I_O)
                                                      0.024     7.761 r  static         <hidden>/<hidden>/<hidden>/<hidden>
    X3Y5 (CLOCK_ROOT)    net (fo=4881, routed)        2.183     9.944    static         <hidden>/<hidden>/<hidden>/<hidden>/<hidden>/<hidden>/<hidden>
    SLICE_X176Y394.CLK   FDRE                                         r  static         <hidden>/<hidden>/<hidden>/<hidden>/<hidden>/<hidden>/<hidden>
                         clock pessimism             -0.295     9.649                     
                         clock uncertainty           -0.059     9.591                     
    SLICE_X176Y394       FDRE (Setup_GFF_SLICEM_C_D)
                                                      0.025     9.616    static           <hidden>/<hidden>/<hidden>/<hidden>/<hidden>/<hidden>/<hidden>
  -------------------------------------------------------------------
                         required time                          9.616                     
                         arrival time                          -8.832                     
  -------------------------------------------------------------------
                         slack                                  0.784                     

Slack (MET) :             0.806ns  (required time - arrival time)
  Source:                 <hidden>/<hidden>/<hidden>/<hidden>/<hidden>/<hidden>/<hidden>
                            (rising edge-triggered cell FDRE clocked by clk_main_a0  {rise@0.000ns fall@2.000ns period=4.000ns})
  Destination:            <hidden>/<hidden>/<hidden>/<hidden>/<hidden>/<hidden>/<hidden>
                            (rising edge-triggered cell FDRE clocked by clk_main_a0  {rise@0.000ns fall@2.000ns period=4.000ns})
  Path Group:             clk_main_a0
  Path Type:              Setup (Max at Slow Process Corner)
  Requirement:            4.000ns  (clk_main_a0 rise@4.000ns - clk_main_a0 rise@0.000ns)
  Data Path Delay:        2.930ns  (logic 0.215ns (7.337%)  route 2.715ns (92.663%))
  Logic Levels:           1  (LUT3=1)
  Clock Path Skew:        -0.230ns (DCD - SCD + CPR)
    Destination Clock Delay (DCD):    5.944ns = ( 9.944 - 4.000 ) 
    Source Clock Delay      (SCD):    5.880ns
    Clock Pessimism Removal (CPR):    -0.295ns
  Clock Uncertainty:      0.059ns  ((TSJ^2 + DJ^2)^1/2) / 2 + PE
    Total System Jitter     (TSJ):    0.071ns
    Discrete Jitter          (DJ):    0.094ns
    Phase Error              (PE):    0.000ns
  Clock Net Delay (Source):      2.462ns (routing 0.460ns, distribution 2.002ns)
  Clock Net Delay (Destination): 2.183ns (routing 0.419ns, distribution 1.764ns)

    Location             Delay type                Incr(ns)  Path(ns)    Partition      Netlist Resource(s)
  -------------------------------------------------------------------    ----------------------------------
                         (clock clk_main_a0 rise edge)
                                                      0.000     0.000 r                 
    BJ4                                               0.000     0.000 r  static         <hidden>
                         net (fo=0)                   0.100     0.100    static         <hidden>/<hidden>/<hidden>/<hidden>
    HPIOBDIFFINBUF_X0Y130.DIFF_IN_P
                                                                      r  static         <hidden>/<hidden>/<hidden>/<hidden>
    HPIOBDIFFINBUF_X0Y130.O
                         DIFFINBUF (Prop_DIFFINBUF_HPIOBDIFFINBUF_DIFF_IN_P_O)
                                                      0.863     0.963 r  static         <hidden>/<hidden>/<hidden>/<hidden>
                         net (fo=1, routed)           0.050     1.013    static         <hidden>/<hidden>/<hidden>/<hidden>
    BJ4.I                                                             r  static         <hidden>/<hidden>/<hidden>/<hidden>
    BJ4.O                IBUFCTRL (Prop_IBUFCTRL_HPIOB_M_I_O)
                                                      0.000     1.013 r  static         <hidden>/<hidden>/<hidden>/<hidden>
                         net (fo=1, routed)           0.348     1.361    static         <hidden>/<hidden>/<hidden>
    BUFGCE_X0Y122.I                                                   r  static         <hidden>/<hidden>/<hidden>
    BUFGCE_X0Y122.O      BUFGCE (Prop_BUFCE_BUFGCE_I_O)
                                                      0.028     1.389 r  static         <hidden>/<hidden>/<hidden>
                         net (fo=3, routed)           1.883     3.272    static         <hidden>/<hidden>/<hidden>/<hidden>/<hidden>/<hidden>/<hidden>/<hidden>
    MMCM_X0Y5.CLKIN1                                                  r  static         <hidden>/<hidden>/<hidden>/<hidden>/<hidden>/<hidden>/<hidden>/<hidden>
    MMCM_X0Y5.CLKOUT0    MMCME4_ADV (Prop_MMCM_CLKIN1_CLKOUT0)
                                                     -0.127     3.145 r  static         <hidden>/<hidden>/<hidden>/<hidden>/<hidden>/<hidden>/<hidden>/<hidden>
                         net (fo=2, routed)           0.245     3.390    static         <hidden>/<hidden>/<hidden>/<hidden>
    BUFGCE_X0Y136.I                                                   r  static         <hidden>/<hidden>/<hidden>/<hidden>
    BUFGCE_X0Y136.O      BUFGCE (Prop_BUFCE_BUFGCE_I_O)
                                                      0.028     3.418 r  static         <hidden>/<hidden>/<hidden>/<hidden>
    X3Y5 (CLOCK_ROOT)    net (fo=4881, routed)        2.462     5.880    static         <hidden>/<hidden>/<hidden>/<hidden>/<hidden>/<hidden>/<hidden>
    SLICE_X176Y460.CLK   FDRE                                         r  static         <hidden>/<hidden>/<hidden>/<hidden>/<hidden>/<hidden>/<hidden>
  -------------------------------------------------------------------    ----------------------------------
    SLICE_X176Y460.Q     FDRE (Prop_CFF_SLICEM_C_Q)
                                                      0.078     5.958 f  static         <hidden>/<hidden>/<hidden>/<hidden>/<hidden>/<hidden>/<hidden>
                         net (fo=1065, routed)        2.692     8.650    static         <hidden>/<hidden>/<hidden>/<hidden>/<hidden>/<hidden>/<hidden>
    SLICE_X176Y394.A2                                                 f  static         <hidden>/<hidden>/<hidden>/<hidden>/<hidden>/<hidden>/<hidden>
    SLICE_X176Y394.O5    LUT3 (Prop_G5LUT_SLICEM_I2_O)
                                                      0.137     8.787 r  static         <hidden>/<hidden>/<hidden>/<hidden>/<hidden>/<hidden>/<hidden>
                         net (fo=1, routed)           0.023     8.810    static         <hidden>/<hidden>/<hidden>/<hidden>/<hidden>/<hidden>/<hidden>
    SLICE_X176Y394.D     FDRE                                         r  static         <hidden>/<hidden>/<hidden>/<hidden>/<hidden>/<hidden>/<hidden>
  -------------------------------------------------------------------    ----------------------------------

                         (clock clk_main_a0 rise edge)
                                                      4.000     4.000 r                 
    BJ4                                               0.000     4.000 r  static         <hidden>
                         net (fo=0)                   0.079     4.079    static         <hidden>/<hidden>/<hidden>/<hidden>
    HPIOBDIFFINBUF_X0Y130.DIFF_IN_P
                                                                      r  static         <hidden>/<hidden>/<hidden>/<hidden>
    HPIOBDIFFINBUF_X0Y130.O
                         DIFFINBUF (Prop_DIFFINBUF_HPIOBDIFFINBUF_DIFF_IN_P_O)
                                                      0.750     4.829 r  static         <hidden>/<hidden>/<hidden>/<hidden>
                         net (fo=1, routed)           0.040     4.869    static         <hidden>/<hidden>/<hidden>/<hidden>
    BJ4.I                                                             r  static         <hidden>/<hidden>/<hidden>/<hidden>
    BJ4.O                IBUFCTRL (Prop_IBUFCTRL_HPIOB_M_I_O)
                                                      0.000     4.869 r  static         <hidden>/<hidden>/<hidden>/<hidden>
                         net (fo=1, routed)           0.309     5.178    static         <hidden>/<hidden>/<hidden>
    BUFGCE_X0Y122.I                                                   r  static         <hidden>/<hidden>/<hidden>
    BUFGCE_X0Y122.O      BUFGCE (Prop_BUFCE_BUFGCE_I_O)
                                                      0.024     5.202 r  static         <hidden>/<hidden>/<hidden>
                         net (fo=3, routed)           1.690     6.892    static         <hidden>/<hidden>/<hidden>/<hidden>/<hidden>/<hidden>/<hidden>/<hidden>
    MMCM_X0Y5.CLKIN1                                                  r  static         <hidden>/<hidden>/<hidden>/<hidden>/<hidden>/<hidden>/<hidden>/<hidden>
    MMCM_X0Y5.CLKOUT0    MMCME4_ADV (Prop_MMCM_CLKIN1_CLKOUT0)
                                                      0.630     7.522 r  static         <hidden>/<hidden>/<hidden>/<hidden>/<hidden>/<hidden>/<hidden>/<hidden>
                         net (fo=2, routed)           0.215     7.737    static         <hidden>/<hidden>/<hidden>/<hidden>
    BUFGCE_X0Y136.I                                                   r  static         <hidden>/<hidden>/<hidden>/<hidden>
    BUFGCE_X0Y136.O      BUFGCE (Prop_BUFCE_BUFGCE_I_O)
                                                      0.024     7.761 r  static         <hidden>/<hidden>/<hidden>/<hidden>
    X3Y5 (CLOCK_ROOT)    net (fo=4881, routed)        2.183     9.944    static         <hidden>/<hidden>/<hidden>/<hidden>/<hidden>/<hidden>/<hidden>
    SLICE_X176Y394.CLK   FDRE                                         r  static         <hidden>/<hidden>/<hidden>/<hidden>/<hidden>/<hidden>/<hidden>
                         clock pessimism             -0.295     9.649                     
                         clock uncertainty           -0.059     9.591                     
    SLICE_X176Y394       FDRE (Setup_GFF2_SLICEM_C_D)
                                                      0.025     9.616    static           <hidden>/<hidden>/<hidden>/<hidden>/<hidden>/<hidden>/<hidden>
  -------------------------------------------------------------------
                         required time                          9.616                     
                         arrival time                          -8.810                     
  -------------------------------------------------------------------
                         slack                                  0.806                     

Slack (MET) :             0.858ns  (required time - arrival time)
  Source:                 <hidden>/<hidden>/<hidden>
                            (rising edge-triggered cell FDRE clocked by clk_main_a0  {rise@0.000ns fall@2.000ns period=4.000ns})
  Destination:            <hidden>/<hidden>/<hidden>/<hidden>
                            (rising edge-triggered cell FDRE clocked by clk_main_a0  {rise@0.000ns fall@2.000ns period=4.000ns})
  Path Group:             clk_main_a0
  Path Type:              Setup (Max at Slow Process Corner)
  Requirement:            4.000ns  (clk_main_a0 rise@4.000ns - clk_main_a0 rise@0.000ns)
  Data Path Delay:        2.477ns  (logic 0.079ns (3.189%)  route 2.398ns (96.811%))
  Logic Levels:           0  
  Clock Path Skew:        -0.300ns (DCD - SCD + CPR)
    Destination Clock Delay (DCD):    5.822ns = ( 9.822 - 4.000 ) 
    Source Clock Delay      (SCD):    5.827ns
    Clock Pessimism Removal (CPR):    -0.296ns
  Clock Uncertainty:      0.059ns  ((TSJ^2 + DJ^2)^1/2) / 2 + PE
    Total System Jitter     (TSJ):    0.071ns
    Discrete Jitter          (DJ):    0.094ns
    Phase Error              (PE):    0.000ns
  Inter-SLR Compensation: 0.233ns  ((DCD - CCD) * PF)
    Destination Clock Delay (DCD):    5.822ns
    Common Clock Delay      (CCD):    4.270ns
    Prorating Factor         (PF):    0.150
  Clock Net Delay (Source):      2.409ns (routing 0.461ns, distribution 1.948ns)
  Clock Net Delay (Destination): 2.061ns (routing 0.421ns, distribution 1.640ns)

    Location             Delay type                Incr(ns)  Path(ns)    Partition      PBlock               Netlist Resource(s)
  -------------------------------------------------------------------    -------------------------------------------------------
                         (clock clk_main_a0 rise edge)
                                                      0.000     0.000 r                                      
    BJ4                                               0.000     0.000 r  static                              <hidden>
                         net (fo=0)                   0.100     0.100    static                              <hidden>/<hidden>/<hidden>/<hidden>
    HPIOBDIFFINBUF_X0Y130.DIFF_IN_P
                                                                      r  static                              <hidden>/<hidden>/<hidden>/<hidden>
    HPIOBDIFFINBUF_X0Y130.O
                         DIFFINBUF (Prop_DIFFINBUF_HPIOBDIFFINBUF_DIFF_IN_P_O)
                                                      0.863     0.963 r  static                              <hidden>/<hidden>/<hidden>/<hidden>
                         net (fo=1, routed)           0.050     1.013    static                              <hidden>/<hidden>/<hidden>/<hidden>
    BJ4.I                                                             r  static                              <hidden>/<hidden>/<hidden>/<hidden>
    BJ4.O                IBUFCTRL (Prop_IBUFCTRL_HPIOB_M_I_O)
                                                      0.000     1.013 r  static                              <hidden>/<hidden>/<hidden>/<hidden>
                         net (fo=1, routed)           0.348     1.361    static                              <hidden>/<hidden>/<hidden>
    BUFGCE_X0Y122.I                                                   r  static                              <hidden>/<hidden>/<hidden>
    BUFGCE_X0Y122.O      BUFGCE (Prop_BUFCE_BUFGCE_I_O)
                                                      0.028     1.389 r  static                              <hidden>/<hidden>/<hidden>
                         net (fo=3, routed)           1.883     3.272    static                              <hidden>/<hidden>/<hidden>/<hidden>/<hidden>/<hidden>/<hidden>/<hidden>
    MMCM_X0Y5.CLKIN1                                                  r  static                              <hidden>/<hidden>/<hidden>/<hidden>/<hidden>/<hidden>/<hidden>/<hidden>
    MMCM_X0Y5.CLKOUT0    MMCME4_ADV (Prop_MMCM_CLKIN1_CLKOUT0)
                                                     -0.127     3.145 r  static                              <hidden>/<hidden>/<hidden>/<hidden>/<hidden>/<hidden>/<hidden>/<hidden>
                         net (fo=2, routed)           0.245     3.390    static                              <hidden>/<hidden>/<hidden>/<hidden>
    BUFGCE_X0Y135.I                                                   r  static                              <hidden>/<hidden>/<hidden>/<hidden>
    BUFGCE_X0Y135.O      BUFGCE (Prop_BUFCE_BUFGCE_I_O)
                                                      0.028     3.418 r  static                              <hidden>/<hidden>/<hidden>/<hidden>
    X3Y5 (CLOCK_ROOT)    net (fo=313, estimated)      2.409     5.827    boundary                            <hidden>/<hidden>/<hidden>
    SLICE_X165Y372.CLK   FDRE                                         r  reconfigurable pblock_CL            <hidden>/<hidden>/<hidden>
  -------------------------------------------------------------------    -------------------------------------------------------
    SLICE_X165Y372.Q     FDRE (Prop_EFF_SLICEL_C_Q)
                                                      0.079     5.906 f  reconfigurable pblock_CL            <hidden>/<hidden>/<hidden>
                         net (fo=92, estimated)       2.398     8.304    reconfigurable                      <hidden>/<hidden>/<hidden>/<hidden>
    SLR Crossing[1->2]   
    SLICE_X136Y517.SR    FDRE                                         r  reconfigurable pblock_CL            <hidden>/<hidden>/<hidden>/<hidden>  (IS_INVERTED)
  -------------------------------------------------------------------    -------------------------------------------------------

                         (clock clk_main_a0 rise edge)
                                                      4.000     4.000 r                                      
    BJ4                                               0.000     4.000 r  static                              <hidden>
                         net (fo=0)                   0.079     4.079    static                              <hidden>/<hidden>/<hidden>/<hidden>
    HPIOBDIFFINBUF_X0Y130.DIFF_IN_P
                                                                      r  static                              <hidden>/<hidden>/<hidden>/<hidden>
    HPIOBDIFFINBUF_X0Y130.O
                         DIFFINBUF (Prop_DIFFINBUF_HPIOBDIFFINBUF_DIFF_IN_P_O)
                                                      0.750     4.829 r  static                              <hidden>/<hidden>/<hidden>/<hidden>
                         net (fo=1, routed)           0.040     4.869    static                              <hidden>/<hidden>/<hidden>/<hidden>
    BJ4.I                                                             r  static                              <hidden>/<hidden>/<hidden>/<hidden>
    BJ4.O                IBUFCTRL (Prop_IBUFCTRL_HPIOB_M_I_O)
                                                      0.000     4.869 r  static                              <hidden>/<hidden>/<hidden>/<hidden>
                         net (fo=1, routed)           0.309     5.178    static                              <hidden>/<hidden>/<hidden>
    BUFGCE_X0Y122.I                                                   r  static                              <hidden>/<hidden>/<hidden>
    BUFGCE_X0Y122.O      BUFGCE (Prop_BUFCE_BUFGCE_I_O)
                                                      0.024     5.202 r  static                              <hidden>/<hidden>/<hidden>
                         net (fo=3, routed)           1.690     6.892    static                              <hidden>/<hidden>/<hidden>/<hidden>/<hidden>/<hidden>/<hidden>/<hidden>
    MMCM_X0Y5.CLKIN1                                                  r  static                              <hidden>/<hidden>/<hidden>/<hidden>/<hidden>/<hidden>/<hidden>/<hidden>
    MMCM_X0Y5.CLKOUT0    MMCME4_ADV (Prop_MMCM_CLKIN1_CLKOUT0)
                                                      0.630     7.522 r  static                              <hidden>/<hidden>/<hidden>/<hidden>/<hidden>/<hidden>/<hidden>/<hidden>
                         net (fo=2, routed)           0.215     7.737    static                              <hidden>/<hidden>/<hidden>/<hidden>
    BUFGCE_X0Y135.I                                                   r  static                              <hidden>/<hidden>/<hidden>/<hidden>
    BUFGCE_X0Y135.O      BUFGCE (Prop_BUFCE_BUFGCE_I_O)
                                                      0.024     7.761 r  static                              <hidden>/<hidden>/<hidden>/<hidden>
    X3Y5 (CLOCK_ROOT)    net (fo=313, estimated)      2.061     9.822    boundary                            <hidden>/<hidden>/<hidden>/<hidden>
    SLR Crossing[1->2]   
    SLICE_X136Y517.CLK   FDRE                                         r  reconfigurable pblock_CL            <hidden>/<hidden>/<hidden>/<hidden>
                         clock pessimism             -0.296     9.527                                            
                         inter-SLR compensation      -0.233     9.294                                            
                         clock uncertainty           -0.059     9.235                                            
    SLICE_X136Y517       FDRE (Setup_CFF_SLICEL_C_R)
                                                     -0.074     9.161    reconfigurable   pblock_CL              <hidden>/<hidden>/<hidden>/<hidden>
  -------------------------------------------------------------------
                         required time                          9.161                                            
                         arrival time                          -8.304                                            
  -------------------------------------------------------------------
                         slack                                  0.858                                            

Slack (MET) :             0.858ns  (required time - arrival time)
  Source:                 <hidden>/<hidden>/<hidden>
                            (rising edge-triggered cell FDRE clocked by clk_main_a0  {rise@0.000ns fall@2.000ns period=4.000ns})
  Destination:            <hidden>/<hidden>/<hidden>/<hidden>
                            (rising edge-triggered cell FDRE clocked by clk_main_a0  {rise@0.000ns fall@2.000ns period=4.000ns})
  Path Group:             clk_main_a0
  Path Type:              Setup (Max at Slow Process Corner)
  Requirement:            4.000ns  (clk_main_a0 rise@4.000ns - clk_main_a0 rise@0.000ns)
  Data Path Delay:        2.477ns  (logic 0.079ns (3.189%)  route 2.398ns (96.811%))
  Logic Levels:           0  
  Clock Path Skew:        -0.300ns (DCD - SCD + CPR)
    Destination Clock Delay (DCD):    5.822ns = ( 9.822 - 4.000 ) 
    Source Clock Delay      (SCD):    5.827ns
    Clock Pessimism Removal (CPR):    -0.296ns
  Clock Uncertainty:      0.059ns  ((TSJ^2 + DJ^2)^1/2) / 2 + PE
    Total System Jitter     (TSJ):    0.071ns
    Discrete Jitter          (DJ):    0.094ns
    Phase Error              (PE):    0.000ns
  Inter-SLR Compensation: 0.233ns  ((DCD - CCD) * PF)
    Destination Clock Delay (DCD):    5.822ns
    Common Clock Delay      (CCD):    4.270ns
    Prorating Factor         (PF):    0.150
  Clock Net Delay (Source):      2.409ns (routing 0.461ns, distribution 1.948ns)
  Clock Net Delay (Destination): 2.061ns (routing 0.421ns, distribution 1.640ns)

    Location             Delay type                Incr(ns)  Path(ns)    Partition      PBlock               Netlist Resource(s)
  -------------------------------------------------------------------    -------------------------------------------------------
                         (clock clk_main_a0 rise edge)
                                                      0.000     0.000 r                                      
    BJ4                                               0.000     0.000 r  static                              <hidden>
                         net (fo=0)                   0.100     0.100    static                              <hidden>/<hidden>/<hidden>/<hidden>
    HPIOBDIFFINBUF_X0Y130.DIFF_IN_P
                                                                      r  static                              <hidden>/<hidden>/<hidden>/<hidden>
    HPIOBDIFFINBUF_X0Y130.O
                         DIFFINBUF (Prop_DIFFINBUF_HPIOBDIFFINBUF_DIFF_IN_P_O)
                                                      0.863     0.963 r  static                              <hidden>/<hidden>/<hidden>/<hidden>
                         net (fo=1, routed)           0.050     1.013    static                              <hidden>/<hidden>/<hidden>/<hidden>
    BJ4.I                                                             r  static                              <hidden>/<hidden>/<hidden>/<hidden>
    BJ4.O                IBUFCTRL (Prop_IBUFCTRL_HPIOB_M_I_O)
                                                      0.000     1.013 r  static                              <hidden>/<hidden>/<hidden>/<hidden>
                         net (fo=1, routed)           0.348     1.361    static                              <hidden>/<hidden>/<hidden>
    BUFGCE_X0Y122.I                                                   r  static                              <hidden>/<hidden>/<hidden>
    BUFGCE_X0Y122.O      BUFGCE (Prop_BUFCE_BUFGCE_I_O)
                                                      0.028     1.389 r  static                              <hidden>/<hidden>/<hidden>
                         net (fo=3, routed)           1.883     3.272    static                              <hidden>/<hidden>/<hidden>/<hidden>/<hidden>/<hidden>/<hidden>/<hidden>
    MMCM_X0Y5.CLKIN1                                                  r  static                              <hidden>/<hidden>/<hidden>/<hidden>/<hidden>/<hidden>/<hidden>/<hidden>
    MMCM_X0Y5.CLKOUT0    MMCME4_ADV (Prop_MMCM_CLKIN1_CLKOUT0)
                                                     -0.127     3.145 r  static                              <hidden>/<hidden>/<hidden>/<hidden>/<hidden>/<hidden>/<hidden>/<hidden>
                         net (fo=2, routed)           0.245     3.390    static                              <hidden>/<hidden>/<hidden>/<hidden>
    BUFGCE_X0Y135.I                                                   r  static                              <hidden>/<hidden>/<hidden>/<hidden>
    BUFGCE_X0Y135.O      BUFGCE (Prop_BUFCE_BUFGCE_I_O)
                                                      0.028     3.418 r  static                              <hidden>/<hidden>/<hidden>/<hidden>
    X3Y5 (CLOCK_ROOT)    net (fo=313, estimated)      2.409     5.827    boundary                            <hidden>/<hidden>/<hidden>
    SLICE_X165Y372.CLK   FDRE                                         r  reconfigurable pblock_CL            <hidden>/<hidden>/<hidden>
  -------------------------------------------------------------------    -------------------------------------------------------
    SLICE_X165Y372.Q     FDRE (Prop_EFF_SLICEL_C_Q)
                                                      0.079     5.906 f  reconfigurable pblock_CL            <hidden>/<hidden>/<hidden>
                         net (fo=92, estimated)       2.398     8.304    reconfigurable                      <hidden>/<hidden>/<hidden>/<hidden>
    SLR Crossing[1->2]   
    SLICE_X136Y517.SR    FDRE                                         r  reconfigurable pblock_CL            <hidden>/<hidden>/<hidden>/<hidden>  (IS_INVERTED)
  -------------------------------------------------------------------    -------------------------------------------------------

                         (clock clk_main_a0 rise edge)
                                                      4.000     4.000 r                                      
    BJ4                                               0.000     4.000 r  static                              <hidden>
                         net (fo=0)                   0.079     4.079    static                              <hidden>/<hidden>/<hidden>/<hidden>
    HPIOBDIFFINBUF_X0Y130.DIFF_IN_P
                                                                      r  static                              <hidden>/<hidden>/<hidden>/<hidden>
    HPIOBDIFFINBUF_X0Y130.O
                         DIFFINBUF (Prop_DIFFINBUF_HPIOBDIFFINBUF_DIFF_IN_P_O)
                                                      0.750     4.829 r  static                              <hidden>/<hidden>/<hidden>/<hidden>
                         net (fo=1, routed)           0.040     4.869    static                              <hidden>/<hidden>/<hidden>/<hidden>
    BJ4.I                                                             r  static                              <hidden>/<hidden>/<hidden>/<hidden>
    BJ4.O                IBUFCTRL (Prop_IBUFCTRL_HPIOB_M_I_O)
                                                      0.000     4.869 r  static                              <hidden>/<hidden>/<hidden>/<hidden>
                         net (fo=1, routed)           0.309     5.178    static                              <hidden>/<hidden>/<hidden>
    BUFGCE_X0Y122.I                                                   r  static                              <hidden>/<hidden>/<hidden>
    BUFGCE_X0Y122.O      BUFGCE (Prop_BUFCE_BUFGCE_I_O)
                                                      0.024     5.202 r  static                              <hidden>/<hidden>/<hidden>
                         net (fo=3, routed)           1.690     6.892    static                              <hidden>/<hidden>/<hidden>/<hidden>/<hidden>/<hidden>/<hidden>/<hidden>
    MMCM_X0Y5.CLKIN1                                                  r  static                              <hidden>/<hidden>/<hidden>/<hidden>/<hidden>/<hidden>/<hidden>/<hidden>
    MMCM_X0Y5.CLKOUT0    MMCME4_ADV (Prop_MMCM_CLKIN1_CLKOUT0)
                                                      0.630     7.522 r  static                              <hidden>/<hidden>/<hidden>/<hidden>/<hidden>/<hidden>/<hidden>/<hidden>
                         net (fo=2, routed)           0.215     7.737    static                              <hidden>/<hidden>/<hidden>/<hidden>
    BUFGCE_X0Y135.I                                                   r  static                              <hidden>/<hidden>/<hidden>/<hidden>
    BUFGCE_X0Y135.O      BUFGCE (Prop_BUFCE_BUFGCE_I_O)
                                                      0.024     7.761 r  static                              <hidden>/<hidden>/<hidden>/<hidden>
    X3Y5 (CLOCK_ROOT)    net (fo=313, estimated)      2.061     9.822    boundary                            <hidden>/<hidden>/<hidden>/<hidden>
    SLR Crossing[1->2]   
    SLICE_X136Y517.CLK   FDRE                                         r  reconfigurable pblock_CL            <hidden>/<hidden>/<hidden>/<hidden>
                         clock pessimism             -0.296     9.527                                            
                         inter-SLR compensation      -0.233     9.294                                            
                         clock uncertainty           -0.059     9.235                                            
    SLICE_X136Y517       FDRE (Setup_BFF_SLICEL_C_R)
                                                     -0.074     9.161    reconfigurable   pblock_CL              <hidden>/<hidden>/<hidden>/<hidden>
  -------------------------------------------------------------------
                         required time                          9.161                                            
                         arrival time                          -8.304                                            
  -------------------------------------------------------------------
                         slack                                  0.858                                            

Slack (MET) :             1.524ns  (required time - arrival time)
  Source:                 <hidden>/<hidden>/<hidden>/<hidden>
                            (rising edge-triggered cell FDRE clocked by clk_main_a0  {rise@0.000ns fall@2.000ns period=4.000ns})
  Destination:            <hidden>/<hidden>/<hidden>/<hidden>
                            (rising edge-triggered cell FDRE clocked by clk_out1_clk_mmcm_a  {rise@0.000ns fall@32.000ns period=64.000ns})
  Path Group:             clk_out1_clk_mmcm_a
  Path Type:              Setup (Max at Slow Process Corner)
  Requirement:            4.000ns  (MaxDelay Path 4.000ns)
  Data Path Delay:        2.501ns  (logic 0.081ns (3.239%)  route 2.420ns (96.761%))
  Logic Levels:           0  
  Timing Exception:       MaxDelay Path 4.000ns -datapath_only

    Location             Delay type                Incr(ns)  Path(ns)    Partition      PBlock               Netlist Resource(s)
  -------------------------------------------------------------------    -------------------------------------------------------
    SLICE_X163Y383.CLK                                0.000     0.000 r  reconfigurable pblock_CL            <hidden>/<hidden>/<hidden>/<hidden>
    SLICE_X163Y383.Q     FDRE (Prop_DFF2_SLICEL_C_Q)
                                                      0.081     0.081 r  reconfigurable pblock_CL            <hidden>/<hidden>/<hidden>/<hidden>
                         net (fo=2, estimated)        2.420     2.501    reconfigurable                      <hidden>/<hidden>/<hidden>/<hidden>
    SLR Crossing[1->2]   
    SLICE_X145Y551.D     FDRE                                         r  reconfigurable pblock_CL            <hidden>/<hidden>/<hidden>/<hidden>
  -------------------------------------------------------------------    -------------------------------------------------------

                         max delay                    4.000     4.000                                        
    SLICE_X145Y551       FDRE (Setup_DFF2_SLICEM_C_D)
                                                      0.025     4.025    reconfigurable   pblock_CL              <hidden>/<hidden>/<hidden>/<hidden>
  -------------------------------------------------------------------
                         required time                          4.025                                            
                         arrival time                          -2.501                                            
  -------------------------------------------------------------------
                         slack                                  1.524                                            

Slack (MET) :             3.730ns  (required time - arrival time)
  Source:                 <hidden>/<hidden>/<hidden>/<hidden>
                            (rising edge-triggered cell FDRE clocked by clk_main_a0  {rise@0.000ns fall@2.000ns period=4.000ns})
  Destination:            <hidden>/<hidden>/<hidden>/<hidden>
                            (rising edge-triggered cell FDRE clocked by clk_out1_clk_mmcm_a  {rise@0.000ns fall@32.000ns period=64.000ns})
  Path Group:             clk_out1_clk_mmcm_a
  Path Type:              Setup (Max at Slow Process Corner)
  Requirement:            4.000ns  (MaxDelay Path 4.000ns)
  Data Path Delay:        0.295ns  (logic 0.080ns (27.119%)  route 0.215ns (72.881%))
  Logic Levels:           0  
  Timing Exception:       MaxDelay Path 4.000ns -datapath_only

    Location             Delay type                Incr(ns)  Path(ns)    Partition      PBlock               Netlist Resource(s)
  -------------------------------------------------------------------    -------------------------------------------------------
    SLICE_X135Y517.CLK                                0.000     0.000 r  reconfigurable pblock_CL            <hidden>/<hidden>/<hidden>/<hidden>
    SLICE_X135Y517.Q     FDRE (Prop_CFF2_SLICEL_C_Q)
                                                      0.080     0.080 r  reconfigurable pblock_CL            <hidden>/<hidden>/<hidden>/<hidden>
                         net (fo=2, estimated)        0.215     0.295    reconfigurable                      <hidden>/<hidden>/<hidden>/<hidden>
    SLICE_X135Y520.D     FDRE                                         r  reconfigurable pblock_CL            <hidden>/<hidden>/<hidden>/<hidden>
  -------------------------------------------------------------------    -------------------------------------------------------

                         max delay                    4.000     4.000                                        
    SLICE_X135Y520       FDRE (Setup_HFF2_SLICEL_C_D)
                                                      0.025     4.025    reconfigurable   pblock_CL              <hidden>/<hidden>/<hidden>/<hidden>
  -------------------------------------------------------------------
                         required time                          4.025                                            
                         arrival time                          -0.295                                            
  -------------------------------------------------------------------
                         slack                                  3.730                                            

Slack (MET) :             7.426ns  (required time - arrival time)
  Source:                 WRAPPER/CL/AWS_CLK_GEN/CLK_GRP_A_EN_I.CLK_MMCM_A_I/inst/AXI_LITE_IPIF_I/I_SLAVE_ATTACHMENT/bus2ip_addr_i_reg[2]_rep__0/C
                            (rising edge-triggered cell FDRE clocked by clk_hbm_ref  {rise@0.000ns fall@5.000ns period=10.000ns})
  Destination:            WRAPPER/CL/AWS_CLK_GEN/CLK_GRP_A_EN_I.CLK_MMCM_A_I/inst/CLK_CORE_DRP_I/ram_clk_config_reg[27][26]/CE
                            (rising edge-triggered cell FDRE clocked by clk_hbm_ref  {rise@0.000ns fall@5.000ns period=10.000ns})
  Path Group:             clk_hbm_ref
  Path Type:              Setup (Max at Slow Process Corner)
  Requirement:            10.000ns  (clk_hbm_ref rise@10.000ns - clk_hbm_ref rise@0.000ns)
  Data Path Delay:        2.287ns  (logic 0.451ns (19.720%)  route 1.836ns (80.280%))
  Logic Levels:           4  (LUT3=2 LUT5=1 LUT6=1)
  Clock Path Skew:        -0.133ns (DCD - SCD + CPR)
    Destination Clock Delay (DCD):    6.242ns = ( 16.242 - 10.000 ) 
    Source Clock Delay      (SCD):    6.257ns
    Clock Pessimism Removal (CPR):    -0.119ns
  Clock Uncertainty:      0.094ns  ((TSJ^2 + DJ^2)^1/2) / 2 + PE
    Total System Jitter     (TSJ):    0.071ns
    Discrete Jitter          (DJ):    0.175ns
    Phase Error              (PE):    0.000ns
  Clock Net Delay (Source):      2.911ns (routing 1.113ns, distribution 1.798ns)
  Clock Net Delay (Destination): 2.547ns (routing 1.010ns, distribution 1.537ns)

    Location             Delay type                Incr(ns)  Path(ns)    Partition      PBlock               Netlist Resource(s)
  -------------------------------------------------------------------    -------------------------------------------------------
                         (clock clk_hbm_ref rise edge)
                                                      0.000     0.000 r                                      
    BJ4                                               0.000     0.000 r  static                              <hidden>
                         net (fo=0)                   0.100     0.100    static                              <hidden>/<hidden>/<hidden>/<hidden>
    HPIOBDIFFINBUF_X0Y130.DIFF_IN_P
                                                                      r  static                              <hidden>/<hidden>/<hidden>/<hidden>
    HPIOBDIFFINBUF_X0Y130.O
                         DIFFINBUF (Prop_DIFFINBUF_HPIOBDIFFINBUF_DIFF_IN_P_O)
                                                      0.863     0.963 r  static                              <hidden>/<hidden>/<hidden>/<hidden>
                         net (fo=1, routed)           0.050     1.013    static                              <hidden>/<hidden>/<hidden>/<hidden>
    BJ4.I                                                             r  static                              <hidden>/<hidden>/<hidden>/<hidden>
    BJ4.O                IBUFCTRL (Prop_IBUFCTRL_HPIOB_M_I_O)
                                                      0.000     1.013 r  static                              <hidden>/<hidden>/<hidden>/<hidden>
                         net (fo=1, routed)           0.348     1.361    static                              <hidden>/<hidden>/<hidden>
    BUFGCE_X0Y122.I                                                   r  static                              <hidden>/<hidden>/<hidden>
    BUFGCE_X0Y122.O      BUFGCE (Prop_BUFCE_BUFGCE_I_O)
                                                      0.028     1.389 r  static                              <hidden>/<hidden>/<hidden>
                         net (fo=3, routed)           1.811     3.200    static                              <hidden>/<hidden>/<hidden>/<hidden>/<hidden>
    SLR Crossing[1->0]   
    MMCM_X0Y2.CLKIN1                                                  r  static                              <hidden>/<hidden>/<hidden>/<hidden>/<hidden>
    MMCM_X0Y2.CLKOUT0    MMCME4_ADV (Prop_MMCM_CLKIN1_CLKOUT0)
                                                     -0.127     3.073 r  static                              <hidden>/<hidden>/<hidden>/<hidden>/<hidden>
                         net (fo=2, routed)           0.245     3.318    static                              <hidden>/<hidden>/<hidden>
    BUFGCE_X0Y70.I                                                    r  static                              <hidden>/<hidden>/<hidden>
    BUFGCE_X0Y70.O       BUFGCE (Prop_BUFCE_BUFGCE_I_O)
                                                      0.028     3.346 r  static                              <hidden>/<hidden>/<hidden>
    X3Y5 (CLOCK_ROOT)    net (fo=2363, estimated)     2.911     6.257    boundary                            WRAPPER/CL/AWS_CLK_GEN/CLK_GRP_A_EN_I.CLK_MMCM_A_I/inst/AXI_LITE_IPIF_I/I_SLAVE_ATTACHMENT/s_axi_aclk
    SLICE_X127Y221.CLK   FDRE                                         r  reconfigurable pblock_CL            WRAPPER/CL/AWS_CLK_GEN/CLK_GRP_A_EN_I.CLK_MMCM_A_I/inst/AXI_LITE_IPIF_I/I_SLAVE_ATTACHMENT/bus2ip_addr_i_reg[2]_rep__0/C
  -------------------------------------------------------------------    -------------------------------------------------------
    SLICE_X127Y221.Q     FDRE (Prop_CFF_SLICEL_C_Q)
                                                      0.079     6.336 f  reconfigurable pblock_CL            WRAPPER/CL/AWS_CLK_GEN/CLK_GRP_A_EN_I.CLK_MMCM_A_I/inst/AXI_LITE_IPIF_I/I_SLAVE_ATTACHMENT/bus2ip_addr_i_reg[2]_rep__0/Q
                         net (fo=122, estimated)      0.284     6.620    reconfigurable                      WRAPPER/CL/AWS_CLK_GEN/CLK_GRP_A_EN_I.CLK_MMCM_A_I/inst/AXI_LITE_IPIF_I/I_SLAVE_ATTACHMENT/bus2ip_addr_i_reg[2]_rep__0_0
    SLICE_X127Y217.A5                                                 f  reconfigurable pblock_CL            WRAPPER/CL/AWS_CLK_GEN/CLK_GRP_A_EN_I.CLK_MMCM_A_I/inst/AXI_LITE_IPIF_I/I_SLAVE_ATTACHMENT/ram_clk_config[7][31]_i_2/I1
    SLICE_X127Y217.O6    LUT3 (Prop_G6LUT_SLICEL_I1_O)
                                                      0.050     6.670 r  reconfigurable pblock_CL            WRAPPER/CL/AWS_CLK_GEN/CLK_GRP_A_EN_I.CLK_MMCM_A_I/inst/AXI_LITE_IPIF_I/I_SLAVE_ATTACHMENT/ram_clk_config[7][31]_i_2/O
                         net (fo=5, estimated)        0.328     6.998    reconfigurable                      WRAPPER/CL/AWS_CLK_GEN/CLK_GRP_A_EN_I.CLK_MMCM_A_I/inst/AXI_LITE_IPIF_I/I_SLAVE_ATTACHMENT/ram_clk_config[7][31]_i_2_n_0
    SLICE_X126Y215.A1                                                 r  reconfigurable pblock_CL            WRAPPER/CL/AWS_CLK_GEN/CLK_GRP_A_EN_I.CLK_MMCM_A_I/inst/AXI_LITE_IPIF_I/I_SLAVE_ATTACHMENT/clkfbout_reg[6]_i_4/I5
    SLICE_X126Y215.O6    LUT6 (Prop_D6LUT_SLICEM_I5_O)
                                                      0.145     7.143 r  reconfigurable pblock_CL            WRAPPER/CL/AWS_CLK_GEN/CLK_GRP_A_EN_I.CLK_MMCM_A_I/inst/AXI_LITE_IPIF_I/I_SLAVE_ATTACHMENT/clkfbout_reg[6]_i_4/O
                         net (fo=16, estimated)       0.374     7.517    reconfigurable                      WRAPPER/CL/AWS_CLK_GEN/CLK_GRP_A_EN_I.CLK_MMCM_A_I/inst/AXI_LITE_IPIF_I/I_SLAVE_ATTACHMENT/clkfbout_reg[6]_i_4_n_0
    SLICE_X128Y216.A5                                                 r  reconfigurable pblock_CL            WRAPPER/CL/AWS_CLK_GEN/CLK_GRP_A_EN_I.CLK_MMCM_A_I/inst/AXI_LITE_IPIF_I/I_SLAVE_ATTACHMENT/ram_clk_config[5][31]_i_3/I1
    SLICE_X128Y216.O6    LUT3 (Prop_E6LUT_SLICEM_I1_O)
                                                      0.052     7.569 f  reconfigurable pblock_CL            WRAPPER/CL/AWS_CLK_GEN/CLK_GRP_A_EN_I.CLK_MMCM_A_I/inst/AXI_LITE_IPIF_I/I_SLAVE_ATTACHMENT/ram_clk_config[5][31]_i_3/O
                         net (fo=18, estimated)       0.270     7.839    reconfigurable                      WRAPPER/CL/AWS_CLK_GEN/CLK_GRP_A_EN_I.CLK_MMCM_A_I/inst/AXI_LITE_IPIF_I/I_SLAVE_ATTACHMENT/I_DECODER/ram_clk_config_reg[14][31]_0
    SLICE_X128Y224.A2                                                 f  reconfigurable pblock_CL            WRAPPER/CL/AWS_CLK_GEN/CLK_GRP_A_EN_I.CLK_MMCM_A_I/inst/AXI_LITE_IPIF_I/I_SLAVE_ATTACHMENT/I_DECODER/ram_clk_config[27][31]_i_1/I2
    SLICE_X128Y224.O6    LUT5 (Prop_B6LUT_SLICEM_I2_O)
                                                      0.125     7.964 r  reconfigurable pblock_CL            WRAPPER/CL/AWS_CLK_GEN/CLK_GRP_A_EN_I.CLK_MMCM_A_I/inst/AXI_LITE_IPIF_I/I_SLAVE_ATTACHMENT/I_DECODER/ram_clk_config[27][31]_i_1/O
                         net (fo=32, estimated)       0.580     8.544    reconfigurable                      WRAPPER/CL/AWS_CLK_GEN/CLK_GRP_A_EN_I.CLK_MMCM_A_I/inst/CLK_CORE_DRP_I/ram_clk_config_reg[27][31]_0[0]
    SLICE_X125Y211.CE    FDRE                                         r  reconfigurable pblock_CL            WRAPPER/CL/AWS_CLK_GEN/CLK_GRP_A_EN_I.CLK_MMCM_A_I/inst/CLK_CORE_DRP_I/ram_clk_config_reg[27][26]/CE
  -------------------------------------------------------------------    -------------------------------------------------------

                         (clock clk_hbm_ref rise edge)
                                                     10.000    10.000 r                                      
    BJ4                                               0.000    10.000 r  static                              <hidden>
                         net (fo=0)                   0.079    10.079    static                              <hidden>/<hidden>/<hidden>/<hidden>
    HPIOBDIFFINBUF_X0Y130.DIFF_IN_P
                                                                      r  static                              <hidden>/<hidden>/<hidden>/<hidden>
    HPIOBDIFFINBUF_X0Y130.O
                         DIFFINBUF (Prop_DIFFINBUF_HPIOBDIFFINBUF_DIFF_IN_P_O)
                                                      0.750    10.829 r  static                              <hidden>/<hidden>/<hidden>/<hidden>
                         net (fo=1, routed)           0.040    10.869    static                              <hidden>/<hidden>/<hidden>/<hidden>
    BJ4.I                                                             r  static                              <hidden>/<hidden>/<hidden>/<hidden>
    BJ4.O                IBUFCTRL (Prop_IBUFCTRL_HPIOB_M_I_O)
                                                      0.000    10.869 r  static                              <hidden>/<hidden>/<hidden>/<hidden>
                         net (fo=1, routed)           0.309    11.178    static                              <hidden>/<hidden>/<hidden>
    BUFGCE_X0Y122.I                                                   r  static                              <hidden>/<hidden>/<hidden>
    BUFGCE_X0Y122.O      BUFGCE (Prop_BUFCE_BUFGCE_I_O)
                                                      0.024    11.202 r  static                              <hidden>/<hidden>/<hidden>
                         net (fo=3, routed)           1.624    12.826    static                              <hidden>/<hidden>/<hidden>/<hidden>/<hidden>
    SLR Crossing[1->0]   
    MMCM_X0Y2.CLKIN1                                                  r  static                              <hidden>/<hidden>/<hidden>/<hidden>/<hidden>
    MMCM_X0Y2.CLKOUT0    MMCME4_ADV (Prop_MMCM_CLKIN1_CLKOUT0)
                                                      0.630    13.456 r  static                              <hidden>/<hidden>/<hidden>/<hidden>/<hidden>
                         net (fo=2, routed)           0.215    13.671    static                              <hidden>/<hidden>/<hidden>
    BUFGCE_X0Y70.I                                                    r  static                              <hidden>/<hidden>/<hidden>
    BUFGCE_X0Y70.O       BUFGCE (Prop_BUFCE_BUFGCE_I_O)
                                                      0.024    13.695 r  static                              <hidden>/<hidden>/<hidden>
    X3Y5 (CLOCK_ROOT)    net (fo=2363, estimated)     2.547    16.242    boundary                            WRAPPER/CL/AWS_CLK_GEN/CLK_GRP_A_EN_I.CLK_MMCM_A_I/inst/CLK_CORE_DRP_I/s_axi_aclk
    SLICE_X125Y211.CLK   FDRE                                         r  reconfigurable pblock_CL            WRAPPER/CL/AWS_CLK_GEN/CLK_GRP_A_EN_I.CLK_MMCM_A_I/inst/CLK_CORE_DRP_I/ram_clk_config_reg[27][26]/C
                         clock pessimism             -0.119    16.123                                            
                         clock uncertainty           -0.094    16.029                                            
    SLICE_X125Y211       FDRE (Setup_EFF2_SLICEL_C_CE)
                                                     -0.060    15.969    reconfigurable   pblock_CL              WRAPPER/CL/AWS_CLK_GEN/CLK_GRP_A_EN_I.CLK_MMCM_A_I/inst/CLK_CORE_DRP_I/ram_clk_config_reg[27][26]
  -------------------------------------------------------------------
                         required time                         15.969                                            
                         arrival time                          -8.544                                            
  -------------------------------------------------------------------
                         slack                                  7.426                                            

Slack (MET) :             7.426ns  (required time - arrival time)
  Source:                 WRAPPER/CL/AWS_CLK_GEN/CLK_GRP_A_EN_I.CLK_MMCM_A_I/inst/AXI_LITE_IPIF_I/I_SLAVE_ATTACHMENT/bus2ip_addr_i_reg[2]_rep__0/C
                            (rising edge-triggered cell FDRE clocked by clk_hbm_ref  {rise@0.000ns fall@5.000ns period=10.000ns})
  Destination:            WRAPPER/CL/AWS_CLK_GEN/CLK_GRP_A_EN_I.CLK_MMCM_A_I/inst/CLK_CORE_DRP_I/ram_clk_config_reg[27][9]/CE
                            (rising edge-triggered cell FDRE clocked by clk_hbm_ref  {rise@0.000ns fall@5.000ns period=10.000ns})
  Path Group:             clk_hbm_ref
  Path Type:              Setup (Max at Slow Process Corner)
  Requirement:            10.000ns  (clk_hbm_ref rise@10.000ns - clk_hbm_ref rise@0.000ns)
  Data Path Delay:        2.287ns  (logic 0.451ns (19.720%)  route 1.836ns (80.280%))
  Logic Levels:           4  (LUT3=2 LUT5=1 LUT6=1)
  Clock Path Skew:        -0.133ns (DCD - SCD + CPR)
    Destination Clock Delay (DCD):    6.242ns = ( 16.242 - 10.000 ) 
    Source Clock Delay      (SCD):    6.257ns
    Clock Pessimism Removal (CPR):    -0.119ns
  Clock Uncertainty:      0.094ns  ((TSJ^2 + DJ^2)^1/2) / 2 + PE
    Total System Jitter     (TSJ):    0.071ns
    Discrete Jitter          (DJ):    0.175ns
    Phase Error              (PE):    0.000ns
  Clock Net Delay (Source):      2.911ns (routing 1.113ns, distribution 1.798ns)
  Clock Net Delay (Destination): 2.547ns (routing 1.010ns, distribution 1.537ns)

    Location             Delay type                Incr(ns)  Path(ns)    Partition      PBlock               Netlist Resource(s)
  -------------------------------------------------------------------    -------------------------------------------------------
                         (clock clk_hbm_ref rise edge)
                                                      0.000     0.000 r                                      
    BJ4                                               0.000     0.000 r  static                              <hidden>
                         net (fo=0)                   0.100     0.100    static                              <hidden>/<hidden>/<hidden>/<hidden>
    HPIOBDIFFINBUF_X0Y130.DIFF_IN_P
                                                                      r  static                              <hidden>/<hidden>/<hidden>/<hidden>
    HPIOBDIFFINBUF_X0Y130.O
                         DIFFINBUF (Prop_DIFFINBUF_HPIOBDIFFINBUF_DIFF_IN_P_O)
                                                      0.863     0.963 r  static                              <hidden>/<hidden>/<hidden>/<hidden>
                         net (fo=1, routed)           0.050     1.013    static                              <hidden>/<hidden>/<hidden>/<hidden>
    BJ4.I                                                             r  static                              <hidden>/<hidden>/<hidden>/<hidden>
    BJ4.O                IBUFCTRL (Prop_IBUFCTRL_HPIOB_M_I_O)
                                                      0.000     1.013 r  static                              <hidden>/<hidden>/<hidden>/<hidden>
                         net (fo=1, routed)           0.348     1.361    static                              <hidden>/<hidden>/<hidden>
    BUFGCE_X0Y122.I                                                   r  static                              <hidden>/<hidden>/<hidden>
    BUFGCE_X0Y122.O      BUFGCE (Prop_BUFCE_BUFGCE_I_O)
                                                      0.028     1.389 r  static                              <hidden>/<hidden>/<hidden>
                         net (fo=3, routed)           1.811     3.200    static                              <hidden>/<hidden>/<hidden>/<hidden>/<hidden>
    SLR Crossing[1->0]   
    MMCM_X0Y2.CLKIN1                                                  r  static                              <hidden>/<hidden>/<hidden>/<hidden>/<hidden>
    MMCM_X0Y2.CLKOUT0    MMCME4_ADV (Prop_MMCM_CLKIN1_CLKOUT0)
                                                     -0.127     3.073 r  static                              <hidden>/<hidden>/<hidden>/<hidden>/<hidden>
                         net (fo=2, routed)           0.245     3.318    static                              <hidden>/<hidden>/<hidden>
    BUFGCE_X0Y70.I                                                    r  static                              <hidden>/<hidden>/<hidden>
    BUFGCE_X0Y70.O       BUFGCE (Prop_BUFCE_BUFGCE_I_O)
                                                      0.028     3.346 r  static                              <hidden>/<hidden>/<hidden>
    X3Y5 (CLOCK_ROOT)    net (fo=2363, estimated)     2.911     6.257    boundary                            WRAPPER/CL/AWS_CLK_GEN/CLK_GRP_A_EN_I.CLK_MMCM_A_I/inst/AXI_LITE_IPIF_I/I_SLAVE_ATTACHMENT/s_axi_aclk
    SLICE_X127Y221.CLK   FDRE                                         r  reconfigurable pblock_CL            WRAPPER/CL/AWS_CLK_GEN/CLK_GRP_A_EN_I.CLK_MMCM_A_I/inst/AXI_LITE_IPIF_I/I_SLAVE_ATTACHMENT/bus2ip_addr_i_reg[2]_rep__0/C
  -------------------------------------------------------------------    -------------------------------------------------------
    SLICE_X127Y221.Q     FDRE (Prop_CFF_SLICEL_C_Q)
                                                      0.079     6.336 f  reconfigurable pblock_CL            WRAPPER/CL/AWS_CLK_GEN/CLK_GRP_A_EN_I.CLK_MMCM_A_I/inst/AXI_LITE_IPIF_I/I_SLAVE_ATTACHMENT/bus2ip_addr_i_reg[2]_rep__0/Q
                         net (fo=122, estimated)      0.284     6.620    reconfigurable                      WRAPPER/CL/AWS_CLK_GEN/CLK_GRP_A_EN_I.CLK_MMCM_A_I/inst/AXI_LITE_IPIF_I/I_SLAVE_ATTACHMENT/bus2ip_addr_i_reg[2]_rep__0_0
    SLICE_X127Y217.A5                                                 f  reconfigurable pblock_CL            WRAPPER/CL/AWS_CLK_GEN/CLK_GRP_A_EN_I.CLK_MMCM_A_I/inst/AXI_LITE_IPIF_I/I_SLAVE_ATTACHMENT/ram_clk_config[7][31]_i_2/I1
    SLICE_X127Y217.O6    LUT3 (Prop_G6LUT_SLICEL_I1_O)
                                                      0.050     6.670 r  reconfigurable pblock_CL            WRAPPER/CL/AWS_CLK_GEN/CLK_GRP_A_EN_I.CLK_MMCM_A_I/inst/AXI_LITE_IPIF_I/I_SLAVE_ATTACHMENT/ram_clk_config[7][31]_i_2/O
                         net (fo=5, estimated)        0.328     6.998    reconfigurable                      WRAPPER/CL/AWS_CLK_GEN/CLK_GRP_A_EN_I.CLK_MMCM_A_I/inst/AXI_LITE_IPIF_I/I_SLAVE_ATTACHMENT/ram_clk_config[7][31]_i_2_n_0
    SLICE_X126Y215.A1                                                 r  reconfigurable pblock_CL            WRAPPER/CL/AWS_CLK_GEN/CLK_GRP_A_EN_I.CLK_MMCM_A_I/inst/AXI_LITE_IPIF_I/I_SLAVE_ATTACHMENT/clkfbout_reg[6]_i_4/I5
    SLICE_X126Y215.O6    LUT6 (Prop_D6LUT_SLICEM_I5_O)
                                                      0.145     7.143 r  reconfigurable pblock_CL            WRAPPER/CL/AWS_CLK_GEN/CLK_GRP_A_EN_I.CLK_MMCM_A_I/inst/AXI_LITE_IPIF_I/I_SLAVE_ATTACHMENT/clkfbout_reg[6]_i_4/O
                         net (fo=16, estimated)       0.374     7.517    reconfigurable                      WRAPPER/CL/AWS_CLK_GEN/CLK_GRP_A_EN_I.CLK_MMCM_A_I/inst/AXI_LITE_IPIF_I/I_SLAVE_ATTACHMENT/clkfbout_reg[6]_i_4_n_0
    SLICE_X128Y216.A5                                                 r  reconfigurable pblock_CL            WRAPPER/CL/AWS_CLK_GEN/CLK_GRP_A_EN_I.CLK_MMCM_A_I/inst/AXI_LITE_IPIF_I/I_SLAVE_ATTACHMENT/ram_clk_config[5][31]_i_3/I1
    SLICE_X128Y216.O6    LUT3 (Prop_E6LUT_SLICEM_I1_O)
                                                      0.052     7.569 f  reconfigurable pblock_CL            WRAPPER/CL/AWS_CLK_GEN/CLK_GRP_A_EN_I.CLK_MMCM_A_I/inst/AXI_LITE_IPIF_I/I_SLAVE_ATTACHMENT/ram_clk_config[5][31]_i_3/O
                         net (fo=18, estimated)       0.270     7.839    reconfigurable                      WRAPPER/CL/AWS_CLK_GEN/CLK_GRP_A_EN_I.CLK_MMCM_A_I/inst/AXI_LITE_IPIF_I/I_SLAVE_ATTACHMENT/I_DECODER/ram_clk_config_reg[14][31]_0
    SLICE_X128Y224.A2                                                 f  reconfigurable pblock_CL            WRAPPER/CL/AWS_CLK_GEN/CLK_GRP_A_EN_I.CLK_MMCM_A_I/inst/AXI_LITE_IPIF_I/I_SLAVE_ATTACHMENT/I_DECODER/ram_clk_config[27][31]_i_1/I2
    SLICE_X128Y224.O6    LUT5 (Prop_B6LUT_SLICEM_I2_O)
                                                      0.125     7.964 r  reconfigurable pblock_CL            WRAPPER/CL/AWS_CLK_GEN/CLK_GRP_A_EN_I.CLK_MMCM_A_I/inst/AXI_LITE_IPIF_I/I_SLAVE_ATTACHMENT/I_DECODER/ram_clk_config[27][31]_i_1/O
                         net (fo=32, estimated)       0.580     8.544    reconfigurable                      WRAPPER/CL/AWS_CLK_GEN/CLK_GRP_A_EN_I.CLK_MMCM_A_I/inst/CLK_CORE_DRP_I/ram_clk_config_reg[27][31]_0[0]
    SLICE_X125Y211.CE    FDRE                                         r  reconfigurable pblock_CL            WRAPPER/CL/AWS_CLK_GEN/CLK_GRP_A_EN_I.CLK_MMCM_A_I/inst/CLK_CORE_DRP_I/ram_clk_config_reg[27][9]/CE
  -------------------------------------------------------------------    -------------------------------------------------------

                         (clock clk_hbm_ref rise edge)
                                                     10.000    10.000 r                                      
    BJ4                                               0.000    10.000 r  static                              <hidden>
                         net (fo=0)                   0.079    10.079    static                              <hidden>/<hidden>/<hidden>/<hidden>
    HPIOBDIFFINBUF_X0Y130.DIFF_IN_P
                                                                      r  static                              <hidden>/<hidden>/<hidden>/<hidden>
    HPIOBDIFFINBUF_X0Y130.O
                         DIFFINBUF (Prop_DIFFINBUF_HPIOBDIFFINBUF_DIFF_IN_P_O)
                                                      0.750    10.829 r  static                              <hidden>/<hidden>/<hidden>/<hidden>
                         net (fo=1, routed)           0.040    10.869    static                              <hidden>/<hidden>/<hidden>/<hidden>
    BJ4.I                                                             r  static                              <hidden>/<hidden>/<hidden>/<hidden>
    BJ4.O                IBUFCTRL (Prop_IBUFCTRL_HPIOB_M_I_O)
                                                      0.000    10.869 r  static                              <hidden>/<hidden>/<hidden>/<hidden>
                         net (fo=1, routed)           0.309    11.178    static                              <hidden>/<hidden>/<hidden>
    BUFGCE_X0Y122.I                                                   r  static                              <hidden>/<hidden>/<hidden>
    BUFGCE_X0Y122.O      BUFGCE (Prop_BUFCE_BUFGCE_I_O)
                                                      0.024    11.202 r  static                              <hidden>/<hidden>/<hidden>
                         net (fo=3, routed)           1.624    12.826    static                              <hidden>/<hidden>/<hidden>/<hidden>/<hidden>
    SLR Crossing[1->0]   
    MMCM_X0Y2.CLKIN1                                                  r  static                              <hidden>/<hidden>/<hidden>/<hidden>/<hidden>
    MMCM_X0Y2.CLKOUT0    MMCME4_ADV (Prop_MMCM_CLKIN1_CLKOUT0)
                                                      0.630    13.456 r  static                              <hidden>/<hidden>/<hidden>/<hidden>/<hidden>
                         net (fo=2, routed)           0.215    13.671    static                              <hidden>/<hidden>/<hidden>
    BUFGCE_X0Y70.I                                                    r  static                              <hidden>/<hidden>/<hidden>
    BUFGCE_X0Y70.O       BUFGCE (Prop_BUFCE_BUFGCE_I_O)
                                                      0.024    13.695 r  static                              <hidden>/<hidden>/<hidden>
    X3Y5 (CLOCK_ROOT)    net (fo=2363, estimated)     2.547    16.242    boundary                            WRAPPER/CL/AWS_CLK_GEN/CLK_GRP_A_EN_I.CLK_MMCM_A_I/inst/CLK_CORE_DRP_I/s_axi_aclk
    SLICE_X125Y211.CLK   FDRE                                         r  reconfigurable pblock_CL            WRAPPER/CL/AWS_CLK_GEN/CLK_GRP_A_EN_I.CLK_MMCM_A_I/inst/CLK_CORE_DRP_I/ram_clk_config_reg[27][9]/C
                         clock pessimism             -0.119    16.123                                            
                         clock uncertainty           -0.094    16.029                                            
    SLICE_X125Y211       FDRE (Setup_FFF2_SLICEL_C_CE)
                                                     -0.060    15.969    reconfigurable   pblock_CL              WRAPPER/CL/AWS_CLK_GEN/CLK_GRP_A_EN_I.CLK_MMCM_A_I/inst/CLK_CORE_DRP_I/ram_clk_config_reg[27][9]
  -------------------------------------------------------------------
                         required time                         15.969                                            
                         arrival time                          -8.544                                            
  -------------------------------------------------------------------
                         slack                                  7.426                                            

Slack (MET) :             7.484ns  (required time - arrival time)
  Source:                 WRAPPER/CL/AWS_CLK_GEN/CLK_GRP_A_EN_I.CLK_MMCM_A_I/inst/AXI_LITE_IPIF_I/I_SLAVE_ATTACHMENT/bus2ip_addr_i_reg[2]_rep__0/C
                            (rising edge-triggered cell FDRE clocked by clk_hbm_ref  {rise@0.000ns fall@5.000ns period=10.000ns})
  Destination:            WRAPPER/CL/AWS_CLK_GEN/CLK_GRP_A_EN_I.CLK_MMCM_A_I/inst/CLK_CORE_DRP_I/ram_clk_config_reg[7][19]/CE
                            (rising edge-triggered cell FDRE clocked by clk_hbm_ref  {rise@0.000ns fall@5.000ns period=10.000ns})
  Path Group:             clk_hbm_ref
  Path Type:              Setup (Max at Slow Process Corner)
  Requirement:            10.000ns  (clk_hbm_ref rise@10.000ns - clk_hbm_ref rise@0.000ns)
  Data Path Delay:        2.254ns  (logic 0.450ns (19.965%)  route 1.804ns (80.035%))
  Logic Levels:           4  (LUT3=2 LUT6=2)
  Clock Path Skew:        -0.107ns (DCD - SCD + CPR)
    Destination Clock Delay (DCD):    6.268ns = ( 16.268 - 10.000 ) 
    Source Clock Delay      (SCD):    6.257ns
    Clock Pessimism Removal (CPR):    -0.119ns
  Clock Uncertainty:      0.094ns  ((TSJ^2 + DJ^2)^1/2) / 2 + PE
    Total System Jitter     (TSJ):    0.071ns
    Discrete Jitter          (DJ):    0.175ns
    Phase Error              (PE):    0.000ns
  Clock Net Delay (Source):      2.911ns (routing 1.113ns, distribution 1.798ns)
  Clock Net Delay (Destination): 2.573ns (routing 1.010ns, distribution 1.563ns)

    Location             Delay type                Incr(ns)  Path(ns)    Partition      PBlock               Netlist Resource(s)
  -------------------------------------------------------------------    -------------------------------------------------------
                         (clock clk_hbm_ref rise edge)
                                                      0.000     0.000 r                                      
    BJ4                                               0.000     0.000 r  static                              <hidden>
                         net (fo=0)                   0.100     0.100    static                              <hidden>/<hidden>/<hidden>/<hidden>
    HPIOBDIFFINBUF_X0Y130.DIFF_IN_P
                                                                      r  static                              <hidden>/<hidden>/<hidden>/<hidden>
    HPIOBDIFFINBUF_X0Y130.O
                         DIFFINBUF (Prop_DIFFINBUF_HPIOBDIFFINBUF_DIFF_IN_P_O)
                                                      0.863     0.963 r  static                              <hidden>/<hidden>/<hidden>/<hidden>
                         net (fo=1, routed)           0.050     1.013    static                              <hidden>/<hidden>/<hidden>/<hidden>
    BJ4.I                                                             r  static                              <hidden>/<hidden>/<hidden>/<hidden>
    BJ4.O                IBUFCTRL (Prop_IBUFCTRL_HPIOB_M_I_O)
                                                      0.000     1.013 r  static                              <hidden>/<hidden>/<hidden>/<hidden>
                         net (fo=1, routed)           0.348     1.361    static                              <hidden>/<hidden>/<hidden>
    BUFGCE_X0Y122.I                                                   r  static                              <hidden>/<hidden>/<hidden>
    BUFGCE_X0Y122.O      BUFGCE (Prop_BUFCE_BUFGCE_I_O)
                                                      0.028     1.389 r  static                              <hidden>/<hidden>/<hidden>
                         net (fo=3, routed)           1.811     3.200    static                              <hidden>/<hidden>/<hidden>/<hidden>/<hidden>
    SLR Crossing[1->0]   
    MMCM_X0Y2.CLKIN1                                                  r  static                              <hidden>/<hidden>/<hidden>/<hidden>/<hidden>
    MMCM_X0Y2.CLKOUT0    MMCME4_ADV (Prop_MMCM_CLKIN1_CLKOUT0)
                                                     -0.127     3.073 r  static                              <hidden>/<hidden>/<hidden>/<hidden>/<hidden>
                         net (fo=2, routed)           0.245     3.318    static                              <hidden>/<hidden>/<hidden>
    BUFGCE_X0Y70.I                                                    r  static                              <hidden>/<hidden>/<hidden>
    BUFGCE_X0Y70.O       BUFGCE (Prop_BUFCE_BUFGCE_I_O)
                                                      0.028     3.346 r  static                              <hidden>/<hidden>/<hidden>
    X3Y5 (CLOCK_ROOT)    net (fo=2363, estimated)     2.911     6.257    boundary                            WRAPPER/CL/AWS_CLK_GEN/CLK_GRP_A_EN_I.CLK_MMCM_A_I/inst/AXI_LITE_IPIF_I/I_SLAVE_ATTACHMENT/s_axi_aclk
    SLICE_X127Y221.CLK   FDRE                                         r  reconfigurable pblock_CL            WRAPPER/CL/AWS_CLK_GEN/CLK_GRP_A_EN_I.CLK_MMCM_A_I/inst/AXI_LITE_IPIF_I/I_SLAVE_ATTACHMENT/bus2ip_addr_i_reg[2]_rep__0/C
  -------------------------------------------------------------------    -------------------------------------------------------
    SLICE_X127Y221.Q     FDRE (Prop_CFF_SLICEL_C_Q)
                                                      0.079     6.336 f  reconfigurable pblock_CL            WRAPPER/CL/AWS_CLK_GEN/CLK_GRP_A_EN_I.CLK_MMCM_A_I/inst/AXI_LITE_IPIF_I/I_SLAVE_ATTACHMENT/bus2ip_addr_i_reg[2]_rep__0/Q
                         net (fo=122, estimated)      0.284     6.620    reconfigurable                      WRAPPER/CL/AWS_CLK_GEN/CLK_GRP_A_EN_I.CLK_MMCM_A_I/inst/AXI_LITE_IPIF_I/I_SLAVE_ATTACHMENT/bus2ip_addr_i_reg[2]_rep__0_0
    SLICE_X127Y217.A5                                                 f  reconfigurable pblock_CL            WRAPPER/CL/AWS_CLK_GEN/CLK_GRP_A_EN_I.CLK_MMCM_A_I/inst/AXI_LITE_IPIF_I/I_SLAVE_ATTACHMENT/ram_clk_config[7][31]_i_2/I1
    SLICE_X127Y217.O6    LUT3 (Prop_G6LUT_SLICEL_I1_O)
                                                      0.050     6.670 r  reconfigurable pblock_CL            WRAPPER/CL/AWS_CLK_GEN/CLK_GRP_A_EN_I.CLK_MMCM_A_I/inst/AXI_LITE_IPIF_I/I_SLAVE_ATTACHMENT/ram_clk_config[7][31]_i_2/O
                         net (fo=5, estimated)        0.328     6.998    reconfigurable                      WRAPPER/CL/AWS_CLK_GEN/CLK_GRP_A_EN_I.CLK_MMCM_A_I/inst/AXI_LITE_IPIF_I/I_SLAVE_ATTACHMENT/ram_clk_config[7][31]_i_2_n_0
    SLICE_X126Y215.A1                                                 r  reconfigurable pblock_CL            WRAPPER/CL/AWS_CLK_GEN/CLK_GRP_A_EN_I.CLK_MMCM_A_I/inst/AXI_LITE_IPIF_I/I_SLAVE_ATTACHMENT/clkfbout_reg[6]_i_4/I5
    SLICE_X126Y215.O6    LUT6 (Prop_D6LUT_SLICEM_I5_O)
                                                      0.145     7.143 r  reconfigurable pblock_CL            WRAPPER/CL/AWS_CLK_GEN/CLK_GRP_A_EN_I.CLK_MMCM_A_I/inst/AXI_LITE_IPIF_I/I_SLAVE_ATTACHMENT/clkfbout_reg[6]_i_4/O
                         net (fo=16, estimated)       0.374     7.517    reconfigurable                      WRAPPER/CL/AWS_CLK_GEN/CLK_GRP_A_EN_I.CLK_MMCM_A_I/inst/AXI_LITE_IPIF_I/I_SLAVE_ATTACHMENT/clkfbout_reg[6]_i_4_n_0
    SLICE_X128Y216.A5                                                 r  reconfigurable pblock_CL            WRAPPER/CL/AWS_CLK_GEN/CLK_GRP_A_EN_I.CLK_MMCM_A_I/inst/AXI_LITE_IPIF_I/I_SLAVE_ATTACHMENT/ram_clk_config[5][31]_i_3/I1
    SLICE_X128Y216.O6    LUT3 (Prop_E6LUT_SLICEM_I1_O)
                                                      0.052     7.569 f  reconfigurable pblock_CL            WRAPPER/CL/AWS_CLK_GEN/CLK_GRP_A_EN_I.CLK_MMCM_A_I/inst/AXI_LITE_IPIF_I/I_SLAVE_ATTACHMENT/ram_clk_config[5][31]_i_3/O
                         net (fo=18, estimated)       0.366     7.935    reconfigurable                      WRAPPER/CL/AWS_CLK_GEN/CLK_GRP_A_EN_I.CLK_MMCM_A_I/inst/AXI_LITE_IPIF_I/I_SLAVE_ATTACHMENT/I_DECODER/ram_clk_config_reg[14][31]_0
    SLICE_X127Y224.A2                                                 f  reconfigurable pblock_CL            WRAPPER/CL/AWS_CLK_GEN/CLK_GRP_A_EN_I.CLK_MMCM_A_I/inst/AXI_LITE_IPIF_I/I_SLAVE_ATTACHMENT/I_DECODER/ram_clk_config[7][31]_i_1/I4
    SLICE_X127Y224.O6    LUT6 (Prop_H6LUT_SLICEL_I4_O)
                                                      0.124     8.059 r  reconfigurable pblock_CL            WRAPPER/CL/AWS_CLK_GEN/CLK_GRP_A_EN_I.CLK_MMCM_A_I/inst/AXI_LITE_IPIF_I/I_SLAVE_ATTACHMENT/I_DECODER/ram_clk_config[7][31]_i_1/O
                         net (fo=32, estimated)       0.452     8.511    reconfigurable                      WRAPPER/CL/AWS_CLK_GEN/CLK_GRP_A_EN_I.CLK_MMCM_A_I/inst/CLK_CORE_DRP_I/ram_clk_config_reg[7][31]_0[0]
    SLICE_X126Y227.CE    FDRE                                         r  reconfigurable pblock_CL            WRAPPER/CL/AWS_CLK_GEN/CLK_GRP_A_EN_I.CLK_MMCM_A_I/inst/CLK_CORE_DRP_I/ram_clk_config_reg[7][19]/CE
  -------------------------------------------------------------------    -------------------------------------------------------

                         (clock clk_hbm_ref rise edge)
                                                     10.000    10.000 r                                      
    BJ4                                               0.000    10.000 r  static                              <hidden>
                         net (fo=0)                   0.079    10.079    static                              <hidden>/<hidden>/<hidden>/<hidden>
    HPIOBDIFFINBUF_X0Y130.DIFF_IN_P
                                                                      r  static                              <hidden>/<hidden>/<hidden>/<hidden>
    HPIOBDIFFINBUF_X0Y130.O
                         DIFFINBUF (Prop_DIFFINBUF_HPIOBDIFFINBUF_DIFF_IN_P_O)
                                                      0.750    10.829 r  static                              <hidden>/<hidden>/<hidden>/<hidden>
                         net (fo=1, routed)           0.040    10.869    static                              <hidden>/<hidden>/<hidden>/<hidden>
    BJ4.I                                                             r  static                              <hidden>/<hidden>/<hidden>/<hidden>
    BJ4.O                IBUFCTRL (Prop_IBUFCTRL_HPIOB_M_I_O)
                                                      0.000    10.869 r  static                              <hidden>/<hidden>/<hidden>/<hidden>
                         net (fo=1, routed)           0.309    11.178    static                              <hidden>/<hidden>/<hidden>
    BUFGCE_X0Y122.I                                                   r  static                              <hidden>/<hidden>/<hidden>
    BUFGCE_X0Y122.O      BUFGCE (Prop_BUFCE_BUFGCE_I_O)
                                                      0.024    11.202 r  static                              <hidden>/<hidden>/<hidden>
                         net (fo=3, routed)           1.624    12.826    static                              <hidden>/<hidden>/<hidden>/<hidden>/<hidden>
    SLR Crossing[1->0]   
    MMCM_X0Y2.CLKIN1                                                  r  static                              <hidden>/<hidden>/<hidden>/<hidden>/<hidden>
    MMCM_X0Y2.CLKOUT0    MMCME4_ADV (Prop_MMCM_CLKIN1_CLKOUT0)
                                                      0.630    13.456 r  static                              <hidden>/<hidden>/<hidden>/<hidden>/<hidden>
                         net (fo=2, routed)           0.215    13.671    static                              <hidden>/<hidden>/<hidden>
    BUFGCE_X0Y70.I                                                    r  static                              <hidden>/<hidden>/<hidden>
    BUFGCE_X0Y70.O       BUFGCE (Prop_BUFCE_BUFGCE_I_O)
                                                      0.024    13.695 r  static                              <hidden>/<hidden>/<hidden>
    X3Y5 (CLOCK_ROOT)    net (fo=2363, estimated)     2.573    16.268    boundary                            WRAPPER/CL/AWS_CLK_GEN/CLK_GRP_A_EN_I.CLK_MMCM_A_I/inst/CLK_CORE_DRP_I/s_axi_aclk
    SLICE_X126Y227.CLK   FDRE                                         r  reconfigurable pblock_CL            WRAPPER/CL/AWS_CLK_GEN/CLK_GRP_A_EN_I.CLK_MMCM_A_I/inst/CLK_CORE_DRP_I/ram_clk_config_reg[7][19]/C
                         clock pessimism             -0.119    16.149                                            
                         clock uncertainty           -0.094    16.055                                            
    SLICE_X126Y227       FDRE (Setup_AFF2_SLICEM_C_CE)
                                                     -0.060    15.995    reconfigurable   pblock_CL              WRAPPER/CL/AWS_CLK_GEN/CLK_GRP_A_EN_I.CLK_MMCM_A_I/inst/CLK_CORE_DRP_I/ram_clk_config_reg[7][19]
  -------------------------------------------------------------------
                         required time                         15.995                                            
                         arrival time                          -8.511                                            
  -------------------------------------------------------------------
                         slack                                  7.484                                            

Slack (MET) :             7.497ns  (required time - arrival time)
  Source:                 WRAPPER/CL/AWS_CLK_GEN/CLK_GRP_A_EN_I.CLK_MMCM_A_I/inst/AXI_LITE_IPIF_I/I_SLAVE_ATTACHMENT/bus2ip_addr_i_reg[2]_rep__0/C
                            (rising edge-triggered cell FDRE clocked by clk_hbm_ref  {rise@0.000ns fall@5.000ns period=10.000ns})
  Destination:            WRAPPER/CL/AWS_CLK_GEN/CLK_GRP_A_EN_I.CLK_MMCM_A_I/inst/CLK_CORE_DRP_I/ram_clk_config_reg[5][13]/CE
                            (rising edge-triggered cell FDRE clocked by clk_hbm_ref  {rise@0.000ns fall@5.000ns period=10.000ns})
  Path Group:             clk_hbm_ref
  Path Type:              Setup (Max at Slow Process Corner)
  Requirement:            10.000ns  (clk_hbm_ref rise@10.000ns - clk_hbm_ref rise@0.000ns)
  Data Path Delay:        2.227ns  (logic 0.474ns (21.284%)  route 1.753ns (78.716%))
  Logic Levels:           4  (LUT3=2 LUT6=2)
  Clock Path Skew:        -0.121ns (DCD - SCD + CPR)
    Destination Clock Delay (DCD):    6.254ns = ( 16.254 - 10.000 ) 
    Source Clock Delay      (SCD):    6.257ns
    Clock Pessimism Removal (CPR):    -0.119ns
  Clock Uncertainty:      0.094ns  ((TSJ^2 + DJ^2)^1/2) / 2 + PE
    Total System Jitter     (TSJ):    0.071ns
    Discrete Jitter          (DJ):    0.175ns
    Phase Error              (PE):    0.000ns
  Clock Net Delay (Source):      2.911ns (routing 1.113ns, distribution 1.798ns)
  Clock Net Delay (Destination): 2.559ns (routing 1.010ns, distribution 1.549ns)

    Location             Delay type                Incr(ns)  Path(ns)    Partition      PBlock               Netlist Resource(s)
  -------------------------------------------------------------------    -------------------------------------------------------
                         (clock clk_hbm_ref rise edge)
                                                      0.000     0.000 r                                      
    BJ4                                               0.000     0.000 r  static                              <hidden>
                         net (fo=0)                   0.100     0.100    static                              <hidden>/<hidden>/<hidden>/<hidden>
    HPIOBDIFFINBUF_X0Y130.DIFF_IN_P
                                                                      r  static                              <hidden>/<hidden>/<hidden>/<hidden>
    HPIOBDIFFINBUF_X0Y130.O
                         DIFFINBUF (Prop_DIFFINBUF_HPIOBDIFFINBUF_DIFF_IN_P_O)
                                                      0.863     0.963 r  static                              <hidden>/<hidden>/<hidden>/<hidden>
                         net (fo=1, routed)           0.050     1.013    static                              <hidden>/<hidden>/<hidden>/<hidden>
    BJ4.I                                                             r  static                              <hidden>/<hidden>/<hidden>/<hidden>
    BJ4.O                IBUFCTRL (Prop_IBUFCTRL_HPIOB_M_I_O)
                                                      0.000     1.013 r  static                              <hidden>/<hidden>/<hidden>/<hidden>
                         net (fo=1, routed)           0.348     1.361    static                              <hidden>/<hidden>/<hidden>
    BUFGCE_X0Y122.I                                                   r  static                              <hidden>/<hidden>/<hidden>
    BUFGCE_X0Y122.O      BUFGCE (Prop_BUFCE_BUFGCE_I_O)
                                                      0.028     1.389 r  static                              <hidden>/<hidden>/<hidden>
                         net (fo=3, routed)           1.811     3.200    static                              <hidden>/<hidden>/<hidden>/<hidden>/<hidden>
    SLR Crossing[1->0]   
    MMCM_X0Y2.CLKIN1                                                  r  static                              <hidden>/<hidden>/<hidden>/<hidden>/<hidden>
    MMCM_X0Y2.CLKOUT0    MMCME4_ADV (Prop_MMCM_CLKIN1_CLKOUT0)
                                                     -0.127     3.073 r  static                              <hidden>/<hidden>/<hidden>/<hidden>/<hidden>
                         net (fo=2, routed)           0.245     3.318    static                              <hidden>/<hidden>/<hidden>
    BUFGCE_X0Y70.I                                                    r  static                              <hidden>/<hidden>/<hidden>
    BUFGCE_X0Y70.O       BUFGCE (Prop_BUFCE_BUFGCE_I_O)
                                                      0.028     3.346 r  static                              <hidden>/<hidden>/<hidden>
    X3Y5 (CLOCK_ROOT)    net (fo=2363, estimated)     2.911     6.257    boundary                            WRAPPER/CL/AWS_CLK_GEN/CLK_GRP_A_EN_I.CLK_MMCM_A_I/inst/AXI_LITE_IPIF_I/I_SLAVE_ATTACHMENT/s_axi_aclk
    SLICE_X127Y221.CLK   FDRE                                         r  reconfigurable pblock_CL            WRAPPER/CL/AWS_CLK_GEN/CLK_GRP_A_EN_I.CLK_MMCM_A_I/inst/AXI_LITE_IPIF_I/I_SLAVE_ATTACHMENT/bus2ip_addr_i_reg[2]_rep__0/C
  -------------------------------------------------------------------    -------------------------------------------------------
    SLICE_X127Y221.Q     FDRE (Prop_CFF_SLICEL_C_Q)
                                                      0.079     6.336 f  reconfigurable pblock_CL            WRAPPER/CL/AWS_CLK_GEN/CLK_GRP_A_EN_I.CLK_MMCM_A_I/inst/AXI_LITE_IPIF_I/I_SLAVE_ATTACHMENT/bus2ip_addr_i_reg[2]_rep__0/Q
                         net (fo=122, estimated)      0.284     6.620    reconfigurable                      WRAPPER/CL/AWS_CLK_GEN/CLK_GRP_A_EN_I.CLK_MMCM_A_I/inst/AXI_LITE_IPIF_I/I_SLAVE_ATTACHMENT/bus2ip_addr_i_reg[2]_rep__0_0
    SLICE_X127Y217.A5                                                 f  reconfigurable pblock_CL            WRAPPER/CL/AWS_CLK_GEN/CLK_GRP_A_EN_I.CLK_MMCM_A_I/inst/AXI_LITE_IPIF_I/I_SLAVE_ATTACHMENT/ram_clk_config[7][31]_i_2/I1
    SLICE_X127Y217.O6    LUT3 (Prop_G6LUT_SLICEL_I1_O)
                                                      0.050     6.670 r  reconfigurable pblock_CL            WRAPPER/CL/AWS_CLK_GEN/CLK_GRP_A_EN_I.CLK_MMCM_A_I/inst/AXI_LITE_IPIF_I/I_SLAVE_ATTACHMENT/ram_clk_config[7][31]_i_2/O
                         net (fo=5, estimated)        0.328     6.998    reconfigurable                      WRAPPER/CL/AWS_CLK_GEN/CLK_GRP_A_EN_I.CLK_MMCM_A_I/inst/AXI_LITE_IPIF_I/I_SLAVE_ATTACHMENT/ram_clk_config[7][31]_i_2_n_0
    SLICE_X126Y215.A1                                                 r  reconfigurable pblock_CL            WRAPPER/CL/AWS_CLK_GEN/CLK_GRP_A_EN_I.CLK_MMCM_A_I/inst/AXI_LITE_IPIF_I/I_SLAVE_ATTACHMENT/clkfbout_reg[6]_i_4/I5
    SLICE_X126Y215.O6    LUT6 (Prop_D6LUT_SLICEM_I5_O)
                                                      0.145     7.143 r  reconfigurable pblock_CL            WRAPPER/CL/AWS_CLK_GEN/CLK_GRP_A_EN_I.CLK_MMCM_A_I/inst/AXI_LITE_IPIF_I/I_SLAVE_ATTACHMENT/clkfbout_reg[6]_i_4/O
                         net (fo=16, estimated)       0.374     7.517    reconfigurable                      WRAPPER/CL/AWS_CLK_GEN/CLK_GRP_A_EN_I.CLK_MMCM_A_I/inst/AXI_LITE_IPIF_I/I_SLAVE_ATTACHMENT/clkfbout_reg[6]_i_4_n_0
    SLICE_X128Y216.A5                                                 r  reconfigurable pblock_CL            WRAPPER/CL/AWS_CLK_GEN/CLK_GRP_A_EN_I.CLK_MMCM_A_I/inst/AXI_LITE_IPIF_I/I_SLAVE_ATTACHMENT/ram_clk_config[5][31]_i_3/I1
    SLICE_X128Y216.O6    LUT3 (Prop_E6LUT_SLICEM_I1_O)
                                                      0.052     7.569 f  reconfigurable pblock_CL            WRAPPER/CL/AWS_CLK_GEN/CLK_GRP_A_EN_I.CLK_MMCM_A_I/inst/AXI_LITE_IPIF_I/I_SLAVE_ATTACHMENT/ram_clk_config[5][31]_i_3/O
                         net (fo=18, estimated)       0.251     7.820    reconfigurable                      WRAPPER/CL/AWS_CLK_GEN/CLK_GRP_A_EN_I.CLK_MMCM_A_I/inst/AXI_LITE_IPIF_I/I_SLAVE_ATTACHMENT/I_DECODER/ram_clk_config_reg[14][31]_0
    SLICE_X127Y219.A1                                                 f  reconfigurable pblock_CL            WRAPPER/CL/AWS_CLK_GEN/CLK_GRP_A_EN_I.CLK_MMCM_A_I/inst/AXI_LITE_IPIF_I/I_SLAVE_ATTACHMENT/I_DECODER/ram_clk_config[5][31]_i_1/I2
    SLICE_X127Y219.O6    LUT6 (Prop_B6LUT_SLICEL_I2_O)
                                                      0.148     7.968 r  reconfigurable pblock_CL            WRAPPER/CL/AWS_CLK_GEN/CLK_GRP_A_EN_I.CLK_MMCM_A_I/inst/AXI_LITE_IPIF_I/I_SLAVE_ATTACHMENT/I_DECODER/ram_clk_config[5][31]_i_1/O
                         net (fo=32, estimated)       0.516     8.484    reconfigurable                      WRAPPER/CL/AWS_CLK_GEN/CLK_GRP_A_EN_I.CLK_MMCM_A_I/inst/CLK_CORE_DRP_I/ram_clk_config_reg[5][0]_0[0]
    SLICE_X126Y213.CE    FDRE                                         r  reconfigurable pblock_CL            WRAPPER/CL/AWS_CLK_GEN/CLK_GRP_A_EN_I.CLK_MMCM_A_I/inst/CLK_CORE_DRP_I/ram_clk_config_reg[5][13]/CE
  -------------------------------------------------------------------    -------------------------------------------------------

                         (clock clk_hbm_ref rise edge)
                                                     10.000    10.000 r                                      
    BJ4                                               0.000    10.000 r  static                              <hidden>
                         net (fo=0)                   0.079    10.079    static                              <hidden>/<hidden>/<hidden>/<hidden>
    HPIOBDIFFINBUF_X0Y130.DIFF_IN_P
                                                                      r  static                              <hidden>/<hidden>/<hidden>/<hidden>
    HPIOBDIFFINBUF_X0Y130.O
                         DIFFINBUF (Prop_DIFFINBUF_HPIOBDIFFINBUF_DIFF_IN_P_O)
                                                      0.750    10.829 r  static                              <hidden>/<hidden>/<hidden>/<hidden>
                         net (fo=1, routed)           0.040    10.869    static                              <hidden>/<hidden>/<hidden>/<hidden>
    BJ4.I                                                             r  static                              <hidden>/<hidden>/<hidden>/<hidden>
    BJ4.O                IBUFCTRL (Prop_IBUFCTRL_HPIOB_M_I_O)
                                                      0.000    10.869 r  static                              <hidden>/<hidden>/<hidden>/<hidden>
                         net (fo=1, routed)           0.309    11.178    static                              <hidden>/<hidden>/<hidden>
    BUFGCE_X0Y122.I                                                   r  static                              <hidden>/<hidden>/<hidden>
    BUFGCE_X0Y122.O      BUFGCE (Prop_BUFCE_BUFGCE_I_O)
                                                      0.024    11.202 r  static                              <hidden>/<hidden>/<hidden>
                         net (fo=3, routed)           1.624    12.826    static                              <hidden>/<hidden>/<hidden>/<hidden>/<hidden>
    SLR Crossing[1->0]   
    MMCM_X0Y2.CLKIN1                                                  r  static                              <hidden>/<hidden>/<hidden>/<hidden>/<hidden>
    MMCM_X0Y2.CLKOUT0    MMCME4_ADV (Prop_MMCM_CLKIN1_CLKOUT0)
                                                      0.630    13.456 r  static                              <hidden>/<hidden>/<hidden>/<hidden>/<hidden>
                         net (fo=2, routed)           0.215    13.671    static                              <hidden>/<hidden>/<hidden>
    BUFGCE_X0Y70.I                                                    r  static                              <hidden>/<hidden>/<hidden>
    BUFGCE_X0Y70.O       BUFGCE (Prop_BUFCE_BUFGCE_I_O)
                                                      0.024    13.695 r  static                              <hidden>/<hidden>/<hidden>
    X3Y5 (CLOCK_ROOT)    net (fo=2363, estimated)     2.559    16.254    boundary                            WRAPPER/CL/AWS_CLK_GEN/CLK_GRP_A_EN_I.CLK_MMCM_A_I/inst/CLK_CORE_DRP_I/s_axi_aclk
    SLICE_X126Y213.CLK   FDRE                                         r  reconfigurable pblock_CL            WRAPPER/CL/AWS_CLK_GEN/CLK_GRP_A_EN_I.CLK_MMCM_A_I/inst/CLK_CORE_DRP_I/ram_clk_config_reg[5][13]/C
                         clock pessimism             -0.119    16.135                                            
                         clock uncertainty           -0.094    16.041                                            
    SLICE_X126Y213       FDRE (Setup_DFF2_SLICEM_C_CE)
                                                     -0.060    15.981    reconfigurable   pblock_CL              WRAPPER/CL/AWS_CLK_GEN/CLK_GRP_A_EN_I.CLK_MMCM_A_I/inst/CLK_CORE_DRP_I/ram_clk_config_reg[5][13]
  -------------------------------------------------------------------
                         required time                         15.981                                            
                         arrival time                          -8.484                                            
  -------------------------------------------------------------------
                         slack                                  7.497                                            

Slack (MET) :             7.510ns  (required time - arrival time)
  Source:                 WRAPPER/CL/AWS_CLK_GEN/CLK_GRP_A_EN_I.CLK_MMCM_A_I/inst/AXI_LITE_IPIF_I/I_SLAVE_ATTACHMENT/bus2ip_addr_i_reg[2]_rep__0/C
                            (rising edge-triggered cell FDRE clocked by clk_hbm_ref  {rise@0.000ns fall@5.000ns period=10.000ns})
  Destination:            WRAPPER/CL/AWS_CLK_GEN/CLK_GRP_A_EN_I.CLK_MMCM_A_I/inst/CLK_CORE_DRP_I/ram_clk_config_reg[27][12]/CE
                            (rising edge-triggered cell FDRE clocked by clk_hbm_ref  {rise@0.000ns fall@5.000ns period=10.000ns})
  Path Group:             clk_hbm_ref
  Path Type:              Setup (Max at Slow Process Corner)
  Requirement:            10.000ns  (clk_hbm_ref rise@10.000ns - clk_hbm_ref rise@0.000ns)
  Data Path Delay:        2.209ns  (logic 0.451ns (20.416%)  route 1.758ns (79.584%))
  Logic Levels:           4  (LUT3=2 LUT5=1 LUT6=1)
  Clock Path Skew:        -0.126ns (DCD - SCD + CPR)
    Destination Clock Delay (DCD):    6.249ns = ( 16.249 - 10.000 ) 
    Source Clock Delay      (SCD):    6.257ns
    Clock Pessimism Removal (CPR):    -0.119ns
  Clock Uncertainty:      0.094ns  ((TSJ^2 + DJ^2)^1/2) / 2 + PE
    Total System Jitter     (TSJ):    0.071ns
    Discrete Jitter          (DJ):    0.175ns
    Phase Error              (PE):    0.000ns
  Clock Net Delay (Source):      2.911ns (routing 1.113ns, distribution 1.798ns)
  Clock Net Delay (Destination): 2.554ns (routing 1.010ns, distribution 1.544ns)

    Location             Delay type                Incr(ns)  Path(ns)    Partition      PBlock               Netlist Resource(s)
  -------------------------------------------------------------------    -------------------------------------------------------
                         (clock clk_hbm_ref rise edge)
                                                      0.000     0.000 r                                      
    BJ4                                               0.000     0.000 r  static                              <hidden>
                         net (fo=0)                   0.100     0.100    static                              <hidden>/<hidden>/<hidden>/<hidden>
    HPIOBDIFFINBUF_X0Y130.DIFF_IN_P
                                                                      r  static                              <hidden>/<hidden>/<hidden>/<hidden>
    HPIOBDIFFINBUF_X0Y130.O
                         DIFFINBUF (Prop_DIFFINBUF_HPIOBDIFFINBUF_DIFF_IN_P_O)
                                                      0.863     0.963 r  static                              <hidden>/<hidden>/<hidden>/<hidden>
                         net (fo=1, routed)           0.050     1.013    static                              <hidden>/<hidden>/<hidden>/<hidden>
    BJ4.I                                                             r  static                              <hidden>/<hidden>/<hidden>/<hidden>
    BJ4.O                IBUFCTRL (Prop_IBUFCTRL_HPIOB_M_I_O)
                                                      0.000     1.013 r  static                              <hidden>/<hidden>/<hidden>/<hidden>
                         net (fo=1, routed)           0.348     1.361    static                              <hidden>/<hidden>/<hidden>
    BUFGCE_X0Y122.I                                                   r  static                              <hidden>/<hidden>/<hidden>
    BUFGCE_X0Y122.O      BUFGCE (Prop_BUFCE_BUFGCE_I_O)
                                                      0.028     1.389 r  static                              <hidden>/<hidden>/<hidden>
                         net (fo=3, routed)           1.811     3.200    static                              <hidden>/<hidden>/<hidden>/<hidden>/<hidden>
    SLR Crossing[1->0]   
    MMCM_X0Y2.CLKIN1                                                  r  static                              <hidden>/<hidden>/<hidden>/<hidden>/<hidden>
    MMCM_X0Y2.CLKOUT0    MMCME4_ADV (Prop_MMCM_CLKIN1_CLKOUT0)
                                                     -0.127     3.073 r  static                              <hidden>/<hidden>/<hidden>/<hidden>/<hidden>
                         net (fo=2, routed)           0.245     3.318    static                              <hidden>/<hidden>/<hidden>
    BUFGCE_X0Y70.I                                                    r  static                              <hidden>/<hidden>/<hidden>
    BUFGCE_X0Y70.O       BUFGCE (Prop_BUFCE_BUFGCE_I_O)
                                                      0.028     3.346 r  static                              <hidden>/<hidden>/<hidden>
    X3Y5 (CLOCK_ROOT)    net (fo=2363, estimated)     2.911     6.257    boundary                            WRAPPER/CL/AWS_CLK_GEN/CLK_GRP_A_EN_I.CLK_MMCM_A_I/inst/AXI_LITE_IPIF_I/I_SLAVE_ATTACHMENT/s_axi_aclk
    SLICE_X127Y221.CLK   FDRE                                         r  reconfigurable pblock_CL            WRAPPER/CL/AWS_CLK_GEN/CLK_GRP_A_EN_I.CLK_MMCM_A_I/inst/AXI_LITE_IPIF_I/I_SLAVE_ATTACHMENT/bus2ip_addr_i_reg[2]_rep__0/C
  -------------------------------------------------------------------    -------------------------------------------------------
    SLICE_X127Y221.Q     FDRE (Prop_CFF_SLICEL_C_Q)
                                                      0.079     6.336 f  reconfigurable pblock_CL            WRAPPER/CL/AWS_CLK_GEN/CLK_GRP_A_EN_I.CLK_MMCM_A_I/inst/AXI_LITE_IPIF_I/I_SLAVE_ATTACHMENT/bus2ip_addr_i_reg[2]_rep__0/Q
                         net (fo=122, estimated)      0.284     6.620    reconfigurable                      WRAPPER/CL/AWS_CLK_GEN/CLK_GRP_A_EN_I.CLK_MMCM_A_I/inst/AXI_LITE_IPIF_I/I_SLAVE_ATTACHMENT/bus2ip_addr_i_reg[2]_rep__0_0
    SLICE_X127Y217.A5                                                 f  reconfigurable pblock_CL            WRAPPER/CL/AWS_CLK_GEN/CLK_GRP_A_EN_I.CLK_MMCM_A_I/inst/AXI_LITE_IPIF_I/I_SLAVE_ATTACHMENT/ram_clk_config[7][31]_i_2/I1
    SLICE_X127Y217.O6    LUT3 (Prop_G6LUT_SLICEL_I1_O)
                                                      0.050     6.670 r  reconfigurable pblock_CL            WRAPPER/CL/AWS_CLK_GEN/CLK_GRP_A_EN_I.CLK_MMCM_A_I/inst/AXI_LITE_IPIF_I/I_SLAVE_ATTACHMENT/ram_clk_config[7][31]_i_2/O
                         net (fo=5, estimated)        0.328     6.998    reconfigurable                      WRAPPER/CL/AWS_CLK_GEN/CLK_GRP_A_EN_I.CLK_MMCM_A_I/inst/AXI_LITE_IPIF_I/I_SLAVE_ATTACHMENT/ram_clk_config[7][31]_i_2_n_0
    SLICE_X126Y215.A1                                                 r  reconfigurable pblock_CL            WRAPPER/CL/AWS_CLK_GEN/CLK_GRP_A_EN_I.CLK_MMCM_A_I/inst/AXI_LITE_IPIF_I/I_SLAVE_ATTACHMENT/clkfbout_reg[6]_i_4/I5
    SLICE_X126Y215.O6    LUT6 (Prop_D6LUT_SLICEM_I5_O)
                                                      0.145     7.143 r  reconfigurable pblock_CL            WRAPPER/CL/AWS_CLK_GEN/CLK_GRP_A_EN_I.CLK_MMCM_A_I/inst/AXI_LITE_IPIF_I/I_SLAVE_ATTACHMENT/clkfbout_reg[6]_i_4/O
                         net (fo=16, estimated)       0.374     7.517    reconfigurable                      WRAPPER/CL/AWS_CLK_GEN/CLK_GRP_A_EN_I.CLK_MMCM_A_I/inst/AXI_LITE_IPIF_I/I_SLAVE_ATTACHMENT/clkfbout_reg[6]_i_4_n_0
    SLICE_X128Y216.A5                                                 r  reconfigurable pblock_CL            WRAPPER/CL/AWS_CLK_GEN/CLK_GRP_A_EN_I.CLK_MMCM_A_I/inst/AXI_LITE_IPIF_I/I_SLAVE_ATTACHMENT/ram_clk_config[5][31]_i_3/I1
    SLICE_X128Y216.O6    LUT3 (Prop_E6LUT_SLICEM_I1_O)
                                                      0.052     7.569 f  reconfigurable pblock_CL            WRAPPER/CL/AWS_CLK_GEN/CLK_GRP_A_EN_I.CLK_MMCM_A_I/inst/AXI_LITE_IPIF_I/I_SLAVE_ATTACHMENT/ram_clk_config[5][31]_i_3/O
                         net (fo=18, estimated)       0.270     7.839    reconfigurable                      WRAPPER/CL/AWS_CLK_GEN/CLK_GRP_A_EN_I.CLK_MMCM_A_I/inst/AXI_LITE_IPIF_I/I_SLAVE_ATTACHMENT/I_DECODER/ram_clk_config_reg[14][31]_0
    SLICE_X128Y224.A2                                                 f  reconfigurable pblock_CL            WRAPPER/CL/AWS_CLK_GEN/CLK_GRP_A_EN_I.CLK_MMCM_A_I/inst/AXI_LITE_IPIF_I/I_SLAVE_ATTACHMENT/I_DECODER/ram_clk_config[27][31]_i_1/I2
    SLICE_X128Y224.O6    LUT5 (Prop_B6LUT_SLICEM_I2_O)
                                                      0.125     7.964 r  reconfigurable pblock_CL            WRAPPER/CL/AWS_CLK_GEN/CLK_GRP_A_EN_I.CLK_MMCM_A_I/inst/AXI_LITE_IPIF_I/I_SLAVE_ATTACHMENT/I_DECODER/ram_clk_config[27][31]_i_1/O
                         net (fo=32, estimated)       0.502     8.466    reconfigurable                      WRAPPER/CL/AWS_CLK_GEN/CLK_GRP_A_EN_I.CLK_MMCM_A_I/inst/CLK_CORE_DRP_I/ram_clk_config_reg[27][31]_0[0]
    SLICE_X123Y224.CE    FDRE                                         r  reconfigurable pblock_CL            WRAPPER/CL/AWS_CLK_GEN/CLK_GRP_A_EN_I.CLK_MMCM_A_I/inst/CLK_CORE_DRP_I/ram_clk_config_reg[27][12]/CE
  -------------------------------------------------------------------    -------------------------------------------------------

                         (clock clk_hbm_ref rise edge)
                                                     10.000    10.000 r                                      
    BJ4                                               0.000    10.000 r  static                              <hidden>
                         net (fo=0)                   0.079    10.079    static                              <hidden>/<hidden>/<hidden>/<hidden>
    HPIOBDIFFINBUF_X0Y130.DIFF_IN_P
                                                                      r  static                              <hidden>/<hidden>/<hidden>/<hidden>
    HPIOBDIFFINBUF_X0Y130.O
                         DIFFINBUF (Prop_DIFFINBUF_HPIOBDIFFINBUF_DIFF_IN_P_O)
                                                      0.750    10.829 r  static                              <hidden>/<hidden>/<hidden>/<hidden>
                         net (fo=1, routed)           0.040    10.869    static                              <hidden>/<hidden>/<hidden>/<hidden>
    BJ4.I                                                             r  static                              <hidden>/<hidden>/<hidden>/<hidden>
    BJ4.O                IBUFCTRL (Prop_IBUFCTRL_HPIOB_M_I_O)
                                                      0.000    10.869 r  static                              <hidden>/<hidden>/<hidden>/<hidden>
                         net (fo=1, routed)           0.309    11.178    static                              <hidden>/<hidden>/<hidden>
    BUFGCE_X0Y122.I                                                   r  static                              <hidden>/<hidden>/<hidden>
    BUFGCE_X0Y122.O      BUFGCE (Prop_BUFCE_BUFGCE_I_O)
                                                      0.024    11.202 r  static                              <hidden>/<hidden>/<hidden>
                         net (fo=3, routed)           1.624    12.826    static                              <hidden>/<hidden>/<hidden>/<hidden>/<hidden>
    SLR Crossing[1->0]   
    MMCM_X0Y2.CLKIN1                                                  r  static                              <hidden>/<hidden>/<hidden>/<hidden>/<hidden>
    MMCM_X0Y2.CLKOUT0    MMCME4_ADV (Prop_MMCM_CLKIN1_CLKOUT0)
                                                      0.630    13.456 r  static                              <hidden>/<hidden>/<hidden>/<hidden>/<hidden>
                         net (fo=2, routed)           0.215    13.671    static                              <hidden>/<hidden>/<hidden>
    BUFGCE_X0Y70.I                                                    r  static                              <hidden>/<hidden>/<hidden>
    BUFGCE_X0Y70.O       BUFGCE (Prop_BUFCE_BUFGCE_I_O)
                                                      0.024    13.695 r  static                              <hidden>/<hidden>/<hidden>
    X3Y5 (CLOCK_ROOT)    net (fo=2363, estimated)     2.554    16.249    boundary                            WRAPPER/CL/AWS_CLK_GEN/CLK_GRP_A_EN_I.CLK_MMCM_A_I/inst/CLK_CORE_DRP_I/s_axi_aclk
    SLICE_X123Y224.CLK   FDRE                                         r  reconfigurable pblock_CL            WRAPPER/CL/AWS_CLK_GEN/CLK_GRP_A_EN_I.CLK_MMCM_A_I/inst/CLK_CORE_DRP_I/ram_clk_config_reg[27][12]/C
                         clock pessimism             -0.119    16.130                                            
                         clock uncertainty           -0.094    16.036                                            
    SLICE_X123Y224       FDRE (Setup_AFF_SLICEL_C_CE)
                                                     -0.060    15.976    reconfigurable   pblock_CL              WRAPPER/CL/AWS_CLK_GEN/CLK_GRP_A_EN_I.CLK_MMCM_A_I/inst/CLK_CORE_DRP_I/ram_clk_config_reg[27][12]
  -------------------------------------------------------------------
                         required time                         15.976                                            
                         arrival time                          -8.466                                            
  -------------------------------------------------------------------
                         slack                                  7.510                                            

Slack (MET) :             7.513ns  (required time - arrival time)
  Source:                 WRAPPER/CL/AWS_CLK_GEN/CLK_GRP_A_EN_I.CLK_MMCM_A_I/inst/AXI_LITE_IPIF_I/I_SLAVE_ATTACHMENT/bus2ip_addr_i_reg[2]_rep__0/C
                            (rising edge-triggered cell FDRE clocked by clk_hbm_ref  {rise@0.000ns fall@5.000ns period=10.000ns})
  Destination:            WRAPPER/CL/AWS_CLK_GEN/CLK_GRP_A_EN_I.CLK_MMCM_A_I/inst/CLK_CORE_DRP_I/ram_clk_config_reg[6][12]/CE
                            (rising edge-triggered cell FDRE clocked by clk_hbm_ref  {rise@0.000ns fall@5.000ns period=10.000ns})
  Path Group:             clk_hbm_ref
  Path Type:              Setup (Max at Slow Process Corner)
  Requirement:            10.000ns  (clk_hbm_ref rise@10.000ns - clk_hbm_ref rise@0.000ns)
  Data Path Delay:        2.205ns  (logic 0.471ns (21.361%)  route 1.734ns (78.639%))
  Logic Levels:           4  (LUT3=2 LUT6=2)
  Clock Path Skew:        -0.127ns (DCD - SCD + CPR)
    Destination Clock Delay (DCD):    6.248ns = ( 16.248 - 10.000 ) 
    Source Clock Delay      (SCD):    6.257ns
    Clock Pessimism Removal (CPR):    -0.119ns
  Clock Uncertainty:      0.094ns  ((TSJ^2 + DJ^2)^1/2) / 2 + PE
    Total System Jitter     (TSJ):    0.071ns
    Discrete Jitter          (DJ):    0.175ns
    Phase Error              (PE):    0.000ns
  Clock Net Delay (Source):      2.911ns (routing 1.113ns, distribution 1.798ns)
  Clock Net Delay (Destination): 2.553ns (routing 1.010ns, distribution 1.543ns)

    Location             Delay type                Incr(ns)  Path(ns)    Partition      PBlock               Netlist Resource(s)
  -------------------------------------------------------------------    -------------------------------------------------------
                         (clock clk_hbm_ref rise edge)
                                                      0.000     0.000 r                                      
    BJ4                                               0.000     0.000 r  static                              <hidden>
                         net (fo=0)                   0.100     0.100    static                              <hidden>/<hidden>/<hidden>/<hidden>
    HPIOBDIFFINBUF_X0Y130.DIFF_IN_P
                                                                      r  static                              <hidden>/<hidden>/<hidden>/<hidden>
    HPIOBDIFFINBUF_X0Y130.O
                         DIFFINBUF (Prop_DIFFINBUF_HPIOBDIFFINBUF_DIFF_IN_P_O)
                                                      0.863     0.963 r  static                              <hidden>/<hidden>/<hidden>/<hidden>
                         net (fo=1, routed)           0.050     1.013    static                              <hidden>/<hidden>/<hidden>/<hidden>
    BJ4.I                                                             r  static                              <hidden>/<hidden>/<hidden>/<hidden>
    BJ4.O                IBUFCTRL (Prop_IBUFCTRL_HPIOB_M_I_O)
                                                      0.000     1.013 r  static                              <hidden>/<hidden>/<hidden>/<hidden>
                         net (fo=1, routed)           0.348     1.361    static                              <hidden>/<hidden>/<hidden>
    BUFGCE_X0Y122.I                                                   r  static                              <hidden>/<hidden>/<hidden>
    BUFGCE_X0Y122.O      BUFGCE (Prop_BUFCE_BUFGCE_I_O)
                                                      0.028     1.389 r  static                              <hidden>/<hidden>/<hidden>
                         net (fo=3, routed)           1.811     3.200    static                              <hidden>/<hidden>/<hidden>/<hidden>/<hidden>
    SLR Crossing[1->0]   
    MMCM_X0Y2.CLKIN1                                                  r  static                              <hidden>/<hidden>/<hidden>/<hidden>/<hidden>
    MMCM_X0Y2.CLKOUT0    MMCME4_ADV (Prop_MMCM_CLKIN1_CLKOUT0)
                                                     -0.127     3.073 r  static                              <hidden>/<hidden>/<hidden>/<hidden>/<hidden>
                         net (fo=2, routed)           0.245     3.318    static                              <hidden>/<hidden>/<hidden>
    BUFGCE_X0Y70.I                                                    r  static                              <hidden>/<hidden>/<hidden>
    BUFGCE_X0Y70.O       BUFGCE (Prop_BUFCE_BUFGCE_I_O)
                                                      0.028     3.346 r  static                              <hidden>/<hidden>/<hidden>
    X3Y5 (CLOCK_ROOT)    net (fo=2363, estimated)     2.911     6.257    boundary                            WRAPPER/CL/AWS_CLK_GEN/CLK_GRP_A_EN_I.CLK_MMCM_A_I/inst/AXI_LITE_IPIF_I/I_SLAVE_ATTACHMENT/s_axi_aclk
    SLICE_X127Y221.CLK   FDRE                                         r  reconfigurable pblock_CL            WRAPPER/CL/AWS_CLK_GEN/CLK_GRP_A_EN_I.CLK_MMCM_A_I/inst/AXI_LITE_IPIF_I/I_SLAVE_ATTACHMENT/bus2ip_addr_i_reg[2]_rep__0/C
  -------------------------------------------------------------------    -------------------------------------------------------
    SLICE_X127Y221.Q     FDRE (Prop_CFF_SLICEL_C_Q)
                                                      0.079     6.336 f  reconfigurable pblock_CL            WRAPPER/CL/AWS_CLK_GEN/CLK_GRP_A_EN_I.CLK_MMCM_A_I/inst/AXI_LITE_IPIF_I/I_SLAVE_ATTACHMENT/bus2ip_addr_i_reg[2]_rep__0/Q
                         net (fo=122, estimated)      0.284     6.620    reconfigurable                      WRAPPER/CL/AWS_CLK_GEN/CLK_GRP_A_EN_I.CLK_MMCM_A_I/inst/AXI_LITE_IPIF_I/I_SLAVE_ATTACHMENT/bus2ip_addr_i_reg[2]_rep__0_0
    SLICE_X127Y217.A5                                                 f  reconfigurable pblock_CL            WRAPPER/CL/AWS_CLK_GEN/CLK_GRP_A_EN_I.CLK_MMCM_A_I/inst/AXI_LITE_IPIF_I/I_SLAVE_ATTACHMENT/ram_clk_config[7][31]_i_2/I1
    SLICE_X127Y217.O6    LUT3 (Prop_G6LUT_SLICEL_I1_O)
                                                      0.050     6.670 r  reconfigurable pblock_CL            WRAPPER/CL/AWS_CLK_GEN/CLK_GRP_A_EN_I.CLK_MMCM_A_I/inst/AXI_LITE_IPIF_I/I_SLAVE_ATTACHMENT/ram_clk_config[7][31]_i_2/O
                         net (fo=5, estimated)        0.328     6.998    reconfigurable                      WRAPPER/CL/AWS_CLK_GEN/CLK_GRP_A_EN_I.CLK_MMCM_A_I/inst/AXI_LITE_IPIF_I/I_SLAVE_ATTACHMENT/ram_clk_config[7][31]_i_2_n_0
    SLICE_X126Y215.A1                                                 r  reconfigurable pblock_CL            WRAPPER/CL/AWS_CLK_GEN/CLK_GRP_A_EN_I.CLK_MMCM_A_I/inst/AXI_LITE_IPIF_I/I_SLAVE_ATTACHMENT/clkfbout_reg[6]_i_4/I5
    SLICE_X126Y215.O6    LUT6 (Prop_D6LUT_SLICEM_I5_O)
                                                      0.145     7.143 r  reconfigurable pblock_CL            WRAPPER/CL/AWS_CLK_GEN/CLK_GRP_A_EN_I.CLK_MMCM_A_I/inst/AXI_LITE_IPIF_I/I_SLAVE_ATTACHMENT/clkfbout_reg[6]_i_4/O
                         net (fo=16, estimated)       0.374     7.517    reconfigurable                      WRAPPER/CL/AWS_CLK_GEN/CLK_GRP_A_EN_I.CLK_MMCM_A_I/inst/AXI_LITE_IPIF_I/I_SLAVE_ATTACHMENT/clkfbout_reg[6]_i_4_n_0
    SLICE_X128Y216.A5                                                 r  reconfigurable pblock_CL            WRAPPER/CL/AWS_CLK_GEN/CLK_GRP_A_EN_I.CLK_MMCM_A_I/inst/AXI_LITE_IPIF_I/I_SLAVE_ATTACHMENT/ram_clk_config[5][31]_i_3/I1
    SLICE_X128Y216.O6    LUT3 (Prop_E6LUT_SLICEM_I1_O)
                                                      0.052     7.569 f  reconfigurable pblock_CL            WRAPPER/CL/AWS_CLK_GEN/CLK_GRP_A_EN_I.CLK_MMCM_A_I/inst/AXI_LITE_IPIF_I/I_SLAVE_ATTACHMENT/ram_clk_config[5][31]_i_3/O
                         net (fo=18, estimated)       0.199     7.768    reconfigurable                      WRAPPER/CL/AWS_CLK_GEN/CLK_GRP_A_EN_I.CLK_MMCM_A_I/inst/AXI_LITE_IPIF_I/I_SLAVE_ATTACHMENT/I_DECODER/ram_clk_config_reg[14][31]_0
    SLICE_X128Y219.A1                                                 f  reconfigurable pblock_CL            WRAPPER/CL/AWS_CLK_GEN/CLK_GRP_A_EN_I.CLK_MMCM_A_I/inst/AXI_LITE_IPIF_I/I_SLAVE_ATTACHMENT/I_DECODER/ram_clk_config[6][31]_i_1/I1
    SLICE_X128Y219.O6    LUT6 (Prop_D6LUT_SLICEM_I1_O)
                                                      0.145     7.913 r  reconfigurable pblock_CL            WRAPPER/CL/AWS_CLK_GEN/CLK_GRP_A_EN_I.CLK_MMCM_A_I/inst/AXI_LITE_IPIF_I/I_SLAVE_ATTACHMENT/I_DECODER/ram_clk_config[6][31]_i_1/O
                         net (fo=32, estimated)       0.549     8.462    reconfigurable                      WRAPPER/CL/AWS_CLK_GEN/CLK_GRP_A_EN_I.CLK_MMCM_A_I/inst/CLK_CORE_DRP_I/ram_clk_config_reg[6][31]_0[0]
    SLICE_X125Y216.CE    FDRE                                         r  reconfigurable pblock_CL            WRAPPER/CL/AWS_CLK_GEN/CLK_GRP_A_EN_I.CLK_MMCM_A_I/inst/CLK_CORE_DRP_I/ram_clk_config_reg[6][12]/CE
  -------------------------------------------------------------------    -------------------------------------------------------

                         (clock clk_hbm_ref rise edge)
                                                     10.000    10.000 r                                      
    BJ4                                               0.000    10.000 r  static                              <hidden>
                         net (fo=0)                   0.079    10.079    static                              <hidden>/<hidden>/<hidden>/<hidden>
    HPIOBDIFFINBUF_X0Y130.DIFF_IN_P
                                                                      r  static                              <hidden>/<hidden>/<hidden>/<hidden>
    HPIOBDIFFINBUF_X0Y130.O
                         DIFFINBUF (Prop_DIFFINBUF_HPIOBDIFFINBUF_DIFF_IN_P_O)
                                                      0.750    10.829 r  static                              <hidden>/<hidden>/<hidden>/<hidden>
                         net (fo=1, routed)           0.040    10.869    static                              <hidden>/<hidden>/<hidden>/<hidden>
    BJ4.I                                                             r  static                              <hidden>/<hidden>/<hidden>/<hidden>
    BJ4.O                IBUFCTRL (Prop_IBUFCTRL_HPIOB_M_I_O)
                                                      0.000    10.869 r  static                              <hidden>/<hidden>/<hidden>/<hidden>
                         net (fo=1, routed)           0.309    11.178    static                              <hidden>/<hidden>/<hidden>
    BUFGCE_X0Y122.I                                                   r  static                              <hidden>/<hidden>/<hidden>
    BUFGCE_X0Y122.O      BUFGCE (Prop_BUFCE_BUFGCE_I_O)
                                                      0.024    11.202 r  static                              <hidden>/<hidden>/<hidden>
                         net (fo=3, routed)           1.624    12.826    static                              <hidden>/<hidden>/<hidden>/<hidden>/<hidden>
    SLR Crossing[1->0]   
    MMCM_X0Y2.CLKIN1                                                  r  static                              <hidden>/<hidden>/<hidden>/<hidden>/<hidden>
    MMCM_X0Y2.CLKOUT0    MMCME4_ADV (Prop_MMCM_CLKIN1_CLKOUT0)
                                                      0.630    13.456 r  static                              <hidden>/<hidden>/<hidden>/<hidden>/<hidden>
                         net (fo=2, routed)           0.215    13.671    static                              <hidden>/<hidden>/<hidden>
    BUFGCE_X0Y70.I                                                    r  static                              <hidden>/<hidden>/<hidden>
    BUFGCE_X0Y70.O       BUFGCE (Prop_BUFCE_BUFGCE_I_O)
                                                      0.024    13.695 r  static                              <hidden>/<hidden>/<hidden>
    X3Y5 (CLOCK_ROOT)    net (fo=2363, estimated)     2.553    16.248    boundary                            WRAPPER/CL/AWS_CLK_GEN/CLK_GRP_A_EN_I.CLK_MMCM_A_I/inst/CLK_CORE_DRP_I/s_axi_aclk
    SLICE_X125Y216.CLK   FDRE                                         r  reconfigurable pblock_CL            WRAPPER/CL/AWS_CLK_GEN/CLK_GRP_A_EN_I.CLK_MMCM_A_I/inst/CLK_CORE_DRP_I/ram_clk_config_reg[6][12]/C
                         clock pessimism             -0.119    16.129                                            
                         clock uncertainty           -0.094    16.035                                            
    SLICE_X125Y216       FDRE (Setup_HFF2_SLICEL_C_CE)
                                                     -0.060    15.975    reconfigurable   pblock_CL              WRAPPER/CL/AWS_CLK_GEN/CLK_GRP_A_EN_I.CLK_MMCM_A_I/inst/CLK_CORE_DRP_I/ram_clk_config_reg[6][12]
  -------------------------------------------------------------------
                         required time                         15.975                                            
                         arrival time                          -8.462                                            
  -------------------------------------------------------------------
                         slack                                  7.513                                            

Slack (MET) :             7.513ns  (required time - arrival time)
  Source:                 WRAPPER/CL/AWS_CLK_GEN/CLK_GRP_A_EN_I.CLK_MMCM_A_I/inst/AXI_LITE_IPIF_I/I_SLAVE_ATTACHMENT/bus2ip_addr_i_reg[2]_rep__0/C
                            (rising edge-triggered cell FDRE clocked by clk_hbm_ref  {rise@0.000ns fall@5.000ns period=10.000ns})
  Destination:            WRAPPER/CL/AWS_CLK_GEN/CLK_GRP_A_EN_I.CLK_MMCM_A_I/inst/CLK_CORE_DRP_I/ram_clk_config_reg[6][25]/CE
                            (rising edge-triggered cell FDRE clocked by clk_hbm_ref  {rise@0.000ns fall@5.000ns period=10.000ns})
  Path Group:             clk_hbm_ref
  Path Type:              Setup (Max at Slow Process Corner)
  Requirement:            10.000ns  (clk_hbm_ref rise@10.000ns - clk_hbm_ref rise@0.000ns)
  Data Path Delay:        2.205ns  (logic 0.471ns (21.361%)  route 1.734ns (78.639%))
  Logic Levels:           4  (LUT3=2 LUT6=2)
  Clock Path Skew:        -0.127ns (DCD - SCD + CPR)
    Destination Clock Delay (DCD):    6.248ns = ( 16.248 - 10.000 ) 
    Source Clock Delay      (SCD):    6.257ns
    Clock Pessimism Removal (CPR):    -0.119ns
  Clock Uncertainty:      0.094ns  ((TSJ^2 + DJ^2)^1/2) / 2 + PE
    Total System Jitter     (TSJ):    0.071ns
    Discrete Jitter          (DJ):    0.175ns
    Phase Error              (PE):    0.000ns
  Clock Net Delay (Source):      2.911ns (routing 1.113ns, distribution 1.798ns)
  Clock Net Delay (Destination): 2.553ns (routing 1.010ns, distribution 1.543ns)

    Location             Delay type                Incr(ns)  Path(ns)    Partition      PBlock               Netlist Resource(s)
  -------------------------------------------------------------------    -------------------------------------------------------
                         (clock clk_hbm_ref rise edge)
                                                      0.000     0.000 r                                      
    BJ4                                               0.000     0.000 r  static                              <hidden>
                         net (fo=0)                   0.100     0.100    static                              <hidden>/<hidden>/<hidden>/<hidden>
    HPIOBDIFFINBUF_X0Y130.DIFF_IN_P
                                                                      r  static                              <hidden>/<hidden>/<hidden>/<hidden>
    HPIOBDIFFINBUF_X0Y130.O
                         DIFFINBUF (Prop_DIFFINBUF_HPIOBDIFFINBUF_DIFF_IN_P_O)
                                                      0.863     0.963 r  static                              <hidden>/<hidden>/<hidden>/<hidden>
                         net (fo=1, routed)           0.050     1.013    static                              <hidden>/<hidden>/<hidden>/<hidden>
    BJ4.I                                                             r  static                              <hidden>/<hidden>/<hidden>/<hidden>
    BJ4.O                IBUFCTRL (Prop_IBUFCTRL_HPIOB_M_I_O)
                                                      0.000     1.013 r  static                              <hidden>/<hidden>/<hidden>/<hidden>
                         net (fo=1, routed)           0.348     1.361    static                              <hidden>/<hidden>/<hidden>
    BUFGCE_X0Y122.I                                                   r  static                              <hidden>/<hidden>/<hidden>
    BUFGCE_X0Y122.O      BUFGCE (Prop_BUFCE_BUFGCE_I_O)
                                                      0.028     1.389 r  static                              <hidden>/<hidden>/<hidden>
                         net (fo=3, routed)           1.811     3.200    static                              <hidden>/<hidden>/<hidden>/<hidden>/<hidden>
    SLR Crossing[1->0]   
    MMCM_X0Y2.CLKIN1                                                  r  static                              <hidden>/<hidden>/<hidden>/<hidden>/<hidden>
    MMCM_X0Y2.CLKOUT0    MMCME4_ADV (Prop_MMCM_CLKIN1_CLKOUT0)
                                                     -0.127     3.073 r  static                              <hidden>/<hidden>/<hidden>/<hidden>/<hidden>
                         net (fo=2, routed)           0.245     3.318    static                              <hidden>/<hidden>/<hidden>
    BUFGCE_X0Y70.I                                                    r  static                              <hidden>/<hidden>/<hidden>
    BUFGCE_X0Y70.O       BUFGCE (Prop_BUFCE_BUFGCE_I_O)
                                                      0.028     3.346 r  static                              <hidden>/<hidden>/<hidden>
    X3Y5 (CLOCK_ROOT)    net (fo=2363, estimated)     2.911     6.257    boundary                            WRAPPER/CL/AWS_CLK_GEN/CLK_GRP_A_EN_I.CLK_MMCM_A_I/inst/AXI_LITE_IPIF_I/I_SLAVE_ATTACHMENT/s_axi_aclk
    SLICE_X127Y221.CLK   FDRE                                         r  reconfigurable pblock_CL            WRAPPER/CL/AWS_CLK_GEN/CLK_GRP_A_EN_I.CLK_MMCM_A_I/inst/AXI_LITE_IPIF_I/I_SLAVE_ATTACHMENT/bus2ip_addr_i_reg[2]_rep__0/C
  -------------------------------------------------------------------    -------------------------------------------------------
    SLICE_X127Y221.Q     FDRE (Prop_CFF_SLICEL_C_Q)
                                                      0.079     6.336 f  reconfigurable pblock_CL            WRAPPER/CL/AWS_CLK_GEN/CLK_GRP_A_EN_I.CLK_MMCM_A_I/inst/AXI_LITE_IPIF_I/I_SLAVE_ATTACHMENT/bus2ip_addr_i_reg[2]_rep__0/Q
                         net (fo=122, estimated)      0.284     6.620    reconfigurable                      WRAPPER/CL/AWS_CLK_GEN/CLK_GRP_A_EN_I.CLK_MMCM_A_I/inst/AXI_LITE_IPIF_I/I_SLAVE_ATTACHMENT/bus2ip_addr_i_reg[2]_rep__0_0
    SLICE_X127Y217.A5                                                 f  reconfigurable pblock_CL            WRAPPER/CL/AWS_CLK_GEN/CLK_GRP_A_EN_I.CLK_MMCM_A_I/inst/AXI_LITE_IPIF_I/I_SLAVE_ATTACHMENT/ram_clk_config[7][31]_i_2/I1
    SLICE_X127Y217.O6    LUT3 (Prop_G6LUT_SLICEL_I1_O)
                                                      0.050     6.670 r  reconfigurable pblock_CL            WRAPPER/CL/AWS_CLK_GEN/CLK_GRP_A_EN_I.CLK_MMCM_A_I/inst/AXI_LITE_IPIF_I/I_SLAVE_ATTACHMENT/ram_clk_config[7][31]_i_2/O
                         net (fo=5, estimated)        0.328     6.998    reconfigurable                      WRAPPER/CL/AWS_CLK_GEN/CLK_GRP_A_EN_I.CLK_MMCM_A_I/inst/AXI_LITE_IPIF_I/I_SLAVE_ATTACHMENT/ram_clk_config[7][31]_i_2_n_0
    SLICE_X126Y215.A1                                                 r  reconfigurable pblock_CL            WRAPPER/CL/AWS_CLK_GEN/CLK_GRP_A_EN_I.CLK_MMCM_A_I/inst/AXI_LITE_IPIF_I/I_SLAVE_ATTACHMENT/clkfbout_reg[6]_i_4/I5
    SLICE_X126Y215.O6    LUT6 (Prop_D6LUT_SLICEM_I5_O)
                                                      0.145     7.143 r  reconfigurable pblock_CL            WRAPPER/CL/AWS_CLK_GEN/CLK_GRP_A_EN_I.CLK_MMCM_A_I/inst/AXI_LITE_IPIF_I/I_SLAVE_ATTACHMENT/clkfbout_reg[6]_i_4/O
                         net (fo=16, estimated)       0.374     7.517    reconfigurable                      WRAPPER/CL/AWS_CLK_GEN/CLK_GRP_A_EN_I.CLK_MMCM_A_I/inst/AXI_LITE_IPIF_I/I_SLAVE_ATTACHMENT/clkfbout_reg[6]_i_4_n_0
    SLICE_X128Y216.A5                                                 r  reconfigurable pblock_CL            WRAPPER/CL/AWS_CLK_GEN/CLK_GRP_A_EN_I.CLK_MMCM_A_I/inst/AXI_LITE_IPIF_I/I_SLAVE_ATTACHMENT/ram_clk_config[5][31]_i_3/I1
    SLICE_X128Y216.O6    LUT3 (Prop_E6LUT_SLICEM_I1_O)
                                                      0.052     7.569 f  reconfigurable pblock_CL            WRAPPER/CL/AWS_CLK_GEN/CLK_GRP_A_EN_I.CLK_MMCM_A_I/inst/AXI_LITE_IPIF_I/I_SLAVE_ATTACHMENT/ram_clk_config[5][31]_i_3/O
                         net (fo=18, estimated)       0.199     7.768    reconfigurable                      WRAPPER/CL/AWS_CLK_GEN/CLK_GRP_A_EN_I.CLK_MMCM_A_I/inst/AXI_LITE_IPIF_I/I_SLAVE_ATTACHMENT/I_DECODER/ram_clk_config_reg[14][31]_0
    SLICE_X128Y219.A1                                                 f  reconfigurable pblock_CL            WRAPPER/CL/AWS_CLK_GEN/CLK_GRP_A_EN_I.CLK_MMCM_A_I/inst/AXI_LITE_IPIF_I/I_SLAVE_ATTACHMENT/I_DECODER/ram_clk_config[6][31]_i_1/I1
    SLICE_X128Y219.O6    LUT6 (Prop_D6LUT_SLICEM_I1_O)
                                                      0.145     7.913 r  reconfigurable pblock_CL            WRAPPER/CL/AWS_CLK_GEN/CLK_GRP_A_EN_I.CLK_MMCM_A_I/inst/AXI_LITE_IPIF_I/I_SLAVE_ATTACHMENT/I_DECODER/ram_clk_config[6][31]_i_1/O
                         net (fo=32, estimated)       0.549     8.462    reconfigurable                      WRAPPER/CL/AWS_CLK_GEN/CLK_GRP_A_EN_I.CLK_MMCM_A_I/inst/CLK_CORE_DRP_I/ram_clk_config_reg[6][31]_0[0]
    SLICE_X125Y216.CE    FDRE                                         r  reconfigurable pblock_CL            WRAPPER/CL/AWS_CLK_GEN/CLK_GRP_A_EN_I.CLK_MMCM_A_I/inst/CLK_CORE_DRP_I/ram_clk_config_reg[6][25]/CE
  -------------------------------------------------------------------    -------------------------------------------------------

                         (clock clk_hbm_ref rise edge)
                                                     10.000    10.000 r                                      
    BJ4                                               0.000    10.000 r  static                              <hidden>
                         net (fo=0)                   0.079    10.079    static                              <hidden>/<hidden>/<hidden>/<hidden>
    HPIOBDIFFINBUF_X0Y130.DIFF_IN_P
                                                                      r  static                              <hidden>/<hidden>/<hidden>/<hidden>
    HPIOBDIFFINBUF_X0Y130.O
                         DIFFINBUF (Prop_DIFFINBUF_HPIOBDIFFINBUF_DIFF_IN_P_O)
                                                      0.750    10.829 r  static                              <hidden>/<hidden>/<hidden>/<hidden>
                         net (fo=1, routed)           0.040    10.869    static                              <hidden>/<hidden>/<hidden>/<hidden>
    BJ4.I                                                             r  static                              <hidden>/<hidden>/<hidden>/<hidden>
    BJ4.O                IBUFCTRL (Prop_IBUFCTRL_HPIOB_M_I_O)
                                                      0.000    10.869 r  static                              <hidden>/<hidden>/<hidden>/<hidden>
                         net (fo=1, routed)           0.309    11.178    static                              <hidden>/<hidden>/<hidden>
    BUFGCE_X0Y122.I                                                   r  static                              <hidden>/<hidden>/<hidden>
    BUFGCE_X0Y122.O      BUFGCE (Prop_BUFCE_BUFGCE_I_O)
                                                      0.024    11.202 r  static                              <hidden>/<hidden>/<hidden>
                         net (fo=3, routed)           1.624    12.826    static                              <hidden>/<hidden>/<hidden>/<hidden>/<hidden>
    SLR Crossing[1->0]   
    MMCM_X0Y2.CLKIN1                                                  r  static                              <hidden>/<hidden>/<hidden>/<hidden>/<hidden>
    MMCM_X0Y2.CLKOUT0    MMCME4_ADV (Prop_MMCM_CLKIN1_CLKOUT0)
                                                      0.630    13.456 r  static                              <hidden>/<hidden>/<hidden>/<hidden>/<hidden>
                         net (fo=2, routed)           0.215    13.671    static                              <hidden>/<hidden>/<hidden>
    BUFGCE_X0Y70.I                                                    r  static                              <hidden>/<hidden>/<hidden>
    BUFGCE_X0Y70.O       BUFGCE (Prop_BUFCE_BUFGCE_I_O)
                                                      0.024    13.695 r  static                              <hidden>/<hidden>/<hidden>
    X3Y5 (CLOCK_ROOT)    net (fo=2363, estimated)     2.553    16.248    boundary                            WRAPPER/CL/AWS_CLK_GEN/CLK_GRP_A_EN_I.CLK_MMCM_A_I/inst/CLK_CORE_DRP_I/s_axi_aclk
    SLICE_X125Y216.CLK   FDRE                                         r  reconfigurable pblock_CL            WRAPPER/CL/AWS_CLK_GEN/CLK_GRP_A_EN_I.CLK_MMCM_A_I/inst/CLK_CORE_DRP_I/ram_clk_config_reg[6][25]/C
                         clock pessimism             -0.119    16.129                                            
                         clock uncertainty           -0.094    16.035                                            
    SLICE_X125Y216       FDRE (Setup_GFF2_SLICEL_C_CE)
                                                     -0.060    15.975    reconfigurable   pblock_CL              WRAPPER/CL/AWS_CLK_GEN/CLK_GRP_A_EN_I.CLK_MMCM_A_I/inst/CLK_CORE_DRP_I/ram_clk_config_reg[6][25]
  -------------------------------------------------------------------
                         required time                         15.975                                            
                         arrival time                          -8.462                                            
  -------------------------------------------------------------------
                         slack                                  7.513                                            

Slack (MET) :             7.513ns  (required time - arrival time)
  Source:                 WRAPPER/CL/AWS_CLK_GEN/CLK_GRP_A_EN_I.CLK_MMCM_A_I/inst/AXI_LITE_IPIF_I/I_SLAVE_ATTACHMENT/bus2ip_addr_i_reg[2]_rep__0/C
                            (rising edge-triggered cell FDRE clocked by clk_hbm_ref  {rise@0.000ns fall@5.000ns period=10.000ns})
  Destination:            WRAPPER/CL/AWS_CLK_GEN/CLK_GRP_A_EN_I.CLK_MMCM_A_I/inst/CLK_CORE_DRP_I/ram_clk_config_reg[6][4]/CE
                            (rising edge-triggered cell FDRE clocked by clk_hbm_ref  {rise@0.000ns fall@5.000ns period=10.000ns})
  Path Group:             clk_hbm_ref
  Path Type:              Setup (Max at Slow Process Corner)
  Requirement:            10.000ns  (clk_hbm_ref rise@10.000ns - clk_hbm_ref rise@0.000ns)
  Data Path Delay:        2.205ns  (logic 0.471ns (21.361%)  route 1.734ns (78.639%))
  Logic Levels:           4  (LUT3=2 LUT6=2)
  Clock Path Skew:        -0.127ns (DCD - SCD + CPR)
    Destination Clock Delay (DCD):    6.248ns = ( 16.248 - 10.000 ) 
    Source Clock Delay      (SCD):    6.257ns
    Clock Pessimism Removal (CPR):    -0.119ns
  Clock Uncertainty:      0.094ns  ((TSJ^2 + DJ^2)^1/2) / 2 + PE
    Total System Jitter     (TSJ):    0.071ns
    Discrete Jitter          (DJ):    0.175ns
    Phase Error              (PE):    0.000ns
  Clock Net Delay (Source):      2.911ns (routing 1.113ns, distribution 1.798ns)
  Clock Net Delay (Destination): 2.553ns (routing 1.010ns, distribution 1.543ns)

    Location             Delay type                Incr(ns)  Path(ns)    Partition      PBlock               Netlist Resource(s)
  -------------------------------------------------------------------    -------------------------------------------------------
                         (clock clk_hbm_ref rise edge)
                                                      0.000     0.000 r                                      
    BJ4                                               0.000     0.000 r  static                              <hidden>
                         net (fo=0)                   0.100     0.100    static                              <hidden>/<hidden>/<hidden>/<hidden>
    HPIOBDIFFINBUF_X0Y130.DIFF_IN_P
                                                                      r  static                              <hidden>/<hidden>/<hidden>/<hidden>
    HPIOBDIFFINBUF_X0Y130.O
                         DIFFINBUF (Prop_DIFFINBUF_HPIOBDIFFINBUF_DIFF_IN_P_O)
                                                      0.863     0.963 r  static                              <hidden>/<hidden>/<hidden>/<hidden>
                         net (fo=1, routed)           0.050     1.013    static                              <hidden>/<hidden>/<hidden>/<hidden>
    BJ4.I                                                             r  static                              <hidden>/<hidden>/<hidden>/<hidden>
    BJ4.O                IBUFCTRL (Prop_IBUFCTRL_HPIOB_M_I_O)
                                                      0.000     1.013 r  static                              <hidden>/<hidden>/<hidden>/<hidden>
                         net (fo=1, routed)           0.348     1.361    static                              <hidden>/<hidden>/<hidden>
    BUFGCE_X0Y122.I                                                   r  static                              <hidden>/<hidden>/<hidden>
    BUFGCE_X0Y122.O      BUFGCE (Prop_BUFCE_BUFGCE_I_O)
                                                      0.028     1.389 r  static                              <hidden>/<hidden>/<hidden>
                         net (fo=3, routed)           1.811     3.200    static                              <hidden>/<hidden>/<hidden>/<hidden>/<hidden>
    SLR Crossing[1->0]   
    MMCM_X0Y2.CLKIN1                                                  r  static                              <hidden>/<hidden>/<hidden>/<hidden>/<hidden>
    MMCM_X0Y2.CLKOUT0    MMCME4_ADV (Prop_MMCM_CLKIN1_CLKOUT0)
                                                     -0.127     3.073 r  static                              <hidden>/<hidden>/<hidden>/<hidden>/<hidden>
                         net (fo=2, routed)           0.245     3.318    static                              <hidden>/<hidden>/<hidden>
    BUFGCE_X0Y70.I                                                    r  static                              <hidden>/<hidden>/<hidden>
    BUFGCE_X0Y70.O       BUFGCE (Prop_BUFCE_BUFGCE_I_O)
                                                      0.028     3.346 r  static                              <hidden>/<hidden>/<hidden>
    X3Y5 (CLOCK_ROOT)    net (fo=2363, estimated)     2.911     6.257    boundary                            WRAPPER/CL/AWS_CLK_GEN/CLK_GRP_A_EN_I.CLK_MMCM_A_I/inst/AXI_LITE_IPIF_I/I_SLAVE_ATTACHMENT/s_axi_aclk
    SLICE_X127Y221.CLK   FDRE                                         r  reconfigurable pblock_CL            WRAPPER/CL/AWS_CLK_GEN/CLK_GRP_A_EN_I.CLK_MMCM_A_I/inst/AXI_LITE_IPIF_I/I_SLAVE_ATTACHMENT/bus2ip_addr_i_reg[2]_rep__0/C
  -------------------------------------------------------------------    -------------------------------------------------------
    SLICE_X127Y221.Q     FDRE (Prop_CFF_SLICEL_C_Q)
                                                      0.079     6.336 f  reconfigurable pblock_CL            WRAPPER/CL/AWS_CLK_GEN/CLK_GRP_A_EN_I.CLK_MMCM_A_I/inst/AXI_LITE_IPIF_I/I_SLAVE_ATTACHMENT/bus2ip_addr_i_reg[2]_rep__0/Q
                         net (fo=122, estimated)      0.284     6.620    reconfigurable                      WRAPPER/CL/AWS_CLK_GEN/CLK_GRP_A_EN_I.CLK_MMCM_A_I/inst/AXI_LITE_IPIF_I/I_SLAVE_ATTACHMENT/bus2ip_addr_i_reg[2]_rep__0_0
    SLICE_X127Y217.A5                                                 f  reconfigurable pblock_CL            WRAPPER/CL/AWS_CLK_GEN/CLK_GRP_A_EN_I.CLK_MMCM_A_I/inst/AXI_LITE_IPIF_I/I_SLAVE_ATTACHMENT/ram_clk_config[7][31]_i_2/I1
    SLICE_X127Y217.O6    LUT3 (Prop_G6LUT_SLICEL_I1_O)
                                                      0.050     6.670 r  reconfigurable pblock_CL            WRAPPER/CL/AWS_CLK_GEN/CLK_GRP_A_EN_I.CLK_MMCM_A_I/inst/AXI_LITE_IPIF_I/I_SLAVE_ATTACHMENT/ram_clk_config[7][31]_i_2/O
                         net (fo=5, estimated)        0.328     6.998    reconfigurable                      WRAPPER/CL/AWS_CLK_GEN/CLK_GRP_A_EN_I.CLK_MMCM_A_I/inst/AXI_LITE_IPIF_I/I_SLAVE_ATTACHMENT/ram_clk_config[7][31]_i_2_n_0
    SLICE_X126Y215.A1                                                 r  reconfigurable pblock_CL            WRAPPER/CL/AWS_CLK_GEN/CLK_GRP_A_EN_I.CLK_MMCM_A_I/inst/AXI_LITE_IPIF_I/I_SLAVE_ATTACHMENT/clkfbout_reg[6]_i_4/I5
    SLICE_X126Y215.O6    LUT6 (Prop_D6LUT_SLICEM_I5_O)
                                                      0.145     7.143 r  reconfigurable pblock_CL            WRAPPER/CL/AWS_CLK_GEN/CLK_GRP_A_EN_I.CLK_MMCM_A_I/inst/AXI_LITE_IPIF_I/I_SLAVE_ATTACHMENT/clkfbout_reg[6]_i_4/O
                         net (fo=16, estimated)       0.374     7.517    reconfigurable                      WRAPPER/CL/AWS_CLK_GEN/CLK_GRP_A_EN_I.CLK_MMCM_A_I/inst/AXI_LITE_IPIF_I/I_SLAVE_ATTACHMENT/clkfbout_reg[6]_i_4_n_0
    SLICE_X128Y216.A5                                                 r  reconfigurable pblock_CL            WRAPPER/CL/AWS_CLK_GEN/CLK_GRP_A_EN_I.CLK_MMCM_A_I/inst/AXI_LITE_IPIF_I/I_SLAVE_ATTACHMENT/ram_clk_config[5][31]_i_3/I1
    SLICE_X128Y216.O6    LUT3 (Prop_E6LUT_SLICEM_I1_O)
                                                      0.052     7.569 f  reconfigurable pblock_CL            WRAPPER/CL/AWS_CLK_GEN/CLK_GRP_A_EN_I.CLK_MMCM_A_I/inst/AXI_LITE_IPIF_I/I_SLAVE_ATTACHMENT/ram_clk_config[5][31]_i_3/O
                         net (fo=18, estimated)       0.199     7.768    reconfigurable                      WRAPPER/CL/AWS_CLK_GEN/CLK_GRP_A_EN_I.CLK_MMCM_A_I/inst/AXI_LITE_IPIF_I/I_SLAVE_ATTACHMENT/I_DECODER/ram_clk_config_reg[14][31]_0
    SLICE_X128Y219.A1                                                 f  reconfigurable pblock_CL            WRAPPER/CL/AWS_CLK_GEN/CLK_GRP_A_EN_I.CLK_MMCM_A_I/inst/AXI_LITE_IPIF_I/I_SLAVE_ATTACHMENT/I_DECODER/ram_clk_config[6][31]_i_1/I1
    SLICE_X128Y219.O6    LUT6 (Prop_D6LUT_SLICEM_I1_O)
                                                      0.145     7.913 r  reconfigurable pblock_CL            WRAPPER/CL/AWS_CLK_GEN/CLK_GRP_A_EN_I.CLK_MMCM_A_I/inst/AXI_LITE_IPIF_I/I_SLAVE_ATTACHMENT/I_DECODER/ram_clk_config[6][31]_i_1/O
                         net (fo=32, estimated)       0.549     8.462    reconfigurable                      WRAPPER/CL/AWS_CLK_GEN/CLK_GRP_A_EN_I.CLK_MMCM_A_I/inst/CLK_CORE_DRP_I/ram_clk_config_reg[6][31]_0[0]
    SLICE_X125Y216.CE    FDRE                                         r  reconfigurable pblock_CL            WRAPPER/CL/AWS_CLK_GEN/CLK_GRP_A_EN_I.CLK_MMCM_A_I/inst/CLK_CORE_DRP_I/ram_clk_config_reg[6][4]/CE
  -------------------------------------------------------------------    -------------------------------------------------------

                         (clock clk_hbm_ref rise edge)
                                                     10.000    10.000 r                                      
    BJ4                                               0.000    10.000 r  static                              <hidden>
                         net (fo=0)                   0.079    10.079    static                              <hidden>/<hidden>/<hidden>/<hidden>
    HPIOBDIFFINBUF_X0Y130.DIFF_IN_P
                                                                      r  static                              <hidden>/<hidden>/<hidden>/<hidden>
    HPIOBDIFFINBUF_X0Y130.O
                         DIFFINBUF (Prop_DIFFINBUF_HPIOBDIFFINBUF_DIFF_IN_P_O)
                                                      0.750    10.829 r  static                              <hidden>/<hidden>/<hidden>/<hidden>
                         net (fo=1, routed)           0.040    10.869    static                              <hidden>/<hidden>/<hidden>/<hidden>
    BJ4.I                                                             r  static                              <hidden>/<hidden>/<hidden>/<hidden>
    BJ4.O                IBUFCTRL (Prop_IBUFCTRL_HPIOB_M_I_O)
                                                      0.000    10.869 r  static                              <hidden>/<hidden>/<hidden>/<hidden>
                         net (fo=1, routed)           0.309    11.178    static                              <hidden>/<hidden>/<hidden>
    BUFGCE_X0Y122.I                                                   r  static                              <hidden>/<hidden>/<hidden>
    BUFGCE_X0Y122.O      BUFGCE (Prop_BUFCE_BUFGCE_I_O)
                                                      0.024    11.202 r  static                              <hidden>/<hidden>/<hidden>
                         net (fo=3, routed)           1.624    12.826    static                              <hidden>/<hidden>/<hidden>/<hidden>/<hidden>
    SLR Crossing[1->0]   
    MMCM_X0Y2.CLKIN1                                                  r  static                              <hidden>/<hidden>/<hidden>/<hidden>/<hidden>
    MMCM_X0Y2.CLKOUT0    MMCME4_ADV (Prop_MMCM_CLKIN1_CLKOUT0)
                                                      0.630    13.456 r  static                              <hidden>/<hidden>/<hidden>/<hidden>/<hidden>
                         net (fo=2, routed)           0.215    13.671    static                              <hidden>/<hidden>/<hidden>
    BUFGCE_X0Y70.I                                                    r  static                              <hidden>/<hidden>/<hidden>
    BUFGCE_X0Y70.O       BUFGCE (Prop_BUFCE_BUFGCE_I_O)
                                                      0.024    13.695 r  static                              <hidden>/<hidden>/<hidden>
    X3Y5 (CLOCK_ROOT)    net (fo=2363, estimated)     2.553    16.248    boundary                            WRAPPER/CL/AWS_CLK_GEN/CLK_GRP_A_EN_I.CLK_MMCM_A_I/inst/CLK_CORE_DRP_I/s_axi_aclk
    SLICE_X125Y216.CLK   FDRE                                         r  reconfigurable pblock_CL            WRAPPER/CL/AWS_CLK_GEN/CLK_GRP_A_EN_I.CLK_MMCM_A_I/inst/CLK_CORE_DRP_I/ram_clk_config_reg[6][4]/C
                         clock pessimism             -0.119    16.129                                            
                         clock uncertainty           -0.094    16.035                                            
    SLICE_X125Y216       FDRE (Setup_FFF2_SLICEL_C_CE)
                                                     -0.060    15.975    reconfigurable   pblock_CL              WRAPPER/CL/AWS_CLK_GEN/CLK_GRP_A_EN_I.CLK_MMCM_A_I/inst/CLK_CORE_DRP_I/ram_clk_config_reg[6][4]
  -------------------------------------------------------------------
                         required time                         15.975                                            
                         arrival time                          -8.462                                            
  -------------------------------------------------------------------
                         slack                                  7.513                                            

Slack (MET) :             7.513ns  (required time - arrival time)
  Source:                 WRAPPER/CL/AWS_CLK_GEN/CLK_GRP_A_EN_I.CLK_MMCM_A_I/inst/AXI_LITE_IPIF_I/I_SLAVE_ATTACHMENT/bus2ip_addr_i_reg[2]_rep__0/C
                            (rising edge-triggered cell FDRE clocked by clk_hbm_ref  {rise@0.000ns fall@5.000ns period=10.000ns})
  Destination:            WRAPPER/CL/AWS_CLK_GEN/CLK_GRP_A_EN_I.CLK_MMCM_A_I/inst/CLK_CORE_DRP_I/ram_clk_config_reg[6][7]/CE
                            (rising edge-triggered cell FDRE clocked by clk_hbm_ref  {rise@0.000ns fall@5.000ns period=10.000ns})
  Path Group:             clk_hbm_ref
  Path Type:              Setup (Max at Slow Process Corner)
  Requirement:            10.000ns  (clk_hbm_ref rise@10.000ns - clk_hbm_ref rise@0.000ns)
  Data Path Delay:        2.205ns  (logic 0.471ns (21.361%)  route 1.734ns (78.639%))
  Logic Levels:           4  (LUT3=2 LUT6=2)
  Clock Path Skew:        -0.127ns (DCD - SCD + CPR)
    Destination Clock Delay (DCD):    6.248ns = ( 16.248 - 10.000 ) 
    Source Clock Delay      (SCD):    6.257ns
    Clock Pessimism Removal (CPR):    -0.119ns
  Clock Uncertainty:      0.094ns  ((TSJ^2 + DJ^2)^1/2) / 2 + PE
    Total System Jitter     (TSJ):    0.071ns
    Discrete Jitter          (DJ):    0.175ns
    Phase Error              (PE):    0.000ns
  Clock Net Delay (Source):      2.911ns (routing 1.113ns, distribution 1.798ns)
  Clock Net Delay (Destination): 2.553ns (routing 1.010ns, distribution 1.543ns)

    Location             Delay type                Incr(ns)  Path(ns)    Partition      PBlock               Netlist Resource(s)
  -------------------------------------------------------------------    -------------------------------------------------------
                         (clock clk_hbm_ref rise edge)
                                                      0.000     0.000 r                                      
    BJ4                                               0.000     0.000 r  static                              <hidden>
                         net (fo=0)                   0.100     0.100    static                              <hidden>/<hidden>/<hidden>/<hidden>
    HPIOBDIFFINBUF_X0Y130.DIFF_IN_P
                                                                      r  static                              <hidden>/<hidden>/<hidden>/<hidden>
    HPIOBDIFFINBUF_X0Y130.O
                         DIFFINBUF (Prop_DIFFINBUF_HPIOBDIFFINBUF_DIFF_IN_P_O)
                                                      0.863     0.963 r  static                              <hidden>/<hidden>/<hidden>/<hidden>
                         net (fo=1, routed)           0.050     1.013    static                              <hidden>/<hidden>/<hidden>/<hidden>
    BJ4.I                                                             r  static                              <hidden>/<hidden>/<hidden>/<hidden>
    BJ4.O                IBUFCTRL (Prop_IBUFCTRL_HPIOB_M_I_O)
                                                      0.000     1.013 r  static                              <hidden>/<hidden>/<hidden>/<hidden>
                         net (fo=1, routed)           0.348     1.361    static                              <hidden>/<hidden>/<hidden>
    BUFGCE_X0Y122.I                                                   r  static                              <hidden>/<hidden>/<hidden>
    BUFGCE_X0Y122.O      BUFGCE (Prop_BUFCE_BUFGCE_I_O)
                                                      0.028     1.389 r  static                              <hidden>/<hidden>/<hidden>
                         net (fo=3, routed)           1.811     3.200    static                              <hidden>/<hidden>/<hidden>/<hidden>/<hidden>
    SLR Crossing[1->0]   
    MMCM_X0Y2.CLKIN1                                                  r  static                              <hidden>/<hidden>/<hidden>/<hidden>/<hidden>
    MMCM_X0Y2.CLKOUT0    MMCME4_ADV (Prop_MMCM_CLKIN1_CLKOUT0)
                                                     -0.127     3.073 r  static                              <hidden>/<hidden>/<hidden>/<hidden>/<hidden>
                         net (fo=2, routed)           0.245     3.318    static                              <hidden>/<hidden>/<hidden>
    BUFGCE_X0Y70.I                                                    r  static                              <hidden>/<hidden>/<hidden>
    BUFGCE_X0Y70.O       BUFGCE (Prop_BUFCE_BUFGCE_I_O)
                                                      0.028     3.346 r  static                              <hidden>/<hidden>/<hidden>
    X3Y5 (CLOCK_ROOT)    net (fo=2363, estimated)     2.911     6.257    boundary                            WRAPPER/CL/AWS_CLK_GEN/CLK_GRP_A_EN_I.CLK_MMCM_A_I/inst/AXI_LITE_IPIF_I/I_SLAVE_ATTACHMENT/s_axi_aclk
    SLICE_X127Y221.CLK   FDRE                                         r  reconfigurable pblock_CL            WRAPPER/CL/AWS_CLK_GEN/CLK_GRP_A_EN_I.CLK_MMCM_A_I/inst/AXI_LITE_IPIF_I/I_SLAVE_ATTACHMENT/bus2ip_addr_i_reg[2]_rep__0/C
  -------------------------------------------------------------------    -------------------------------------------------------
    SLICE_X127Y221.Q     FDRE (Prop_CFF_SLICEL_C_Q)
                                                      0.079     6.336 f  reconfigurable pblock_CL            WRAPPER/CL/AWS_CLK_GEN/CLK_GRP_A_EN_I.CLK_MMCM_A_I/inst/AXI_LITE_IPIF_I/I_SLAVE_ATTACHMENT/bus2ip_addr_i_reg[2]_rep__0/Q
                         net (fo=122, estimated)      0.284     6.620    reconfigurable                      WRAPPER/CL/AWS_CLK_GEN/CLK_GRP_A_EN_I.CLK_MMCM_A_I/inst/AXI_LITE_IPIF_I/I_SLAVE_ATTACHMENT/bus2ip_addr_i_reg[2]_rep__0_0
    SLICE_X127Y217.A5                                                 f  reconfigurable pblock_CL            WRAPPER/CL/AWS_CLK_GEN/CLK_GRP_A_EN_I.CLK_MMCM_A_I/inst/AXI_LITE_IPIF_I/I_SLAVE_ATTACHMENT/ram_clk_config[7][31]_i_2/I1
    SLICE_X127Y217.O6    LUT3 (Prop_G6LUT_SLICEL_I1_O)
                                                      0.050     6.670 r  reconfigurable pblock_CL            WRAPPER/CL/AWS_CLK_GEN/CLK_GRP_A_EN_I.CLK_MMCM_A_I/inst/AXI_LITE_IPIF_I/I_SLAVE_ATTACHMENT/ram_clk_config[7][31]_i_2/O
                         net (fo=5, estimated)        0.328     6.998    reconfigurable                      WRAPPER/CL/AWS_CLK_GEN/CLK_GRP_A_EN_I.CLK_MMCM_A_I/inst/AXI_LITE_IPIF_I/I_SLAVE_ATTACHMENT/ram_clk_config[7][31]_i_2_n_0
    SLICE_X126Y215.A1                                                 r  reconfigurable pblock_CL            WRAPPER/CL/AWS_CLK_GEN/CLK_GRP_A_EN_I.CLK_MMCM_A_I/inst/AXI_LITE_IPIF_I/I_SLAVE_ATTACHMENT/clkfbout_reg[6]_i_4/I5
    SLICE_X126Y215.O6    LUT6 (Prop_D6LUT_SLICEM_I5_O)
                                                      0.145     7.143 r  reconfigurable pblock_CL            WRAPPER/CL/AWS_CLK_GEN/CLK_GRP_A_EN_I.CLK_MMCM_A_I/inst/AXI_LITE_IPIF_I/I_SLAVE_ATTACHMENT/clkfbout_reg[6]_i_4/O
                         net (fo=16, estimated)       0.374     7.517    reconfigurable                      WRAPPER/CL/AWS_CLK_GEN/CLK_GRP_A_EN_I.CLK_MMCM_A_I/inst/AXI_LITE_IPIF_I/I_SLAVE_ATTACHMENT/clkfbout_reg[6]_i_4_n_0
    SLICE_X128Y216.A5                                                 r  reconfigurable pblock_CL            WRAPPER/CL/AWS_CLK_GEN/CLK_GRP_A_EN_I.CLK_MMCM_A_I/inst/AXI_LITE_IPIF_I/I_SLAVE_ATTACHMENT/ram_clk_config[5][31]_i_3/I1
    SLICE_X128Y216.O6    LUT3 (Prop_E6LUT_SLICEM_I1_O)
                                                      0.052     7.569 f  reconfigurable pblock_CL            WRAPPER/CL/AWS_CLK_GEN/CLK_GRP_A_EN_I.CLK_MMCM_A_I/inst/AXI_LITE_IPIF_I/I_SLAVE_ATTACHMENT/ram_clk_config[5][31]_i_3/O
                         net (fo=18, estimated)       0.199     7.768    reconfigurable                      WRAPPER/CL/AWS_CLK_GEN/CLK_GRP_A_EN_I.CLK_MMCM_A_I/inst/AXI_LITE_IPIF_I/I_SLAVE_ATTACHMENT/I_DECODER/ram_clk_config_reg[14][31]_0
    SLICE_X128Y219.A1                                                 f  reconfigurable pblock_CL            WRAPPER/CL/AWS_CLK_GEN/CLK_GRP_A_EN_I.CLK_MMCM_A_I/inst/AXI_LITE_IPIF_I/I_SLAVE_ATTACHMENT/I_DECODER/ram_clk_config[6][31]_i_1/I1
    SLICE_X128Y219.O6    LUT6 (Prop_D6LUT_SLICEM_I1_O)
                                                      0.145     7.913 r  reconfigurable pblock_CL            WRAPPER/CL/AWS_CLK_GEN/CLK_GRP_A_EN_I.CLK_MMCM_A_I/inst/AXI_LITE_IPIF_I/I_SLAVE_ATTACHMENT/I_DECODER/ram_clk_config[6][31]_i_1/O
                         net (fo=32, estimated)       0.549     8.462    reconfigurable                      WRAPPER/CL/AWS_CLK_GEN/CLK_GRP_A_EN_I.CLK_MMCM_A_I/inst/CLK_CORE_DRP_I/ram_clk_config_reg[6][31]_0[0]
    SLICE_X125Y216.CE    FDRE                                         r  reconfigurable pblock_CL            WRAPPER/CL/AWS_CLK_GEN/CLK_GRP_A_EN_I.CLK_MMCM_A_I/inst/CLK_CORE_DRP_I/ram_clk_config_reg[6][7]/CE
  -------------------------------------------------------------------    -------------------------------------------------------

                         (clock clk_hbm_ref rise edge)
                                                     10.000    10.000 r                                      
    BJ4                                               0.000    10.000 r  static                              <hidden>
                         net (fo=0)                   0.079    10.079    static                              <hidden>/<hidden>/<hidden>/<hidden>
    HPIOBDIFFINBUF_X0Y130.DIFF_IN_P
                                                                      r  static                              <hidden>/<hidden>/<hidden>/<hidden>
    HPIOBDIFFINBUF_X0Y130.O
                         DIFFINBUF (Prop_DIFFINBUF_HPIOBDIFFINBUF_DIFF_IN_P_O)
                                                      0.750    10.829 r  static                              <hidden>/<hidden>/<hidden>/<hidden>
                         net (fo=1, routed)           0.040    10.869    static                              <hidden>/<hidden>/<hidden>/<hidden>
    BJ4.I                                                             r  static                              <hidden>/<hidden>/<hidden>/<hidden>
    BJ4.O                IBUFCTRL (Prop_IBUFCTRL_HPIOB_M_I_O)
                                                      0.000    10.869 r  static                              <hidden>/<hidden>/<hidden>/<hidden>
                         net (fo=1, routed)           0.309    11.178    static                              <hidden>/<hidden>/<hidden>
    BUFGCE_X0Y122.I                                                   r  static                              <hidden>/<hidden>/<hidden>
    BUFGCE_X0Y122.O      BUFGCE (Prop_BUFCE_BUFGCE_I_O)
                                                      0.024    11.202 r  static                              <hidden>/<hidden>/<hidden>
                         net (fo=3, routed)           1.624    12.826    static                              <hidden>/<hidden>/<hidden>/<hidden>/<hidden>
    SLR Crossing[1->0]   
    MMCM_X0Y2.CLKIN1                                                  r  static                              <hidden>/<hidden>/<hidden>/<hidden>/<hidden>
    MMCM_X0Y2.CLKOUT0    MMCME4_ADV (Prop_MMCM_CLKIN1_CLKOUT0)
                                                      0.630    13.456 r  static                              <hidden>/<hidden>/<hidden>/<hidden>/<hidden>
                         net (fo=2, routed)           0.215    13.671    static                              <hidden>/<hidden>/<hidden>
    BUFGCE_X0Y70.I                                                    r  static                              <hidden>/<hidden>/<hidden>
    BUFGCE_X0Y70.O       BUFGCE (Prop_BUFCE_BUFGCE_I_O)
                                                      0.024    13.695 r  static                              <hidden>/<hidden>/<hidden>
    X3Y5 (CLOCK_ROOT)    net (fo=2363, estimated)     2.553    16.248    boundary                            WRAPPER/CL/AWS_CLK_GEN/CLK_GRP_A_EN_I.CLK_MMCM_A_I/inst/CLK_CORE_DRP_I/s_axi_aclk
    SLICE_X125Y216.CLK   FDRE                                         r  reconfigurable pblock_CL            WRAPPER/CL/AWS_CLK_GEN/CLK_GRP_A_EN_I.CLK_MMCM_A_I/inst/CLK_CORE_DRP_I/ram_clk_config_reg[6][7]/C
                         clock pessimism             -0.119    16.129                                            
                         clock uncertainty           -0.094    16.035                                            
    SLICE_X125Y216       FDRE (Setup_EFF2_SLICEL_C_CE)
                                                     -0.060    15.975    reconfigurable   pblock_CL              WRAPPER/CL/AWS_CLK_GEN/CLK_GRP_A_EN_I.CLK_MMCM_A_I/inst/CLK_CORE_DRP_I/ram_clk_config_reg[6][7]
  -------------------------------------------------------------------
                         required time                         15.975                                            
                         arrival time                          -8.462                                            
  -------------------------------------------------------------------
                         slack                                  7.513                                            

Slack (MET) :             7.522ns  (required time - arrival time)
  Source:                 WRAPPER/CL/AWS_CLK_GEN/CLK_GRP_A_EN_I.CLK_MMCM_A_I/inst/AXI_LITE_IPIF_I/I_SLAVE_ATTACHMENT/bus2ip_addr_i_reg[2]_rep__0/C
                            (rising edge-triggered cell FDRE clocked by clk_hbm_ref  {rise@0.000ns fall@5.000ns period=10.000ns})
  Destination:            WRAPPER/CL/AWS_CLK_GEN/CLK_GRP_A_EN_I.CLK_MMCM_A_I/inst/CLK_CORE_DRP_I/ram_clk_config_reg[5][15]/CE
                            (rising edge-triggered cell FDRE clocked by clk_hbm_ref  {rise@0.000ns fall@5.000ns period=10.000ns})
  Path Group:             clk_hbm_ref
  Path Type:              Setup (Max at Slow Process Corner)
  Requirement:            10.000ns  (clk_hbm_ref rise@10.000ns - clk_hbm_ref rise@0.000ns)
  Data Path Delay:        2.193ns  (logic 0.474ns (21.614%)  route 1.719ns (78.386%))
  Logic Levels:           4  (LUT3=2 LUT6=2)
  Clock Path Skew:        -0.130ns (DCD - SCD + CPR)
    Destination Clock Delay (DCD):    6.245ns = ( 16.245 - 10.000 ) 
    Source Clock Delay      (SCD):    6.257ns
    Clock Pessimism Removal (CPR):    -0.119ns
  Clock Uncertainty:      0.094ns  ((TSJ^2 + DJ^2)^1/2) / 2 + PE
    Total System Jitter     (TSJ):    0.071ns
    Discrete Jitter          (DJ):    0.175ns
    Phase Error              (PE):    0.000ns
  Clock Net Delay (Source):      2.911ns (routing 1.113ns, distribution 1.798ns)
  Clock Net Delay (Destination): 2.550ns (routing 1.010ns, distribution 1.540ns)

    Location             Delay type                Incr(ns)  Path(ns)    Partition      PBlock               Netlist Resource(s)
  -------------------------------------------------------------------    -------------------------------------------------------
                         (clock clk_hbm_ref rise edge)
                                                      0.000     0.000 r                                      
    BJ4                                               0.000     0.000 r  static                              <hidden>
                         net (fo=0)                   0.100     0.100    static                              <hidden>/<hidden>/<hidden>/<hidden>
    HPIOBDIFFINBUF_X0Y130.DIFF_IN_P
                                                                      r  static                              <hidden>/<hidden>/<hidden>/<hidden>
    HPIOBDIFFINBUF_X0Y130.O
                         DIFFINBUF (Prop_DIFFINBUF_HPIOBDIFFINBUF_DIFF_IN_P_O)
                                                      0.863     0.963 r  static                              <hidden>/<hidden>/<hidden>/<hidden>
                         net (fo=1, routed)           0.050     1.013    static                              <hidden>/<hidden>/<hidden>/<hidden>
    BJ4.I                                                             r  static                              <hidden>/<hidden>/<hidden>/<hidden>
    BJ4.O                IBUFCTRL (Prop_IBUFCTRL_HPIOB_M_I_O)
                                                      0.000     1.013 r  static                              <hidden>/<hidden>/<hidden>/<hidden>
                         net (fo=1, routed)           0.348     1.361    static                              <hidden>/<hidden>/<hidden>
    BUFGCE_X0Y122.I                                                   r  static                              <hidden>/<hidden>/<hidden>
    BUFGCE_X0Y122.O      BUFGCE (Prop_BUFCE_BUFGCE_I_O)
                                                      0.028     1.389 r  static                              <hidden>/<hidden>/<hidden>
                         net (fo=3, routed)           1.811     3.200    static                              <hidden>/<hidden>/<hidden>/<hidden>/<hidden>
    SLR Crossing[1->0]   
    MMCM_X0Y2.CLKIN1                                                  r  static                              <hidden>/<hidden>/<hidden>/<hidden>/<hidden>
    MMCM_X0Y2.CLKOUT0    MMCME4_ADV (Prop_MMCM_CLKIN1_CLKOUT0)
                                                     -0.127     3.073 r  static                              <hidden>/<hidden>/<hidden>/<hidden>/<hidden>
                         net (fo=2, routed)           0.245     3.318    static                              <hidden>/<hidden>/<hidden>
    BUFGCE_X0Y70.I                                                    r  static                              <hidden>/<hidden>/<hidden>
    BUFGCE_X0Y70.O       BUFGCE (Prop_BUFCE_BUFGCE_I_O)
                                                      0.028     3.346 r  static                              <hidden>/<hidden>/<hidden>
    X3Y5 (CLOCK_ROOT)    net (fo=2363, estimated)     2.911     6.257    boundary                            WRAPPER/CL/AWS_CLK_GEN/CLK_GRP_A_EN_I.CLK_MMCM_A_I/inst/AXI_LITE_IPIF_I/I_SLAVE_ATTACHMENT/s_axi_aclk
    SLICE_X127Y221.CLK   FDRE                                         r  reconfigurable pblock_CL            WRAPPER/CL/AWS_CLK_GEN/CLK_GRP_A_EN_I.CLK_MMCM_A_I/inst/AXI_LITE_IPIF_I/I_SLAVE_ATTACHMENT/bus2ip_addr_i_reg[2]_rep__0/C
  -------------------------------------------------------------------    -------------------------------------------------------
    SLICE_X127Y221.Q     FDRE (Prop_CFF_SLICEL_C_Q)
                                                      0.079     6.336 f  reconfigurable pblock_CL            WRAPPER/CL/AWS_CLK_GEN/CLK_GRP_A_EN_I.CLK_MMCM_A_I/inst/AXI_LITE_IPIF_I/I_SLAVE_ATTACHMENT/bus2ip_addr_i_reg[2]_rep__0/Q
                         net (fo=122, estimated)      0.284     6.620    reconfigurable                      WRAPPER/CL/AWS_CLK_GEN/CLK_GRP_A_EN_I.CLK_MMCM_A_I/inst/AXI_LITE_IPIF_I/I_SLAVE_ATTACHMENT/bus2ip_addr_i_reg[2]_rep__0_0
    SLICE_X127Y217.A5                                                 f  reconfigurable pblock_CL            WRAPPER/CL/AWS_CLK_GEN/CLK_GRP_A_EN_I.CLK_MMCM_A_I/inst/AXI_LITE_IPIF_I/I_SLAVE_ATTACHMENT/ram_clk_config[7][31]_i_2/I1
    SLICE_X127Y217.O6    LUT3 (Prop_G6LUT_SLICEL_I1_O)
                                                      0.050     6.670 r  reconfigurable pblock_CL            WRAPPER/CL/AWS_CLK_GEN/CLK_GRP_A_EN_I.CLK_MMCM_A_I/inst/AXI_LITE_IPIF_I/I_SLAVE_ATTACHMENT/ram_clk_config[7][31]_i_2/O
                         net (fo=5, estimated)        0.328     6.998    reconfigurable                      WRAPPER/CL/AWS_CLK_GEN/CLK_GRP_A_EN_I.CLK_MMCM_A_I/inst/AXI_LITE_IPIF_I/I_SLAVE_ATTACHMENT/ram_clk_config[7][31]_i_2_n_0
    SLICE_X126Y215.A1                                                 r  reconfigurable pblock_CL            WRAPPER/CL/AWS_CLK_GEN/CLK_GRP_A_EN_I.CLK_MMCM_A_I/inst/AXI_LITE_IPIF_I/I_SLAVE_ATTACHMENT/clkfbout_reg[6]_i_4/I5
    SLICE_X126Y215.O6    LUT6 (Prop_D6LUT_SLICEM_I5_O)
                                                      0.145     7.143 r  reconfigurable pblock_CL            WRAPPER/CL/AWS_CLK_GEN/CLK_GRP_A_EN_I.CLK_MMCM_A_I/inst/AXI_LITE_IPIF_I/I_SLAVE_ATTACHMENT/clkfbout_reg[6]_i_4/O
                         net (fo=16, estimated)       0.374     7.517    reconfigurable                      WRAPPER/CL/AWS_CLK_GEN/CLK_GRP_A_EN_I.CLK_MMCM_A_I/inst/AXI_LITE_IPIF_I/I_SLAVE_ATTACHMENT/clkfbout_reg[6]_i_4_n_0
    SLICE_X128Y216.A5                                                 r  reconfigurable pblock_CL            WRAPPER/CL/AWS_CLK_GEN/CLK_GRP_A_EN_I.CLK_MMCM_A_I/inst/AXI_LITE_IPIF_I/I_SLAVE_ATTACHMENT/ram_clk_config[5][31]_i_3/I1
    SLICE_X128Y216.O6    LUT3 (Prop_E6LUT_SLICEM_I1_O)
                                                      0.052     7.569 f  reconfigurable pblock_CL            WRAPPER/CL/AWS_CLK_GEN/CLK_GRP_A_EN_I.CLK_MMCM_A_I/inst/AXI_LITE_IPIF_I/I_SLAVE_ATTACHMENT/ram_clk_config[5][31]_i_3/O
                         net (fo=18, estimated)       0.251     7.820    reconfigurable                      WRAPPER/CL/AWS_CLK_GEN/CLK_GRP_A_EN_I.CLK_MMCM_A_I/inst/AXI_LITE_IPIF_I/I_SLAVE_ATTACHMENT/I_DECODER/ram_clk_config_reg[14][31]_0
    SLICE_X127Y219.A1                                                 f  reconfigurable pblock_CL            WRAPPER/CL/AWS_CLK_GEN/CLK_GRP_A_EN_I.CLK_MMCM_A_I/inst/AXI_LITE_IPIF_I/I_SLAVE_ATTACHMENT/I_DECODER/ram_clk_config[5][31]_i_1/I2
    SLICE_X127Y219.O6    LUT6 (Prop_B6LUT_SLICEL_I2_O)
                                                      0.148     7.968 r  reconfigurable pblock_CL            WRAPPER/CL/AWS_CLK_GEN/CLK_GRP_A_EN_I.CLK_MMCM_A_I/inst/AXI_LITE_IPIF_I/I_SLAVE_ATTACHMENT/I_DECODER/ram_clk_config[5][31]_i_1/O
                         net (fo=32, estimated)       0.482     8.450    reconfigurable                      WRAPPER/CL/AWS_CLK_GEN/CLK_GRP_A_EN_I.CLK_MMCM_A_I/inst/CLK_CORE_DRP_I/ram_clk_config_reg[5][0]_0[0]
    SLICE_X123Y219.CE    FDRE                                         r  reconfigurable pblock_CL            WRAPPER/CL/AWS_CLK_GEN/CLK_GRP_A_EN_I.CLK_MMCM_A_I/inst/CLK_CORE_DRP_I/ram_clk_config_reg[5][15]/CE
  -------------------------------------------------------------------    -------------------------------------------------------

                         (clock clk_hbm_ref rise edge)
                                                     10.000    10.000 r                                      
    BJ4                                               0.000    10.000 r  static                              <hidden>
                         net (fo=0)                   0.079    10.079    static                              <hidden>/<hidden>/<hidden>/<hidden>
    HPIOBDIFFINBUF_X0Y130.DIFF_IN_P
                                                                      r  static                              <hidden>/<hidden>/<hidden>/<hidden>
    HPIOBDIFFINBUF_X0Y130.O
                         DIFFINBUF (Prop_DIFFINBUF_HPIOBDIFFINBUF_DIFF_IN_P_O)
                                                      0.750    10.829 r  static                              <hidden>/<hidden>/<hidden>/<hidden>
                         net (fo=1, routed)           0.040    10.869    static                              <hidden>/<hidden>/<hidden>/<hidden>
    BJ4.I                                                             r  static                              <hidden>/<hidden>/<hidden>/<hidden>
    BJ4.O                IBUFCTRL (Prop_IBUFCTRL_HPIOB_M_I_O)
                                                      0.000    10.869 r  static                              <hidden>/<hidden>/<hidden>/<hidden>
                         net (fo=1, routed)           0.309    11.178    static                              <hidden>/<hidden>/<hidden>
    BUFGCE_X0Y122.I                                                   r  static                              <hidden>/<hidden>/<hidden>
    BUFGCE_X0Y122.O      BUFGCE (Prop_BUFCE_BUFGCE_I_O)
                                                      0.024    11.202 r  static                              <hidden>/<hidden>/<hidden>
                         net (fo=3, routed)           1.624    12.826    static                              <hidden>/<hidden>/<hidden>/<hidden>/<hidden>
    SLR Crossing[1->0]   
    MMCM_X0Y2.CLKIN1                                                  r  static                              <hidden>/<hidden>/<hidden>/<hidden>/<hidden>
    MMCM_X0Y2.CLKOUT0    MMCME4_ADV (Prop_MMCM_CLKIN1_CLKOUT0)
                                                      0.630    13.456 r  static                              <hidden>/<hidden>/<hidden>/<hidden>/<hidden>
                         net (fo=2, routed)           0.215    13.671    static                              <hidden>/<hidden>/<hidden>
    BUFGCE_X0Y70.I                                                    r  static                              <hidden>/<hidden>/<hidden>
    BUFGCE_X0Y70.O       BUFGCE (Prop_BUFCE_BUFGCE_I_O)
                                                      0.024    13.695 r  static                              <hidden>/<hidden>/<hidden>
    X3Y5 (CLOCK_ROOT)    net (fo=2363, estimated)     2.550    16.245    boundary                            WRAPPER/CL/AWS_CLK_GEN/CLK_GRP_A_EN_I.CLK_MMCM_A_I/inst/CLK_CORE_DRP_I/s_axi_aclk
    SLICE_X123Y219.CLK   FDRE                                         r  reconfigurable pblock_CL            WRAPPER/CL/AWS_CLK_GEN/CLK_GRP_A_EN_I.CLK_MMCM_A_I/inst/CLK_CORE_DRP_I/ram_clk_config_reg[5][15]/C
                         clock pessimism             -0.119    16.126                                            
                         clock uncertainty           -0.094    16.032                                            
    SLICE_X123Y219       FDRE (Setup_DFF_SLICEL_C_CE)
                                                     -0.060    15.972    reconfigurable   pblock_CL              WRAPPER/CL/AWS_CLK_GEN/CLK_GRP_A_EN_I.CLK_MMCM_A_I/inst/CLK_CORE_DRP_I/ram_clk_config_reg[5][15]
  -------------------------------------------------------------------
                         required time                         15.972                                            
                         arrival time                          -8.450                                            
  -------------------------------------------------------------------
                         slack                                  7.522                                            

Slack (MET) :             10.520ns  (required time - arrival time)
  Source:                 <hidden>/<hidden>/<hidden>/<hidden>/<hidden>
                            (falling edge-triggered cell FDPE clocked by clk_spi  {rise@0.000ns fall@20.000ns period=40.000ns})
  Destination:            <hidden>
                            (output port clocked by clk_spi  {rise@0.000ns fall@20.000ns period=40.000ns})
  Path Group:             clk_spi
  Path Type:              Max at Slow Process Corner
  Requirement:            20.000ns  (clk_spi rise@40.000ns - clk_spi fall@20.000ns)
  Data Path Delay:        5.791ns  (logic 1.787ns (30.860%)  route 4.004ns (69.140%))
  Logic Levels:           7  (LUT5=2 LUT6=4 OBUFT=1)
  Output Delay:           0.000ns
  Clock Path Skew:        -3.454ns (DCD - SCD + CPR)
    Destination Clock Delay (DCD):    0.000ns = ( 40.000 - 40.000 ) 
    Source Clock Delay      (SCD):    3.454ns = ( 23.454 - 20.000 ) 
    Clock Pessimism Removal (CPR):    0.000ns
  Clock Uncertainty:      0.235ns  ((TSJ^2 + TIJ^2)^1/2 + DJ) / 2 + PE + DCD
    Total System Jitter     (TSJ):    0.071ns
    Total Input Jitter      (TIJ):    0.000ns
    Discrete Jitter          (DJ):    0.000ns
    Phase Error              (PE):    0.000ns
    Duty Cycle Distortion   (DCD):    0.200ns

    Location             Delay type                Incr(ns)  Path(ns)    Partition      Netlist Resource(s)
  -------------------------------------------------------------------    ----------------------------------
                         (clock clk_spi fall edge)   20.000    20.000 f                 
    BH5                                               0.000    20.000 f  static         <hidden>
                         net (fo=0)                   0.000    20.000    static         <hidden>/<hidden>/<hidden>/<hidden>
    BH5.PAD                                                           f  static         <hidden>/<hidden>/<hidden>/<hidden>
    BH5.O                INBUF (Prop_INBUF_HPIOB_M_PAD_O)
                                                      0.743    20.743 f  static         <hidden>/<hidden>/<hidden>/<hidden>
                         net (fo=1, routed)           0.000    20.743    static         <hidden>/<hidden>/<hidden>/<hidden>
    BH5.I                                                             f  static         <hidden>/<hidden>/<hidden>/<hidden>
    BH5.O                IBUFCTRL (Prop_IBUFCTRL_HPIOB_M_I_O)
                                                      0.000    20.743 f  static         <hidden>/<hidden>/<hidden>/<hidden>
                         net (fo=3, routed)           2.711    23.454    static         <hidden>/<hidden>/<hidden>/<hidden>/<hidden>
    SLICE_X180Y373.CLK   FDPE                                         r  static         <hidden>/<hidden>/<hidden>/<hidden>/<hidden>  (IS_INVERTED)
  -------------------------------------------------------------------    ----------------------------------
    SLICE_X180Y373.Q     FDPE (Prop_EFF_SLICEM_C_Q)
                                                      0.076    23.530 r  static         <hidden>/<hidden>/<hidden>/<hidden>/<hidden>
                         net (fo=9, routed)           0.538    24.068    static         <hidden>/<hidden>/<hidden>/<hidden>/<hidden>
    SLICE_X182Y400.A2                                                 r  static         <hidden>/<hidden>/<hidden>/<hidden>/<hidden>
    SLICE_X182Y400.O6    LUT5 (Prop_G6LUT_SLICEM_I4_O)
                                                      0.123    24.191 r  static         <hidden>/<hidden>/<hidden>/<hidden>/<hidden>
                         net (fo=1, routed)           0.255    24.446    static         <hidden>/<hidden>/<hidden>/<hidden>/<hidden>
    SLICE_X182Y385.A5                                                 r  static         <hidden>/<hidden>/<hidden>/<hidden>/<hidden>
    SLICE_X182Y385.O6    LUT6 (Prop_H6LUT_SLICEM_I5_O)
                                                      0.053    24.499 r  static         <hidden>/<hidden>/<hidden>/<hidden>/<hidden>
                         net (fo=1, routed)           0.260    24.759    static         <hidden>/<hidden>/<hidden>/<hidden>/<hidden>
    SLICE_X180Y378.A3                                                 r  static         <hidden>/<hidden>/<hidden>/<hidden>/<hidden>
    SLICE_X180Y378.O6    LUT6 (Prop_F6LUT_SLICEM_I1_O)
                                                      0.098    24.857 r  static         <hidden>/<hidden>/<hidden>/<hidden>/<hidden>
                         net (fo=1, routed)           0.318    25.175    static         <hidden>/<hidden>/<hidden>/<hidden>/<hidden>
    SLICE_X178Y377.A2                                                 r  static         <hidden>/<hidden>/<hidden>/<hidden>/<hidden>
    SLICE_X178Y377.O6    LUT6 (Prop_G6LUT_SLICEL_I5_O)
                                                      0.123    25.298 r  static         <hidden>/<hidden>/<hidden>/<hidden>/<hidden>
                         net (fo=1, routed)           0.084    25.382    static         <hidden>/<hidden>/<hidden>/<hidden>/<hidden>
    SLICE_X178Y376.A4                                                 r  static         <hidden>/<hidden>/<hidden>/<hidden>/<hidden>
    SLICE_X178Y376.O6    LUT5 (Prop_C6LUT_SLICEL_I0_O)
                                                      0.088    25.470 r  static         <hidden>/<hidden>/<hidden>/<hidden>/<hidden>
                         net (fo=1, routed)           0.286    25.756    static         <hidden>/<hidden>/<hidden>/<hidden>/<hidden>/<hidden>
    SLICE_X178Y376.A2                                                 r  static         <hidden>/<hidden>/<hidden>/<hidden>/<hidden>/<hidden>
    SLICE_X178Y376.O6    LUT6 (Prop_H6LUT_SLICEL_I0_O)
                                                      0.124    25.880 r  static         <hidden>/<hidden>/<hidden>/<hidden>/<hidden>/<hidden>
                         net (fo=1, routed)           2.263    28.143    static         <hidden>/<hidden>/<hidden>
    BK8.I                                                             r  static         <hidden>/<hidden>/<hidden>
    BK8.O                OBUFT (Prop_OUTBUF_HPIOB_S_I_O)
                                                      1.102    29.245 r  static         <hidden>/<hidden>/<hidden>
                         net (fo=0)                   0.000    29.245    static         <hidden>
    BK8                                                               r  static         <hidden>
  -------------------------------------------------------------------    ----------------------------------

                         (clock clk_spi rise edge)   40.000    40.000 r                 
                         clock pessimism              0.000    40.000                     
                         clock uncertainty           -0.235    39.765                     
                         output delay                -0.000    39.765                     
  -------------------------------------------------------------------
                         required time                         39.765                     
                         arrival time                         -29.245                     
  -------------------------------------------------------------------
                         slack                                 10.520                     

Slack (MET) :             12.830ns  (required time - arrival time)
  Source:                 <hidden>/<hidden>/<hidden>/<hidden>
                            (rising edge-triggered cell FDRE clocked by clk_main_a0  {rise@0.000ns fall@2.000ns period=4.000ns})
  Destination:            <hidden>/<hidden>/<hidden>/<hidden>
                            (rising edge-triggered cell FDRE clocked by clk_out1_clk_mmcm_a  {rise@0.000ns fall@32.000ns period=64.000ns})
  Path Group:             clk_out1_clk_mmcm_a
  Path Type:              Setup (Max at Slow Process Corner)
  Requirement:            16.000ns  (MaxDelay Path 16.000ns)
  Data Path Delay:        3.195ns  (logic 0.134ns (4.194%)  route 3.061ns (95.806%))
  Logic Levels:           1  (LUT2=1)
  Timing Exception:       MaxDelay Path 16.000ns -datapath_only

    Location             Delay type                Incr(ns)  Path(ns)    Partition      PBlock               Netlist Resource(s)
  -------------------------------------------------------------------    -------------------------------------------------------
    SLICE_X172Y359.CLK                                0.000     0.000 r  reconfigurable pblock_CL            <hidden>/<hidden>/<hidden>/<hidden>
    SLICE_X172Y359.Q     FDRE (Prop_DFF2_SLICEL_C_Q)
                                                      0.081     0.081 f  reconfigurable pblock_CL            <hidden>/<hidden>/<hidden>/<hidden>
                         net (fo=3, estimated)        3.003     3.084    reconfigurable                      <hidden>/<hidden>/<hidden>/<hidden>
    SLR Crossing[1->2]   
    SLICE_X139Y585.A5                                                 f  reconfigurable pblock_CL            <hidden>/<hidden>/<hidden>/<hidden>
    SLICE_X139Y585.O6    LUT2 (Prop_H6LUT_SLICEM_I1_O)
                                                      0.053     3.137 r  reconfigurable pblock_CL            <hidden>/<hidden>/<hidden>/<hidden>
                         net (fo=1, routed)           0.058     3.195    reconfigurable                      <hidden>/<hidden>/<hidden>/<hidden>
    SLICE_X139Y585.D     FDRE                                         r  reconfigurable pblock_CL            <hidden>/<hidden>/<hidden>/<hidden>
  -------------------------------------------------------------------    -------------------------------------------------------

                         max delay                   16.000    16.000                                        
    SLICE_X139Y585       FDRE (Setup_HFF_SLICEM_C_D)
                                                      0.025    16.025    reconfigurable   pblock_CL              <hidden>/<hidden>/<hidden>/<hidden>
  -------------------------------------------------------------------
                         required time                         16.025                                            
                         arrival time                          -3.195                                            
  -------------------------------------------------------------------
                         slack                                 12.830                                            

Slack (MET) :             12.857ns  (required time - arrival time)
  Source:                 <hidden>/<hidden>/<hidden>/<hidden>
                            (rising edge-triggered cell FDRE clocked by clk_main_a0  {rise@0.000ns fall@2.000ns period=4.000ns})
  Destination:            <hidden>/<hidden>/<hidden>/<hidden>
                            (rising edge-triggered cell FDRE clocked by clk_out1_clk_mmcm_a  {rise@0.000ns fall@32.000ns period=64.000ns})
  Path Group:             clk_out1_clk_mmcm_a
  Path Type:              Setup (Max at Slow Process Corner)
  Requirement:            16.000ns  (MaxDelay Path 16.000ns)
  Data Path Delay:        3.168ns  (logic 0.147ns (4.640%)  route 3.021ns (95.360%))
  Logic Levels:           1  (LUT2=1)
  Timing Exception:       MaxDelay Path 16.000ns -datapath_only

    Location             Delay type                Incr(ns)  Path(ns)    Partition      PBlock               Netlist Resource(s)
  -------------------------------------------------------------------    -------------------------------------------------------
    SLICE_X172Y359.CLK                                0.000     0.000 r  reconfigurable pblock_CL            <hidden>/<hidden>/<hidden>/<hidden>
    SLICE_X172Y359.Q     FDRE (Prop_DFF2_SLICEL_C_Q)
                                                      0.081     0.081 r  reconfigurable pblock_CL            <hidden>/<hidden>/<hidden>/<hidden>
                         net (fo=3, estimated)        3.003     3.084    reconfigurable                      <hidden>/<hidden>/<hidden>/<hidden>
    SLR Crossing[1->2]   
    SLICE_X139Y585.A5                                                 r  reconfigurable pblock_CL            <hidden>/<hidden>/<hidden>/<hidden>
    SLICE_X139Y585.O5    LUT2 (Prop_H5LUT_SLICEM_I1_O)
                                                      0.066     3.150 r  reconfigurable pblock_CL            <hidden>/<hidden>/<hidden>/<hidden>
                         net (fo=1, routed)           0.018     3.168    reconfigurable                      <hidden>/<hidden>/<hidden>/<hidden>
    SLICE_X139Y585.D     FDRE                                         r  reconfigurable pblock_CL            <hidden>/<hidden>/<hidden>/<hidden>
  -------------------------------------------------------------------    -------------------------------------------------------

                         max delay                   16.000    16.000                                        
    SLICE_X139Y585       FDRE (Setup_HFF2_SLICEM_C_D)
                                                      0.025    16.025    reconfigurable   pblock_CL              <hidden>/<hidden>/<hidden>/<hidden>
  -------------------------------------------------------------------
                         required time                         16.025                                            
                         arrival time                          -3.168                                            
  -------------------------------------------------------------------
                         slack                                 12.857                                            

Slack (MET) :             13.055ns  (required time - arrival time)
  Source:                 <hidden>/<hidden>/<hidden>/<hidden>
                            (rising edge-triggered cell FDRE clocked by clk_main_a0  {rise@0.000ns fall@2.000ns period=4.000ns})
  Destination:            <hidden>/<hidden>/<hidden>
                            (rising edge-triggered cell FDRE clocked by clk_out1_clk_mmcm_a  {rise@0.000ns fall@32.000ns period=64.000ns})
  Path Group:             clk_out1_clk_mmcm_a
  Path Type:              Setup (Max at Slow Process Corner)
  Requirement:            16.000ns  (MaxDelay Path 16.000ns)
  Data Path Delay:        2.970ns  (logic 0.078ns (2.626%)  route 2.892ns (97.374%))
  Logic Levels:           0  
  Timing Exception:       MaxDelay Path 16.000ns -datapath_only

    Location             Delay type                Incr(ns)  Path(ns)    Partition      PBlock               Netlist Resource(s)
  -------------------------------------------------------------------    -------------------------------------------------------
    SLICE_X175Y304.CLK                                0.000     0.000 r  reconfigurable pblock_CL            <hidden>/<hidden>/<hidden>/<hidden>
    SLICE_X175Y304.Q     FDRE (Prop_DFF_SLICEM_C_Q)
                                                      0.078     0.078 r  reconfigurable pblock_CL            <hidden>/<hidden>/<hidden>/<hidden>
                         net (fo=1, estimated)        2.892     2.970    reconfigurable                      <hidden>/<hidden>/<hidden>
    SLR Crossing[1->2]   
    SLICE_X148Y542.D     FDRE                                         r  reconfigurable pblock_CL            <hidden>/<hidden>/<hidden>
  -------------------------------------------------------------------    -------------------------------------------------------

                         max delay                   16.000    16.000                                        
    SLICE_X148Y542       FDRE (Setup_AFF_SLICEL_C_D)
                                                      0.025    16.025    reconfigurable   pblock_CL              <hidden>/<hidden>/<hidden>
  -------------------------------------------------------------------
                         required time                         16.025                                            
                         arrival time                          -2.970                                            
  -------------------------------------------------------------------
                         slack                                 13.055                                            

Slack (MET) :             13.099ns  (required time - arrival time)
  Source:                 <hidden>/<hidden>/<hidden>/<hidden>
                            (rising edge-triggered cell FDRE clocked by clk_main_a0  {rise@0.000ns fall@2.000ns period=4.000ns})
  Destination:            <hidden>/<hidden>/<hidden>
                            (rising edge-triggered cell FDRE clocked by clk_out1_clk_mmcm_a  {rise@0.000ns fall@32.000ns period=64.000ns})
  Path Group:             clk_out1_clk_mmcm_a
  Path Type:              Setup (Max at Slow Process Corner)
  Requirement:            16.000ns  (MaxDelay Path 16.000ns)
  Data Path Delay:        2.926ns  (logic 0.078ns (2.666%)  route 2.848ns (97.334%))
  Logic Levels:           0  
  Timing Exception:       MaxDelay Path 16.000ns -datapath_only

    Location             Delay type                Incr(ns)  Path(ns)    Partition      PBlock               Netlist Resource(s)
  -------------------------------------------------------------------    -------------------------------------------------------
    SLICE_X175Y304.CLK                                0.000     0.000 r  reconfigurable pblock_CL            <hidden>/<hidden>/<hidden>/<hidden>
    SLICE_X175Y304.Q     FDRE (Prop_CFF_SLICEM_C_Q)
                                                      0.078     0.078 r  reconfigurable pblock_CL            <hidden>/<hidden>/<hidden>/<hidden>
                         net (fo=1, estimated)        2.848     2.926    reconfigurable                      <hidden>/<hidden>/<hidden>
    SLR Crossing[1->2]   
    SLICE_X148Y542.D     FDRE                                         r  reconfigurable pblock_CL            <hidden>/<hidden>/<hidden>
  -------------------------------------------------------------------    -------------------------------------------------------

                         max delay                   16.000    16.000                                        
    SLICE_X148Y542       FDRE (Setup_AFF2_SLICEL_C_D)
                                                      0.025    16.025    reconfigurable   pblock_CL              <hidden>/<hidden>/<hidden>
  -------------------------------------------------------------------
                         required time                         16.025                                            
                         arrival time                          -2.926                                            
  -------------------------------------------------------------------
                         slack                                 13.099                                            

Slack (MET) :             13.145ns  (required time - arrival time)
  Source:                 <hidden>/<hidden>/<hidden>/<hidden>
                            (rising edge-triggered cell FDRE clocked by clk_main_a0  {rise@0.000ns fall@2.000ns period=4.000ns})
  Destination:            <hidden>/<hidden>/<hidden>
                            (rising edge-triggered cell FDRE clocked by clk_out1_clk_mmcm_a  {rise@0.000ns fall@32.000ns period=64.000ns})
  Path Group:             clk_out1_clk_mmcm_a
  Path Type:              Setup (Max at Slow Process Corner)
  Requirement:            16.000ns  (MaxDelay Path 16.000ns)
  Data Path Delay:        2.880ns  (logic 0.078ns (2.708%)  route 2.802ns (97.292%))
  Logic Levels:           0  
  Timing Exception:       MaxDelay Path 16.000ns -datapath_only

    Location             Delay type                Incr(ns)  Path(ns)    Partition      PBlock               Netlist Resource(s)
  -------------------------------------------------------------------    -------------------------------------------------------
    SLICE_X175Y350.CLK                                0.000     0.000 r  reconfigurable pblock_CL            <hidden>/<hidden>/<hidden>/<hidden>
    SLICE_X175Y350.Q     FDRE (Prop_DFF_SLICEM_C_Q)
                                                      0.078     0.078 r  reconfigurable pblock_CL            <hidden>/<hidden>/<hidden>/<hidden>
                         net (fo=5, estimated)        2.802     2.880    reconfigurable                      <hidden>/<hidden>/<hidden>
    SLR Crossing[1->2]   
    SLICE_X145Y553.D     FDRE                                         r  reconfigurable pblock_CL            <hidden>/<hidden>/<hidden>
  -------------------------------------------------------------------    -------------------------------------------------------

                         max delay                   16.000    16.000                                        
    SLICE_X145Y553       FDRE (Setup_EFF_SLICEM_C_D)
                                                      0.025    16.025    reconfigurable   pblock_CL              <hidden>/<hidden>/<hidden>
  -------------------------------------------------------------------
                         required time                         16.025                                            
                         arrival time                          -2.880                                            
  -------------------------------------------------------------------
                         slack                                 13.145                                            

Slack (MET) :             13.149ns  (required time - arrival time)
  Source:                 <hidden>/<hidden>/<hidden>/<hidden>
                            (rising edge-triggered cell FDRE clocked by clk_main_a0  {rise@0.000ns fall@2.000ns period=4.000ns})
  Destination:            <hidden>/<hidden>/<hidden>
                            (rising edge-triggered cell FDRE clocked by clk_out1_clk_mmcm_a  {rise@0.000ns fall@32.000ns period=64.000ns})
  Path Group:             clk_out1_clk_mmcm_a
  Path Type:              Setup (Max at Slow Process Corner)
  Requirement:            16.000ns  (MaxDelay Path 16.000ns)
  Data Path Delay:        2.876ns  (logic 0.079ns (2.747%)  route 2.797ns (97.253%))
  Logic Levels:           0  
  Timing Exception:       MaxDelay Path 16.000ns -datapath_only

    Location             Delay type                Incr(ns)  Path(ns)    Partition      PBlock               Netlist Resource(s)
  -------------------------------------------------------------------    -------------------------------------------------------
    SLICE_X175Y341.CLK                                0.000     0.000 r  reconfigurable pblock_CL            <hidden>/<hidden>/<hidden>/<hidden>
    SLICE_X175Y341.Q     FDRE (Prop_HFF_SLICEM_C_Q)
                                                      0.079     0.079 r  reconfigurable pblock_CL            <hidden>/<hidden>/<hidden>/<hidden>
                         net (fo=4, estimated)        2.797     2.876    reconfigurable                      <hidden>/<hidden>/<hidden>
    SLR Crossing[1->2]   
    SLICE_X145Y553.D     FDRE                                         r  reconfigurable pblock_CL            <hidden>/<hidden>/<hidden>
  -------------------------------------------------------------------    -------------------------------------------------------

                         max delay                   16.000    16.000                                        
    SLICE_X145Y553       FDRE (Setup_FFF_SLICEM_C_D)
                                                      0.025    16.025    reconfigurable   pblock_CL              <hidden>/<hidden>/<hidden>
  -------------------------------------------------------------------
                         required time                         16.025                                            
                         arrival time                          -2.876                                            
  -------------------------------------------------------------------
                         slack                                 13.149                                            

Slack (MET) :             13.155ns  (required time - arrival time)
  Source:                 <hidden>/<hidden>/<hidden>/<hidden>
                            (rising edge-triggered cell FDRE clocked by clk_main_a0  {rise@0.000ns fall@2.000ns period=4.000ns})
  Destination:            <hidden>/<hidden>/<hidden>
                            (rising edge-triggered cell FDRE clocked by clk_out1_clk_mmcm_a  {rise@0.000ns fall@32.000ns period=64.000ns})
  Path Group:             clk_out1_clk_mmcm_a
  Path Type:              Setup (Max at Slow Process Corner)
  Requirement:            16.000ns  (MaxDelay Path 16.000ns)
  Data Path Delay:        2.870ns  (logic 0.077ns (2.683%)  route 2.793ns (97.317%))
  Logic Levels:           0  
  Timing Exception:       MaxDelay Path 16.000ns -datapath_only

    Location             Delay type                Incr(ns)  Path(ns)    Partition      PBlock               Netlist Resource(s)
  -------------------------------------------------------------------    -------------------------------------------------------
    SLICE_X171Y351.CLK                                0.000     0.000 r  reconfigurable pblock_CL            <hidden>/<hidden>/<hidden>/<hidden>
    SLICE_X171Y351.Q     FDRE (Prop_AFF_SLICEM_C_Q)
                                                      0.077     0.077 r  reconfigurable pblock_CL            <hidden>/<hidden>/<hidden>/<hidden>
                         net (fo=5, estimated)        2.793     2.870    reconfigurable                      <hidden>/<hidden>/<hidden>
    SLR Crossing[1->2]   
    SLICE_X140Y548.D     FDRE                                         r  reconfigurable pblock_CL            <hidden>/<hidden>/<hidden>
  -------------------------------------------------------------------    -------------------------------------------------------

                         max delay                   16.000    16.000                                        
    SLICE_X140Y548       FDRE (Setup_DFF2_SLICEL_C_D)
                                                      0.025    16.025    reconfigurable   pblock_CL              <hidden>/<hidden>/<hidden>
  -------------------------------------------------------------------
                         required time                         16.025                                            
                         arrival time                          -2.870                                            
  -------------------------------------------------------------------
                         slack                                 13.155                                            

Slack (MET) :             13.157ns  (required time - arrival time)
  Source:                 <hidden>/<hidden>/<hidden>/<hidden>/<hidden>/<hidden>/<hidden>/<hidden>
                            (rising edge-triggered cell FDRE clocked by WRAPPER/RL/RL_DEBUG_BRIDGE/inst/axi_jtag/inst/u_jtag_proc/tck_i_reg/Q  {rise@0.000ns fall@16.000ns period=32.000ns})
  Destination:            <hidden>/<hidden>/<hidden>/<hidden>/<hidden>/<hidden>/<hidden>/<hidden>/<hidden>
                            (falling edge-triggered cell FDCE clocked by WRAPPER/RL/RL_DEBUG_BRIDGE/inst/axi_jtag/inst/u_jtag_proc/tck_i_reg/Q  {rise@0.000ns fall@16.000ns period=32.000ns})
  Path Group:             WRAPPER/RL/RL_DEBUG_BRIDGE/inst/axi_jtag/inst/u_jtag_proc/tck_i_reg/Q
  Path Type:              Setup (Max at Slow Process Corner)
  Requirement:            16.000ns  (WRAPPER/RL/RL_DEBUG_BRIDGE/inst/axi_jtag/inst/u_jtag_proc/tck_i_reg/Q fall@16.000ns - WRAPPER/RL/RL_DEBUG_BRIDGE/inst/axi_jtag/inst/u_jtag_proc/tck_i_reg/Q rise@0.000ns)
  Data Path Delay:        2.263ns  (logic 0.645ns (28.500%)  route 1.618ns (71.500%))
  Logic Levels:           4  (LUT3=2 LUT5=1 LUT6=1)
  Clock Path Skew:        -0.339ns (DCD - SCD + CPR)
    Destination Clock Delay (DCD):    6.237ns = ( 22.237 - 16.000 ) 
    Source Clock Delay      (SCD):    6.883ns
    Clock Pessimism Removal (CPR):    0.308ns
  Clock Uncertainty:      0.266ns  ((TSJ^2 + DJ^2)^1/2) / 2 + PE + DCD
    Total System Jitter     (TSJ):    0.071ns
    Discrete Jitter          (DJ):    0.112ns
    Phase Error              (PE):    0.000ns
    Duty Cycle Distortion   (DCD):    0.200ns
  Clock Net Delay (Source):      2.444ns (routing 1.039ns, distribution 1.405ns)
  Clock Net Delay (Destination): 2.183ns (routing 0.945ns, distribution 1.238ns)

    Location             Delay type                Incr(ns)  Path(ns)    Partition      Netlist Resource(s)
  -------------------------------------------------------------------    ----------------------------------
                         (clock WRAPPER/RL/RL_DEBUG_BRIDGE/inst/axi_jtag/inst/u_jtag_proc/tck_i_reg/Q rise edge)
                                                      0.000     0.000 r                 
    BJ4                                               0.000     0.000 r  static         <hidden>
                         net (fo=0)                   0.100     0.100    static         <hidden>/<hidden>/<hidden>/<hidden>
    HPIOBDIFFINBUF_X0Y130.DIFF_IN_P
                                                                      r  static         <hidden>/<hidden>/<hidden>/<hidden>
    HPIOBDIFFINBUF_X0Y130.O
                         DIFFINBUF (Prop_DIFFINBUF_HPIOBDIFFINBUF_DIFF_IN_P_O)
                                                      0.863     0.963 r  static         <hidden>/<hidden>/<hidden>/<hidden>
                         net (fo=1, routed)           0.050     1.013    static         <hidden>/<hidden>/<hidden>/<hidden>
    BJ4.I                                                             r  static         <hidden>/<hidden>/<hidden>/<hidden>
    BJ4.O                IBUFCTRL (Prop_IBUFCTRL_HPIOB_M_I_O)
                                                      0.000     1.013 r  static         <hidden>/<hidden>/<hidden>/<hidden>
                         net (fo=1, routed)           0.348     1.361    static         <hidden>/<hidden>/<hidden>
    BUFGCE_X0Y122.I                                                   r  static         <hidden>/<hidden>/<hidden>
    BUFGCE_X0Y122.O      BUFGCE (Prop_BUFCE_BUFGCE_I_O)
                                                      0.028     1.389 r  static         <hidden>/<hidden>/<hidden>
                         net (fo=3, routed)           1.822     3.211    static         <hidden>/<hidden>/<hidden>/<hidden>/<hidden>
    SLR Crossing[1->0]   
    PLL_X0Y5.CLKIN                                                    r  static         <hidden>/<hidden>/<hidden>/<hidden>/<hidden>
    PLL_X0Y5.CLKOUT0     PLLE4_ADV (Prop_PLL_CLKIN_CLKOUT0)
                                                      0.033     3.244 r  static         <hidden>/<hidden>/<hidden>/<hidden>/<hidden>
                         net (fo=1, routed)           0.270     3.514    static         <hidden>/<hidden>/<hidden>/<hidden>/<hidden>
    BUFGCE_X0Y56.I                                                    r  static         <hidden>/<hidden>/<hidden>/<hidden>/<hidden>
    BUFGCE_X0Y56.O       BUFGCE (Prop_BUFCE_BUFGCE_I_O)
                                                      0.028     3.542 r  static         <hidden>/<hidden>/<hidden>/<hidden>/<hidden>
    X5Y4 (CLOCK_ROOT)    net (fo=1635, routed)        2.444     5.986    static         <hidden>/<hidden>/<hidden>/<hidden>/<hidden>/<hidden>/<hidden>/<hidden>
    SLR Crossing[0->1]   
    SLICE_X196Y412.CLK                                                r  static         <hidden>/<hidden>/<hidden>/<hidden>/<hidden>/<hidden>/<hidden>/<hidden>
    SLICE_X196Y412.Q     FDRE (Prop_CFF_SLICEM_C_Q)
                                                      0.078     6.064 r  static         <hidden>/<hidden>/<hidden>/<hidden>/<hidden>/<hidden>/<hidden>/<hidden>
                         net (fo=25, routed)          0.820     6.883    static         <hidden>/<hidden>/<hidden>/<hidden>/<hidden>/<hidden>/<hidden>/<hidden>
    SLICE_X181Y397.CLK   FDRE                                         r  static         <hidden>/<hidden>/<hidden>/<hidden>/<hidden>/<hidden>/<hidden>/<hidden>
  -------------------------------------------------------------------    ----------------------------------
    SLICE_X181Y397.Q     FDRE (Prop_GFF_SLICEL_C_Q)
                                                      0.079     6.962 r  static         <hidden>/<hidden>/<hidden>/<hidden>/<hidden>/<hidden>/<hidden>/<hidden>
                         net (fo=10, routed)          1.043     8.005    static         <hidden>/<hidden>/<hidden>/<hidden>/<hidden>/<hidden>/<hidden>/<hidden>
    SLICE_X180Y389.A1                                                 r  static         <hidden>/<hidden>/<hidden>/<hidden>/<hidden>/<hidden>/<hidden>/<hidden>
    SLICE_X180Y389.O5    LUT3 (Prop_D5LUT_SLICEM_I2_O)
                                                      0.158     8.163 r  static         <hidden>/<hidden>/<hidden>/<hidden>/<hidden>/<hidden>/<hidden>/<hidden>
                         net (fo=1, routed)           0.224     8.387    static         <hidden>/<hidden>/<hidden>/<hidden>/<hidden>/<hidden>/<hidden>/<hidden>
    SLICE_X180Y392.A1                                                 r  static         <hidden>/<hidden>/<hidden>/<hidden>/<hidden>/<hidden>/<hidden>/<hidden>
    SLICE_X180Y392.O6    LUT6 (Prop_H6LUT_SLICEM_I3_O)
                                                      0.152     8.539 r  static         <hidden>/<hidden>/<hidden>/<hidden>/<hidden>/<hidden>/<hidden>/<hidden>
                         net (fo=1, routed)           0.141     8.680    static         <hidden>/<hidden>/<hidden>/<hidden>/<hidden>/<hidden>/<hidden>/<hidden>/<hidden>
    SLICE_X181Y393.A2                                                 r  static         <hidden>/<hidden>/<hidden>/<hidden>/<hidden>/<hidden>/<hidden>/<hidden>/<hidden>
    SLICE_X181Y393.O6    LUT5 (Prop_F6LUT_SLICEL_I1_O)
                                                      0.123     8.803 r  static         <hidden>/<hidden>/<hidden>/<hidden>/<hidden>/<hidden>/<hidden>/<hidden>/<hidden>
                         net (fo=1, routed)           0.195     8.998    static         <hidden>/<hidden>/<hidden>/<hidden>/<hidden>/<hidden>/<hidden>/<hidden>/<hidden>
    SLICE_X183Y394.A2                                                 r  static         <hidden>/<hidden>/<hidden>/<hidden>/<hidden>/<hidden>/<hidden>/<hidden>/<hidden>
    SLICE_X183Y394.O5    LUT3 (Prop_H5LUT_SLICEL_I2_O)
                                                      0.133     9.131 r  static         <hidden>/<hidden>/<hidden>/<hidden>/<hidden>/<hidden>/<hidden>/<hidden>/<hidden>
                         net (fo=1, routed)           0.015     9.146    static         <hidden>/<hidden>/<hidden>/<hidden>/<hidden>/<hidden>/<hidden>/<hidden>/<hidden>
    SLICE_X183Y394.D     FDCE                                         r  static         <hidden>/<hidden>/<hidden>/<hidden>/<hidden>/<hidden>/<hidden>/<hidden>/<hidden>
  -------------------------------------------------------------------    ----------------------------------

                         (clock WRAPPER/RL/RL_DEBUG_BRIDGE/inst/axi_jtag/inst/u_jtag_proc/tck_i_reg/Q fall edge)
                                                     16.000    16.000 r                 
    BJ4                                               0.000    16.000 r  static         <hidden>
                         net (fo=0)                   0.079    16.079    static         <hidden>/<hidden>/<hidden>/<hidden>
    HPIOBDIFFINBUF_X0Y130.DIFF_IN_P
                                                                      r  static         <hidden>/<hidden>/<hidden>/<hidden>
    HPIOBDIFFINBUF_X0Y130.O
                         DIFFINBUF (Prop_DIFFINBUF_HPIOBDIFFINBUF_DIFF_IN_P_O)
                                                      0.750    16.829 r  static         <hidden>/<hidden>/<hidden>/<hidden>
                         net (fo=1, routed)           0.040    16.869    static         <hidden>/<hidden>/<hidden>/<hidden>
    BJ4.I                                                             r  static         <hidden>/<hidden>/<hidden>/<hidden>
    BJ4.O                IBUFCTRL (Prop_IBUFCTRL_HPIOB_M_I_O)
                                                      0.000    16.869 r  static         <hidden>/<hidden>/<hidden>/<hidden>
                         net (fo=1, routed)           0.309    17.178    static         <hidden>/<hidden>/<hidden>
    BUFGCE_X0Y122.I                                                   r  static         <hidden>/<hidden>/<hidden>
    BUFGCE_X0Y122.O      BUFGCE (Prop_BUFCE_BUFGCE_I_O)
                                                      0.024    17.202 r  static         <hidden>/<hidden>/<hidden>
                         net (fo=3, routed)           1.632    18.834    static         <hidden>/<hidden>/<hidden>/<hidden>/<hidden>
    SLR Crossing[1->0]   
    PLL_X0Y5.CLKIN                                                    r  static         <hidden>/<hidden>/<hidden>/<hidden>/<hidden>
    PLL_X0Y5.CLKOUT0     PLLE4_ADV (Prop_PLL_CLKIN_CLKOUT0)
                                                      0.430    19.264 r  static         <hidden>/<hidden>/<hidden>/<hidden>/<hidden>
                         net (fo=1, routed)           0.231    19.495    static         <hidden>/<hidden>/<hidden>/<hidden>/<hidden>
    BUFGCE_X0Y56.I                                                    r  static         <hidden>/<hidden>/<hidden>/<hidden>/<hidden>
    BUFGCE_X0Y56.O       BUFGCE (Prop_BUFCE_BUFGCE_I_O)
                                                      0.024    19.519 r  static         <hidden>/<hidden>/<hidden>/<hidden>/<hidden>
    X5Y4 (CLOCK_ROOT)    net (fo=1635, routed)        2.183    21.702    static         <hidden>/<hidden>/<hidden>/<hidden>/<hidden>/<hidden>/<hidden>/<hidden>
    SLR Crossing[0->1]   
    SLICE_X196Y412.CLK                                                r  static         <hidden>/<hidden>/<hidden>/<hidden>/<hidden>/<hidden>/<hidden>/<hidden>
    SLICE_X196Y412.Q     FDRE (Prop_CFF_SLICEM_C_Q)
                                                      0.058    21.760 f  static         <hidden>/<hidden>/<hidden>/<hidden>/<hidden>/<hidden>/<hidden>/<hidden>
                         net (fo=25, routed)          0.477    22.237    static         <hidden>/<hidden>/<hidden>/<hidden>/<hidden>/<hidden>/<hidden>/<hidden>/<hidden>
    SLICE_X183Y394.CLK   FDCE                                         r  static         <hidden>/<hidden>/<hidden>/<hidden>/<hidden>/<hidden>/<hidden>/<hidden>/<hidden>  (IS_INVERTED)
                         clock pessimism              0.308    22.544                     
                         clock uncertainty           -0.266    22.278                     
    SLICE_X183Y394       FDCE (Setup_HFF2_SLICEL_C_D)
                                                      0.025    22.303    static           <hidden>/<hidden>/<hidden>/<hidden>/<hidden>/<hidden>/<hidden>/<hidden>/<hidden>
  -------------------------------------------------------------------
                         required time                         22.303                     
                         arrival time                          -9.146                     
  -------------------------------------------------------------------
                         slack                                 13.157                     

Slack (MET) :             30.856ns  (required time - arrival time)
  Source:                 <hidden>/<hidden>/<hidden>/<hidden>/<hidden>/<hidden>/<hidden>/<hidden>
                            (rising edge-triggered cell FDRE clocked by WRAPPER/RL/RL_DEBUG_BRIDGE/inst/axi_jtag/inst/u_jtag_proc/tck_i_reg/Q  {rise@0.000ns fall@16.000ns period=32.000ns})
  Destination:            <hidden>/<hidden>/<hidden>/<hidden>/<hidden>/<hidden>/<hidden>/<hidden>
                            (rising edge-triggered cell FDRE clocked by WRAPPER/RL/RL_DEBUG_BRIDGE/inst/axi_jtag/inst/u_jtag_proc/tck_i_reg/Q  {rise@0.000ns fall@16.000ns period=32.000ns})
  Path Group:             WRAPPER/RL/RL_DEBUG_BRIDGE/inst/axi_jtag/inst/u_jtag_proc/tck_i_reg/Q
  Path Type:              Setup (Max at Slow Process Corner)
  Requirement:            32.000ns  (WRAPPER/RL/RL_DEBUG_BRIDGE/inst/axi_jtag/inst/u_jtag_proc/tck_i_reg/Q rise@32.000ns - WRAPPER/RL/RL_DEBUG_BRIDGE/inst/axi_jtag/inst/u_jtag_proc/tck_i_reg/Q rise@0.000ns)
  Data Path Delay:        0.735ns  (logic 0.133ns (18.096%)  route 0.602ns (81.904%))
  Logic Levels:           1  (LUT3=1)
  Clock Path Skew:        -0.368ns (DCD - SCD + CPR)
    Destination Clock Delay (DCD):    6.250ns = ( 38.250 - 32.000 ) 
    Source Clock Delay      (SCD):    6.924ns
    Clock Pessimism Removal (CPR):    0.306ns
  Clock Uncertainty:      0.066ns  ((TSJ^2 + DJ^2)^1/2) / 2 + PE
    Total System Jitter     (TSJ):    0.071ns
    Discrete Jitter          (DJ):    0.112ns
    Phase Error              (PE):    0.000ns
  Clock Net Delay (Source):      2.444ns (routing 1.039ns, distribution 1.405ns)
  Clock Net Delay (Destination): 2.183ns (routing 0.945ns, distribution 1.238ns)

    Location             Delay type                Incr(ns)  Path(ns)    Partition      Netlist Resource(s)
  -------------------------------------------------------------------    ----------------------------------
                         (clock WRAPPER/RL/RL_DEBUG_BRIDGE/inst/axi_jtag/inst/u_jtag_proc/tck_i_reg/Q rise edge)
                                                      0.000     0.000 r                 
    BJ4                                               0.000     0.000 r  static         <hidden>
                         net (fo=0)                   0.100     0.100    static         <hidden>/<hidden>/<hidden>/<hidden>
    HPIOBDIFFINBUF_X0Y130.DIFF_IN_P
                                                                      r  static         <hidden>/<hidden>/<hidden>/<hidden>
    HPIOBDIFFINBUF_X0Y130.O
                         DIFFINBUF (Prop_DIFFINBUF_HPIOBDIFFINBUF_DIFF_IN_P_O)
                                                      0.863     0.963 r  static         <hidden>/<hidden>/<hidden>/<hidden>
                         net (fo=1, routed)           0.050     1.013    static         <hidden>/<hidden>/<hidden>/<hidden>
    BJ4.I                                                             r  static         <hidden>/<hidden>/<hidden>/<hidden>
    BJ4.O                IBUFCTRL (Prop_IBUFCTRL_HPIOB_M_I_O)
                                                      0.000     1.013 r  static         <hidden>/<hidden>/<hidden>/<hidden>
                         net (fo=1, routed)           0.348     1.361    static         <hidden>/<hidden>/<hidden>
    BUFGCE_X0Y122.I                                                   r  static         <hidden>/<hidden>/<hidden>
    BUFGCE_X0Y122.O      BUFGCE (Prop_BUFCE_BUFGCE_I_O)
                                                      0.028     1.389 r  static         <hidden>/<hidden>/<hidden>
                         net (fo=3, routed)           1.822     3.211    static         <hidden>/<hidden>/<hidden>/<hidden>/<hidden>
    SLR Crossing[1->0]   
    PLL_X0Y5.CLKIN                                                    r  static         <hidden>/<hidden>/<hidden>/<hidden>/<hidden>
    PLL_X0Y5.CLKOUT0     PLLE4_ADV (Prop_PLL_CLKIN_CLKOUT0)
                                                      0.033     3.244 r  static         <hidden>/<hidden>/<hidden>/<hidden>/<hidden>
                         net (fo=1, routed)           0.270     3.514    static         <hidden>/<hidden>/<hidden>/<hidden>/<hidden>
    BUFGCE_X0Y56.I                                                    r  static         <hidden>/<hidden>/<hidden>/<hidden>/<hidden>
    BUFGCE_X0Y56.O       BUFGCE (Prop_BUFCE_BUFGCE_I_O)
                                                      0.028     3.542 r  static         <hidden>/<hidden>/<hidden>/<hidden>/<hidden>
    X5Y4 (CLOCK_ROOT)    net (fo=1635, routed)        2.444     5.986    static         <hidden>/<hidden>/<hidden>/<hidden>/<hidden>/<hidden>/<hidden>/<hidden>
    SLR Crossing[0->1]   
    SLICE_X196Y412.CLK                                                r  static         <hidden>/<hidden>/<hidden>/<hidden>/<hidden>/<hidden>/<hidden>/<hidden>
    SLICE_X196Y412.Q     FDRE (Prop_CFF_SLICEM_C_Q)
                                                      0.078     6.064 r  static         <hidden>/<hidden>/<hidden>/<hidden>/<hidden>/<hidden>/<hidden>/<hidden>
                         net (fo=25, routed)          0.860     6.924    static         <hidden>/<hidden>/<hidden>/<hidden>/<hidden>/<hidden>/<hidden>/<hidden>
    SLICE_X181Y393.CLK   FDRE                                         r  static         <hidden>/<hidden>/<hidden>/<hidden>/<hidden>/<hidden>/<hidden>/<hidden>
  -------------------------------------------------------------------    ----------------------------------
    SLICE_X181Y393.Q     FDRE (Prop_HFF2_SLICEL_C_Q)
                                                      0.080     7.004 r  static         <hidden>/<hidden>/<hidden>/<hidden>/<hidden>/<hidden>/<hidden>/<hidden>
                         net (fo=6, routed)           0.153     7.157    static         <hidden>/<hidden>/<hidden>/<hidden>/<hidden>/<hidden>/<hidden>/<hidden>
    SLICE_X180Y395.A5                                                 r  static         <hidden>/<hidden>/<hidden>/<hidden>/<hidden>/<hidden>/<hidden>/<hidden>
    SLICE_X180Y395.O6    LUT3 (Prop_A6LUT_SLICEM_I1_O)
                                                      0.053     7.210 r  static         <hidden>/<hidden>/<hidden>/<hidden>/<hidden>/<hidden>/<hidden>/<hidden>
                         net (fo=2, routed)           0.449     7.659    static         <hidden>/<hidden>/<hidden>/<hidden>/<hidden>/<hidden>/<hidden>/<hidden>
    SLICE_X178Y398.D     FDRE                                         r  static         <hidden>/<hidden>/<hidden>/<hidden>/<hidden>/<hidden>/<hidden>/<hidden>
  -------------------------------------------------------------------    ----------------------------------

                         (clock WRAPPER/RL/RL_DEBUG_BRIDGE/inst/axi_jtag/inst/u_jtag_proc/tck_i_reg/Q rise edge)
                                                     32.000    32.000 r                 
    BJ4                                               0.000    32.000 r  static         <hidden>
                         net (fo=0)                   0.079    32.079    static         <hidden>/<hidden>/<hidden>/<hidden>
    HPIOBDIFFINBUF_X0Y130.DIFF_IN_P
                                                                      r  static         <hidden>/<hidden>/<hidden>/<hidden>
    HPIOBDIFFINBUF_X0Y130.O
                         DIFFINBUF (Prop_DIFFINBUF_HPIOBDIFFINBUF_DIFF_IN_P_O)
                                                      0.750    32.829 r  static         <hidden>/<hidden>/<hidden>/<hidden>
                         net (fo=1, routed)           0.040    32.869    static         <hidden>/<hidden>/<hidden>/<hidden>
    BJ4.I                                                             r  static         <hidden>/<hidden>/<hidden>/<hidden>
    BJ4.O                IBUFCTRL (Prop_IBUFCTRL_HPIOB_M_I_O)
                                                      0.000    32.869 r  static         <hidden>/<hidden>/<hidden>/<hidden>
                         net (fo=1, routed)           0.309    33.178    static         <hidden>/<hidden>/<hidden>
    BUFGCE_X0Y122.I                                                   r  static         <hidden>/<hidden>/<hidden>
    BUFGCE_X0Y122.O      BUFGCE (Prop_BUFCE_BUFGCE_I_O)
                                                      0.024    33.202 r  static         <hidden>/<hidden>/<hidden>
                         net (fo=3, routed)           1.632    34.834    static         <hidden>/<hidden>/<hidden>/<hidden>/<hidden>
    SLR Crossing[1->0]   
    PLL_X0Y5.CLKIN                                                    r  static         <hidden>/<hidden>/<hidden>/<hidden>/<hidden>
    PLL_X0Y5.CLKOUT0     PLLE4_ADV (Prop_PLL_CLKIN_CLKOUT0)
                                                      0.430    35.264 r  static         <hidden>/<hidden>/<hidden>/<hidden>/<hidden>
                         net (fo=1, routed)           0.231    35.495    static         <hidden>/<hidden>/<hidden>/<hidden>/<hidden>
    BUFGCE_X0Y56.I                                                    r  static         <hidden>/<hidden>/<hidden>/<hidden>/<hidden>
    BUFGCE_X0Y56.O       BUFGCE (Prop_BUFCE_BUFGCE_I_O)
                                                      0.024    35.519 r  static         <hidden>/<hidden>/<hidden>/<hidden>/<hidden>
    X5Y4 (CLOCK_ROOT)    net (fo=1635, routed)        2.183    37.702    static         <hidden>/<hidden>/<hidden>/<hidden>/<hidden>/<hidden>/<hidden>/<hidden>
    SLR Crossing[0->1]   
    SLICE_X196Y412.CLK                                                r  static         <hidden>/<hidden>/<hidden>/<hidden>/<hidden>/<hidden>/<hidden>/<hidden>
    SLICE_X196Y412.Q     FDRE (Prop_CFF_SLICEM_C_Q)
                                                      0.058    37.760 r  static         <hidden>/<hidden>/<hidden>/<hidden>/<hidden>/<hidden>/<hidden>/<hidden>
                         net (fo=25, routed)          0.490    38.250    static         <hidden>/<hidden>/<hidden>/<hidden>/<hidden>/<hidden>/<hidden>/<hidden>
    SLICE_X178Y398.CLK   FDRE                                         r  static         <hidden>/<hidden>/<hidden>/<hidden>/<hidden>/<hidden>/<hidden>/<hidden>
                         clock pessimism              0.306    38.555                     
                         clock uncertainty           -0.066    38.489                     
    SLICE_X178Y398       FDRE (Setup_FFF_SLICEL_C_D)
                                                      0.025    38.514    static           <hidden>/<hidden>/<hidden>/<hidden>/<hidden>/<hidden>/<hidden>/<hidden>
  -------------------------------------------------------------------
                         required time                         38.514                     
                         arrival time                          -7.659                     
  -------------------------------------------------------------------
                         slack                                 30.856                     

Slack (MET) :             58.179ns  (required time - arrival time)
  Source:                 <hidden>/<hidden>/<hidden>
                            (rising edge-triggered cell FDRE clocked by clk_out1_clk_mmcm_a  {rise@0.000ns fall@32.000ns period=64.000ns})
  Destination:            WRAPPER/CL/u_tile/g_kvq_gqa.u_kvq/g_eng[1].u_eng/tok_vec_reg[1537]/CLR
                            (recovery check against rising-edge clock clk_out1_clk_mmcm_a  {rise@0.000ns fall@32.000ns period=64.000ns})
  Path Group:             **async_default**
  Path Type:              Recovery (Max at Slow Process Corner)
  Requirement:            64.000ns  (clk_out1_clk_mmcm_a rise@64.000ns - clk_out1_clk_mmcm_a rise@0.000ns)
  Data Path Delay:        5.070ns  (logic 0.177ns (3.491%)  route 4.893ns (96.509%))
  Logic Levels:           2  (BUFGCE=1 LUT2=1)
  Clock Path Skew:        -0.369ns (DCD - SCD + CPR)
    Destination Clock Delay (DCD):    9.437ns = ( 73.437 - 64.000 ) 
    Source Clock Delay      (SCD):    9.095ns
    Clock Pessimism Removal (CPR):    -0.712ns
  Clock Uncertainty:      0.095ns  ((TSJ^2 + DJ^2)^1/2) / 2 + PE
    Total System Jitter     (TSJ):    0.071ns
    Discrete Jitter          (DJ):    0.176ns
    Phase Error              (PE):    0.000ns
  Inter-SLR Compensation: 0.222ns  ((DCD - CCD) * PF)
    Destination Clock Delay (DCD):    9.437ns
    Common Clock Delay      (CCD):    7.960ns
    Prorating Factor         (PF):    0.150
  Clock Net Delay (Source):      2.956ns (routing 1.061ns, distribution 1.895ns)
  Clock Net Delay (Destination): 2.485ns (routing 0.963ns, distribution 1.522ns)

    Location             Delay type                Incr(ns)  Path(ns)    Partition      PBlock               Netlist Resource(s)
  -------------------------------------------------------------------    -------------------------------------------------------
                         (clock clk_out1_clk_mmcm_a rise edge)
                                                      0.000     0.000 r                                      
    BJ4                                               0.000     0.000 r  static                              <hidden>
                         net (fo=0)                   0.100     0.100    static                              <hidden>/<hidden>/<hidden>/<hidden>
    HPIOBDIFFINBUF_X0Y130.DIFF_IN_P
                                                                      r  static                              <hidden>/<hidden>/<hidden>/<hidden>
    HPIOBDIFFINBUF_X0Y130.O
                         DIFFINBUF (Prop_DIFFINBUF_HPIOBDIFFINBUF_DIFF_IN_P_O)
                                                      0.863     0.963 r  static                              <hidden>/<hidden>/<hidden>/<hidden>
                         net (fo=1, routed)           0.050     1.013    static                              <hidden>/<hidden>/<hidden>/<hidden>
    BJ4.I                                                             r  static                              <hidden>/<hidden>/<hidden>/<hidden>
    BJ4.O                IBUFCTRL (Prop_IBUFCTRL_HPIOB_M_I_O)
                                                      0.000     1.013 r  static                              <hidden>/<hidden>/<hidden>/<hidden>
                         net (fo=1, routed)           0.348     1.361    static                              <hidden>/<hidden>/<hidden>
    BUFGCE_X0Y122.I                                                   r  static                              <hidden>/<hidden>/<hidden>
    BUFGCE_X0Y122.O      BUFGCE (Prop_BUFCE_BUFGCE_I_O)
                                                      0.028     1.389 r  static                              <hidden>/<hidden>/<hidden>
                         net (fo=3, routed)           1.811     3.200    static                              <hidden>/<hidden>/<hidden>/<hidden>/<hidden>
    SLR Crossing[1->0]   
    MMCM_X0Y2.CLKIN1                                                  r  static                              <hidden>/<hidden>/<hidden>/<hidden>/<hidden>
    MMCM_X0Y2.CLKOUT0    MMCME4_ADV (Prop_MMCM_CLKIN1_CLKOUT0)
                                                     -0.127     3.073 r  static                              <hidden>/<hidden>/<hidden>/<hidden>/<hidden>
                         net (fo=2, routed)           0.245     3.318    static                              <hidden>/<hidden>/<hidden>
    BUFGCE_X0Y70.I                                                    r  static                              <hidden>/<hidden>/<hidden>
    BUFGCE_X0Y70.O       BUFGCE (Prop_BUFCE_BUFGCE_I_O)
                                                      0.028     3.346 r  static                              <hidden>/<hidden>/<hidden>
                         net (fo=2363, estimated)     2.651     5.997    boundary                            WRAPPER/CL/AWS_CLK_GEN/CLK_GRP_A_EN_I.CLK_MMCM_A_I/inst/CLK_CORE_DRP_I/clk_inst/s_axi_aclk
    MMCM_X0Y3.CLKIN1                                                  r  reconfigurable pblock_CL            WRAPPER/CL/AWS_CLK_GEN/CLK_GRP_A_EN_I.CLK_MMCM_A_I/inst/CLK_CORE_DRP_I/clk_inst/mmcme4_adv_inst/CLKIN1
    MMCM_X0Y3.CLKOUT0    MMCME4_ADV (Prop_MMCM_CLKIN1_CLKOUT0)
                                                     -0.127     5.870 r  reconfigurable pblock_CL            WRAPPER/CL/AWS_CLK_GEN/CLK_GRP_A_EN_I.CLK_MMCM_A_I/inst/CLK_CORE_DRP_I/clk_inst/mmcme4_adv_inst/CLKOUT0
                         net (fo=1, estimated)        0.241     6.111    reconfigurable                      WRAPPER/CL/AWS_CLK_GEN/CLK_GRP_A_EN_I.CLK_MMCM_A_I/inst/CLK_CORE_DRP_I/clk_inst/clk_out1_clk_mmcm_a
    BUFGCE_X0Y73.I                                                    r  reconfigurable pblock_CL            WRAPPER/CL/AWS_CLK_GEN/CLK_GRP_A_EN_I.CLK_MMCM_A_I/inst/CLK_CORE_DRP_I/clk_inst/clkout1_buf/I
    BUFGCE_X0Y73.O       BUFGCE (Prop_BUFCE_BUFGCE_I_O)
                                                      0.028     6.139 r  reconfigurable pblock_CL            WRAPPER/CL/AWS_CLK_GEN/CLK_GRP_A_EN_I.CLK_MMCM_A_I/inst/CLK_CORE_DRP_I/clk_inst/clkout1_buf/O
    X3Y5 (CLOCK_ROOT)    net (fo=189276, estimated)
                                                      2.956     9.095    reconfigurable                      <hidden>/<hidden>/<hidden>
    SLR Crossing[0->1]   
    SLICE_X165Y372.CLK   FDRE                                         r  reconfigurable pblock_CL            <hidden>/<hidden>/<hidden>
  -------------------------------------------------------------------    -------------------------------------------------------
    SLICE_X165Y372.Q     FDRE (Prop_DFF2_SLICEL_C_Q)
                                                      0.081     9.176 r  reconfigurable pblock_CL            <hidden>/<hidden>/<hidden>
                         net (fo=312, estimated)      2.346    11.522    reconfigurable                      WRAPPER/CL/u_tile/u_rms/rst_tile_n
    SLR Crossing[1->2]   
    SLICE_X134Y511.A5                                                 r  reconfigurable pblock_CL            WRAPPER/CL/u_tile/u_rms/tier_rdata_q[0]_i_1_lopt_replica/I0
    SLICE_X134Y511.O5    LUT2 (Prop_C5LUT_SLICEL_I0_O)
                                                      0.068    11.590 r  reconfigurable pblock_CL            WRAPPER/CL/u_tile/u_rms/tier_rdata_q[0]_i_1_lopt_replica/O
                         net (fo=1, estimated)        0.848    12.438    reconfigurable                      WRAPPER/CL/u_tile/u_rms/O_replN
    BUFGCE_X0Y195.I                                                   r  reconfigurable pblock_CL            WRAPPER/CL/u_tile/u_rms/rst_tile_n_reg_BUFG_inst/I
    BUFGCE_X0Y195.O      BUFGCE (Prop_BUFCE_BUFGCE_I_O)
                                                      0.028    12.466 r  reconfigurable pblock_CL            WRAPPER/CL/u_tile/u_rms/rst_tile_n_reg_BUFG_inst/O
                         net (fo=57818, estimated)    1.699    14.165    reconfigurable                      WRAPPER/CL/u_tile/g_kvq_gqa.u_kvq/g_eng[1].u_eng/q_r_reg[12]
    SLICE_X87Y600.SR     FDCE                                         f  reconfigurable pblock_CL            WRAPPER/CL/u_tile/g_kvq_gqa.u_kvq/g_eng[1].u_eng/tok_vec_reg[1537]/CLR  (IS_INVERTED)
  -------------------------------------------------------------------    -------------------------------------------------------

                         (clock clk_out1_clk_mmcm_a rise edge)
                                                     64.000    64.000 r                                      
    BJ4                                               0.000    64.000 r  static                              <hidden>
                         net (fo=0)                   0.079    64.079    static                              <hidden>/<hidden>/<hidden>/<hidden>
    HPIOBDIFFINBUF_X0Y130.DIFF_IN_P
                                                                      r  static                              <hidden>/<hidden>/<hidden>/<hidden>
    HPIOBDIFFINBUF_X0Y130.O
                         DIFFINBUF (Prop_DIFFINBUF_HPIOBDIFFINBUF_DIFF_IN_P_O)
                                                      0.750    64.829 r  static                              <hidden>/<hidden>/<hidden>/<hidden>
                         net (fo=1, routed)           0.040    64.869    static                              <hidden>/<hidden>/<hidden>/<hidden>
    BJ4.I                                                             r  static                              <hidden>/<hidden>/<hidden>/<hidden>
    BJ4.O                IBUFCTRL (Prop_IBUFCTRL_HPIOB_M_I_O)
                                                      0.000    64.869 r  static                              <hidden>/<hidden>/<hidden>/<hidden>
                         net (fo=1, routed)           0.309    65.178    static                              <hidden>/<hidden>/<hidden>
    BUFGCE_X0Y122.I                                                   r  static                              <hidden>/<hidden>/<hidden>
    BUFGCE_X0Y122.O      BUFGCE (Prop_BUFCE_BUFGCE_I_O)
                                                      0.024    65.202 r  static                              <hidden>/<hidden>/<hidden>
                         net (fo=3, routed)           1.624    66.826    static                              <hidden>/<hidden>/<hidden>/<hidden>/<hidden>
    SLR Crossing[1->0]   
    MMCM_X0Y2.CLKIN1                                                  r  static                              <hidden>/<hidden>/<hidden>/<hidden>/<hidden>
    MMCM_X0Y2.CLKOUT0    MMCME4_ADV (Prop_MMCM_CLKIN1_CLKOUT0)
                                                      0.630    67.456 r  static                              <hidden>/<hidden>/<hidden>/<hidden>/<hidden>
                         net (fo=2, routed)           0.215    67.671    static                              <hidden>/<hidden>/<hidden>
    BUFGCE_X0Y70.I                                                    r  static                              <hidden>/<hidden>/<hidden>
    BUFGCE_X0Y70.O       BUFGCE (Prop_BUFCE_BUFGCE_I_O)
                                                      0.024    67.695 r  static                              <hidden>/<hidden>/<hidden>
                         net (fo=2363, estimated)     2.391    70.086    boundary                            WRAPPER/CL/AWS_CLK_GEN/CLK_GRP_A_EN_I.CLK_MMCM_A_I/inst/CLK_CORE_DRP_I/clk_inst/s_axi_aclk
    MMCM_X0Y3.CLKIN1                                                  r  reconfigurable pblock_CL            WRAPPER/CL/AWS_CLK_GEN/CLK_GRP_A_EN_I.CLK_MMCM_A_I/inst/CLK_CORE_DRP_I/clk_inst/mmcme4_adv_inst/CLKIN1
    MMCM_X0Y3.CLKOUT0    MMCME4_ADV (Prop_MMCM_CLKIN1_CLKOUT0)
                                                      0.630    70.716 r  reconfigurable pblock_CL            WRAPPER/CL/AWS_CLK_GEN/CLK_GRP_A_EN_I.CLK_MMCM_A_I/inst/CLK_CORE_DRP_I/clk_inst/mmcme4_adv_inst/CLKOUT0
                         net (fo=1, estimated)        0.212    70.928    reconfigurable                      WRAPPER/CL/AWS_CLK_GEN/CLK_GRP_A_EN_I.CLK_MMCM_A_I/inst/CLK_CORE_DRP_I/clk_inst/clk_out1_clk_mmcm_a
    BUFGCE_X0Y73.I                                                    r  reconfigurable pblock_CL            WRAPPER/CL/AWS_CLK_GEN/CLK_GRP_A_EN_I.CLK_MMCM_A_I/inst/CLK_CORE_DRP_I/clk_inst/clkout1_buf/I
    BUFGCE_X0Y73.O       BUFGCE (Prop_BUFCE_BUFGCE_I_O)
                                                      0.024    70.952 r  reconfigurable pblock_CL            WRAPPER/CL/AWS_CLK_GEN/CLK_GRP_A_EN_I.CLK_MMCM_A_I/inst/CLK_CORE_DRP_I/clk_inst/clkout1_buf/O
    X3Y5 (CLOCK_ROOT)    net (fo=189276, estimated)
                                                      2.485    73.437    reconfigurable                      WRAPPER/CL/u_tile/g_kvq_gqa.u_kvq/g_eng[1].u_eng/o_clk_extra_a1
    SLR Crossing[0->2]   
    SLICE_X87Y600.CLK    FDCE                                         r  reconfigurable pblock_CL            WRAPPER/CL/u_tile/g_kvq_gqa.u_kvq/g_eng[1].u_eng/tok_vec_reg[1537]/C
                         clock pessimism             -0.712    72.726                                            
                         inter-SLR compensation      -0.222    72.504                                            
                         clock uncertainty           -0.095    72.409                                            
    SLICE_X87Y600        FDCE (Recov_AFF_SLICEM_C_CLR)
                                                     -0.066    72.343    reconfigurable   pblock_CL              WRAPPER/CL/u_tile/g_kvq_gqa.u_kvq/g_eng[1].u_eng/tok_vec_reg[1537]
  -------------------------------------------------------------------
                         required time                         72.343                                            
                         arrival time                         -14.165                                            
  -------------------------------------------------------------------
                         slack                                 58.179                                            

Slack (MET) :             58.179ns  (required time - arrival time)
  Source:                 <hidden>/<hidden>/<hidden>
                            (rising edge-triggered cell FDRE clocked by clk_out1_clk_mmcm_a  {rise@0.000ns fall@32.000ns period=64.000ns})
  Destination:            WRAPPER/CL/u_tile/g_kvq_gqa.u_kvq/g_eng[1].u_eng/tok_vec_reg[1553]/CLR
                            (recovery check against rising-edge clock clk_out1_clk_mmcm_a  {rise@0.000ns fall@32.000ns period=64.000ns})
  Path Group:             **async_default**
  Path Type:              Recovery (Max at Slow Process Corner)
  Requirement:            64.000ns  (clk_out1_clk_mmcm_a rise@64.000ns - clk_out1_clk_mmcm_a rise@0.000ns)
  Data Path Delay:        5.070ns  (logic 0.177ns (3.491%)  route 4.893ns (96.509%))
  Logic Levels:           2  (BUFGCE=1 LUT2=1)
  Clock Path Skew:        -0.369ns (DCD - SCD + CPR)
    Destination Clock Delay (DCD):    9.437ns = ( 73.437 - 64.000 ) 
    Source Clock Delay      (SCD):    9.095ns
    Clock Pessimism Removal (CPR):    -0.712ns
  Clock Uncertainty:      0.095ns  ((TSJ^2 + DJ^2)^1/2) / 2 + PE
    Total System Jitter     (TSJ):    0.071ns
    Discrete Jitter          (DJ):    0.176ns
    Phase Error              (PE):    0.000ns
  Inter-SLR Compensation: 0.222ns  ((DCD - CCD) * PF)
    Destination Clock Delay (DCD):    9.437ns
    Common Clock Delay      (CCD):    7.960ns
    Prorating Factor         (PF):    0.150
  Clock Net Delay (Source):      2.956ns (routing 1.061ns, distribution 1.895ns)
  Clock Net Delay (Destination): 2.485ns (routing 0.963ns, distribution 1.522ns)

    Location             Delay type                Incr(ns)  Path(ns)    Partition      PBlock               Netlist Resource(s)
  -------------------------------------------------------------------    -------------------------------------------------------
                         (clock clk_out1_clk_mmcm_a rise edge)
                                                      0.000     0.000 r                                      
    BJ4                                               0.000     0.000 r  static                              <hidden>
                         net (fo=0)                   0.100     0.100    static                              <hidden>/<hidden>/<hidden>/<hidden>
    HPIOBDIFFINBUF_X0Y130.DIFF_IN_P
                                                                      r  static                              <hidden>/<hidden>/<hidden>/<hidden>
    HPIOBDIFFINBUF_X0Y130.O
                         DIFFINBUF (Prop_DIFFINBUF_HPIOBDIFFINBUF_DIFF_IN_P_O)
                                                      0.863     0.963 r  static                              <hidden>/<hidden>/<hidden>/<hidden>
                         net (fo=1, routed)           0.050     1.013    static                              <hidden>/<hidden>/<hidden>/<hidden>
    BJ4.I                                                             r  static                              <hidden>/<hidden>/<hidden>/<hidden>
    BJ4.O                IBUFCTRL (Prop_IBUFCTRL_HPIOB_M_I_O)
                                                      0.000     1.013 r  static                              <hidden>/<hidden>/<hidden>/<hidden>
                         net (fo=1, routed)           0.348     1.361    static                              <hidden>/<hidden>/<hidden>
    BUFGCE_X0Y122.I                                                   r  static                              <hidden>/<hidden>/<hidden>
    BUFGCE_X0Y122.O      BUFGCE (Prop_BUFCE_BUFGCE_I_O)
                                                      0.028     1.389 r  static                              <hidden>/<hidden>/<hidden>
                         net (fo=3, routed)           1.811     3.200    static                              <hidden>/<hidden>/<hidden>/<hidden>/<hidden>
    SLR Crossing[1->0]   
    MMCM_X0Y2.CLKIN1                                                  r  static                              <hidden>/<hidden>/<hidden>/<hidden>/<hidden>
    MMCM_X0Y2.CLKOUT0    MMCME4_ADV (Prop_MMCM_CLKIN1_CLKOUT0)
                                                     -0.127     3.073 r  static                              <hidden>/<hidden>/<hidden>/<hidden>/<hidden>
                         net (fo=2, routed)           0.245     3.318    static                              <hidden>/<hidden>/<hidden>
    BUFGCE_X0Y70.I                                                    r  static                              <hidden>/<hidden>/<hidden>
    BUFGCE_X0Y70.O       BUFGCE (Prop_BUFCE_BUFGCE_I_O)
                                                      0.028     3.346 r  static                              <hidden>/<hidden>/<hidden>
                         net (fo=2363, estimated)     2.651     5.997    boundary                            WRAPPER/CL/AWS_CLK_GEN/CLK_GRP_A_EN_I.CLK_MMCM_A_I/inst/CLK_CORE_DRP_I/clk_inst/s_axi_aclk
    MMCM_X0Y3.CLKIN1                                                  r  reconfigurable pblock_CL            WRAPPER/CL/AWS_CLK_GEN/CLK_GRP_A_EN_I.CLK_MMCM_A_I/inst/CLK_CORE_DRP_I/clk_inst/mmcme4_adv_inst/CLKIN1
    MMCM_X0Y3.CLKOUT0    MMCME4_ADV (Prop_MMCM_CLKIN1_CLKOUT0)
                                                     -0.127     5.870 r  reconfigurable pblock_CL            WRAPPER/CL/AWS_CLK_GEN/CLK_GRP_A_EN_I.CLK_MMCM_A_I/inst/CLK_CORE_DRP_I/clk_inst/mmcme4_adv_inst/CLKOUT0
                         net (fo=1, estimated)        0.241     6.111    reconfigurable                      WRAPPER/CL/AWS_CLK_GEN/CLK_GRP_A_EN_I.CLK_MMCM_A_I/inst/CLK_CORE_DRP_I/clk_inst/clk_out1_clk_mmcm_a
    BUFGCE_X0Y73.I                                                    r  reconfigurable pblock_CL            WRAPPER/CL/AWS_CLK_GEN/CLK_GRP_A_EN_I.CLK_MMCM_A_I/inst/CLK_CORE_DRP_I/clk_inst/clkout1_buf/I
    BUFGCE_X0Y73.O       BUFGCE (Prop_BUFCE_BUFGCE_I_O)
                                                      0.028     6.139 r  reconfigurable pblock_CL            WRAPPER/CL/AWS_CLK_GEN/CLK_GRP_A_EN_I.CLK_MMCM_A_I/inst/CLK_CORE_DRP_I/clk_inst/clkout1_buf/O
    X3Y5 (CLOCK_ROOT)    net (fo=189276, estimated)
                                                      2.956     9.095    reconfigurable                      <hidden>/<hidden>/<hidden>
    SLR Crossing[0->1]   
    SLICE_X165Y372.CLK   FDRE                                         r  reconfigurable pblock_CL            <hidden>/<hidden>/<hidden>
  -------------------------------------------------------------------    -------------------------------------------------------
    SLICE_X165Y372.Q     FDRE (Prop_DFF2_SLICEL_C_Q)
                                                      0.081     9.176 r  reconfigurable pblock_CL            <hidden>/<hidden>/<hidden>
                         net (fo=312, estimated)      2.346    11.522    reconfigurable                      WRAPPER/CL/u_tile/u_rms/rst_tile_n
    SLR Crossing[1->2]   
    SLICE_X134Y511.A5                                                 r  reconfigurable pblock_CL            WRAPPER/CL/u_tile/u_rms/tier_rdata_q[0]_i_1_lopt_replica/I0
    SLICE_X134Y511.O5    LUT2 (Prop_C5LUT_SLICEL_I0_O)
                                                      0.068    11.590 r  reconfigurable pblock_CL            WRAPPER/CL/u_tile/u_rms/tier_rdata_q[0]_i_1_lopt_replica/O
                         net (fo=1, estimated)        0.848    12.438    reconfigurable                      WRAPPER/CL/u_tile/u_rms/O_replN
    BUFGCE_X0Y195.I                                                   r  reconfigurable pblock_CL            WRAPPER/CL/u_tile/u_rms/rst_tile_n_reg_BUFG_inst/I
    BUFGCE_X0Y195.O      BUFGCE (Prop_BUFCE_BUFGCE_I_O)
                                                      0.028    12.466 r  reconfigurable pblock_CL            WRAPPER/CL/u_tile/u_rms/rst_tile_n_reg_BUFG_inst/O
                         net (fo=57818, estimated)    1.699    14.165    reconfigurable                      WRAPPER/CL/u_tile/g_kvq_gqa.u_kvq/g_eng[1].u_eng/q_r_reg[12]
    SLICE_X87Y600.SR     FDCE                                         f  reconfigurable pblock_CL            WRAPPER/CL/u_tile/g_kvq_gqa.u_kvq/g_eng[1].u_eng/tok_vec_reg[1553]/CLR  (IS_INVERTED)
  -------------------------------------------------------------------    -------------------------------------------------------

                         (clock clk_out1_clk_mmcm_a rise edge)
                                                     64.000    64.000 r                                      
    BJ4                                               0.000    64.000 r  static                              <hidden>
                         net (fo=0)                   0.079    64.079    static                              <hidden>/<hidden>/<hidden>/<hidden>
    HPIOBDIFFINBUF_X0Y130.DIFF_IN_P
                                                                      r  static                              <hidden>/<hidden>/<hidden>/<hidden>
    HPIOBDIFFINBUF_X0Y130.O
                         DIFFINBUF (Prop_DIFFINBUF_HPIOBDIFFINBUF_DIFF_IN_P_O)
                                                      0.750    64.829 r  static                              <hidden>/<hidden>/<hidden>/<hidden>
                         net (fo=1, routed)           0.040    64.869    static                              <hidden>/<hidden>/<hidden>/<hidden>
    BJ4.I                                                             r  static                              <hidden>/<hidden>/<hidden>/<hidden>
    BJ4.O                IBUFCTRL (Prop_IBUFCTRL_HPIOB_M_I_O)
                                                      0.000    64.869 r  static                              <hidden>/<hidden>/<hidden>/<hidden>
                         net (fo=1, routed)           0.309    65.178    static                              <hidden>/<hidden>/<hidden>
    BUFGCE_X0Y122.I                                                   r  static                              <hidden>/<hidden>/<hidden>
    BUFGCE_X0Y122.O      BUFGCE (Prop_BUFCE_BUFGCE_I_O)
                                                      0.024    65.202 r  static                              <hidden>/<hidden>/<hidden>
                         net (fo=3, routed)           1.624    66.826    static                              <hidden>/<hidden>/<hidden>/<hidden>/<hidden>
    SLR Crossing[1->0]   
    MMCM_X0Y2.CLKIN1                                                  r  static                              <hidden>/<hidden>/<hidden>/<hidden>/<hidden>
    MMCM_X0Y2.CLKOUT0    MMCME4_ADV (Prop_MMCM_CLKIN1_CLKOUT0)
                                                      0.630    67.456 r  static                              <hidden>/<hidden>/<hidden>/<hidden>/<hidden>
                         net (fo=2, routed)           0.215    67.671    static                              <hidden>/<hidden>/<hidden>
    BUFGCE_X0Y70.I                                                    r  static                              <hidden>/<hidden>/<hidden>
    BUFGCE_X0Y70.O       BUFGCE (Prop_BUFCE_BUFGCE_I_O)
                                                      0.024    67.695 r  static                              <hidden>/<hidden>/<hidden>
                         net (fo=2363, estimated)     2.391    70.086    boundary                            WRAPPER/CL/AWS_CLK_GEN/CLK_GRP_A_EN_I.CLK_MMCM_A_I/inst/CLK_CORE_DRP_I/clk_inst/s_axi_aclk
    MMCM_X0Y3.CLKIN1                                                  r  reconfigurable pblock_CL            WRAPPER/CL/AWS_CLK_GEN/CLK_GRP_A_EN_I.CLK_MMCM_A_I/inst/CLK_CORE_DRP_I/clk_inst/mmcme4_adv_inst/CLKIN1
    MMCM_X0Y3.CLKOUT0    MMCME4_ADV (Prop_MMCM_CLKIN1_CLKOUT0)
                                                      0.630    70.716 r  reconfigurable pblock_CL            WRAPPER/CL/AWS_CLK_GEN/CLK_GRP_A_EN_I.CLK_MMCM_A_I/inst/CLK_CORE_DRP_I/clk_inst/mmcme4_adv_inst/CLKOUT0
                         net (fo=1, estimated)        0.212    70.928    reconfigurable                      WRAPPER/CL/AWS_CLK_GEN/CLK_GRP_A_EN_I.CLK_MMCM_A_I/inst/CLK_CORE_DRP_I/clk_inst/clk_out1_clk_mmcm_a
    BUFGCE_X0Y73.I                                                    r  reconfigurable pblock_CL            WRAPPER/CL/AWS_CLK_GEN/CLK_GRP_A_EN_I.CLK_MMCM_A_I/inst/CLK_CORE_DRP_I/clk_inst/clkout1_buf/I
    BUFGCE_X0Y73.O       BUFGCE (Prop_BUFCE_BUFGCE_I_O)
                                                      0.024    70.952 r  reconfigurable pblock_CL            WRAPPER/CL/AWS_CLK_GEN/CLK_GRP_A_EN_I.CLK_MMCM_A_I/inst/CLK_CORE_DRP_I/clk_inst/clkout1_buf/O
    X3Y5 (CLOCK_ROOT)    net (fo=189276, estimated)
                                                      2.485    73.437    reconfigurable                      WRAPPER/CL/u_tile/g_kvq_gqa.u_kvq/g_eng[1].u_eng/o_clk_extra_a1
    SLR Crossing[0->2]   
    SLICE_X87Y600.CLK    FDCE                                         r  reconfigurable pblock_CL            WRAPPER/CL/u_tile/g_kvq_gqa.u_kvq/g_eng[1].u_eng/tok_vec_reg[1553]/C
                         clock pessimism             -0.712    72.726                                            
                         inter-SLR compensation      -0.222    72.504                                            
                         clock uncertainty           -0.095    72.409                                            
    SLICE_X87Y600        FDCE (Recov_AFF2_SLICEM_C_CLR)
                                                     -0.066    72.343    reconfigurable   pblock_CL              WRAPPER/CL/u_tile/g_kvq_gqa.u_kvq/g_eng[1].u_eng/tok_vec_reg[1553]
  -------------------------------------------------------------------
                         required time                         72.343                                            
                         arrival time                         -14.165                                            
  -------------------------------------------------------------------
                         slack                                 58.179                                            

Slack (MET) :             58.179ns  (required time - arrival time)
  Source:                 <hidden>/<hidden>/<hidden>
                            (rising edge-triggered cell FDRE clocked by clk_out1_clk_mmcm_a  {rise@0.000ns fall@32.000ns period=64.000ns})
  Destination:            WRAPPER/CL/u_tile/g_kvq_gqa.u_kvq/g_eng[1].u_eng/tok_vec_reg[1569]/CLR
                            (recovery check against rising-edge clock clk_out1_clk_mmcm_a  {rise@0.000ns fall@32.000ns period=64.000ns})
  Path Group:             **async_default**
  Path Type:              Recovery (Max at Slow Process Corner)
  Requirement:            64.000ns  (clk_out1_clk_mmcm_a rise@64.000ns - clk_out1_clk_mmcm_a rise@0.000ns)
  Data Path Delay:        5.070ns  (logic 0.177ns (3.491%)  route 4.893ns (96.509%))
  Logic Levels:           2  (BUFGCE=1 LUT2=1)
  Clock Path Skew:        -0.369ns (DCD - SCD + CPR)
    Destination Clock Delay (DCD):    9.437ns = ( 73.437 - 64.000 ) 
    Source Clock Delay      (SCD):    9.095ns
    Clock Pessimism Removal (CPR):    -0.712ns
  Clock Uncertainty:      0.095ns  ((TSJ^2 + DJ^2)^1/2) / 2 + PE
    Total System Jitter     (TSJ):    0.071ns
    Discrete Jitter          (DJ):    0.176ns
    Phase Error              (PE):    0.000ns
  Inter-SLR Compensation: 0.222ns  ((DCD - CCD) * PF)
    Destination Clock Delay (DCD):    9.437ns
    Common Clock Delay      (CCD):    7.960ns
    Prorating Factor         (PF):    0.150
  Clock Net Delay (Source):      2.956ns (routing 1.061ns, distribution 1.895ns)
  Clock Net Delay (Destination): 2.485ns (routing 0.963ns, distribution 1.522ns)

    Location             Delay type                Incr(ns)  Path(ns)    Partition      PBlock               Netlist Resource(s)
  -------------------------------------------------------------------    -------------------------------------------------------
                         (clock clk_out1_clk_mmcm_a rise edge)
                                                      0.000     0.000 r                                      
    BJ4                                               0.000     0.000 r  static                              <hidden>
                         net (fo=0)                   0.100     0.100    static                              <hidden>/<hidden>/<hidden>/<hidden>
    HPIOBDIFFINBUF_X0Y130.DIFF_IN_P
                                                                      r  static                              <hidden>/<hidden>/<hidden>/<hidden>
    HPIOBDIFFINBUF_X0Y130.O
                         DIFFINBUF (Prop_DIFFINBUF_HPIOBDIFFINBUF_DIFF_IN_P_O)
                                                      0.863     0.963 r  static                              <hidden>/<hidden>/<hidden>/<hidden>
                         net (fo=1, routed)           0.050     1.013    static                              <hidden>/<hidden>/<hidden>/<hidden>
    BJ4.I                                                             r  static                              <hidden>/<hidden>/<hidden>/<hidden>
    BJ4.O                IBUFCTRL (Prop_IBUFCTRL_HPIOB_M_I_O)
                                                      0.000     1.013 r  static                              <hidden>/<hidden>/<hidden>/<hidden>
                         net (fo=1, routed)           0.348     1.361    static                              <hidden>/<hidden>/<hidden>
    BUFGCE_X0Y122.I                                                   r  static                              <hidden>/<hidden>/<hidden>
    BUFGCE_X0Y122.O      BUFGCE (Prop_BUFCE_BUFGCE_I_O)
                                                      0.028     1.389 r  static                              <hidden>/<hidden>/<hidden>
                         net (fo=3, routed)           1.811     3.200    static                              <hidden>/<hidden>/<hidden>/<hidden>/<hidden>
    SLR Crossing[1->0]   
    MMCM_X0Y2.CLKIN1                                                  r  static                              <hidden>/<hidden>/<hidden>/<hidden>/<hidden>
    MMCM_X0Y2.CLKOUT0    MMCME4_ADV (Prop_MMCM_CLKIN1_CLKOUT0)
                                                     -0.127     3.073 r  static                              <hidden>/<hidden>/<hidden>/<hidden>/<hidden>
                         net (fo=2, routed)           0.245     3.318    static                              <hidden>/<hidden>/<hidden>
    BUFGCE_X0Y70.I                                                    r  static                              <hidden>/<hidden>/<hidden>
    BUFGCE_X0Y70.O       BUFGCE (Prop_BUFCE_BUFGCE_I_O)
                                                      0.028     3.346 r  static                              <hidden>/<hidden>/<hidden>
                         net (fo=2363, estimated)     2.651     5.997    boundary                            WRAPPER/CL/AWS_CLK_GEN/CLK_GRP_A_EN_I.CLK_MMCM_A_I/inst/CLK_CORE_DRP_I/clk_inst/s_axi_aclk
    MMCM_X0Y3.CLKIN1                                                  r  reconfigurable pblock_CL            WRAPPER/CL/AWS_CLK_GEN/CLK_GRP_A_EN_I.CLK_MMCM_A_I/inst/CLK_CORE_DRP_I/clk_inst/mmcme4_adv_inst/CLKIN1
    MMCM_X0Y3.CLKOUT0    MMCME4_ADV (Prop_MMCM_CLKIN1_CLKOUT0)
                                                     -0.127     5.870 r  reconfigurable pblock_CL            WRAPPER/CL/AWS_CLK_GEN/CLK_GRP_A_EN_I.CLK_MMCM_A_I/inst/CLK_CORE_DRP_I/clk_inst/mmcme4_adv_inst/CLKOUT0
                         net (fo=1, estimated)        0.241     6.111    reconfigurable                      WRAPPER/CL/AWS_CLK_GEN/CLK_GRP_A_EN_I.CLK_MMCM_A_I/inst/CLK_CORE_DRP_I/clk_inst/clk_out1_clk_mmcm_a
    BUFGCE_X0Y73.I                                                    r  reconfigurable pblock_CL            WRAPPER/CL/AWS_CLK_GEN/CLK_GRP_A_EN_I.CLK_MMCM_A_I/inst/CLK_CORE_DRP_I/clk_inst/clkout1_buf/I
    BUFGCE_X0Y73.O       BUFGCE (Prop_BUFCE_BUFGCE_I_O)
                                                      0.028     6.139 r  reconfigurable pblock_CL            WRAPPER/CL/AWS_CLK_GEN/CLK_GRP_A_EN_I.CLK_MMCM_A_I/inst/CLK_CORE_DRP_I/clk_inst/clkout1_buf/O
    X3Y5 (CLOCK_ROOT)    net (fo=189276, estimated)
                                                      2.956     9.095    reconfigurable                      <hidden>/<hidden>/<hidden>
    SLR Crossing[0->1]   
    SLICE_X165Y372.CLK   FDRE                                         r  reconfigurable pblock_CL            <hidden>/<hidden>/<hidden>
  -------------------------------------------------------------------    -------------------------------------------------------
    SLICE_X165Y372.Q     FDRE (Prop_DFF2_SLICEL_C_Q)
                                                      0.081     9.176 r  reconfigurable pblock_CL            <hidden>/<hidden>/<hidden>
                         net (fo=312, estimated)      2.346    11.522    reconfigurable                      WRAPPER/CL/u_tile/u_rms/rst_tile_n
    SLR Crossing[1->2]   
    SLICE_X134Y511.A5                                                 r  reconfigurable pblock_CL            WRAPPER/CL/u_tile/u_rms/tier_rdata_q[0]_i_1_lopt_replica/I0
    SLICE_X134Y511.O5    LUT2 (Prop_C5LUT_SLICEL_I0_O)
                                                      0.068    11.590 r  reconfigurable pblock_CL            WRAPPER/CL/u_tile/u_rms/tier_rdata_q[0]_i_1_lopt_replica/O
                         net (fo=1, estimated)        0.848    12.438    reconfigurable                      WRAPPER/CL/u_tile/u_rms/O_replN
    BUFGCE_X0Y195.I                                                   r  reconfigurable pblock_CL            WRAPPER/CL/u_tile/u_rms/rst_tile_n_reg_BUFG_inst/I
    BUFGCE_X0Y195.O      BUFGCE (Prop_BUFCE_BUFGCE_I_O)
                                                      0.028    12.466 r  reconfigurable pblock_CL            WRAPPER/CL/u_tile/u_rms/rst_tile_n_reg_BUFG_inst/O
                         net (fo=57818, estimated)    1.699    14.165    reconfigurable                      WRAPPER/CL/u_tile/g_kvq_gqa.u_kvq/g_eng[1].u_eng/q_r_reg[12]
    SLICE_X87Y600.SR     FDCE                                         f  reconfigurable pblock_CL            WRAPPER/CL/u_tile/g_kvq_gqa.u_kvq/g_eng[1].u_eng/tok_vec_reg[1569]/CLR  (IS_INVERTED)
  -------------------------------------------------------------------    -------------------------------------------------------

                         (clock clk_out1_clk_mmcm_a rise edge)
                                                     64.000    64.000 r                                      
    BJ4                                               0.000    64.000 r  static                              <hidden>
                         net (fo=0)                   0.079    64.079    static                              <hidden>/<hidden>/<hidden>/<hidden>
    HPIOBDIFFINBUF_X0Y130.DIFF_IN_P
                                                                      r  static                              <hidden>/<hidden>/<hidden>/<hidden>
    HPIOBDIFFINBUF_X0Y130.O
                         DIFFINBUF (Prop_DIFFINBUF_HPIOBDIFFINBUF_DIFF_IN_P_O)
                                                      0.750    64.829 r  static                              <hidden>/<hidden>/<hidden>/<hidden>
                         net (fo=1, routed)           0.040    64.869    static                              <hidden>/<hidden>/<hidden>/<hidden>
    BJ4.I                                                             r  static                              <hidden>/<hidden>/<hidden>/<hidden>
    BJ4.O                IBUFCTRL (Prop_IBUFCTRL_HPIOB_M_I_O)
                                                      0.000    64.869 r  static                              <hidden>/<hidden>/<hidden>/<hidden>
                         net (fo=1, routed)           0.309    65.178    static                              <hidden>/<hidden>/<hidden>
    BUFGCE_X0Y122.I                                                   r  static                              <hidden>/<hidden>/<hidden>
    BUFGCE_X0Y122.O      BUFGCE (Prop_BUFCE_BUFGCE_I_O)
                                                      0.024    65.202 r  static                              <hidden>/<hidden>/<hidden>
                         net (fo=3, routed)           1.624    66.826    static                              <hidden>/<hidden>/<hidden>/<hidden>/<hidden>
    SLR Crossing[1->0]   
    MMCM_X0Y2.CLKIN1                                                  r  static                              <hidden>/<hidden>/<hidden>/<hidden>/<hidden>
    MMCM_X0Y2.CLKOUT0    MMCME4_ADV (Prop_MMCM_CLKIN1_CLKOUT0)
                                                      0.630    67.456 r  static                              <hidden>/<hidden>/<hidden>/<hidden>/<hidden>
                         net (fo=2, routed)           0.215    67.671    static                              <hidden>/<hidden>/<hidden>
    BUFGCE_X0Y70.I                                                    r  static                              <hidden>/<hidden>/<hidden>
    BUFGCE_X0Y70.O       BUFGCE (Prop_BUFCE_BUFGCE_I_O)
                                                      0.024    67.695 r  static                              <hidden>/<hidden>/<hidden>
                         net (fo=2363, estimated)     2.391    70.086    boundary                            WRAPPER/CL/AWS_CLK_GEN/CLK_GRP_A_EN_I.CLK_MMCM_A_I/inst/CLK_CORE_DRP_I/clk_inst/s_axi_aclk
    MMCM_X0Y3.CLKIN1                                                  r  reconfigurable pblock_CL            WRAPPER/CL/AWS_CLK_GEN/CLK_GRP_A_EN_I.CLK_MMCM_A_I/inst/CLK_CORE_DRP_I/clk_inst/mmcme4_adv_inst/CLKIN1
    MMCM_X0Y3.CLKOUT0    MMCME4_ADV (Prop_MMCM_CLKIN1_CLKOUT0)
                                                      0.630    70.716 r  reconfigurable pblock_CL            WRAPPER/CL/AWS_CLK_GEN/CLK_GRP_A_EN_I.CLK_MMCM_A_I/inst/CLK_CORE_DRP_I/clk_inst/mmcme4_adv_inst/CLKOUT0
                         net (fo=1, estimated)        0.212    70.928    reconfigurable                      WRAPPER/CL/AWS_CLK_GEN/CLK_GRP_A_EN_I.CLK_MMCM_A_I/inst/CLK_CORE_DRP_I/clk_inst/clk_out1_clk_mmcm_a
    BUFGCE_X0Y73.I                                                    r  reconfigurable pblock_CL            WRAPPER/CL/AWS_CLK_GEN/CLK_GRP_A_EN_I.CLK_MMCM_A_I/inst/CLK_CORE_DRP_I/clk_inst/clkout1_buf/I
    BUFGCE_X0Y73.O       BUFGCE (Prop_BUFCE_BUFGCE_I_O)
                                                      0.024    70.952 r  reconfigurable pblock_CL            WRAPPER/CL/AWS_CLK_GEN/CLK_GRP_A_EN_I.CLK_MMCM_A_I/inst/CLK_CORE_DRP_I/clk_inst/clkout1_buf/O
    X3Y5 (CLOCK_ROOT)    net (fo=189276, estimated)
                                                      2.485    73.437    reconfigurable                      WRAPPER/CL/u_tile/g_kvq_gqa.u_kvq/g_eng[1].u_eng/o_clk_extra_a1
    SLR Crossing[0->2]   
    SLICE_X87Y600.CLK    FDCE                                         r  reconfigurable pblock_CL            WRAPPER/CL/u_tile/g_kvq_gqa.u_kvq/g_eng[1].u_eng/tok_vec_reg[1569]/C
                         clock pessimism             -0.712    72.726                                            
                         inter-SLR compensation      -0.222    72.504                                            
                         clock uncertainty           -0.095    72.409                                            
    SLICE_X87Y600        FDCE (Recov_BFF_SLICEM_C_CLR)
                                                     -0.066    72.343    reconfigurable   pblock_CL              WRAPPER/CL/u_tile/g_kvq_gqa.u_kvq/g_eng[1].u_eng/tok_vec_reg[1569]
  -------------------------------------------------------------------
                         required time                         72.343                                            
                         arrival time                         -14.165                                            
  -------------------------------------------------------------------
                         slack                                 58.179                                            

Slack (MET) :             58.179ns  (required time - arrival time)
  Source:                 <hidden>/<hidden>/<hidden>
                            (rising edge-triggered cell FDRE clocked by clk_out1_clk_mmcm_a  {rise@0.000ns fall@32.000ns period=64.000ns})
  Destination:            WRAPPER/CL/u_tile/g_kvq_gqa.u_kvq/g_eng[1].u_eng/tok_vec_reg[1585]/CLR
                            (recovery check against rising-edge clock clk_out1_clk_mmcm_a  {rise@0.000ns fall@32.000ns period=64.000ns})
  Path Group:             **async_default**
  Path Type:              Recovery (Max at Slow Process Corner)
  Requirement:            64.000ns  (clk_out1_clk_mmcm_a rise@64.000ns - clk_out1_clk_mmcm_a rise@0.000ns)
  Data Path Delay:        5.070ns  (logic 0.177ns (3.491%)  route 4.893ns (96.509%))
  Logic Levels:           2  (BUFGCE=1 LUT2=1)
  Clock Path Skew:        -0.369ns (DCD - SCD + CPR)
    Destination Clock Delay (DCD):    9.437ns = ( 73.437 - 64.000 ) 
    Source Clock Delay      (SCD):    9.095ns
    Clock Pessimism Removal (CPR):    -0.712ns
  Clock Uncertainty:      0.095ns  ((TSJ^2 + DJ^2)^1/2) / 2 + PE
    Total System Jitter     (TSJ):    0.071ns
    Discrete Jitter          (DJ):    0.176ns
    Phase Error              (PE):    0.000ns
  Inter-SLR Compensation: 0.222ns  ((DCD - CCD) * PF)
    Destination Clock Delay (DCD):    9.437ns
    Common Clock Delay      (CCD):    7.960ns
    Prorating Factor         (PF):    0.150
  Clock Net Delay (Source):      2.956ns (routing 1.061ns, distribution 1.895ns)
  Clock Net Delay (Destination): 2.485ns (routing 0.963ns, distribution 1.522ns)

    Location             Delay type                Incr(ns)  Path(ns)    Partition      PBlock               Netlist Resource(s)
  -------------------------------------------------------------------    -------------------------------------------------------
                         (clock clk_out1_clk_mmcm_a rise edge)
                                                      0.000     0.000 r                                      
    BJ4                                               0.000     0.000 r  static                              <hidden>
                         net (fo=0)                   0.100     0.100    static                              <hidden>/<hidden>/<hidden>/<hidden>
    HPIOBDIFFINBUF_X0Y130.DIFF_IN_P
                                                                      r  static                              <hidden>/<hidden>/<hidden>/<hidden>
    HPIOBDIFFINBUF_X0Y130.O
                         DIFFINBUF (Prop_DIFFINBUF_HPIOBDIFFINBUF_DIFF_IN_P_O)
                                                      0.863     0.963 r  static                              <hidden>/<hidden>/<hidden>/<hidden>
                         net (fo=1, routed)           0.050     1.013    static                              <hidden>/<hidden>/<hidden>/<hidden>
    BJ4.I                                                             r  static                              <hidden>/<hidden>/<hidden>/<hidden>
    BJ4.O                IBUFCTRL (Prop_IBUFCTRL_HPIOB_M_I_O)
                                                      0.000     1.013 r  static                              <hidden>/<hidden>/<hidden>/<hidden>
                         net (fo=1, routed)           0.348     1.361    static                              <hidden>/<hidden>/<hidden>
    BUFGCE_X0Y122.I                                                   r  static                              <hidden>/<hidden>/<hidden>
    BUFGCE_X0Y122.O      BUFGCE (Prop_BUFCE_BUFGCE_I_O)
                                                      0.028     1.389 r  static                              <hidden>/<hidden>/<hidden>
                         net (fo=3, routed)           1.811     3.200    static                              <hidden>/<hidden>/<hidden>/<hidden>/<hidden>
    SLR Crossing[1->0]   
    MMCM_X0Y2.CLKIN1                                                  r  static                              <hidden>/<hidden>/<hidden>/<hidden>/<hidden>
    MMCM_X0Y2.CLKOUT0    MMCME4_ADV (Prop_MMCM_CLKIN1_CLKOUT0)
                                                     -0.127     3.073 r  static                              <hidden>/<hidden>/<hidden>/<hidden>/<hidden>
                         net (fo=2, routed)           0.245     3.318    static                              <hidden>/<hidden>/<hidden>
    BUFGCE_X0Y70.I                                                    r  static                              <hidden>/<hidden>/<hidden>
    BUFGCE_X0Y70.O       BUFGCE (Prop_BUFCE_BUFGCE_I_O)
                                                      0.028     3.346 r  static                              <hidden>/<hidden>/<hidden>
                         net (fo=2363, estimated)     2.651     5.997    boundary                            WRAPPER/CL/AWS_CLK_GEN/CLK_GRP_A_EN_I.CLK_MMCM_A_I/inst/CLK_CORE_DRP_I/clk_inst/s_axi_aclk
    MMCM_X0Y3.CLKIN1                                                  r  reconfigurable pblock_CL            WRAPPER/CL/AWS_CLK_GEN/CLK_GRP_A_EN_I.CLK_MMCM_A_I/inst/CLK_CORE_DRP_I/clk_inst/mmcme4_adv_inst/CLKIN1
    MMCM_X0Y3.CLKOUT0    MMCME4_ADV (Prop_MMCM_CLKIN1_CLKOUT0)
                                                     -0.127     5.870 r  reconfigurable pblock_CL            WRAPPER/CL/AWS_CLK_GEN/CLK_GRP_A_EN_I.CLK_MMCM_A_I/inst/CLK_CORE_DRP_I/clk_inst/mmcme4_adv_inst/CLKOUT0
                         net (fo=1, estimated)        0.241     6.111    reconfigurable                      WRAPPER/CL/AWS_CLK_GEN/CLK_GRP_A_EN_I.CLK_MMCM_A_I/inst/CLK_CORE_DRP_I/clk_inst/clk_out1_clk_mmcm_a
    BUFGCE_X0Y73.I                                                    r  reconfigurable pblock_CL            WRAPPER/CL/AWS_CLK_GEN/CLK_GRP_A_EN_I.CLK_MMCM_A_I/inst/CLK_CORE_DRP_I/clk_inst/clkout1_buf/I
    BUFGCE_X0Y73.O       BUFGCE (Prop_BUFCE_BUFGCE_I_O)
                                                      0.028     6.139 r  reconfigurable pblock_CL            WRAPPER/CL/AWS_CLK_GEN/CLK_GRP_A_EN_I.CLK_MMCM_A_I/inst/CLK_CORE_DRP_I/clk_inst/clkout1_buf/O
    X3Y5 (CLOCK_ROOT)    net (fo=189276, estimated)
                                                      2.956     9.095    reconfigurable                      <hidden>/<hidden>/<hidden>
    SLR Crossing[0->1]   
    SLICE_X165Y372.CLK   FDRE                                         r  reconfigurable pblock_CL            <hidden>/<hidden>/<hidden>
  -------------------------------------------------------------------    -------------------------------------------------------
    SLICE_X165Y372.Q     FDRE (Prop_DFF2_SLICEL_C_Q)
                                                      0.081     9.176 r  reconfigurable pblock_CL            <hidden>/<hidden>/<hidden>
                         net (fo=312, estimated)      2.346    11.522    reconfigurable                      WRAPPER/CL/u_tile/u_rms/rst_tile_n
    SLR Crossing[1->2]   
    SLICE_X134Y511.A5                                                 r  reconfigurable pblock_CL            WRAPPER/CL/u_tile/u_rms/tier_rdata_q[0]_i_1_lopt_replica/I0
    SLICE_X134Y511.O5    LUT2 (Prop_C5LUT_SLICEL_I0_O)
                                                      0.068    11.590 r  reconfigurable pblock_CL            WRAPPER/CL/u_tile/u_rms/tier_rdata_q[0]_i_1_lopt_replica/O
                         net (fo=1, estimated)        0.848    12.438    reconfigurable                      WRAPPER/CL/u_tile/u_rms/O_replN
    BUFGCE_X0Y195.I                                                   r  reconfigurable pblock_CL            WRAPPER/CL/u_tile/u_rms/rst_tile_n_reg_BUFG_inst/I
    BUFGCE_X0Y195.O      BUFGCE (Prop_BUFCE_BUFGCE_I_O)
                                                      0.028    12.466 r  reconfigurable pblock_CL            WRAPPER/CL/u_tile/u_rms/rst_tile_n_reg_BUFG_inst/O
                         net (fo=57818, estimated)    1.699    14.165    reconfigurable                      WRAPPER/CL/u_tile/g_kvq_gqa.u_kvq/g_eng[1].u_eng/q_r_reg[12]
    SLICE_X87Y600.SR     FDCE                                         f  reconfigurable pblock_CL            WRAPPER/CL/u_tile/g_kvq_gqa.u_kvq/g_eng[1].u_eng/tok_vec_reg[1585]/CLR  (IS_INVERTED)
  -------------------------------------------------------------------    -------------------------------------------------------

                         (clock clk_out1_clk_mmcm_a rise edge)
                                                     64.000    64.000 r                                      
    BJ4                                               0.000    64.000 r  static                              <hidden>
                         net (fo=0)                   0.079    64.079    static                              <hidden>/<hidden>/<hidden>/<hidden>
    HPIOBDIFFINBUF_X0Y130.DIFF_IN_P
                                                                      r  static                              <hidden>/<hidden>/<hidden>/<hidden>
    HPIOBDIFFINBUF_X0Y130.O
                         DIFFINBUF (Prop_DIFFINBUF_HPIOBDIFFINBUF_DIFF_IN_P_O)
                                                      0.750    64.829 r  static                              <hidden>/<hidden>/<hidden>/<hidden>
                         net (fo=1, routed)           0.040    64.869    static                              <hidden>/<hidden>/<hidden>/<hidden>
    BJ4.I                                                             r  static                              <hidden>/<hidden>/<hidden>/<hidden>
    BJ4.O                IBUFCTRL (Prop_IBUFCTRL_HPIOB_M_I_O)
                                                      0.000    64.869 r  static                              <hidden>/<hidden>/<hidden>/<hidden>
                         net (fo=1, routed)           0.309    65.178    static                              <hidden>/<hidden>/<hidden>
    BUFGCE_X0Y122.I                                                   r  static                              <hidden>/<hidden>/<hidden>
    BUFGCE_X0Y122.O      BUFGCE (Prop_BUFCE_BUFGCE_I_O)
                                                      0.024    65.202 r  static                              <hidden>/<hidden>/<hidden>
                         net (fo=3, routed)           1.624    66.826    static                              <hidden>/<hidden>/<hidden>/<hidden>/<hidden>
    SLR Crossing[1->0]   
    MMCM_X0Y2.CLKIN1                                                  r  static                              <hidden>/<hidden>/<hidden>/<hidden>/<hidden>
    MMCM_X0Y2.CLKOUT0    MMCME4_ADV (Prop_MMCM_CLKIN1_CLKOUT0)
                                                      0.630    67.456 r  static                              <hidden>/<hidden>/<hidden>/<hidden>/<hidden>
                         net (fo=2, routed)           0.215    67.671    static                              <hidden>/<hidden>/<hidden>
    BUFGCE_X0Y70.I                                                    r  static                              <hidden>/<hidden>/<hidden>
    BUFGCE_X0Y70.O       BUFGCE (Prop_BUFCE_BUFGCE_I_O)
                                                      0.024    67.695 r  static                              <hidden>/<hidden>/<hidden>
                         net (fo=2363, estimated)     2.391    70.086    boundary                            WRAPPER/CL/AWS_CLK_GEN/CLK_GRP_A_EN_I.CLK_MMCM_A_I/inst/CLK_CORE_DRP_I/clk_inst/s_axi_aclk
    MMCM_X0Y3.CLKIN1                                                  r  reconfigurable pblock_CL            WRAPPER/CL/AWS_CLK_GEN/CLK_GRP_A_EN_I.CLK_MMCM_A_I/inst/CLK_CORE_DRP_I/clk_inst/mmcme4_adv_inst/CLKIN1
    MMCM_X0Y3.CLKOUT0    MMCME4_ADV (Prop_MMCM_CLKIN1_CLKOUT0)
                                                      0.630    70.716 r  reconfigurable pblock_CL            WRAPPER/CL/AWS_CLK_GEN/CLK_GRP_A_EN_I.CLK_MMCM_A_I/inst/CLK_CORE_DRP_I/clk_inst/mmcme4_adv_inst/CLKOUT0
                         net (fo=1, estimated)        0.212    70.928    reconfigurable                      WRAPPER/CL/AWS_CLK_GEN/CLK_GRP_A_EN_I.CLK_MMCM_A_I/inst/CLK_CORE_DRP_I/clk_inst/clk_out1_clk_mmcm_a
    BUFGCE_X0Y73.I                                                    r  reconfigurable pblock_CL            WRAPPER/CL/AWS_CLK_GEN/CLK_GRP_A_EN_I.CLK_MMCM_A_I/inst/CLK_CORE_DRP_I/clk_inst/clkout1_buf/I
    BUFGCE_X0Y73.O       BUFGCE (Prop_BUFCE_BUFGCE_I_O)
                                                      0.024    70.952 r  reconfigurable pblock_CL            WRAPPER/CL/AWS_CLK_GEN/CLK_GRP_A_EN_I.CLK_MMCM_A_I/inst/CLK_CORE_DRP_I/clk_inst/clkout1_buf/O
    X3Y5 (CLOCK_ROOT)    net (fo=189276, estimated)
                                                      2.485    73.437    reconfigurable                      WRAPPER/CL/u_tile/g_kvq_gqa.u_kvq/g_eng[1].u_eng/o_clk_extra_a1
    SLR Crossing[0->2]   
    SLICE_X87Y600.CLK    FDCE                                         r  reconfigurable pblock_CL            WRAPPER/CL/u_tile/g_kvq_gqa.u_kvq/g_eng[1].u_eng/tok_vec_reg[1585]/C
                         clock pessimism             -0.712    72.726                                            
                         inter-SLR compensation      -0.222    72.504                                            
                         clock uncertainty           -0.095    72.409                                            
    SLICE_X87Y600        FDCE (Recov_BFF2_SLICEM_C_CLR)
                                                     -0.066    72.343    reconfigurable   pblock_CL              WRAPPER/CL/u_tile/g_kvq_gqa.u_kvq/g_eng[1].u_eng/tok_vec_reg[1585]
  -------------------------------------------------------------------
                         required time                         72.343                                            
                         arrival time                         -14.165                                            
  -------------------------------------------------------------------
                         slack                                 58.179                                            

Slack (MET) :             58.179ns  (required time - arrival time)
  Source:                 <hidden>/<hidden>/<hidden>
                            (rising edge-triggered cell FDRE clocked by clk_out1_clk_mmcm_a  {rise@0.000ns fall@32.000ns period=64.000ns})
  Destination:            WRAPPER/CL/u_tile/g_kvq_gqa.u_kvq/g_eng[1].u_eng/tok_vec_reg[1601]/CLR
                            (recovery check against rising-edge clock clk_out1_clk_mmcm_a  {rise@0.000ns fall@32.000ns period=64.000ns})
  Path Group:             **async_default**
  Path Type:              Recovery (Max at Slow Process Corner)
  Requirement:            64.000ns  (clk_out1_clk_mmcm_a rise@64.000ns - clk_out1_clk_mmcm_a rise@0.000ns)
  Data Path Delay:        5.070ns  (logic 0.177ns (3.491%)  route 4.893ns (96.509%))
  Logic Levels:           2  (BUFGCE=1 LUT2=1)
  Clock Path Skew:        -0.369ns (DCD - SCD + CPR)
    Destination Clock Delay (DCD):    9.437ns = ( 73.437 - 64.000 ) 
    Source Clock Delay      (SCD):    9.095ns
    Clock Pessimism Removal (CPR):    -0.712ns
  Clock Uncertainty:      0.095ns  ((TSJ^2 + DJ^2)^1/2) / 2 + PE
    Total System Jitter     (TSJ):    0.071ns
    Discrete Jitter          (DJ):    0.176ns
    Phase Error              (PE):    0.000ns
  Inter-SLR Compensation: 0.222ns  ((DCD - CCD) * PF)
    Destination Clock Delay (DCD):    9.437ns
    Common Clock Delay      (CCD):    7.960ns
    Prorating Factor         (PF):    0.150
  Clock Net Delay (Source):      2.956ns (routing 1.061ns, distribution 1.895ns)
  Clock Net Delay (Destination): 2.485ns (routing 0.963ns, distribution 1.522ns)

    Location             Delay type                Incr(ns)  Path(ns)    Partition      PBlock               Netlist Resource(s)
  -------------------------------------------------------------------    -------------------------------------------------------
                         (clock clk_out1_clk_mmcm_a rise edge)
                                                      0.000     0.000 r                                      
    BJ4                                               0.000     0.000 r  static                              <hidden>
                         net (fo=0)                   0.100     0.100    static                              <hidden>/<hidden>/<hidden>/<hidden>
    HPIOBDIFFINBUF_X0Y130.DIFF_IN_P
                                                                      r  static                              <hidden>/<hidden>/<hidden>/<hidden>
    HPIOBDIFFINBUF_X0Y130.O
                         DIFFINBUF (Prop_DIFFINBUF_HPIOBDIFFINBUF_DIFF_IN_P_O)
                                                      0.863     0.963 r  static                              <hidden>/<hidden>/<hidden>/<hidden>
                         net (fo=1, routed)           0.050     1.013    static                              <hidden>/<hidden>/<hidden>/<hidden>
    BJ4.I                                                             r  static                              <hidden>/<hidden>/<hidden>/<hidden>
    BJ4.O                IBUFCTRL (Prop_IBUFCTRL_HPIOB_M_I_O)
                                                      0.000     1.013 r  static                              <hidden>/<hidden>/<hidden>/<hidden>
                         net (fo=1, routed)           0.348     1.361    static                              <hidden>/<hidden>/<hidden>
    BUFGCE_X0Y122.I                                                   r  static                              <hidden>/<hidden>/<hidden>
    BUFGCE_X0Y122.O      BUFGCE (Prop_BUFCE_BUFGCE_I_O)
                                                      0.028     1.389 r  static                              <hidden>/<hidden>/<hidden>
                         net (fo=3, routed)           1.811     3.200    static                              <hidden>/<hidden>/<hidden>/<hidden>/<hidden>
    SLR Crossing[1->0]   
    MMCM_X0Y2.CLKIN1                                                  r  static                              <hidden>/<hidden>/<hidden>/<hidden>/<hidden>
    MMCM_X0Y2.CLKOUT0    MMCME4_ADV (Prop_MMCM_CLKIN1_CLKOUT0)
                                                     -0.127     3.073 r  static                              <hidden>/<hidden>/<hidden>/<hidden>/<hidden>
                         net (fo=2, routed)           0.245     3.318    static                              <hidden>/<hidden>/<hidden>
    BUFGCE_X0Y70.I                                                    r  static                              <hidden>/<hidden>/<hidden>
    BUFGCE_X0Y70.O       BUFGCE (Prop_BUFCE_BUFGCE_I_O)
                                                      0.028     3.346 r  static                              <hidden>/<hidden>/<hidden>
                         net (fo=2363, estimated)     2.651     5.997    boundary                            WRAPPER/CL/AWS_CLK_GEN/CLK_GRP_A_EN_I.CLK_MMCM_A_I/inst/CLK_CORE_DRP_I/clk_inst/s_axi_aclk
    MMCM_X0Y3.CLKIN1                                                  r  reconfigurable pblock_CL            WRAPPER/CL/AWS_CLK_GEN/CLK_GRP_A_EN_I.CLK_MMCM_A_I/inst/CLK_CORE_DRP_I/clk_inst/mmcme4_adv_inst/CLKIN1
    MMCM_X0Y3.CLKOUT0    MMCME4_ADV (Prop_MMCM_CLKIN1_CLKOUT0)
                                                     -0.127     5.870 r  reconfigurable pblock_CL            WRAPPER/CL/AWS_CLK_GEN/CLK_GRP_A_EN_I.CLK_MMCM_A_I/inst/CLK_CORE_DRP_I/clk_inst/mmcme4_adv_inst/CLKOUT0
                         net (fo=1, estimated)        0.241     6.111    reconfigurable                      WRAPPER/CL/AWS_CLK_GEN/CLK_GRP_A_EN_I.CLK_MMCM_A_I/inst/CLK_CORE_DRP_I/clk_inst/clk_out1_clk_mmcm_a
    BUFGCE_X0Y73.I                                                    r  reconfigurable pblock_CL            WRAPPER/CL/AWS_CLK_GEN/CLK_GRP_A_EN_I.CLK_MMCM_A_I/inst/CLK_CORE_DRP_I/clk_inst/clkout1_buf/I
    BUFGCE_X0Y73.O       BUFGCE (Prop_BUFCE_BUFGCE_I_O)
                                                      0.028     6.139 r  reconfigurable pblock_CL            WRAPPER/CL/AWS_CLK_GEN/CLK_GRP_A_EN_I.CLK_MMCM_A_I/inst/CLK_CORE_DRP_I/clk_inst/clkout1_buf/O
    X3Y5 (CLOCK_ROOT)    net (fo=189276, estimated)
                                                      2.956     9.095    reconfigurable                      <hidden>/<hidden>/<hidden>
    SLR Crossing[0->1]   
    SLICE_X165Y372.CLK   FDRE                                         r  reconfigurable pblock_CL            <hidden>/<hidden>/<hidden>
  -------------------------------------------------------------------    -------------------------------------------------------
    SLICE_X165Y372.Q     FDRE (Prop_DFF2_SLICEL_C_Q)
                                                      0.081     9.176 r  reconfigurable pblock_CL            <hidden>/<hidden>/<hidden>
                         net (fo=312, estimated)      2.346    11.522    reconfigurable                      WRAPPER/CL/u_tile/u_rms/rst_tile_n
    SLR Crossing[1->2]   
    SLICE_X134Y511.A5                                                 r  reconfigurable pblock_CL            WRAPPER/CL/u_tile/u_rms/tier_rdata_q[0]_i_1_lopt_replica/I0
    SLICE_X134Y511.O5    LUT2 (Prop_C5LUT_SLICEL_I0_O)
                                                      0.068    11.590 r  reconfigurable pblock_CL            WRAPPER/CL/u_tile/u_rms/tier_rdata_q[0]_i_1_lopt_replica/O
                         net (fo=1, estimated)        0.848    12.438    reconfigurable                      WRAPPER/CL/u_tile/u_rms/O_replN
    BUFGCE_X0Y195.I                                                   r  reconfigurable pblock_CL            WRAPPER/CL/u_tile/u_rms/rst_tile_n_reg_BUFG_inst/I
    BUFGCE_X0Y195.O      BUFGCE (Prop_BUFCE_BUFGCE_I_O)
                                                      0.028    12.466 r  reconfigurable pblock_CL            WRAPPER/CL/u_tile/u_rms/rst_tile_n_reg_BUFG_inst/O
                         net (fo=57818, estimated)    1.699    14.165    reconfigurable                      WRAPPER/CL/u_tile/g_kvq_gqa.u_kvq/g_eng[1].u_eng/q_r_reg[12]
    SLICE_X87Y600.SR     FDCE                                         f  reconfigurable pblock_CL            WRAPPER/CL/u_tile/g_kvq_gqa.u_kvq/g_eng[1].u_eng/tok_vec_reg[1601]/CLR  (IS_INVERTED)
  -------------------------------------------------------------------    -------------------------------------------------------

                         (clock clk_out1_clk_mmcm_a rise edge)
                                                     64.000    64.000 r                                      
    BJ4                                               0.000    64.000 r  static                              <hidden>
                         net (fo=0)                   0.079    64.079    static                              <hidden>/<hidden>/<hidden>/<hidden>
    HPIOBDIFFINBUF_X0Y130.DIFF_IN_P
                                                                      r  static                              <hidden>/<hidden>/<hidden>/<hidden>
    HPIOBDIFFINBUF_X0Y130.O
                         DIFFINBUF (Prop_DIFFINBUF_HPIOBDIFFINBUF_DIFF_IN_P_O)
                                                      0.750    64.829 r  static                              <hidden>/<hidden>/<hidden>/<hidden>
                         net (fo=1, routed)           0.040    64.869    static                              <hidden>/<hidden>/<hidden>/<hidden>
    BJ4.I                                                             r  static                              <hidden>/<hidden>/<hidden>/<hidden>
    BJ4.O                IBUFCTRL (Prop_IBUFCTRL_HPIOB_M_I_O)
                                                      0.000    64.869 r  static                              <hidden>/<hidden>/<hidden>/<hidden>
                         net (fo=1, routed)           0.309    65.178    static                              <hidden>/<hidden>/<hidden>
    BUFGCE_X0Y122.I                                                   r  static                              <hidden>/<hidden>/<hidden>
    BUFGCE_X0Y122.O      BUFGCE (Prop_BUFCE_BUFGCE_I_O)
                                                      0.024    65.202 r  static                              <hidden>/<hidden>/<hidden>
                         net (fo=3, routed)           1.624    66.826    static                              <hidden>/<hidden>/<hidden>/<hidden>/<hidden>
    SLR Crossing[1->0]   
    MMCM_X0Y2.CLKIN1                                                  r  static                              <hidden>/<hidden>/<hidden>/<hidden>/<hidden>
    MMCM_X0Y2.CLKOUT0    MMCME4_ADV (Prop_MMCM_CLKIN1_CLKOUT0)
                                                      0.630    67.456 r  static                              <hidden>/<hidden>/<hidden>/<hidden>/<hidden>
                         net (fo=2, routed)           0.215    67.671    static                              <hidden>/<hidden>/<hidden>
    BUFGCE_X0Y70.I                                                    r  static                              <hidden>/<hidden>/<hidden>
    BUFGCE_X0Y70.O       BUFGCE (Prop_BUFCE_BUFGCE_I_O)
                                                      0.024    67.695 r  static                              <hidden>/<hidden>/<hidden>
                         net (fo=2363, estimated)     2.391    70.086    boundary                            WRAPPER/CL/AWS_CLK_GEN/CLK_GRP_A_EN_I.CLK_MMCM_A_I/inst/CLK_CORE_DRP_I/clk_inst/s_axi_aclk
    MMCM_X0Y3.CLKIN1                                                  r  reconfigurable pblock_CL            WRAPPER/CL/AWS_CLK_GEN/CLK_GRP_A_EN_I.CLK_MMCM_A_I/inst/CLK_CORE_DRP_I/clk_inst/mmcme4_adv_inst/CLKIN1
    MMCM_X0Y3.CLKOUT0    MMCME4_ADV (Prop_MMCM_CLKIN1_CLKOUT0)
                                                      0.630    70.716 r  reconfigurable pblock_CL            WRAPPER/CL/AWS_CLK_GEN/CLK_GRP_A_EN_I.CLK_MMCM_A_I/inst/CLK_CORE_DRP_I/clk_inst/mmcme4_adv_inst/CLKOUT0
                         net (fo=1, estimated)        0.212    70.928    reconfigurable                      WRAPPER/CL/AWS_CLK_GEN/CLK_GRP_A_EN_I.CLK_MMCM_A_I/inst/CLK_CORE_DRP_I/clk_inst/clk_out1_clk_mmcm_a
    BUFGCE_X0Y73.I                                                    r  reconfigurable pblock_CL            WRAPPER/CL/AWS_CLK_GEN/CLK_GRP_A_EN_I.CLK_MMCM_A_I/inst/CLK_CORE_DRP_I/clk_inst/clkout1_buf/I
    BUFGCE_X0Y73.O       BUFGCE (Prop_BUFCE_BUFGCE_I_O)
                                                      0.024    70.952 r  reconfigurable pblock_CL            WRAPPER/CL/AWS_CLK_GEN/CLK_GRP_A_EN_I.CLK_MMCM_A_I/inst/CLK_CORE_DRP_I/clk_inst/clkout1_buf/O
    X3Y5 (CLOCK_ROOT)    net (fo=189276, estimated)
                                                      2.485    73.437    reconfigurable                      WRAPPER/CL/u_tile/g_kvq_gqa.u_kvq/g_eng[1].u_eng/o_clk_extra_a1
    SLR Crossing[0->2]   
    SLICE_X87Y600.CLK    FDCE                                         r  reconfigurable pblock_CL            WRAPPER/CL/u_tile/g_kvq_gqa.u_kvq/g_eng[1].u_eng/tok_vec_reg[1601]/C
                         clock pessimism             -0.712    72.726                                            
                         inter-SLR compensation      -0.222    72.504                                            
                         clock uncertainty           -0.095    72.409                                            
    SLICE_X87Y600        FDCE (Recov_CFF_SLICEM_C_CLR)
                                                     -0.066    72.343    reconfigurable   pblock_CL              WRAPPER/CL/u_tile/g_kvq_gqa.u_kvq/g_eng[1].u_eng/tok_vec_reg[1601]
  -------------------------------------------------------------------
                         required time                         72.343                                            
                         arrival time                         -14.165                                            
  -------------------------------------------------------------------
                         slack                                 58.179                                            

Slack (MET) :             58.179ns  (required time - arrival time)
  Source:                 <hidden>/<hidden>/<hidden>
                            (rising edge-triggered cell FDRE clocked by clk_out1_clk_mmcm_a  {rise@0.000ns fall@32.000ns period=64.000ns})
  Destination:            WRAPPER/CL/u_tile/g_kvq_gqa.u_kvq/g_eng[1].u_eng/tok_vec_reg[1617]/CLR
                            (recovery check against rising-edge clock clk_out1_clk_mmcm_a  {rise@0.000ns fall@32.000ns period=64.000ns})
  Path Group:             **async_default**
  Path Type:              Recovery (Max at Slow Process Corner)
  Requirement:            64.000ns  (clk_out1_clk_mmcm_a rise@64.000ns - clk_out1_clk_mmcm_a rise@0.000ns)
  Data Path Delay:        5.070ns  (logic 0.177ns (3.491%)  route 4.893ns (96.509%))
  Logic Levels:           2  (BUFGCE=1 LUT2=1)
  Clock Path Skew:        -0.369ns (DCD - SCD + CPR)
    Destination Clock Delay (DCD):    9.437ns = ( 73.437 - 64.000 ) 
    Source Clock Delay      (SCD):    9.095ns
    Clock Pessimism Removal (CPR):    -0.712ns
  Clock Uncertainty:      0.095ns  ((TSJ^2 + DJ^2)^1/2) / 2 + PE
    Total System Jitter     (TSJ):    0.071ns
    Discrete Jitter          (DJ):    0.176ns
    Phase Error              (PE):    0.000ns
  Inter-SLR Compensation: 0.222ns  ((DCD - CCD) * PF)
    Destination Clock Delay (DCD):    9.437ns
    Common Clock Delay      (CCD):    7.960ns
    Prorating Factor         (PF):    0.150
  Clock Net Delay (Source):      2.956ns (routing 1.061ns, distribution 1.895ns)
  Clock Net Delay (Destination): 2.485ns (routing 0.963ns, distribution 1.522ns)

    Location             Delay type                Incr(ns)  Path(ns)    Partition      PBlock               Netlist Resource(s)
  -------------------------------------------------------------------    -------------------------------------------------------
                         (clock clk_out1_clk_mmcm_a rise edge)
                                                      0.000     0.000 r                                      
    BJ4                                               0.000     0.000 r  static                              <hidden>
                         net (fo=0)                   0.100     0.100    static                              <hidden>/<hidden>/<hidden>/<hidden>
    HPIOBDIFFINBUF_X0Y130.DIFF_IN_P
                                                                      r  static                              <hidden>/<hidden>/<hidden>/<hidden>
    HPIOBDIFFINBUF_X0Y130.O
                         DIFFINBUF (Prop_DIFFINBUF_HPIOBDIFFINBUF_DIFF_IN_P_O)
                                                      0.863     0.963 r  static                              <hidden>/<hidden>/<hidden>/<hidden>
                         net (fo=1, routed)           0.050     1.013    static                              <hidden>/<hidden>/<hidden>/<hidden>
    BJ4.I                                                             r  static                              <hidden>/<hidden>/<hidden>/<hidden>
    BJ4.O                IBUFCTRL (Prop_IBUFCTRL_HPIOB_M_I_O)
                                                      0.000     1.013 r  static                              <hidden>/<hidden>/<hidden>/<hidden>
                         net (fo=1, routed)           0.348     1.361    static                              <hidden>/<hidden>/<hidden>
    BUFGCE_X0Y122.I                                                   r  static                              <hidden>/<hidden>/<hidden>
    BUFGCE_X0Y122.O      BUFGCE (Prop_BUFCE_BUFGCE_I_O)
                                                      0.028     1.389 r  static                              <hidden>/<hidden>/<hidden>
                         net (fo=3, routed)           1.811     3.200    static                              <hidden>/<hidden>/<hidden>/<hidden>/<hidden>
    SLR Crossing[1->0]   
    MMCM_X0Y2.CLKIN1                                                  r  static                              <hidden>/<hidden>/<hidden>/<hidden>/<hidden>
    MMCM_X0Y2.CLKOUT0    MMCME4_ADV (Prop_MMCM_CLKIN1_CLKOUT0)
                                                     -0.127     3.073 r  static                              <hidden>/<hidden>/<hidden>/<hidden>/<hidden>
                         net (fo=2, routed)           0.245     3.318    static                              <hidden>/<hidden>/<hidden>
    BUFGCE_X0Y70.I                                                    r  static                              <hidden>/<hidden>/<hidden>
    BUFGCE_X0Y70.O       BUFGCE (Prop_BUFCE_BUFGCE_I_O)
                                                      0.028     3.346 r  static                              <hidden>/<hidden>/<hidden>
                         net (fo=2363, estimated)     2.651     5.997    boundary                            WRAPPER/CL/AWS_CLK_GEN/CLK_GRP_A_EN_I.CLK_MMCM_A_I/inst/CLK_CORE_DRP_I/clk_inst/s_axi_aclk
    MMCM_X0Y3.CLKIN1                                                  r  reconfigurable pblock_CL            WRAPPER/CL/AWS_CLK_GEN/CLK_GRP_A_EN_I.CLK_MMCM_A_I/inst/CLK_CORE_DRP_I/clk_inst/mmcme4_adv_inst/CLKIN1
    MMCM_X0Y3.CLKOUT0    MMCME4_ADV (Prop_MMCM_CLKIN1_CLKOUT0)
                                                     -0.127     5.870 r  reconfigurable pblock_CL            WRAPPER/CL/AWS_CLK_GEN/CLK_GRP_A_EN_I.CLK_MMCM_A_I/inst/CLK_CORE_DRP_I/clk_inst/mmcme4_adv_inst/CLKOUT0
                         net (fo=1, estimated)        0.241     6.111    reconfigurable                      WRAPPER/CL/AWS_CLK_GEN/CLK_GRP_A_EN_I.CLK_MMCM_A_I/inst/CLK_CORE_DRP_I/clk_inst/clk_out1_clk_mmcm_a
    BUFGCE_X0Y73.I                                                    r  reconfigurable pblock_CL            WRAPPER/CL/AWS_CLK_GEN/CLK_GRP_A_EN_I.CLK_MMCM_A_I/inst/CLK_CORE_DRP_I/clk_inst/clkout1_buf/I
    BUFGCE_X0Y73.O       BUFGCE (Prop_BUFCE_BUFGCE_I_O)
                                                      0.028     6.139 r  reconfigurable pblock_CL            WRAPPER/CL/AWS_CLK_GEN/CLK_GRP_A_EN_I.CLK_MMCM_A_I/inst/CLK_CORE_DRP_I/clk_inst/clkout1_buf/O
    X3Y5 (CLOCK_ROOT)    net (fo=189276, estimated)
                                                      2.956     9.095    reconfigurable                      <hidden>/<hidden>/<hidden>
    SLR Crossing[0->1]   
    SLICE_X165Y372.CLK   FDRE                                         r  reconfigurable pblock_CL            <hidden>/<hidden>/<hidden>
  -------------------------------------------------------------------    -------------------------------------------------------
    SLICE_X165Y372.Q     FDRE (Prop_DFF2_SLICEL_C_Q)
                                                      0.081     9.176 r  reconfigurable pblock_CL            <hidden>/<hidden>/<hidden>
                         net (fo=312, estimated)      2.346    11.522    reconfigurable                      WRAPPER/CL/u_tile/u_rms/rst_tile_n
    SLR Crossing[1->2]   
    SLICE_X134Y511.A5                                                 r  reconfigurable pblock_CL            WRAPPER/CL/u_tile/u_rms/tier_rdata_q[0]_i_1_lopt_replica/I0
    SLICE_X134Y511.O5    LUT2 (Prop_C5LUT_SLICEL_I0_O)
                                                      0.068    11.590 r  reconfigurable pblock_CL            WRAPPER/CL/u_tile/u_rms/tier_rdata_q[0]_i_1_lopt_replica/O
                         net (fo=1, estimated)        0.848    12.438    reconfigurable                      WRAPPER/CL/u_tile/u_rms/O_replN
    BUFGCE_X0Y195.I                                                   r  reconfigurable pblock_CL            WRAPPER/CL/u_tile/u_rms/rst_tile_n_reg_BUFG_inst/I
    BUFGCE_X0Y195.O      BUFGCE (Prop_BUFCE_BUFGCE_I_O)
                                                      0.028    12.466 r  reconfigurable pblock_CL            WRAPPER/CL/u_tile/u_rms/rst_tile_n_reg_BUFG_inst/O
                         net (fo=57818, estimated)    1.699    14.165    reconfigurable                      WRAPPER/CL/u_tile/g_kvq_gqa.u_kvq/g_eng[1].u_eng/q_r_reg[12]
    SLICE_X87Y600.SR     FDCE                                         f  reconfigurable pblock_CL            WRAPPER/CL/u_tile/g_kvq_gqa.u_kvq/g_eng[1].u_eng/tok_vec_reg[1617]/CLR  (IS_INVERTED)
  -------------------------------------------------------------------    -------------------------------------------------------

                         (clock clk_out1_clk_mmcm_a rise edge)
                                                     64.000    64.000 r                                      
    BJ4                                               0.000    64.000 r  static                              <hidden>
                         net (fo=0)                   0.079    64.079    static                              <hidden>/<hidden>/<hidden>/<hidden>
    HPIOBDIFFINBUF_X0Y130.DIFF_IN_P
                                                                      r  static                              <hidden>/<hidden>/<hidden>/<hidden>
    HPIOBDIFFINBUF_X0Y130.O
                         DIFFINBUF (Prop_DIFFINBUF_HPIOBDIFFINBUF_DIFF_IN_P_O)
                                                      0.750    64.829 r  static                              <hidden>/<hidden>/<hidden>/<hidden>
                         net (fo=1, routed)           0.040    64.869    static                              <hidden>/<hidden>/<hidden>/<hidden>
    BJ4.I                                                             r  static                              <hidden>/<hidden>/<hidden>/<hidden>
    BJ4.O                IBUFCTRL (Prop_IBUFCTRL_HPIOB_M_I_O)
                                                      0.000    64.869 r  static                              <hidden>/<hidden>/<hidden>/<hidden>
                         net (fo=1, routed)           0.309    65.178    static                              <hidden>/<hidden>/<hidden>
    BUFGCE_X0Y122.I                                                   r  static                              <hidden>/<hidden>/<hidden>
    BUFGCE_X0Y122.O      BUFGCE (Prop_BUFCE_BUFGCE_I_O)
                                                      0.024    65.202 r  static                              <hidden>/<hidden>/<hidden>
                         net (fo=3, routed)           1.624    66.826    static                              <hidden>/<hidden>/<hidden>/<hidden>/<hidden>
    SLR Crossing[1->0]   
    MMCM_X0Y2.CLKIN1                                                  r  static                              <hidden>/<hidden>/<hidden>/<hidden>/<hidden>
    MMCM_X0Y2.CLKOUT0    MMCME4_ADV (Prop_MMCM_CLKIN1_CLKOUT0)
                                                      0.630    67.456 r  static                              <hidden>/<hidden>/<hidden>/<hidden>/<hidden>
                         net (fo=2, routed)           0.215    67.671    static                              <hidden>/<hidden>/<hidden>
    BUFGCE_X0Y70.I                                                    r  static                              <hidden>/<hidden>/<hidden>
    BUFGCE_X0Y70.O       BUFGCE (Prop_BUFCE_BUFGCE_I_O)
                                                      0.024    67.695 r  static                              <hidden>/<hidden>/<hidden>
                         net (fo=2363, estimated)     2.391    70.086    boundary                            WRAPPER/CL/AWS_CLK_GEN/CLK_GRP_A_EN_I.CLK_MMCM_A_I/inst/CLK_CORE_DRP_I/clk_inst/s_axi_aclk
    MMCM_X0Y3.CLKIN1                                                  r  reconfigurable pblock_CL            WRAPPER/CL/AWS_CLK_GEN/CLK_GRP_A_EN_I.CLK_MMCM_A_I/inst/CLK_CORE_DRP_I/clk_inst/mmcme4_adv_inst/CLKIN1
    MMCM_X0Y3.CLKOUT0    MMCME4_ADV (Prop_MMCM_CLKIN1_CLKOUT0)
                                                      0.630    70.716 r  reconfigurable pblock_CL            WRAPPER/CL/AWS_CLK_GEN/CLK_GRP_A_EN_I.CLK_MMCM_A_I/inst/CLK_CORE_DRP_I/clk_inst/mmcme4_adv_inst/CLKOUT0
                         net (fo=1, estimated)        0.212    70.928    reconfigurable                      WRAPPER/CL/AWS_CLK_GEN/CLK_GRP_A_EN_I.CLK_MMCM_A_I/inst/CLK_CORE_DRP_I/clk_inst/clk_out1_clk_mmcm_a
    BUFGCE_X0Y73.I                                                    r  reconfigurable pblock_CL            WRAPPER/CL/AWS_CLK_GEN/CLK_GRP_A_EN_I.CLK_MMCM_A_I/inst/CLK_CORE_DRP_I/clk_inst/clkout1_buf/I
    BUFGCE_X0Y73.O       BUFGCE (Prop_BUFCE_BUFGCE_I_O)
                                                      0.024    70.952 r  reconfigurable pblock_CL            WRAPPER/CL/AWS_CLK_GEN/CLK_GRP_A_EN_I.CLK_MMCM_A_I/inst/CLK_CORE_DRP_I/clk_inst/clkout1_buf/O
    X3Y5 (CLOCK_ROOT)    net (fo=189276, estimated)
                                                      2.485    73.437    reconfigurable                      WRAPPER/CL/u_tile/g_kvq_gqa.u_kvq/g_eng[1].u_eng/o_clk_extra_a1
    SLR Crossing[0->2]   
    SLICE_X87Y600.CLK    FDCE                                         r  reconfigurable pblock_CL            WRAPPER/CL/u_tile/g_kvq_gqa.u_kvq/g_eng[1].u_eng/tok_vec_reg[1617]/C
                         clock pessimism             -0.712    72.726                                            
                         inter-SLR compensation      -0.222    72.504                                            
                         clock uncertainty           -0.095    72.409                                            
    SLICE_X87Y600        FDCE (Recov_CFF2_SLICEM_C_CLR)
                                                     -0.066    72.343    reconfigurable   pblock_CL              WRAPPER/CL/u_tile/g_kvq_gqa.u_kvq/g_eng[1].u_eng/tok_vec_reg[1617]
  -------------------------------------------------------------------
                         required time                         72.343                                            
                         arrival time                         -14.165                                            
  -------------------------------------------------------------------
                         slack                                 58.179                                            

Slack (MET) :             58.179ns  (required time - arrival time)
  Source:                 <hidden>/<hidden>/<hidden>
                            (rising edge-triggered cell FDRE clocked by clk_out1_clk_mmcm_a  {rise@0.000ns fall@32.000ns period=64.000ns})
  Destination:            WRAPPER/CL/u_tile/g_kvq_gqa.u_kvq/g_eng[1].u_eng/tok_vec_reg[1633]/CLR
                            (recovery check against rising-edge clock clk_out1_clk_mmcm_a  {rise@0.000ns fall@32.000ns period=64.000ns})
  Path Group:             **async_default**
  Path Type:              Recovery (Max at Slow Process Corner)
  Requirement:            64.000ns  (clk_out1_clk_mmcm_a rise@64.000ns - clk_out1_clk_mmcm_a rise@0.000ns)
  Data Path Delay:        5.070ns  (logic 0.177ns (3.491%)  route 4.893ns (96.509%))
  Logic Levels:           2  (BUFGCE=1 LUT2=1)
  Clock Path Skew:        -0.369ns (DCD - SCD + CPR)
    Destination Clock Delay (DCD):    9.437ns = ( 73.437 - 64.000 ) 
    Source Clock Delay      (SCD):    9.095ns
    Clock Pessimism Removal (CPR):    -0.712ns
  Clock Uncertainty:      0.095ns  ((TSJ^2 + DJ^2)^1/2) / 2 + PE
    Total System Jitter     (TSJ):    0.071ns
    Discrete Jitter          (DJ):    0.176ns
    Phase Error              (PE):    0.000ns
  Inter-SLR Compensation: 0.222ns  ((DCD - CCD) * PF)
    Destination Clock Delay (DCD):    9.437ns
    Common Clock Delay      (CCD):    7.960ns
    Prorating Factor         (PF):    0.150
  Clock Net Delay (Source):      2.956ns (routing 1.061ns, distribution 1.895ns)
  Clock Net Delay (Destination): 2.485ns (routing 0.963ns, distribution 1.522ns)

    Location             Delay type                Incr(ns)  Path(ns)    Partition      PBlock               Netlist Resource(s)
  -------------------------------------------------------------------    -------------------------------------------------------
                         (clock clk_out1_clk_mmcm_a rise edge)
                                                      0.000     0.000 r                                      
    BJ4                                               0.000     0.000 r  static                              <hidden>
                         net (fo=0)                   0.100     0.100    static                              <hidden>/<hidden>/<hidden>/<hidden>
    HPIOBDIFFINBUF_X0Y130.DIFF_IN_P
                                                                      r  static                              <hidden>/<hidden>/<hidden>/<hidden>
    HPIOBDIFFINBUF_X0Y130.O
                         DIFFINBUF (Prop_DIFFINBUF_HPIOBDIFFINBUF_DIFF_IN_P_O)
                                                      0.863     0.963 r  static                              <hidden>/<hidden>/<hidden>/<hidden>
                         net (fo=1, routed)           0.050     1.013    static                              <hidden>/<hidden>/<hidden>/<hidden>
    BJ4.I                                                             r  static                              <hidden>/<hidden>/<hidden>/<hidden>
    BJ4.O                IBUFCTRL (Prop_IBUFCTRL_HPIOB_M_I_O)
                                                      0.000     1.013 r  static                              <hidden>/<hidden>/<hidden>/<hidden>
                         net (fo=1, routed)           0.348     1.361    static                              <hidden>/<hidden>/<hidden>
    BUFGCE_X0Y122.I                                                   r  static                              <hidden>/<hidden>/<hidden>
    BUFGCE_X0Y122.O      BUFGCE (Prop_BUFCE_BUFGCE_I_O)
                                                      0.028     1.389 r  static                              <hidden>/<hidden>/<hidden>
                         net (fo=3, routed)           1.811     3.200    static                              <hidden>/<hidden>/<hidden>/<hidden>/<hidden>
    SLR Crossing[1->0]   
    MMCM_X0Y2.CLKIN1                                                  r  static                              <hidden>/<hidden>/<hidden>/<hidden>/<hidden>
    MMCM_X0Y2.CLKOUT0    MMCME4_ADV (Prop_MMCM_CLKIN1_CLKOUT0)
                                                     -0.127     3.073 r  static                              <hidden>/<hidden>/<hidden>/<hidden>/<hidden>
                         net (fo=2, routed)           0.245     3.318    static                              <hidden>/<hidden>/<hidden>
    BUFGCE_X0Y70.I                                                    r  static                              <hidden>/<hidden>/<hidden>
    BUFGCE_X0Y70.O       BUFGCE (Prop_BUFCE_BUFGCE_I_O)
                                                      0.028     3.346 r  static                              <hidden>/<hidden>/<hidden>
                         net (fo=2363, estimated)     2.651     5.997    boundary                            WRAPPER/CL/AWS_CLK_GEN/CLK_GRP_A_EN_I.CLK_MMCM_A_I/inst/CLK_CORE_DRP_I/clk_inst/s_axi_aclk
    MMCM_X0Y3.CLKIN1                                                  r  reconfigurable pblock_CL            WRAPPER/CL/AWS_CLK_GEN/CLK_GRP_A_EN_I.CLK_MMCM_A_I/inst/CLK_CORE_DRP_I/clk_inst/mmcme4_adv_inst/CLKIN1
    MMCM_X0Y3.CLKOUT0    MMCME4_ADV (Prop_MMCM_CLKIN1_CLKOUT0)
                                                     -0.127     5.870 r  reconfigurable pblock_CL            WRAPPER/CL/AWS_CLK_GEN/CLK_GRP_A_EN_I.CLK_MMCM_A_I/inst/CLK_CORE_DRP_I/clk_inst/mmcme4_adv_inst/CLKOUT0
                         net (fo=1, estimated)        0.241     6.111    reconfigurable                      WRAPPER/CL/AWS_CLK_GEN/CLK_GRP_A_EN_I.CLK_MMCM_A_I/inst/CLK_CORE_DRP_I/clk_inst/clk_out1_clk_mmcm_a
    BUFGCE_X0Y73.I                                                    r  reconfigurable pblock_CL            WRAPPER/CL/AWS_CLK_GEN/CLK_GRP_A_EN_I.CLK_MMCM_A_I/inst/CLK_CORE_DRP_I/clk_inst/clkout1_buf/I
    BUFGCE_X0Y73.O       BUFGCE (Prop_BUFCE_BUFGCE_I_O)
                                                      0.028     6.139 r  reconfigurable pblock_CL            WRAPPER/CL/AWS_CLK_GEN/CLK_GRP_A_EN_I.CLK_MMCM_A_I/inst/CLK_CORE_DRP_I/clk_inst/clkout1_buf/O
    X3Y5 (CLOCK_ROOT)    net (fo=189276, estimated)
                                                      2.956     9.095    reconfigurable                      <hidden>/<hidden>/<hidden>
    SLR Crossing[0->1]   
    SLICE_X165Y372.CLK   FDRE                                         r  reconfigurable pblock_CL            <hidden>/<hidden>/<hidden>
  -------------------------------------------------------------------    -------------------------------------------------------
    SLICE_X165Y372.Q     FDRE (Prop_DFF2_SLICEL_C_Q)
                                                      0.081     9.176 r  reconfigurable pblock_CL            <hidden>/<hidden>/<hidden>
                         net (fo=312, estimated)      2.346    11.522    reconfigurable                      WRAPPER/CL/u_tile/u_rms/rst_tile_n
    SLR Crossing[1->2]   
    SLICE_X134Y511.A5                                                 r  reconfigurable pblock_CL            WRAPPER/CL/u_tile/u_rms/tier_rdata_q[0]_i_1_lopt_replica/I0
    SLICE_X134Y511.O5    LUT2 (Prop_C5LUT_SLICEL_I0_O)
                                                      0.068    11.590 r  reconfigurable pblock_CL            WRAPPER/CL/u_tile/u_rms/tier_rdata_q[0]_i_1_lopt_replica/O
                         net (fo=1, estimated)        0.848    12.438    reconfigurable                      WRAPPER/CL/u_tile/u_rms/O_replN
    BUFGCE_X0Y195.I                                                   r  reconfigurable pblock_CL            WRAPPER/CL/u_tile/u_rms/rst_tile_n_reg_BUFG_inst/I
    BUFGCE_X0Y195.O      BUFGCE (Prop_BUFCE_BUFGCE_I_O)
                                                      0.028    12.466 r  reconfigurable pblock_CL            WRAPPER/CL/u_tile/u_rms/rst_tile_n_reg_BUFG_inst/O
                         net (fo=57818, estimated)    1.699    14.165    reconfigurable                      WRAPPER/CL/u_tile/g_kvq_gqa.u_kvq/g_eng[1].u_eng/q_r_reg[12]
    SLICE_X87Y600.SR     FDCE                                         f  reconfigurable pblock_CL            WRAPPER/CL/u_tile/g_kvq_gqa.u_kvq/g_eng[1].u_eng/tok_vec_reg[1633]/CLR  (IS_INVERTED)
  -------------------------------------------------------------------    -------------------------------------------------------

                         (clock clk_out1_clk_mmcm_a rise edge)
                                                     64.000    64.000 r                                      
    BJ4                                               0.000    64.000 r  static                              <hidden>
                         net (fo=0)                   0.079    64.079    static                              <hidden>/<hidden>/<hidden>/<hidden>
    HPIOBDIFFINBUF_X0Y130.DIFF_IN_P
                                                                      r  static                              <hidden>/<hidden>/<hidden>/<hidden>
    HPIOBDIFFINBUF_X0Y130.O
                         DIFFINBUF (Prop_DIFFINBUF_HPIOBDIFFINBUF_DIFF_IN_P_O)
                                                      0.750    64.829 r  static                              <hidden>/<hidden>/<hidden>/<hidden>
                         net (fo=1, routed)           0.040    64.869    static                              <hidden>/<hidden>/<hidden>/<hidden>
    BJ4.I                                                             r  static                              <hidden>/<hidden>/<hidden>/<hidden>
    BJ4.O                IBUFCTRL (Prop_IBUFCTRL_HPIOB_M_I_O)
                                                      0.000    64.869 r  static                              <hidden>/<hidden>/<hidden>/<hidden>
                         net (fo=1, routed)           0.309    65.178    static                              <hidden>/<hidden>/<hidden>
    BUFGCE_X0Y122.I                                                   r  static                              <hidden>/<hidden>/<hidden>
    BUFGCE_X0Y122.O      BUFGCE (Prop_BUFCE_BUFGCE_I_O)
                                                      0.024    65.202 r  static                              <hidden>/<hidden>/<hidden>
                         net (fo=3, routed)           1.624    66.826    static                              <hidden>/<hidden>/<hidden>/<hidden>/<hidden>
    SLR Crossing[1->0]   
    MMCM_X0Y2.CLKIN1                                                  r  static                              <hidden>/<hidden>/<hidden>/<hidden>/<hidden>
    MMCM_X0Y2.CLKOUT0    MMCME4_ADV (Prop_MMCM_CLKIN1_CLKOUT0)
                                                      0.630    67.456 r  static                              <hidden>/<hidden>/<hidden>/<hidden>/<hidden>
                         net (fo=2, routed)           0.215    67.671    static                              <hidden>/<hidden>/<hidden>
    BUFGCE_X0Y70.I                                                    r  static                              <hidden>/<hidden>/<hidden>
    BUFGCE_X0Y70.O       BUFGCE (Prop_BUFCE_BUFGCE_I_O)
                                                      0.024    67.695 r  static                              <hidden>/<hidden>/<hidden>
                         net (fo=2363, estimated)     2.391    70.086    boundary                            WRAPPER/CL/AWS_CLK_GEN/CLK_GRP_A_EN_I.CLK_MMCM_A_I/inst/CLK_CORE_DRP_I/clk_inst/s_axi_aclk
    MMCM_X0Y3.CLKIN1                                                  r  reconfigurable pblock_CL            WRAPPER/CL/AWS_CLK_GEN/CLK_GRP_A_EN_I.CLK_MMCM_A_I/inst/CLK_CORE_DRP_I/clk_inst/mmcme4_adv_inst/CLKIN1
    MMCM_X0Y3.CLKOUT0    MMCME4_ADV (Prop_MMCM_CLKIN1_CLKOUT0)
                                                      0.630    70.716 r  reconfigurable pblock_CL            WRAPPER/CL/AWS_CLK_GEN/CLK_GRP_A_EN_I.CLK_MMCM_A_I/inst/CLK_CORE_DRP_I/clk_inst/mmcme4_adv_inst/CLKOUT0
                         net (fo=1, estimated)        0.212    70.928    reconfigurable                      WRAPPER/CL/AWS_CLK_GEN/CLK_GRP_A_EN_I.CLK_MMCM_A_I/inst/CLK_CORE_DRP_I/clk_inst/clk_out1_clk_mmcm_a
    BUFGCE_X0Y73.I                                                    r  reconfigurable pblock_CL            WRAPPER/CL/AWS_CLK_GEN/CLK_GRP_A_EN_I.CLK_MMCM_A_I/inst/CLK_CORE_DRP_I/clk_inst/clkout1_buf/I
    BUFGCE_X0Y73.O       BUFGCE (Prop_BUFCE_BUFGCE_I_O)
                                                      0.024    70.952 r  reconfigurable pblock_CL            WRAPPER/CL/AWS_CLK_GEN/CLK_GRP_A_EN_I.CLK_MMCM_A_I/inst/CLK_CORE_DRP_I/clk_inst/clkout1_buf/O
    X3Y5 (CLOCK_ROOT)    net (fo=189276, estimated)
                                                      2.485    73.437    reconfigurable                      WRAPPER/CL/u_tile/g_kvq_gqa.u_kvq/g_eng[1].u_eng/o_clk_extra_a1
    SLR Crossing[0->2]   
    SLICE_X87Y600.CLK    FDCE                                         r  reconfigurable pblock_CL            WRAPPER/CL/u_tile/g_kvq_gqa.u_kvq/g_eng[1].u_eng/tok_vec_reg[1633]/C
                         clock pessimism             -0.712    72.726                                            
                         inter-SLR compensation      -0.222    72.504                                            
                         clock uncertainty           -0.095    72.409                                            
    SLICE_X87Y600        FDCE (Recov_DFF_SLICEM_C_CLR)
                                                     -0.066    72.343    reconfigurable   pblock_CL              WRAPPER/CL/u_tile/g_kvq_gqa.u_kvq/g_eng[1].u_eng/tok_vec_reg[1633]
  -------------------------------------------------------------------
                         required time                         72.343                                            
                         arrival time                         -14.165                                            
  -------------------------------------------------------------------
                         slack                                 58.179                                            

Slack (MET) :             58.179ns  (required time - arrival time)
  Source:                 <hidden>/<hidden>/<hidden>
                            (rising edge-triggered cell FDRE clocked by clk_out1_clk_mmcm_a  {rise@0.000ns fall@32.000ns period=64.000ns})
  Destination:            WRAPPER/CL/u_tile/g_kvq_gqa.u_kvq/g_eng[1].u_eng/tok_vec_reg[1649]/CLR
                            (recovery check against rising-edge clock clk_out1_clk_mmcm_a  {rise@0.000ns fall@32.000ns period=64.000ns})
  Path Group:             **async_default**
  Path Type:              Recovery (Max at Slow Process Corner)
  Requirement:            64.000ns  (clk_out1_clk_mmcm_a rise@64.000ns - clk_out1_clk_mmcm_a rise@0.000ns)
  Data Path Delay:        5.070ns  (logic 0.177ns (3.491%)  route 4.893ns (96.509%))
  Logic Levels:           2  (BUFGCE=1 LUT2=1)
  Clock Path Skew:        -0.369ns (DCD - SCD + CPR)
    Destination Clock Delay (DCD):    9.437ns = ( 73.437 - 64.000 ) 
    Source Clock Delay      (SCD):    9.095ns
    Clock Pessimism Removal (CPR):    -0.712ns
  Clock Uncertainty:      0.095ns  ((TSJ^2 + DJ^2)^1/2) / 2 + PE
    Total System Jitter     (TSJ):    0.071ns
    Discrete Jitter          (DJ):    0.176ns
    Phase Error              (PE):    0.000ns
  Inter-SLR Compensation: 0.222ns  ((DCD - CCD) * PF)
    Destination Clock Delay (DCD):    9.437ns
    Common Clock Delay      (CCD):    7.960ns
    Prorating Factor         (PF):    0.150
  Clock Net Delay (Source):      2.956ns (routing 1.061ns, distribution 1.895ns)
  Clock Net Delay (Destination): 2.485ns (routing 0.963ns, distribution 1.522ns)

    Location             Delay type                Incr(ns)  Path(ns)    Partition      PBlock               Netlist Resource(s)
  -------------------------------------------------------------------    -------------------------------------------------------
                         (clock clk_out1_clk_mmcm_a rise edge)
                                                      0.000     0.000 r                                      
    BJ4                                               0.000     0.000 r  static                              <hidden>
                         net (fo=0)                   0.100     0.100    static                              <hidden>/<hidden>/<hidden>/<hidden>
    HPIOBDIFFINBUF_X0Y130.DIFF_IN_P
                                                                      r  static                              <hidden>/<hidden>/<hidden>/<hidden>
    HPIOBDIFFINBUF_X0Y130.O
                         DIFFINBUF (Prop_DIFFINBUF_HPIOBDIFFINBUF_DIFF_IN_P_O)
                                                      0.863     0.963 r  static                              <hidden>/<hidden>/<hidden>/<hidden>
                         net (fo=1, routed)           0.050     1.013    static                              <hidden>/<hidden>/<hidden>/<hidden>
    BJ4.I                                                             r  static                              <hidden>/<hidden>/<hidden>/<hidden>
    BJ4.O                IBUFCTRL (Prop_IBUFCTRL_HPIOB_M_I_O)
                                                      0.000     1.013 r  static                              <hidden>/<hidden>/<hidden>/<hidden>
                         net (fo=1, routed)           0.348     1.361    static                              <hidden>/<hidden>/<hidden>
    BUFGCE_X0Y122.I                                                   r  static                              <hidden>/<hidden>/<hidden>
    BUFGCE_X0Y122.O      BUFGCE (Prop_BUFCE_BUFGCE_I_O)
                                                      0.028     1.389 r  static                              <hidden>/<hidden>/<hidden>
                         net (fo=3, routed)           1.811     3.200    static                              <hidden>/<hidden>/<hidden>/<hidden>/<hidden>
    SLR Crossing[1->0]   
    MMCM_X0Y2.CLKIN1                                                  r  static                              <hidden>/<hidden>/<hidden>/<hidden>/<hidden>
    MMCM_X0Y2.CLKOUT0    MMCME4_ADV (Prop_MMCM_CLKIN1_CLKOUT0)
                                                     -0.127     3.073 r  static                              <hidden>/<hidden>/<hidden>/<hidden>/<hidden>
                         net (fo=2, routed)           0.245     3.318    static                              <hidden>/<hidden>/<hidden>
    BUFGCE_X0Y70.I                                                    r  static                              <hidden>/<hidden>/<hidden>
    BUFGCE_X0Y70.O       BUFGCE (Prop_BUFCE_BUFGCE_I_O)
                                                      0.028     3.346 r  static                              <hidden>/<hidden>/<hidden>
                         net (fo=2363, estimated)     2.651     5.997    boundary                            WRAPPER/CL/AWS_CLK_GEN/CLK_GRP_A_EN_I.CLK_MMCM_A_I/inst/CLK_CORE_DRP_I/clk_inst/s_axi_aclk
    MMCM_X0Y3.CLKIN1                                                  r  reconfigurable pblock_CL            WRAPPER/CL/AWS_CLK_GEN/CLK_GRP_A_EN_I.CLK_MMCM_A_I/inst/CLK_CORE_DRP_I/clk_inst/mmcme4_adv_inst/CLKIN1
    MMCM_X0Y3.CLKOUT0    MMCME4_ADV (Prop_MMCM_CLKIN1_CLKOUT0)
                                                     -0.127     5.870 r  reconfigurable pblock_CL            WRAPPER/CL/AWS_CLK_GEN/CLK_GRP_A_EN_I.CLK_MMCM_A_I/inst/CLK_CORE_DRP_I/clk_inst/mmcme4_adv_inst/CLKOUT0
                         net (fo=1, estimated)        0.241     6.111    reconfigurable                      WRAPPER/CL/AWS_CLK_GEN/CLK_GRP_A_EN_I.CLK_MMCM_A_I/inst/CLK_CORE_DRP_I/clk_inst/clk_out1_clk_mmcm_a
    BUFGCE_X0Y73.I                                                    r  reconfigurable pblock_CL            WRAPPER/CL/AWS_CLK_GEN/CLK_GRP_A_EN_I.CLK_MMCM_A_I/inst/CLK_CORE_DRP_I/clk_inst/clkout1_buf/I
    BUFGCE_X0Y73.O       BUFGCE (Prop_BUFCE_BUFGCE_I_O)
                                                      0.028     6.139 r  reconfigurable pblock_CL            WRAPPER/CL/AWS_CLK_GEN/CLK_GRP_A_EN_I.CLK_MMCM_A_I/inst/CLK_CORE_DRP_I/clk_inst/clkout1_buf/O
    X3Y5 (CLOCK_ROOT)    net (fo=189276, estimated)
                                                      2.956     9.095    reconfigurable                      <hidden>/<hidden>/<hidden>
    SLR Crossing[0->1]   
    SLICE_X165Y372.CLK   FDRE                                         r  reconfigurable pblock_CL            <hidden>/<hidden>/<hidden>
  -------------------------------------------------------------------    -------------------------------------------------------
    SLICE_X165Y372.Q     FDRE (Prop_DFF2_SLICEL_C_Q)
                                                      0.081     9.176 r  reconfigurable pblock_CL            <hidden>/<hidden>/<hidden>
                         net (fo=312, estimated)      2.346    11.522    reconfigurable                      WRAPPER/CL/u_tile/u_rms/rst_tile_n
    SLR Crossing[1->2]   
    SLICE_X134Y511.A5                                                 r  reconfigurable pblock_CL            WRAPPER/CL/u_tile/u_rms/tier_rdata_q[0]_i_1_lopt_replica/I0
    SLICE_X134Y511.O5    LUT2 (Prop_C5LUT_SLICEL_I0_O)
                                                      0.068    11.590 r  reconfigurable pblock_CL            WRAPPER/CL/u_tile/u_rms/tier_rdata_q[0]_i_1_lopt_replica/O
                         net (fo=1, estimated)        0.848    12.438    reconfigurable                      WRAPPER/CL/u_tile/u_rms/O_replN
    BUFGCE_X0Y195.I                                                   r  reconfigurable pblock_CL            WRAPPER/CL/u_tile/u_rms/rst_tile_n_reg_BUFG_inst/I
    BUFGCE_X0Y195.O      BUFGCE (Prop_BUFCE_BUFGCE_I_O)
                                                      0.028    12.466 r  reconfigurable pblock_CL            WRAPPER/CL/u_tile/u_rms/rst_tile_n_reg_BUFG_inst/O
                         net (fo=57818, estimated)    1.699    14.165    reconfigurable                      WRAPPER/CL/u_tile/g_kvq_gqa.u_kvq/g_eng[1].u_eng/q_r_reg[12]
    SLICE_X87Y600.SR     FDCE                                         f  reconfigurable pblock_CL            WRAPPER/CL/u_tile/g_kvq_gqa.u_kvq/g_eng[1].u_eng/tok_vec_reg[1649]/CLR  (IS_INVERTED)
  -------------------------------------------------------------------    -------------------------------------------------------

                         (clock clk_out1_clk_mmcm_a rise edge)
                                                     64.000    64.000 r                                      
    BJ4                                               0.000    64.000 r  static                              <hidden>
                         net (fo=0)                   0.079    64.079    static                              <hidden>/<hidden>/<hidden>/<hidden>
    HPIOBDIFFINBUF_X0Y130.DIFF_IN_P
                                                                      r  static                              <hidden>/<hidden>/<hidden>/<hidden>
    HPIOBDIFFINBUF_X0Y130.O
                         DIFFINBUF (Prop_DIFFINBUF_HPIOBDIFFINBUF_DIFF_IN_P_O)
                                                      0.750    64.829 r  static                              <hidden>/<hidden>/<hidden>/<hidden>
                         net (fo=1, routed)           0.040    64.869    static                              <hidden>/<hidden>/<hidden>/<hidden>
    BJ4.I                                                             r  static                              <hidden>/<hidden>/<hidden>/<hidden>
    BJ4.O                IBUFCTRL (Prop_IBUFCTRL_HPIOB_M_I_O)
                                                      0.000    64.869 r  static                              <hidden>/<hidden>/<hidden>/<hidden>
                         net (fo=1, routed)           0.309    65.178    static                              <hidden>/<hidden>/<hidden>
    BUFGCE_X0Y122.I                                                   r  static                              <hidden>/<hidden>/<hidden>
    BUFGCE_X0Y122.O      BUFGCE (Prop_BUFCE_BUFGCE_I_O)
                                                      0.024    65.202 r  static                              <hidden>/<hidden>/<hidden>
                         net (fo=3, routed)           1.624    66.826    static                              <hidden>/<hidden>/<hidden>/<hidden>/<hidden>
    SLR Crossing[1->0]   
    MMCM_X0Y2.CLKIN1                                                  r  static                              <hidden>/<hidden>/<hidden>/<hidden>/<hidden>
    MMCM_X0Y2.CLKOUT0    MMCME4_ADV (Prop_MMCM_CLKIN1_CLKOUT0)
                                                      0.630    67.456 r  static                              <hidden>/<hidden>/<hidden>/<hidden>/<hidden>
                         net (fo=2, routed)           0.215    67.671    static                              <hidden>/<hidden>/<hidden>
    BUFGCE_X0Y70.I                                                    r  static                              <hidden>/<hidden>/<hidden>
    BUFGCE_X0Y70.O       BUFGCE (Prop_BUFCE_BUFGCE_I_O)
                                                      0.024    67.695 r  static                              <hidden>/<hidden>/<hidden>
                         net (fo=2363, estimated)     2.391    70.086    boundary                            WRAPPER/CL/AWS_CLK_GEN/CLK_GRP_A_EN_I.CLK_MMCM_A_I/inst/CLK_CORE_DRP_I/clk_inst/s_axi_aclk
    MMCM_X0Y3.CLKIN1                                                  r  reconfigurable pblock_CL            WRAPPER/CL/AWS_CLK_GEN/CLK_GRP_A_EN_I.CLK_MMCM_A_I/inst/CLK_CORE_DRP_I/clk_inst/mmcme4_adv_inst/CLKIN1
    MMCM_X0Y3.CLKOUT0    MMCME4_ADV (Prop_MMCM_CLKIN1_CLKOUT0)
                                                      0.630    70.716 r  reconfigurable pblock_CL            WRAPPER/CL/AWS_CLK_GEN/CLK_GRP_A_EN_I.CLK_MMCM_A_I/inst/CLK_CORE_DRP_I/clk_inst/mmcme4_adv_inst/CLKOUT0
                         net (fo=1, estimated)        0.212    70.928    reconfigurable                      WRAPPER/CL/AWS_CLK_GEN/CLK_GRP_A_EN_I.CLK_MMCM_A_I/inst/CLK_CORE_DRP_I/clk_inst/clk_out1_clk_mmcm_a
    BUFGCE_X0Y73.I                                                    r  reconfigurable pblock_CL            WRAPPER/CL/AWS_CLK_GEN/CLK_GRP_A_EN_I.CLK_MMCM_A_I/inst/CLK_CORE_DRP_I/clk_inst/clkout1_buf/I
    BUFGCE_X0Y73.O       BUFGCE (Prop_BUFCE_BUFGCE_I_O)
                                                      0.024    70.952 r  reconfigurable pblock_CL            WRAPPER/CL/AWS_CLK_GEN/CLK_GRP_A_EN_I.CLK_MMCM_A_I/inst/CLK_CORE_DRP_I/clk_inst/clkout1_buf/O
    X3Y5 (CLOCK_ROOT)    net (fo=189276, estimated)
                                                      2.485    73.437    reconfigurable                      WRAPPER/CL/u_tile/g_kvq_gqa.u_kvq/g_eng[1].u_eng/o_clk_extra_a1
    SLR Crossing[0->2]   
    SLICE_X87Y600.CLK    FDCE                                         r  reconfigurable pblock_CL            WRAPPER/CL/u_tile/g_kvq_gqa.u_kvq/g_eng[1].u_eng/tok_vec_reg[1649]/C
                         clock pessimism             -0.712    72.726                                            
                         inter-SLR compensation      -0.222    72.504                                            
                         clock uncertainty           -0.095    72.409                                            
    SLICE_X87Y600        FDCE (Recov_DFF2_SLICEM_C_CLR)
                                                     -0.066    72.343    reconfigurable   pblock_CL              WRAPPER/CL/u_tile/g_kvq_gqa.u_kvq/g_eng[1].u_eng/tok_vec_reg[1649]
  -------------------------------------------------------------------
                         required time                         72.343                                            
                         arrival time                         -14.165                                            
  -------------------------------------------------------------------
                         slack                                 58.179                                            

Slack (MET) :             58.179ns  (required time - arrival time)
  Source:                 <hidden>/<hidden>/<hidden>
                            (rising edge-triggered cell FDRE clocked by clk_out1_clk_mmcm_a  {rise@0.000ns fall@32.000ns period=64.000ns})
  Destination:            WRAPPER/CL/u_tile/g_kvq_gqa.u_kvq/g_eng[0].u_eng/tok_vec_reg[447]/CLR
                            (recovery check against rising-edge clock clk_out1_clk_mmcm_a  {rise@0.000ns fall@32.000ns period=64.000ns})
  Path Group:             **async_default**
  Path Type:              Recovery (Max at Slow Process Corner)
  Requirement:            64.000ns  (clk_out1_clk_mmcm_a rise@64.000ns - clk_out1_clk_mmcm_a rise@0.000ns)
  Data Path Delay:        5.069ns  (logic 0.177ns (3.492%)  route 4.892ns (96.508%))
  Logic Levels:           2  (BUFGCE=1 LUT2=1)
  Clock Path Skew:        -0.370ns (DCD - SCD + CPR)
    Destination Clock Delay (DCD):    9.436ns = ( 73.436 - 64.000 ) 
    Source Clock Delay      (SCD):    9.095ns
    Clock Pessimism Removal (CPR):    -0.712ns
  Clock Uncertainty:      0.095ns  ((TSJ^2 + DJ^2)^1/2) / 2 + PE
    Total System Jitter     (TSJ):    0.071ns
    Discrete Jitter          (DJ):    0.176ns
    Phase Error              (PE):    0.000ns
  Inter-SLR Compensation: 0.221ns  ((DCD - CCD) * PF)
    Destination Clock Delay (DCD):    9.436ns
    Common Clock Delay      (CCD):    7.960ns
    Prorating Factor         (PF):    0.150
  Clock Net Delay (Source):      2.956ns (routing 1.061ns, distribution 1.895ns)
  Clock Net Delay (Destination): 2.484ns (routing 0.963ns, distribution 1.521ns)

    Location             Delay type                Incr(ns)  Path(ns)    Partition      PBlock               Netlist Resource(s)
  -------------------------------------------------------------------    -------------------------------------------------------
                         (clock clk_out1_clk_mmcm_a rise edge)
                                                      0.000     0.000 r                                      
    BJ4                                               0.000     0.000 r  static                              <hidden>
                         net (fo=0)                   0.100     0.100    static                              <hidden>/<hidden>/<hidden>/<hidden>
    HPIOBDIFFINBUF_X0Y130.DIFF_IN_P
                                                                      r  static                              <hidden>/<hidden>/<hidden>/<hidden>
    HPIOBDIFFINBUF_X0Y130.O
                         DIFFINBUF (Prop_DIFFINBUF_HPIOBDIFFINBUF_DIFF_IN_P_O)
                                                      0.863     0.963 r  static                              <hidden>/<hidden>/<hidden>/<hidden>
                         net (fo=1, routed)           0.050     1.013    static                              <hidden>/<hidden>/<hidden>/<hidden>
    BJ4.I                                                             r  static                              <hidden>/<hidden>/<hidden>/<hidden>
    BJ4.O                IBUFCTRL (Prop_IBUFCTRL_HPIOB_M_I_O)
                                                      0.000     1.013 r  static                              <hidden>/<hidden>/<hidden>/<hidden>
                         net (fo=1, routed)           0.348     1.361    static                              <hidden>/<hidden>/<hidden>
    BUFGCE_X0Y122.I                                                   r  static                              <hidden>/<hidden>/<hidden>
    BUFGCE_X0Y122.O      BUFGCE (Prop_BUFCE_BUFGCE_I_O)
                                                      0.028     1.389 r  static                              <hidden>/<hidden>/<hidden>
                         net (fo=3, routed)           1.811     3.200    static                              <hidden>/<hidden>/<hidden>/<hidden>/<hidden>
    SLR Crossing[1->0]   
    MMCM_X0Y2.CLKIN1                                                  r  static                              <hidden>/<hidden>/<hidden>/<hidden>/<hidden>
    MMCM_X0Y2.CLKOUT0    MMCME4_ADV (Prop_MMCM_CLKIN1_CLKOUT0)
                                                     -0.127     3.073 r  static                              <hidden>/<hidden>/<hidden>/<hidden>/<hidden>
                         net (fo=2, routed)           0.245     3.318    static                              <hidden>/<hidden>/<hidden>
    BUFGCE_X0Y70.I                                                    r  static                              <hidden>/<hidden>/<hidden>
    BUFGCE_X0Y70.O       BUFGCE (Prop_BUFCE_BUFGCE_I_O)
                                                      0.028     3.346 r  static                              <hidden>/<hidden>/<hidden>
                         net (fo=2363, estimated)     2.651     5.997    boundary                            WRAPPER/CL/AWS_CLK_GEN/CLK_GRP_A_EN_I.CLK_MMCM_A_I/inst/CLK_CORE_DRP_I/clk_inst/s_axi_aclk
    MMCM_X0Y3.CLKIN1                                                  r  reconfigurable pblock_CL            WRAPPER/CL/AWS_CLK_GEN/CLK_GRP_A_EN_I.CLK_MMCM_A_I/inst/CLK_CORE_DRP_I/clk_inst/mmcme4_adv_inst/CLKIN1
    MMCM_X0Y3.CLKOUT0    MMCME4_ADV (Prop_MMCM_CLKIN1_CLKOUT0)
                                                     -0.127     5.870 r  reconfigurable pblock_CL            WRAPPER/CL/AWS_CLK_GEN/CLK_GRP_A_EN_I.CLK_MMCM_A_I/inst/CLK_CORE_DRP_I/clk_inst/mmcme4_adv_inst/CLKOUT0
                         net (fo=1, estimated)        0.241     6.111    reconfigurable                      WRAPPER/CL/AWS_CLK_GEN/CLK_GRP_A_EN_I.CLK_MMCM_A_I/inst/CLK_CORE_DRP_I/clk_inst/clk_out1_clk_mmcm_a
    BUFGCE_X0Y73.I                                                    r  reconfigurable pblock_CL            WRAPPER/CL/AWS_CLK_GEN/CLK_GRP_A_EN_I.CLK_MMCM_A_I/inst/CLK_CORE_DRP_I/clk_inst/clkout1_buf/I
    BUFGCE_X0Y73.O       BUFGCE (Prop_BUFCE_BUFGCE_I_O)
                                                      0.028     6.139 r  reconfigurable pblock_CL            WRAPPER/CL/AWS_CLK_GEN/CLK_GRP_A_EN_I.CLK_MMCM_A_I/inst/CLK_CORE_DRP_I/clk_inst/clkout1_buf/O
    X3Y5 (CLOCK_ROOT)    net (fo=189276, estimated)
                                                      2.956     9.095    reconfigurable                      <hidden>/<hidden>/<hidden>
    SLR Crossing[0->1]   
    SLICE_X165Y372.CLK   FDRE                                         r  reconfigurable pblock_CL            <hidden>/<hidden>/<hidden>
  -------------------------------------------------------------------    -------------------------------------------------------
    SLICE_X165Y372.Q     FDRE (Prop_DFF2_SLICEL_C_Q)
                                                      0.081     9.176 r  reconfigurable pblock_CL            <hidden>/<hidden>/<hidden>
                         net (fo=312, estimated)      2.346    11.522    reconfigurable                      WRAPPER/CL/u_tile/u_rms/rst_tile_n
    SLR Crossing[1->2]   
    SLICE_X134Y511.A5                                                 r  reconfigurable pblock_CL            WRAPPER/CL/u_tile/u_rms/tier_rdata_q[0]_i_1_lopt_replica/I0
    SLICE_X134Y511.O5    LUT2 (Prop_C5LUT_SLICEL_I0_O)
                                                      0.068    11.590 r  reconfigurable pblock_CL            WRAPPER/CL/u_tile/u_rms/tier_rdata_q[0]_i_1_lopt_replica/O
                         net (fo=1, estimated)        0.848    12.438    reconfigurable                      WRAPPER/CL/u_tile/u_rms/O_replN
    BUFGCE_X0Y195.I                                                   r  reconfigurable pblock_CL            WRAPPER/CL/u_tile/u_rms/rst_tile_n_reg_BUFG_inst/I
    BUFGCE_X0Y195.O      BUFGCE (Prop_BUFCE_BUFGCE_I_O)
                                                      0.028    12.466 r  reconfigurable pblock_CL            WRAPPER/CL/u_tile/u_rms/rst_tile_n_reg_BUFG_inst/O
                         net (fo=57818, estimated)    1.698    14.164    reconfigurable                      WRAPPER/CL/u_tile/g_kvq_gqa.u_kvq/g_eng[0].u_eng/rst_tile_n_reg
    SLICE_X87Y606.SR     FDCE                                         f  reconfigurable pblock_CL            WRAPPER/CL/u_tile/g_kvq_gqa.u_kvq/g_eng[0].u_eng/tok_vec_reg[447]/CLR  (IS_INVERTED)
  -------------------------------------------------------------------    -------------------------------------------------------

                         (clock clk_out1_clk_mmcm_a rise edge)
                                                     64.000    64.000 r                                      
    BJ4                                               0.000    64.000 r  static                              <hidden>
                         net (fo=0)                   0.079    64.079    static                              <hidden>/<hidden>/<hidden>/<hidden>
    HPIOBDIFFINBUF_X0Y130.DIFF_IN_P
                                                                      r  static                              <hidden>/<hidden>/<hidden>/<hidden>
    HPIOBDIFFINBUF_X0Y130.O
                         DIFFINBUF (Prop_DIFFINBUF_HPIOBDIFFINBUF_DIFF_IN_P_O)
                                                      0.750    64.829 r  static                              <hidden>/<hidden>/<hidden>/<hidden>
                         net (fo=1, routed)           0.040    64.869    static                              <hidden>/<hidden>/<hidden>/<hidden>
    BJ4.I                                                             r  static                              <hidden>/<hidden>/<hidden>/<hidden>
    BJ4.O                IBUFCTRL (Prop_IBUFCTRL_HPIOB_M_I_O)
                                                      0.000    64.869 r  static                              <hidden>/<hidden>/<hidden>/<hidden>
                         net (fo=1, routed)           0.309    65.178    static                              <hidden>/<hidden>/<hidden>
    BUFGCE_X0Y122.I                                                   r  static                              <hidden>/<hidden>/<hidden>
    BUFGCE_X0Y122.O      BUFGCE (Prop_BUFCE_BUFGCE_I_O)
                                                      0.024    65.202 r  static                              <hidden>/<hidden>/<hidden>
                         net (fo=3, routed)           1.624    66.826    static                              <hidden>/<hidden>/<hidden>/<hidden>/<hidden>
    SLR Crossing[1->0]   
    MMCM_X0Y2.CLKIN1                                                  r  static                              <hidden>/<hidden>/<hidden>/<hidden>/<hidden>
    MMCM_X0Y2.CLKOUT0    MMCME4_ADV (Prop_MMCM_CLKIN1_CLKOUT0)
                                                      0.630    67.456 r  static                              <hidden>/<hidden>/<hidden>/<hidden>/<hidden>
                         net (fo=2, routed)           0.215    67.671    static                              <hidden>/<hidden>/<hidden>
    BUFGCE_X0Y70.I                                                    r  static                              <hidden>/<hidden>/<hidden>
    BUFGCE_X0Y70.O       BUFGCE (Prop_BUFCE_BUFGCE_I_O)
                                                      0.024    67.695 r  static                              <hidden>/<hidden>/<hidden>
                         net (fo=2363, estimated)     2.391    70.086    boundary                            WRAPPER/CL/AWS_CLK_GEN/CLK_GRP_A_EN_I.CLK_MMCM_A_I/inst/CLK_CORE_DRP_I/clk_inst/s_axi_aclk
    MMCM_X0Y3.CLKIN1                                                  r  reconfigurable pblock_CL            WRAPPER/CL/AWS_CLK_GEN/CLK_GRP_A_EN_I.CLK_MMCM_A_I/inst/CLK_CORE_DRP_I/clk_inst/mmcme4_adv_inst/CLKIN1
    MMCM_X0Y3.CLKOUT0    MMCME4_ADV (Prop_MMCM_CLKIN1_CLKOUT0)
                                                      0.630    70.716 r  reconfigurable pblock_CL            WRAPPER/CL/AWS_CLK_GEN/CLK_GRP_A_EN_I.CLK_MMCM_A_I/inst/CLK_CORE_DRP_I/clk_inst/mmcme4_adv_inst/CLKOUT0
                         net (fo=1, estimated)        0.212    70.928    reconfigurable                      WRAPPER/CL/AWS_CLK_GEN/CLK_GRP_A_EN_I.CLK_MMCM_A_I/inst/CLK_CORE_DRP_I/clk_inst/clk_out1_clk_mmcm_a
    BUFGCE_X0Y73.I                                                    r  reconfigurable pblock_CL            WRAPPER/CL/AWS_CLK_GEN/CLK_GRP_A_EN_I.CLK_MMCM_A_I/inst/CLK_CORE_DRP_I/clk_inst/clkout1_buf/I
    BUFGCE_X0Y73.O       BUFGCE (Prop_BUFCE_BUFGCE_I_O)
                                                      0.024    70.952 r  reconfigurable pblock_CL            WRAPPER/CL/AWS_CLK_GEN/CLK_GRP_A_EN_I.CLK_MMCM_A_I/inst/CLK_CORE_DRP_I/clk_inst/clkout1_buf/O
    X3Y5 (CLOCK_ROOT)    net (fo=189276, estimated)
                                                      2.484    73.436    reconfigurable                      WRAPPER/CL/u_tile/g_kvq_gqa.u_kvq/g_eng[0].u_eng/o_clk_extra_a1
    SLR Crossing[0->2]   
    SLICE_X87Y606.CLK    FDCE                                         r  reconfigurable pblock_CL            WRAPPER/CL/u_tile/g_kvq_gqa.u_kvq/g_eng[0].u_eng/tok_vec_reg[447]/C
                         clock pessimism             -0.712    72.725                                            
                         inter-SLR compensation      -0.221    72.503                                            
                         clock uncertainty           -0.095    72.408                                            
    SLICE_X87Y606        FDCE (Recov_AFF2_SLICEM_C_CLR)
                                                     -0.066    72.342    reconfigurable   pblock_CL              WRAPPER/CL/u_tile/g_kvq_gqa.u_kvq/g_eng[0].u_eng/tok_vec_reg[447]
  -------------------------------------------------------------------
                         required time                         72.342                                            
                         arrival time                         -14.164                                            
  -------------------------------------------------------------------
                         slack                                 58.179                                            

Slack (MET) :             58.179ns  (required time - arrival time)
  Source:                 <hidden>/<hidden>/<hidden>
                            (rising edge-triggered cell FDRE clocked by clk_out1_clk_mmcm_a  {rise@0.000ns fall@32.000ns period=64.000ns})
  Destination:            WRAPPER/CL/u_tile/g_kvq_gqa.u_kvq/g_eng[0].u_eng/tok_vec_reg[175]/CLR
                            (recovery check against rising-edge clock clk_out1_clk_mmcm_a  {rise@0.000ns fall@32.000ns period=64.000ns})
  Path Group:             **async_default**
  Path Type:              Recovery (Max at Slow Process Corner)
  Requirement:            64.000ns  (clk_out1_clk_mmcm_a rise@64.000ns - clk_out1_clk_mmcm_a rise@0.000ns)
  Data Path Delay:        5.068ns  (logic 0.177ns (3.492%)  route 4.891ns (96.508%))
  Logic Levels:           2  (BUFGCE=1 LUT2=1)
  Clock Path Skew:        -0.371ns (DCD - SCD + CPR)
    Destination Clock Delay (DCD):    9.435ns = ( 73.435 - 64.000 ) 
    Source Clock Delay      (SCD):    9.095ns
    Clock Pessimism Removal (CPR):    -0.712ns
  Clock Uncertainty:      0.095ns  ((TSJ^2 + DJ^2)^1/2) / 2 + PE
    Total System Jitter     (TSJ):    0.071ns
    Discrete Jitter          (DJ):    0.176ns
    Phase Error              (PE):    0.000ns
  Inter-SLR Compensation: 0.221ns  ((DCD - CCD) * PF)
    Destination Clock Delay (DCD):    9.435ns
    Common Clock Delay      (CCD):    7.960ns
    Prorating Factor         (PF):    0.150
  Clock Net Delay (Source):      2.956ns (routing 1.061ns, distribution 1.895ns)
  Clock Net Delay (Destination): 2.483ns (routing 0.963ns, distribution 1.520ns)

    Location             Delay type                Incr(ns)  Path(ns)    Partition      PBlock               Netlist Resource(s)
  -------------------------------------------------------------------    -------------------------------------------------------
                         (clock clk_out1_clk_mmcm_a rise edge)
                                                      0.000     0.000 r                                      
    BJ4                                               0.000     0.000 r  static                              <hidden>
                         net (fo=0)                   0.100     0.100    static                              <hidden>/<hidden>/<hidden>/<hidden>
    HPIOBDIFFINBUF_X0Y130.DIFF_IN_P
                                                                      r  static                              <hidden>/<hidden>/<hidden>/<hidden>
    HPIOBDIFFINBUF_X0Y130.O
                         DIFFINBUF (Prop_DIFFINBUF_HPIOBDIFFINBUF_DIFF_IN_P_O)
                                                      0.863     0.963 r  static                              <hidden>/<hidden>/<hidden>/<hidden>
                         net (fo=1, routed)           0.050     1.013    static                              <hidden>/<hidden>/<hidden>/<hidden>
    BJ4.I                                                             r  static                              <hidden>/<hidden>/<hidden>/<hidden>
    BJ4.O                IBUFCTRL (Prop_IBUFCTRL_HPIOB_M_I_O)
                                                      0.000     1.013 r  static                              <hidden>/<hidden>/<hidden>/<hidden>
                         net (fo=1, routed)           0.348     1.361    static                              <hidden>/<hidden>/<hidden>
    BUFGCE_X0Y122.I                                                   r  static                              <hidden>/<hidden>/<hidden>
    BUFGCE_X0Y122.O      BUFGCE (Prop_BUFCE_BUFGCE_I_O)
                                                      0.028     1.389 r  static                              <hidden>/<hidden>/<hidden>
                         net (fo=3, routed)           1.811     3.200    static                              <hidden>/<hidden>/<hidden>/<hidden>/<hidden>
    SLR Crossing[1->0]   
    MMCM_X0Y2.CLKIN1                                                  r  static                              <hidden>/<hidden>/<hidden>/<hidden>/<hidden>
    MMCM_X0Y2.CLKOUT0    MMCME4_ADV (Prop_MMCM_CLKIN1_CLKOUT0)
                                                     -0.127     3.073 r  static                              <hidden>/<hidden>/<hidden>/<hidden>/<hidden>
                         net (fo=2, routed)           0.245     3.318    static                              <hidden>/<hidden>/<hidden>
    BUFGCE_X0Y70.I                                                    r  static                              <hidden>/<hidden>/<hidden>
    BUFGCE_X0Y70.O       BUFGCE (Prop_BUFCE_BUFGCE_I_O)
                                                      0.028     3.346 r  static                              <hidden>/<hidden>/<hidden>
                         net (fo=2363, estimated)     2.651     5.997    boundary                            WRAPPER/CL/AWS_CLK_GEN/CLK_GRP_A_EN_I.CLK_MMCM_A_I/inst/CLK_CORE_DRP_I/clk_inst/s_axi_aclk
    MMCM_X0Y3.CLKIN1                                                  r  reconfigurable pblock_CL            WRAPPER/CL/AWS_CLK_GEN/CLK_GRP_A_EN_I.CLK_MMCM_A_I/inst/CLK_CORE_DRP_I/clk_inst/mmcme4_adv_inst/CLKIN1
    MMCM_X0Y3.CLKOUT0    MMCME4_ADV (Prop_MMCM_CLKIN1_CLKOUT0)
                                                     -0.127     5.870 r  reconfigurable pblock_CL            WRAPPER/CL/AWS_CLK_GEN/CLK_GRP_A_EN_I.CLK_MMCM_A_I/inst/CLK_CORE_DRP_I/clk_inst/mmcme4_adv_inst/CLKOUT0
                         net (fo=1, estimated)        0.241     6.111    reconfigurable                      WRAPPER/CL/AWS_CLK_GEN/CLK_GRP_A_EN_I.CLK_MMCM_A_I/inst/CLK_CORE_DRP_I/clk_inst/clk_out1_clk_mmcm_a
    BUFGCE_X0Y73.I                                                    r  reconfigurable pblock_CL            WRAPPER/CL/AWS_CLK_GEN/CLK_GRP_A_EN_I.CLK_MMCM_A_I/inst/CLK_CORE_DRP_I/clk_inst/clkout1_buf/I
    BUFGCE_X0Y73.O       BUFGCE (Prop_BUFCE_BUFGCE_I_O)
                                                      0.028     6.139 r  reconfigurable pblock_CL            WRAPPER/CL/AWS_CLK_GEN/CLK_GRP_A_EN_I.CLK_MMCM_A_I/inst/CLK_CORE_DRP_I/clk_inst/clkout1_buf/O
    X3Y5 (CLOCK_ROOT)    net (fo=189276, estimated)
                                                      2.956     9.095    reconfigurable                      <hidden>/<hidden>/<hidden>
    SLR Crossing[0->1]   
    SLICE_X165Y372.CLK   FDRE                                         r  reconfigurable pblock_CL            <hidden>/<hidden>/<hidden>
  -------------------------------------------------------------------    -------------------------------------------------------
    SLICE_X165Y372.Q     FDRE (Prop_DFF2_SLICEL_C_Q)
                                                      0.081     9.176 r  reconfigurable pblock_CL            <hidden>/<hidden>/<hidden>
                         net (fo=312, estimated)      2.346    11.522    reconfigurable                      WRAPPER/CL/u_tile/u_rms/rst_tile_n
    SLR Crossing[1->2]   
    SLICE_X134Y511.A5                                                 r  reconfigurable pblock_CL            WRAPPER/CL/u_tile/u_rms/tier_rdata_q[0]_i_1_lopt_replica/I0
    SLICE_X134Y511.O5    LUT2 (Prop_C5LUT_SLICEL_I0_O)
                                                      0.068    11.590 r  reconfigurable pblock_CL            WRAPPER/CL/u_tile/u_rms/tier_rdata_q[0]_i_1_lopt_replica/O
                         net (fo=1, estimated)        0.848    12.438    reconfigurable                      WRAPPER/CL/u_tile/u_rms/O_replN
    BUFGCE_X0Y195.I                                                   r  reconfigurable pblock_CL            WRAPPER/CL/u_tile/u_rms/rst_tile_n_reg_BUFG_inst/I
    BUFGCE_X0Y195.O      BUFGCE (Prop_BUFCE_BUFGCE_I_O)
                                                      0.028    12.466 r  reconfigurable pblock_CL            WRAPPER/CL/u_tile/u_rms/rst_tile_n_reg_BUFG_inst/O
                         net (fo=57818, estimated)    1.697    14.163    reconfigurable                      WRAPPER/CL/u_tile/g_kvq_gqa.u_kvq/g_eng[0].u_eng/rst_tile_n_reg
    SLICE_X87Y608.SR     FDCE                                         f  reconfigurable pblock_CL            WRAPPER/CL/u_tile/g_kvq_gqa.u_kvq/g_eng[0].u_eng/tok_vec_reg[175]/CLR  (IS_INVERTED)
  -------------------------------------------------------------------    -------------------------------------------------------

                         (clock clk_out1_clk_mmcm_a rise edge)
                                                     64.000    64.000 r                                      
    BJ4                                               0.000    64.000 r  static                              <hidden>
                         net (fo=0)                   0.079    64.079    static                              <hidden>/<hidden>/<hidden>/<hidden>
    HPIOBDIFFINBUF_X0Y130.DIFF_IN_P
                                                                      r  static                              <hidden>/<hidden>/<hidden>/<hidden>
    HPIOBDIFFINBUF_X0Y130.O
                         DIFFINBUF (Prop_DIFFINBUF_HPIOBDIFFINBUF_DIFF_IN_P_O)
                                                      0.750    64.829 r  static                              <hidden>/<hidden>/<hidden>/<hidden>
                         net (fo=1, routed)           0.040    64.869    static                              <hidden>/<hidden>/<hidden>/<hidden>
    BJ4.I                                                             r  static                              <hidden>/<hidden>/<hidden>/<hidden>
    BJ4.O                IBUFCTRL (Prop_IBUFCTRL_HPIOB_M_I_O)
                                                      0.000    64.869 r  static                              <hidden>/<hidden>/<hidden>/<hidden>
                         net (fo=1, routed)           0.309    65.178    static                              <hidden>/<hidden>/<hidden>
    BUFGCE_X0Y122.I                                                   r  static                              <hidden>/<hidden>/<hidden>
    BUFGCE_X0Y122.O      BUFGCE (Prop_BUFCE_BUFGCE_I_O)
                                                      0.024    65.202 r  static                              <hidden>/<hidden>/<hidden>
                         net (fo=3, routed)           1.624    66.826    static                              <hidden>/<hidden>/<hidden>/<hidden>/<hidden>
    SLR Crossing[1->0]   
    MMCM_X0Y2.CLKIN1                                                  r  static                              <hidden>/<hidden>/<hidden>/<hidden>/<hidden>
    MMCM_X0Y2.CLKOUT0    MMCME4_ADV (Prop_MMCM_CLKIN1_CLKOUT0)
                                                      0.630    67.456 r  static                              <hidden>/<hidden>/<hidden>/<hidden>/<hidden>
                         net (fo=2, routed)           0.215    67.671    static                              <hidden>/<hidden>/<hidden>
    BUFGCE_X0Y70.I                                                    r  static                              <hidden>/<hidden>/<hidden>
    BUFGCE_X0Y70.O       BUFGCE (Prop_BUFCE_BUFGCE_I_O)
                                                      0.024    67.695 r  static                              <hidden>/<hidden>/<hidden>
                         net (fo=2363, estimated)     2.391    70.086    boundary                            WRAPPER/CL/AWS_CLK_GEN/CLK_GRP_A_EN_I.CLK_MMCM_A_I/inst/CLK_CORE_DRP_I/clk_inst/s_axi_aclk
    MMCM_X0Y3.CLKIN1                                                  r  reconfigurable pblock_CL            WRAPPER/CL/AWS_CLK_GEN/CLK_GRP_A_EN_I.CLK_MMCM_A_I/inst/CLK_CORE_DRP_I/clk_inst/mmcme4_adv_inst/CLKIN1
    MMCM_X0Y3.CLKOUT0    MMCME4_ADV (Prop_MMCM_CLKIN1_CLKOUT0)
                                                      0.630    70.716 r  reconfigurable pblock_CL            WRAPPER/CL/AWS_CLK_GEN/CLK_GRP_A_EN_I.CLK_MMCM_A_I/inst/CLK_CORE_DRP_I/clk_inst/mmcme4_adv_inst/CLKOUT0
                         net (fo=1, estimated)        0.212    70.928    reconfigurable                      WRAPPER/CL/AWS_CLK_GEN/CLK_GRP_A_EN_I.CLK_MMCM_A_I/inst/CLK_CORE_DRP_I/clk_inst/clk_out1_clk_mmcm_a
    BUFGCE_X0Y73.I                                                    r  reconfigurable pblock_CL            WRAPPER/CL/AWS_CLK_GEN/CLK_GRP_A_EN_I.CLK_MMCM_A_I/inst/CLK_CORE_DRP_I/clk_inst/clkout1_buf/I
    BUFGCE_X0Y73.O       BUFGCE (Prop_BUFCE_BUFGCE_I_O)
                                                      0.024    70.952 r  reconfigurable pblock_CL            WRAPPER/CL/AWS_CLK_GEN/CLK_GRP_A_EN_I.CLK_MMCM_A_I/inst/CLK_CORE_DRP_I/clk_inst/clkout1_buf/O
    X3Y5 (CLOCK_ROOT)    net (fo=189276, estimated)
                                                      2.483    73.435    reconfigurable                      WRAPPER/CL/u_tile/g_kvq_gqa.u_kvq/g_eng[0].u_eng/o_clk_extra_a1
    SLR Crossing[0->2]   
    SLICE_X87Y608.CLK    FDCE                                         r  reconfigurable pblock_CL            WRAPPER/CL/u_tile/g_kvq_gqa.u_kvq/g_eng[0].u_eng/tok_vec_reg[175]/C
                         clock pessimism             -0.712    72.724                                            
                         inter-SLR compensation      -0.221    72.502                                            
                         clock uncertainty           -0.095    72.407                                            
    SLICE_X87Y608        FDCE (Recov_AFF2_SLICEM_C_CLR)
                                                     -0.066    72.341    reconfigurable   pblock_CL              WRAPPER/CL/u_tile/g_kvq_gqa.u_kvq/g_eng[0].u_eng/tok_vec_reg[175]
  -------------------------------------------------------------------
                         required time                         72.341                                            
                         arrival time                         -14.163                                            
  -------------------------------------------------------------------
                         slack                                 58.179                                            




