Copyright 1986-2022 Xilinx, Inc. All Rights Reserved. Copyright 2022-2025 Advanced Micro Devices, Inc. All Rights Reserved.
------------------------------------------------------------------------------------------------------------------------------------------------------------------------------------------------------------------------------------------------------------------------------------------
| Tool Version      : Vivado v.2025.2 (lin64) Build 6299465 Fri Nov 14 12:34:56 MST 2025
| Date              : Mon Jul 27 21:32:36 2026
| Host              : ip-172-31-41-25 running 64-bit Ubuntu 24.04.1 LTS
| Command           : report_timing -delay_type max -path_type full_clock_expanded -max_paths 10 -nworst 1 -input_pins -slice_pins -sort_by group -significant_digits 3 -file /home/ubuntu/aws-fpga/hdk/cl/examples/cl_apex/build/reports/cl_apex.2026_07_27-195354.post_route_timing.rpt
| Design            : top
| Device            : xcvu47p-fsvh2892
| Speed File        : -2  PRODUCTION 1.30 05-01-2022
| Design State      : Routed
| Temperature Grade : E
------------------------------------------------------------------------------------------------------------------------------------------------------------------------------------------------------------------------------------------------------------------------------------------

Timing Report

Slack (MET) :             0.711ns  (required time - arrival time)
  Source:                 <hidden>/<hidden>/<hidden>/<hidden>/<hidden>/<hidden>/<hidden>
                            (rising edge-triggered cell FDRE clocked by clk_main_a0  {rise@0.000ns fall@2.000ns period=4.000ns})
  Destination:            <hidden>/<hidden>/<hidden>/<hidden>/<hidden>/<hidden>/<hidden>
                            (rising edge-triggered cell FDRE clocked by clk_main_a0  {rise@0.000ns fall@2.000ns period=4.000ns})
  Path Group:             clk_main_a0
  Path Type:              Setup (Max at Slow Process Corner)
  Requirement:            4.000ns  (clk_main_a0 rise@4.000ns - clk_main_a0 rise@0.000ns)
  Data Path Delay:        3.024ns  (logic 0.176ns (5.820%)  route 2.848ns (94.180%))
  Logic Levels:           1  (LUT3=1)
  Clock Path Skew:        -0.231ns (DCD - SCD + CPR)
    Destination Clock Delay (DCD):    5.943ns = ( 9.943 - 4.000 ) 
    Source Clock Delay      (SCD):    5.880ns
    Clock Pessimism Removal (CPR):    -0.295ns
  Clock Uncertainty:      0.059ns  ((TSJ^2 + DJ^2)^1/2) / 2 + PE
    Total System Jitter     (TSJ):    0.071ns
    Discrete Jitter          (DJ):    0.094ns
    Phase Error              (PE):    0.000ns
  Clock Net Delay (Source):      2.462ns (routing 0.460ns, distribution 2.002ns)
  Clock Net Delay (Destination): 2.182ns (routing 0.419ns, distribution 1.763ns)

    Location             Delay type                Incr(ns)  Path(ns)    Partition      Netlist Resource(s)
  -------------------------------------------------------------------    ----------------------------------
                         (clock clk_main_a0 rise edge)
                                                      0.000     0.000 r                 
    BJ4                                               0.000     0.000 r  static         <hidden>
                         net (fo=0)                   0.100     0.100    static         <hidden>/<hidden>/<hidden>/<hidden>
    HPIOBDIFFINBUF_X0Y130.DIFF_IN_P
                                                                      r  static         <hidden>/<hidden>/<hidden>/<hidden>
    HPIOBDIFFINBUF_X0Y130.O
                         DIFFINBUF (Prop_DIFFINBUF_HPIOBDIFFINBUF_DIFF_IN_P_O)
                                                      0.863     0.963 r  static         <hidden>/<hidden>/<hidden>/<hidden>
                         net (fo=1, routed)           0.050     1.013    static         <hidden>/<hidden>/<hidden>/<hidden>
    BJ4.I                                                             r  static         <hidden>/<hidden>/<hidden>/<hidden>
    BJ4.O                IBUFCTRL (Prop_IBUFCTRL_HPIOB_M_I_O)
                                                      0.000     1.013 r  static         <hidden>/<hidden>/<hidden>/<hidden>
                         net (fo=1, routed)           0.348     1.361    static         <hidden>/<hidden>/<hidden>
    BUFGCE_X0Y122.I                                                   r  static         <hidden>/<hidden>/<hidden>
    BUFGCE_X0Y122.O      BUFGCE (Prop_BUFCE_BUFGCE_I_O)
                                                      0.028     1.389 r  static         <hidden>/<hidden>/<hidden>
                         net (fo=3, routed)           1.883     3.272    static         <hidden>/<hidden>/<hidden>/<hidden>/<hidden>/<hidden>/<hidden>/<hidden>
    MMCM_X0Y5.CLKIN1                                                  r  static         <hidden>/<hidden>/<hidden>/<hidden>/<hidden>/<hidden>/<hidden>/<hidden>
    MMCM_X0Y5.CLKOUT0    MMCME4_ADV (Prop_MMCM_CLKIN1_CLKOUT0)
                                                     -0.127     3.145 r  static         <hidden>/<hidden>/<hidden>/<hidden>/<hidden>/<hidden>/<hidden>/<hidden>
                         net (fo=2, routed)           0.245     3.390    static         <hidden>/<hidden>/<hidden>/<hidden>
    BUFGCE_X0Y136.I                                                   r  static         <hidden>/<hidden>/<hidden>/<hidden>
    BUFGCE_X0Y136.O      BUFGCE (Prop_BUFCE_BUFGCE_I_O)
                                                      0.028     3.418 r  static         <hidden>/<hidden>/<hidden>/<hidden>
    X3Y5 (CLOCK_ROOT)    net (fo=4881, routed)        2.462     5.880    static         <hidden>/<hidden>/<hidden>/<hidden>/<hidden>/<hidden>/<hidden>
    SLICE_X176Y460.CLK   FDRE                                         r  static         <hidden>/<hidden>/<hidden>/<hidden>/<hidden>/<hidden>/<hidden>
  -------------------------------------------------------------------    ----------------------------------
    SLICE_X176Y460.Q     FDRE (Prop_CFF_SLICEM_C_Q)
                                                      0.078     5.958 f  static         <hidden>/<hidden>/<hidden>/<hidden>/<hidden>/<hidden>/<hidden>
                         net (fo=1065, routed)        2.782     8.739    static         <hidden>/<hidden>/<hidden>/<hidden>/<hidden>/<hidden>/<hidden>
    SLICE_X176Y393.A3                                                 f  static         <hidden>/<hidden>/<hidden>/<hidden>/<hidden>/<hidden>/<hidden>
    SLICE_X176Y393.O6    LUT3 (Prop_C6LUT_SLICEM_I2_O)
                                                      0.098     8.837 r  static         <hidden>/<hidden>/<hidden>/<hidden>/<hidden>/<hidden>/<hidden>
                         net (fo=1, routed)           0.066     8.903    static         <hidden>/<hidden>/<hidden>/<hidden>/<hidden>/<hidden>/<hidden>
    SLICE_X176Y393.D     FDRE                                         r  static         <hidden>/<hidden>/<hidden>/<hidden>/<hidden>/<hidden>/<hidden>
  -------------------------------------------------------------------    ----------------------------------

                         (clock clk_main_a0 rise edge)
                                                      4.000     4.000 r                 
    BJ4                                               0.000     4.000 r  static         <hidden>
                         net (fo=0)                   0.079     4.079    static         <hidden>/<hidden>/<hidden>/<hidden>
    HPIOBDIFFINBUF_X0Y130.DIFF_IN_P
                                                                      r  static         <hidden>/<hidden>/<hidden>/<hidden>
    HPIOBDIFFINBUF_X0Y130.O
                         DIFFINBUF (Prop_DIFFINBUF_HPIOBDIFFINBUF_DIFF_IN_P_O)
                                                      0.750     4.829 r  static         <hidden>/<hidden>/<hidden>/<hidden>
                         net (fo=1, routed)           0.040     4.869    static         <hidden>/<hidden>/<hidden>/<hidden>
    BJ4.I                                                             r  static         <hidden>/<hidden>/<hidden>/<hidden>
    BJ4.O                IBUFCTRL (Prop_IBUFCTRL_HPIOB_M_I_O)
                                                      0.000     4.869 r  static         <hidden>/<hidden>/<hidden>/<hidden>
                         net (fo=1, routed)           0.309     5.178    static         <hidden>/<hidden>/<hidden>
    BUFGCE_X0Y122.I                                                   r  static         <hidden>/<hidden>/<hidden>
    BUFGCE_X0Y122.O      BUFGCE (Prop_BUFCE_BUFGCE_I_O)
                                                      0.024     5.202 r  static         <hidden>/<hidden>/<hidden>
                         net (fo=3, routed)           1.690     6.892    static         <hidden>/<hidden>/<hidden>/<hidden>/<hidden>/<hidden>/<hidden>/<hidden>
    MMCM_X0Y5.CLKIN1                                                  r  static         <hidden>/<hidden>/<hidden>/<hidden>/<hidden>/<hidden>/<hidden>/<hidden>
    MMCM_X0Y5.CLKOUT0    MMCME4_ADV (Prop_MMCM_CLKIN1_CLKOUT0)
                                                      0.630     7.522 r  static         <hidden>/<hidden>/<hidden>/<hidden>/<hidden>/<hidden>/<hidden>/<hidden>
                         net (fo=2, routed)           0.215     7.737    static         <hidden>/<hidden>/<hidden>/<hidden>
    BUFGCE_X0Y136.I                                                   r  static         <hidden>/<hidden>/<hidden>/<hidden>
    BUFGCE_X0Y136.O      BUFGCE (Prop_BUFCE_BUFGCE_I_O)
                                                      0.024     7.761 r  static         <hidden>/<hidden>/<hidden>/<hidden>
    X3Y5 (CLOCK_ROOT)    net (fo=4881, routed)        2.182     9.943    static         <hidden>/<hidden>/<hidden>/<hidden>/<hidden>/<hidden>/<hidden>
    SLICE_X176Y393.CLK   FDRE                                         r  static         <hidden>/<hidden>/<hidden>/<hidden>/<hidden>/<hidden>/<hidden>
                         clock pessimism             -0.295     9.648                     
                         clock uncertainty           -0.059     9.590                     
    SLICE_X176Y393       FDRE (Setup_CFF_SLICEM_C_D)
                                                      0.025     9.615    static           <hidden>/<hidden>/<hidden>/<hidden>/<hidden>/<hidden>/<hidden>
  -------------------------------------------------------------------
                         required time                          9.615                     
                         arrival time                          -8.903                     
  -------------------------------------------------------------------
                         slack                                  0.711                     

Slack (MET) :             0.729ns  (required time - arrival time)
  Source:                 <hidden>/<hidden>/<hidden>/<hidden>/<hidden>/<hidden>/<hidden>
                            (rising edge-triggered cell FDRE clocked by clk_main_a0  {rise@0.000ns fall@2.000ns period=4.000ns})
  Destination:            <hidden>/<hidden>/<hidden>/<hidden>/<hidden>/<hidden>/<hidden>
                            (rising edge-triggered cell FDRE clocked by clk_main_a0  {rise@0.000ns fall@2.000ns period=4.000ns})
  Path Group:             clk_main_a0
  Path Type:              Setup (Max at Slow Process Corner)
  Requirement:            4.000ns  (clk_main_a0 rise@4.000ns - clk_main_a0 rise@0.000ns)
  Data Path Delay:        3.006ns  (logic 0.167ns (5.556%)  route 2.839ns (94.444%))
  Logic Levels:           1  (LUT3=1)
  Clock Path Skew:        -0.231ns (DCD - SCD + CPR)
    Destination Clock Delay (DCD):    5.943ns = ( 9.943 - 4.000 ) 
    Source Clock Delay      (SCD):    5.880ns
    Clock Pessimism Removal (CPR):    -0.295ns
  Clock Uncertainty:      0.059ns  ((TSJ^2 + DJ^2)^1/2) / 2 + PE
    Total System Jitter     (TSJ):    0.071ns
    Discrete Jitter          (DJ):    0.094ns
    Phase Error              (PE):    0.000ns
  Clock Net Delay (Source):      2.462ns (routing 0.460ns, distribution 2.002ns)
  Clock Net Delay (Destination): 2.182ns (routing 0.419ns, distribution 1.763ns)

    Location             Delay type                Incr(ns)  Path(ns)    Partition      Netlist Resource(s)
  -------------------------------------------------------------------    ----------------------------------
                         (clock clk_main_a0 rise edge)
                                                      0.000     0.000 r                 
    BJ4                                               0.000     0.000 r  static         <hidden>
                         net (fo=0)                   0.100     0.100    static         <hidden>/<hidden>/<hidden>/<hidden>
    HPIOBDIFFINBUF_X0Y130.DIFF_IN_P
                                                                      r  static         <hidden>/<hidden>/<hidden>/<hidden>
    HPIOBDIFFINBUF_X0Y130.O
                         DIFFINBUF (Prop_DIFFINBUF_HPIOBDIFFINBUF_DIFF_IN_P_O)
                                                      0.863     0.963 r  static         <hidden>/<hidden>/<hidden>/<hidden>
                         net (fo=1, routed)           0.050     1.013    static         <hidden>/<hidden>/<hidden>/<hidden>
    BJ4.I                                                             r  static         <hidden>/<hidden>/<hidden>/<hidden>
    BJ4.O                IBUFCTRL (Prop_IBUFCTRL_HPIOB_M_I_O)
                                                      0.000     1.013 r  static         <hidden>/<hidden>/<hidden>/<hidden>
                         net (fo=1, routed)           0.348     1.361    static         <hidden>/<hidden>/<hidden>
    BUFGCE_X0Y122.I                                                   r  static         <hidden>/<hidden>/<hidden>
    BUFGCE_X0Y122.O      BUFGCE (Prop_BUFCE_BUFGCE_I_O)
                                                      0.028     1.389 r  static         <hidden>/<hidden>/<hidden>
                         net (fo=3, routed)           1.883     3.272    static         <hidden>/<hidden>/<hidden>/<hidden>/<hidden>/<hidden>/<hidden>/<hidden>
    MMCM_X0Y5.CLKIN1                                                  r  static         <hidden>/<hidden>/<hidden>/<hidden>/<hidden>/<hidden>/<hidden>/<hidden>
    MMCM_X0Y5.CLKOUT0    MMCME4_ADV (Prop_MMCM_CLKIN1_CLKOUT0)
                                                     -0.127     3.145 r  static         <hidden>/<hidden>/<hidden>/<hidden>/<hidden>/<hidden>/<hidden>/<hidden>
                         net (fo=2, routed)           0.245     3.390    static         <hidden>/<hidden>/<hidden>/<hidden>
    BUFGCE_X0Y136.I                                                   r  static         <hidden>/<hidden>/<hidden>/<hidden>
    BUFGCE_X0Y136.O      BUFGCE (Prop_BUFCE_BUFGCE_I_O)
                                                      0.028     3.418 r  static         <hidden>/<hidden>/<hidden>/<hidden>
    X3Y5 (CLOCK_ROOT)    net (fo=4881, routed)        2.462     5.880    static         <hidden>/<hidden>/<hidden>/<hidden>/<hidden>/<hidden>/<hidden>
    SLICE_X176Y460.CLK   FDRE                                         r  static         <hidden>/<hidden>/<hidden>/<hidden>/<hidden>/<hidden>/<hidden>
  -------------------------------------------------------------------    ----------------------------------
    SLICE_X176Y460.Q     FDRE (Prop_CFF_SLICEM_C_Q)
                                                      0.078     5.958 f  static         <hidden>/<hidden>/<hidden>/<hidden>/<hidden>/<hidden>/<hidden>
                         net (fo=1065, routed)        2.780     8.737    static         <hidden>/<hidden>/<hidden>/<hidden>/<hidden>/<hidden>/<hidden>
    SLICE_X176Y393.A4                                                 f  static         <hidden>/<hidden>/<hidden>/<hidden>/<hidden>/<hidden>/<hidden>
    SLICE_X176Y393.O6    LUT3 (Prop_B6LUT_SLICEM_I2_O)
                                                      0.089     8.826 r  static         <hidden>/<hidden>/<hidden>/<hidden>/<hidden>/<hidden>/<hidden>
                         net (fo=1, routed)           0.059     8.885    static         <hidden>/<hidden>/<hidden>/<hidden>/<hidden>/<hidden>/<hidden>
    SLICE_X176Y393.D     FDRE                                         r  static         <hidden>/<hidden>/<hidden>/<hidden>/<hidden>/<hidden>/<hidden>
  -------------------------------------------------------------------    ----------------------------------

                         (clock clk_main_a0 rise edge)
                                                      4.000     4.000 r                 
    BJ4                                               0.000     4.000 r  static         <hidden>
                         net (fo=0)                   0.079     4.079    static         <hidden>/<hidden>/<hidden>/<hidden>
    HPIOBDIFFINBUF_X0Y130.DIFF_IN_P
                                                                      r  static         <hidden>/<hidden>/<hidden>/<hidden>
    HPIOBDIFFINBUF_X0Y130.O
                         DIFFINBUF (Prop_DIFFINBUF_HPIOBDIFFINBUF_DIFF_IN_P_O)
                                                      0.750     4.829 r  static         <hidden>/<hidden>/<hidden>/<hidden>
                         net (fo=1, routed)           0.040     4.869    static         <hidden>/<hidden>/<hidden>/<hidden>
    BJ4.I                                                             r  static         <hidden>/<hidden>/<hidden>/<hidden>
    BJ4.O                IBUFCTRL (Prop_IBUFCTRL_HPIOB_M_I_O)
                                                      0.000     4.869 r  static         <hidden>/<hidden>/<hidden>/<hidden>
                         net (fo=1, routed)           0.309     5.178    static         <hidden>/<hidden>/<hidden>
    BUFGCE_X0Y122.I                                                   r  static         <hidden>/<hidden>/<hidden>
    BUFGCE_X0Y122.O      BUFGCE (Prop_BUFCE_BUFGCE_I_O)
                                                      0.024     5.202 r  static         <hidden>/<hidden>/<hidden>
                         net (fo=3, routed)           1.690     6.892    static         <hidden>/<hidden>/<hidden>/<hidden>/<hidden>/<hidden>/<hidden>/<hidden>
    MMCM_X0Y5.CLKIN1                                                  r  static         <hidden>/<hidden>/<hidden>/<hidden>/<hidden>/<hidden>/<hidden>/<hidden>
    MMCM_X0Y5.CLKOUT0    MMCME4_ADV (Prop_MMCM_CLKIN1_CLKOUT0)
                                                      0.630     7.522 r  static         <hidden>/<hidden>/<hidden>/<hidden>/<hidden>/<hidden>/<hidden>/<hidden>
                         net (fo=2, routed)           0.215     7.737    static         <hidden>/<hidden>/<hidden>/<hidden>
    BUFGCE_X0Y136.I                                                   r  static         <hidden>/<hidden>/<hidden>/<hidden>
    BUFGCE_X0Y136.O      BUFGCE (Prop_BUFCE_BUFGCE_I_O)
                                                      0.024     7.761 r  static         <hidden>/<hidden>/<hidden>/<hidden>
    X3Y5 (CLOCK_ROOT)    net (fo=4881, routed)        2.182     9.943    static         <hidden>/<hidden>/<hidden>/<hidden>/<hidden>/<hidden>/<hidden>
    SLICE_X176Y393.CLK   FDRE                                         r  static         <hidden>/<hidden>/<hidden>/<hidden>/<hidden>/<hidden>/<hidden>
                         clock pessimism             -0.295     9.648                     
                         clock uncertainty           -0.059     9.590                     
    SLICE_X176Y393       FDRE (Setup_BFF_SLICEM_C_D)
                                                      0.025     9.615    static           <hidden>/<hidden>/<hidden>/<hidden>/<hidden>/<hidden>/<hidden>
  -------------------------------------------------------------------
                         required time                          9.615                     
                         arrival time                          -8.885                     
  -------------------------------------------------------------------
                         slack                                  0.729                     

Slack (MET) :             0.737ns  (required time - arrival time)
  Source:                 <hidden>/<hidden>/<hidden>/<hidden>/<hidden>/<hidden>/<hidden>
                            (rising edge-triggered cell FDRE clocked by clk_main_a0  {rise@0.000ns fall@2.000ns period=4.000ns})
  Destination:            <hidden>/<hidden>/<hidden>/<hidden>/<hidden>/<hidden>/<hidden>
                            (rising edge-triggered cell FDRE clocked by clk_main_a0  {rise@0.000ns fall@2.000ns period=4.000ns})
  Path Group:             clk_main_a0
  Path Type:              Setup (Max at Slow Process Corner)
  Requirement:            4.000ns  (clk_main_a0 rise@4.000ns - clk_main_a0 rise@0.000ns)
  Data Path Delay:        2.998ns  (logic 0.189ns (6.304%)  route 2.809ns (93.696%))
  Logic Levels:           1  (LUT3=1)
  Clock Path Skew:        -0.231ns (DCD - SCD + CPR)
    Destination Clock Delay (DCD):    5.943ns = ( 9.943 - 4.000 ) 
    Source Clock Delay      (SCD):    5.880ns
    Clock Pessimism Removal (CPR):    -0.295ns
  Clock Uncertainty:      0.059ns  ((TSJ^2 + DJ^2)^1/2) / 2 + PE
    Total System Jitter     (TSJ):    0.071ns
    Discrete Jitter          (DJ):    0.094ns
    Phase Error              (PE):    0.000ns
  Clock Net Delay (Source):      2.462ns (routing 0.460ns, distribution 2.002ns)
  Clock Net Delay (Destination): 2.182ns (routing 0.419ns, distribution 1.763ns)

    Location             Delay type                Incr(ns)  Path(ns)    Partition      Netlist Resource(s)
  -------------------------------------------------------------------    ----------------------------------
                         (clock clk_main_a0 rise edge)
                                                      0.000     0.000 r                 
    BJ4                                               0.000     0.000 r  static         <hidden>
                         net (fo=0)                   0.100     0.100    static         <hidden>/<hidden>/<hidden>/<hidden>
    HPIOBDIFFINBUF_X0Y130.DIFF_IN_P
                                                                      r  static         <hidden>/<hidden>/<hidden>/<hidden>
    HPIOBDIFFINBUF_X0Y130.O
                         DIFFINBUF (Prop_DIFFINBUF_HPIOBDIFFINBUF_DIFF_IN_P_O)
                                                      0.863     0.963 r  static         <hidden>/<hidden>/<hidden>/<hidden>
                         net (fo=1, routed)           0.050     1.013    static         <hidden>/<hidden>/<hidden>/<hidden>
    BJ4.I                                                             r  static         <hidden>/<hidden>/<hidden>/<hidden>
    BJ4.O                IBUFCTRL (Prop_IBUFCTRL_HPIOB_M_I_O)
                                                      0.000     1.013 r  static         <hidden>/<hidden>/<hidden>/<hidden>
                         net (fo=1, routed)           0.348     1.361    static         <hidden>/<hidden>/<hidden>
    BUFGCE_X0Y122.I                                                   r  static         <hidden>/<hidden>/<hidden>
    BUFGCE_X0Y122.O      BUFGCE (Prop_BUFCE_BUFGCE_I_O)
                                                      0.028     1.389 r  static         <hidden>/<hidden>/<hidden>
                         net (fo=3, routed)           1.883     3.272    static         <hidden>/<hidden>/<hidden>/<hidden>/<hidden>/<hidden>/<hidden>/<hidden>
    MMCM_X0Y5.CLKIN1                                                  r  static         <hidden>/<hidden>/<hidden>/<hidden>/<hidden>/<hidden>/<hidden>/<hidden>
    MMCM_X0Y5.CLKOUT0    MMCME4_ADV (Prop_MMCM_CLKIN1_CLKOUT0)
                                                     -0.127     3.145 r  static         <hidden>/<hidden>/<hidden>/<hidden>/<hidden>/<hidden>/<hidden>/<hidden>
                         net (fo=2, routed)           0.245     3.390    static         <hidden>/<hidden>/<hidden>/<hidden>
    BUFGCE_X0Y136.I                                                   r  static         <hidden>/<hidden>/<hidden>/<hidden>
    BUFGCE_X0Y136.O      BUFGCE (Prop_BUFCE_BUFGCE_I_O)
                                                      0.028     3.418 r  static         <hidden>/<hidden>/<hidden>/<hidden>
    X3Y5 (CLOCK_ROOT)    net (fo=4881, routed)        2.462     5.880    static         <hidden>/<hidden>/<hidden>/<hidden>/<hidden>/<hidden>/<hidden>
    SLICE_X176Y460.CLK   FDRE                                         r  static         <hidden>/<hidden>/<hidden>/<hidden>/<hidden>/<hidden>/<hidden>
  -------------------------------------------------------------------    ----------------------------------
    SLICE_X176Y460.Q     FDRE (Prop_CFF_SLICEM_C_Q)
                                                      0.078     5.958 f  static         <hidden>/<hidden>/<hidden>/<hidden>/<hidden>/<hidden>/<hidden>
                         net (fo=1065, routed)        2.782     8.739    static         <hidden>/<hidden>/<hidden>/<hidden>/<hidden>/<hidden>/<hidden>
    SLICE_X176Y393.A3                                                 f  static         <hidden>/<hidden>/<hidden>/<hidden>/<hidden>/<hidden>/<hidden>
    SLICE_X176Y393.O5    LUT3 (Prop_C5LUT_SLICEM_I2_O)
                                                      0.111     8.850 r  static         <hidden>/<hidden>/<hidden>/<hidden>/<hidden>/<hidden>/<hidden>
                         net (fo=1, routed)           0.027     8.877    static         <hidden>/<hidden>/<hidden>/<hidden>/<hidden>/<hidden>/<hidden>
    SLICE_X176Y393.D     FDRE                                         r  static         <hidden>/<hidden>/<hidden>/<hidden>/<hidden>/<hidden>/<hidden>
  -------------------------------------------------------------------    ----------------------------------

                         (clock clk_main_a0 rise edge)
                                                      4.000     4.000 r                 
    BJ4                                               0.000     4.000 r  static         <hidden>
                         net (fo=0)                   0.079     4.079    static         <hidden>/<hidden>/<hidden>/<hidden>
    HPIOBDIFFINBUF_X0Y130.DIFF_IN_P
                                                                      r  static         <hidden>/<hidden>/<hidden>/<hidden>
    HPIOBDIFFINBUF_X0Y130.O
                         DIFFINBUF (Prop_DIFFINBUF_HPIOBDIFFINBUF_DIFF_IN_P_O)
                                                      0.750     4.829 r  static         <hidden>/<hidden>/<hidden>/<hidden>
                         net (fo=1, routed)           0.040     4.869    static         <hidden>/<hidden>/<hidden>/<hidden>
    BJ4.I                                                             r  static         <hidden>/<hidden>/<hidden>/<hidden>
    BJ4.O                IBUFCTRL (Prop_IBUFCTRL_HPIOB_M_I_O)
                                                      0.000     4.869 r  static         <hidden>/<hidden>/<hidden>/<hidden>
                         net (fo=1, routed)           0.309     5.178    static         <hidden>/<hidden>/<hidden>
    BUFGCE_X0Y122.I                                                   r  static         <hidden>/<hidden>/<hidden>
    BUFGCE_X0Y122.O      BUFGCE (Prop_BUFCE_BUFGCE_I_O)
                                                      0.024     5.202 r  static         <hidden>/<hidden>/<hidden>
                         net (fo=3, routed)           1.690     6.892    static         <hidden>/<hidden>/<hidden>/<hidden>/<hidden>/<hidden>/<hidden>/<hidden>
    MMCM_X0Y5.CLKIN1                                                  r  static         <hidden>/<hidden>/<hidden>/<hidden>/<hidden>/<hidden>/<hidden>/<hidden>
    MMCM_X0Y5.CLKOUT0    MMCME4_ADV (Prop_MMCM_CLKIN1_CLKOUT0)
                                                      0.630     7.522 r  static         <hidden>/<hidden>/<hidden>/<hidden>/<hidden>/<hidden>/<hidden>/<hidden>
                         net (fo=2, routed)           0.215     7.737    static         <hidden>/<hidden>/<hidden>/<hidden>
    BUFGCE_X0Y136.I                                                   r  static         <hidden>/<hidden>/<hidden>/<hidden>
    BUFGCE_X0Y136.O      BUFGCE (Prop_BUFCE_BUFGCE_I_O)
                                                      0.024     7.761 r  static         <hidden>/<hidden>/<hidden>/<hidden>
    X3Y5 (CLOCK_ROOT)    net (fo=4881, routed)        2.182     9.943    static         <hidden>/<hidden>/<hidden>/<hidden>/<hidden>/<hidden>/<hidden>
    SLICE_X176Y393.CLK   FDRE                                         r  static         <hidden>/<hidden>/<hidden>/<hidden>/<hidden>/<hidden>/<hidden>
                         clock pessimism             -0.295     9.648                     
                         clock uncertainty           -0.059     9.590                     
    SLICE_X176Y393       FDRE (Setup_CFF2_SLICEM_C_D)
                                                      0.025     9.615    static           <hidden>/<hidden>/<hidden>/<hidden>/<hidden>/<hidden>/<hidden>
  -------------------------------------------------------------------
                         required time                          9.615                     
                         arrival time                          -8.877                     
  -------------------------------------------------------------------
                         slack                                  0.737                     

Slack (MET) :             0.748ns  (required time - arrival time)
  Source:                 <hidden>/<hidden>/<hidden>/<hidden>/<hidden>/<hidden>/<hidden>
                            (rising edge-triggered cell FDRE clocked by clk_main_a0  {rise@0.000ns fall@2.000ns period=4.000ns})
  Destination:            <hidden>/<hidden>/<hidden>/<hidden>/<hidden>/<hidden>/<hidden>
                            (rising edge-triggered cell FDRE clocked by clk_main_a0  {rise@0.000ns fall@2.000ns period=4.000ns})
  Path Group:             clk_main_a0
  Path Type:              Setup (Max at Slow Process Corner)
  Requirement:            4.000ns  (clk_main_a0 rise@4.000ns - clk_main_a0 rise@0.000ns)
  Data Path Delay:        3.015ns  (logic 0.228ns (7.563%)  route 2.787ns (92.437%))
  Logic Levels:           1  (LUT3=1)
  Clock Path Skew:        -0.204ns (DCD - SCD + CPR)
    Destination Clock Delay (DCD):    5.938ns = ( 9.938 - 4.000 ) 
    Source Clock Delay      (SCD):    5.843ns
    Clock Pessimism Removal (CPR):    -0.299ns
  Clock Uncertainty:      0.059ns  ((TSJ^2 + DJ^2)^1/2) / 2 + PE
    Total System Jitter     (TSJ):    0.071ns
    Discrete Jitter          (DJ):    0.094ns
    Phase Error              (PE):    0.000ns
  Clock Net Delay (Source):      2.425ns (routing 0.460ns, distribution 1.965ns)
  Clock Net Delay (Destination): 2.176ns (routing 0.419ns, distribution 1.757ns)

    Location             Delay type                Incr(ns)  Path(ns)    Partition      Netlist Resource(s)
  -------------------------------------------------------------------    ----------------------------------
                         (clock clk_main_a0 rise edge)
                                                      0.000     0.000 r                 
    BJ4                                               0.000     0.000 r  static         <hidden>
                         net (fo=0)                   0.100     0.100    static         <hidden>/<hidden>/<hidden>/<hidden>
    HPIOBDIFFINBUF_X0Y130.DIFF_IN_P
                                                                      r  static         <hidden>/<hidden>/<hidden>/<hidden>
    HPIOBDIFFINBUF_X0Y130.O
                         DIFFINBUF (Prop_DIFFINBUF_HPIOBDIFFINBUF_DIFF_IN_P_O)
                                                      0.863     0.963 r  static         <hidden>/<hidden>/<hidden>/<hidden>
                         net (fo=1, routed)           0.050     1.013    static         <hidden>/<hidden>/<hidden>/<hidden>
    BJ4.I                                                             r  static         <hidden>/<hidden>/<hidden>/<hidden>
    BJ4.O                IBUFCTRL (Prop_IBUFCTRL_HPIOB_M_I_O)
                                                      0.000     1.013 r  static         <hidden>/<hidden>/<hidden>/<hidden>
                         net (fo=1, routed)           0.348     1.361    static         <hidden>/<hidden>/<hidden>
    BUFGCE_X0Y122.I                                                   r  static         <hidden>/<hidden>/<hidden>
    BUFGCE_X0Y122.O      BUFGCE (Prop_BUFCE_BUFGCE_I_O)
                                                      0.028     1.389 r  static         <hidden>/<hidden>/<hidden>
                         net (fo=3, routed)           1.883     3.272    static         <hidden>/<hidden>/<hidden>/<hidden>/<hidden>/<hidden>/<hidden>/<hidden>
    MMCM_X0Y5.CLKIN1                                                  r  static         <hidden>/<hidden>/<hidden>/<hidden>/<hidden>/<hidden>/<hidden>/<hidden>
    MMCM_X0Y5.CLKOUT0    MMCME4_ADV (Prop_MMCM_CLKIN1_CLKOUT0)
                                                     -0.127     3.145 r  static         <hidden>/<hidden>/<hidden>/<hidden>/<hidden>/<hidden>/<hidden>/<hidden>
                         net (fo=2, routed)           0.245     3.390    static         <hidden>/<hidden>/<hidden>/<hidden>
    BUFGCE_X0Y136.I                                                   r  static         <hidden>/<hidden>/<hidden>/<hidden>
    BUFGCE_X0Y136.O      BUFGCE (Prop_BUFCE_BUFGCE_I_O)
                                                      0.028     3.418 r  static         <hidden>/<hidden>/<hidden>/<hidden>
    X3Y5 (CLOCK_ROOT)    net (fo=4881, routed)        2.425     5.843    static         <hidden>/<hidden>/<hidden>/<hidden>/<hidden>/<hidden>/<hidden>
    SLICE_X176Y300.CLK   FDRE                                         r  static         <hidden>/<hidden>/<hidden>/<hidden>/<hidden>/<hidden>/<hidden>
  -------------------------------------------------------------------    ----------------------------------
    SLICE_X176Y300.Q     FDRE (Prop_HFF2_SLICEM_C_Q)
                                                      0.078     5.921 f  static         <hidden>/<hidden>/<hidden>/<hidden>/<hidden>/<hidden>/<hidden>
                         net (fo=1157, routed)        2.736     8.656    static         <hidden>/<hidden>/<hidden>/<hidden>/<hidden>/<hidden>/<hidden>
    SLICE_X177Y241.A1                                                 f  static         <hidden>/<hidden>/<hidden>/<hidden>/<hidden>/<hidden>/<hidden>
    SLICE_X177Y241.O6    LUT3 (Prop_H6LUT_SLICEL_I2_O)
                                                      0.150     8.806 r  static         <hidden>/<hidden>/<hidden>/<hidden>/<hidden>/<hidden>/<hidden>
                         net (fo=1, routed)           0.051     8.857    static         <hidden>/<hidden>/<hidden>/<hidden>/<hidden>/<hidden>/<hidden>
    SLICE_X177Y241.D     FDRE                                         r  static         <hidden>/<hidden>/<hidden>/<hidden>/<hidden>/<hidden>/<hidden>
  -------------------------------------------------------------------    ----------------------------------

                         (clock clk_main_a0 rise edge)
                                                      4.000     4.000 r                 
    BJ4                                               0.000     4.000 r  static         <hidden>
                         net (fo=0)                   0.079     4.079    static         <hidden>/<hidden>/<hidden>/<hidden>
    HPIOBDIFFINBUF_X0Y130.DIFF_IN_P
                                                                      r  static         <hidden>/<hidden>/<hidden>/<hidden>
    HPIOBDIFFINBUF_X0Y130.O
                         DIFFINBUF (Prop_DIFFINBUF_HPIOBDIFFINBUF_DIFF_IN_P_O)
                                                      0.750     4.829 r  static         <hidden>/<hidden>/<hidden>/<hidden>
                         net (fo=1, routed)           0.040     4.869    static         <hidden>/<hidden>/<hidden>/<hidden>
    BJ4.I                                                             r  static         <hidden>/<hidden>/<hidden>/<hidden>
    BJ4.O                IBUFCTRL (Prop_IBUFCTRL_HPIOB_M_I_O)
                                                      0.000     4.869 r  static         <hidden>/<hidden>/<hidden>/<hidden>
                         net (fo=1, routed)           0.309     5.178    static         <hidden>/<hidden>/<hidden>
    BUFGCE_X0Y122.I                                                   r  static         <hidden>/<hidden>/<hidden>
    BUFGCE_X0Y122.O      BUFGCE (Prop_BUFCE_BUFGCE_I_O)
                                                      0.024     5.202 r  static         <hidden>/<hidden>/<hidden>
                         net (fo=3, routed)           1.690     6.892    static         <hidden>/<hidden>/<hidden>/<hidden>/<hidden>/<hidden>/<hidden>/<hidden>
    MMCM_X0Y5.CLKIN1                                                  r  static         <hidden>/<hidden>/<hidden>/<hidden>/<hidden>/<hidden>/<hidden>/<hidden>
    MMCM_X0Y5.CLKOUT0    MMCME4_ADV (Prop_MMCM_CLKIN1_CLKOUT0)
                                                      0.630     7.522 r  static         <hidden>/<hidden>/<hidden>/<hidden>/<hidden>/<hidden>/<hidden>/<hidden>
                         net (fo=2, routed)           0.215     7.737    static         <hidden>/<hidden>/<hidden>/<hidden>
    BUFGCE_X0Y136.I                                                   r  static         <hidden>/<hidden>/<hidden>/<hidden>
    BUFGCE_X0Y136.O      BUFGCE (Prop_BUFCE_BUFGCE_I_O)
                                                      0.024     7.761 r  static         <hidden>/<hidden>/<hidden>/<hidden>
    X3Y5 (CLOCK_ROOT)    net (fo=4881, routed)        2.176     9.938    static         <hidden>/<hidden>/<hidden>/<hidden>/<hidden>/<hidden>/<hidden>
    SLICE_X177Y241.CLK   FDRE                                         r  static         <hidden>/<hidden>/<hidden>/<hidden>/<hidden>/<hidden>/<hidden>
                         clock pessimism             -0.299     9.639                     
                         clock uncertainty           -0.059     9.580                     
    SLICE_X177Y241       FDRE (Setup_HFF_SLICEL_C_D)
                                                      0.025     9.605    static           <hidden>/<hidden>/<hidden>/<hidden>/<hidden>/<hidden>/<hidden>
  -------------------------------------------------------------------
                         required time                          9.605                     
                         arrival time                          -8.857                     
  -------------------------------------------------------------------
                         slack                                  0.748                     

Slack (MET) :             0.748ns  (required time - arrival time)
  Source:                 <hidden>/<hidden>/<hidden>/<hidden>/<hidden>/<hidden>/<hidden>
                            (rising edge-triggered cell FDRE clocked by clk_main_a0  {rise@0.000ns fall@2.000ns period=4.000ns})
  Destination:            <hidden>/<hidden>/<hidden>/<hidden>/<hidden>/<hidden>/<hidden>
                            (rising edge-triggered cell FDRE clocked by clk_main_a0  {rise@0.000ns fall@2.000ns period=4.000ns})
  Path Group:             clk_main_a0
  Path Type:              Setup (Max at Slow Process Corner)
  Requirement:            4.000ns  (clk_main_a0 rise@4.000ns - clk_main_a0 rise@0.000ns)
  Data Path Delay:        2.987ns  (logic 0.181ns (6.060%)  route 2.806ns (93.940%))
  Logic Levels:           1  (LUT3=1)
  Clock Path Skew:        -0.231ns (DCD - SCD + CPR)
    Destination Clock Delay (DCD):    5.943ns = ( 9.943 - 4.000 ) 
    Source Clock Delay      (SCD):    5.880ns
    Clock Pessimism Removal (CPR):    -0.295ns
  Clock Uncertainty:      0.059ns  ((TSJ^2 + DJ^2)^1/2) / 2 + PE
    Total System Jitter     (TSJ):    0.071ns
    Discrete Jitter          (DJ):    0.094ns
    Phase Error              (PE):    0.000ns
  Clock Net Delay (Source):      2.462ns (routing 0.460ns, distribution 2.002ns)
  Clock Net Delay (Destination): 2.182ns (routing 0.419ns, distribution 1.763ns)

    Location             Delay type                Incr(ns)  Path(ns)    Partition      Netlist Resource(s)
  -------------------------------------------------------------------    ----------------------------------
                         (clock clk_main_a0 rise edge)
                                                      0.000     0.000 r                 
    BJ4                                               0.000     0.000 r  static         <hidden>
                         net (fo=0)                   0.100     0.100    static         <hidden>/<hidden>/<hidden>/<hidden>
    HPIOBDIFFINBUF_X0Y130.DIFF_IN_P
                                                                      r  static         <hidden>/<hidden>/<hidden>/<hidden>
    HPIOBDIFFINBUF_X0Y130.O
                         DIFFINBUF (Prop_DIFFINBUF_HPIOBDIFFINBUF_DIFF_IN_P_O)
                                                      0.863     0.963 r  static         <hidden>/<hidden>/<hidden>/<hidden>
                         net (fo=1, routed)           0.050     1.013    static         <hidden>/<hidden>/<hidden>/<hidden>
    BJ4.I                                                             r  static         <hidden>/<hidden>/<hidden>/<hidden>
    BJ4.O                IBUFCTRL (Prop_IBUFCTRL_HPIOB_M_I_O)
                                                      0.000     1.013 r  static         <hidden>/<hidden>/<hidden>/<hidden>
                         net (fo=1, routed)           0.348     1.361    static         <hidden>/<hidden>/<hidden>
    BUFGCE_X0Y122.I                                                   r  static         <hidden>/<hidden>/<hidden>
    BUFGCE_X0Y122.O      BUFGCE (Prop_BUFCE_BUFGCE_I_O)
                                                      0.028     1.389 r  static         <hidden>/<hidden>/<hidden>
                         net (fo=3, routed)           1.883     3.272    static         <hidden>/<hidden>/<hidden>/<hidden>/<hidden>/<hidden>/<hidden>/<hidden>
    MMCM_X0Y5.CLKIN1                                                  r  static         <hidden>/<hidden>/<hidden>/<hidden>/<hidden>/<hidden>/<hidden>/<hidden>
    MMCM_X0Y5.CLKOUT0    MMCME4_ADV (Prop_MMCM_CLKIN1_CLKOUT0)
                                                     -0.127     3.145 r  static         <hidden>/<hidden>/<hidden>/<hidden>/<hidden>/<hidden>/<hidden>/<hidden>
                         net (fo=2, routed)           0.245     3.390    static         <hidden>/<hidden>/<hidden>/<hidden>
    BUFGCE_X0Y136.I                                                   r  static         <hidden>/<hidden>/<hidden>/<hidden>
    BUFGCE_X0Y136.O      BUFGCE (Prop_BUFCE_BUFGCE_I_O)
                                                      0.028     3.418 r  static         <hidden>/<hidden>/<hidden>/<hidden>
    X3Y5 (CLOCK_ROOT)    net (fo=4881, routed)        2.462     5.880    static         <hidden>/<hidden>/<hidden>/<hidden>/<hidden>/<hidden>/<hidden>
    SLICE_X176Y460.CLK   FDRE                                         r  static         <hidden>/<hidden>/<hidden>/<hidden>/<hidden>/<hidden>/<hidden>
  -------------------------------------------------------------------    ----------------------------------
    SLICE_X176Y460.Q     FDRE (Prop_CFF_SLICEM_C_Q)
                                                      0.078     5.958 f  static         <hidden>/<hidden>/<hidden>/<hidden>/<hidden>/<hidden>/<hidden>
                         net (fo=1065, routed)        2.780     8.737    static         <hidden>/<hidden>/<hidden>/<hidden>/<hidden>/<hidden>/<hidden>
    SLICE_X176Y393.A4                                                 f  static         <hidden>/<hidden>/<hidden>/<hidden>/<hidden>/<hidden>/<hidden>
    SLICE_X176Y393.O5    LUT3 (Prop_B5LUT_SLICEM_I2_O)
                                                      0.103     8.840 r  static         <hidden>/<hidden>/<hidden>/<hidden>/<hidden>/<hidden>/<hidden>
                         net (fo=1, routed)           0.026     8.866    static         <hidden>/<hidden>/<hidden>/<hidden>/<hidden>/<hidden>/<hidden>
    SLICE_X176Y393.D     FDRE                                         r  static         <hidden>/<hidden>/<hidden>/<hidden>/<hidden>/<hidden>/<hidden>
  -------------------------------------------------------------------    ----------------------------------

                         (clock clk_main_a0 rise edge)
                                                      4.000     4.000 r                 
    BJ4                                               0.000     4.000 r  static         <hidden>
                         net (fo=0)                   0.079     4.079    static         <hidden>/<hidden>/<hidden>/<hidden>
    HPIOBDIFFINBUF_X0Y130.DIFF_IN_P
                                                                      r  static         <hidden>/<hidden>/<hidden>/<hidden>
    HPIOBDIFFINBUF_X0Y130.O
                         DIFFINBUF (Prop_DIFFINBUF_HPIOBDIFFINBUF_DIFF_IN_P_O)
                                                      0.750     4.829 r  static         <hidden>/<hidden>/<hidden>/<hidden>
                         net (fo=1, routed)           0.040     4.869    static         <hidden>/<hidden>/<hidden>/<hidden>
    BJ4.I                                                             r  static         <hidden>/<hidden>/<hidden>/<hidden>
    BJ4.O                IBUFCTRL (Prop_IBUFCTRL_HPIOB_M_I_O)
                                                      0.000     4.869 r  static         <hidden>/<hidden>/<hidden>/<hidden>
                         net (fo=1, routed)           0.309     5.178    static         <hidden>/<hidden>/<hidden>
    BUFGCE_X0Y122.I                                                   r  static         <hidden>/<hidden>/<hidden>
    BUFGCE_X0Y122.O      BUFGCE (Prop_BUFCE_BUFGCE_I_O)
                                                      0.024     5.202 r  static         <hidden>/<hidden>/<hidden>
                         net (fo=3, routed)           1.690     6.892    static         <hidden>/<hidden>/<hidden>/<hidden>/<hidden>/<hidden>/<hidden>/<hidden>
    MMCM_X0Y5.CLKIN1                                                  r  static         <hidden>/<hidden>/<hidden>/<hidden>/<hidden>/<hidden>/<hidden>/<hidden>
    MMCM_X0Y5.CLKOUT0    MMCME4_ADV (Prop_MMCM_CLKIN1_CLKOUT0)
                                                      0.630     7.522 r  static         <hidden>/<hidden>/<hidden>/<hidden>/<hidden>/<hidden>/<hidden>/<hidden>
                         net (fo=2, routed)           0.215     7.737    static         <hidden>/<hidden>/<hidden>/<hidden>
    BUFGCE_X0Y136.I                                                   r  static         <hidden>/<hidden>/<hidden>/<hidden>
    BUFGCE_X0Y136.O      BUFGCE (Prop_BUFCE_BUFGCE_I_O)
                                                      0.024     7.761 r  static         <hidden>/<hidden>/<hidden>/<hidden>
    X3Y5 (CLOCK_ROOT)    net (fo=4881, routed)        2.182     9.943    static         <hidden>/<hidden>/<hidden>/<hidden>/<hidden>/<hidden>/<hidden>
    SLICE_X176Y393.CLK   FDRE                                         r  static         <hidden>/<hidden>/<hidden>/<hidden>/<hidden>/<hidden>/<hidden>
                         clock pessimism             -0.295     9.648                     
                         clock uncertainty           -0.059     9.590                     
    SLICE_X176Y393       FDRE (Setup_BFF2_SLICEM_C_D)
                                                      0.025     9.615    static           <hidden>/<hidden>/<hidden>/<hidden>/<hidden>/<hidden>/<hidden>
  -------------------------------------------------------------------
                         required time                          9.615                     
                         arrival time                          -8.866                     
  -------------------------------------------------------------------
                         slack                                  0.748                     

Slack (MET) :             0.776ns  (required time - arrival time)
  Source:                 <hidden>/<hidden>/<hidden>/<hidden>/<hidden>/<hidden>/<hidden>
                            (rising edge-triggered cell FDRE clocked by clk_main_a0  {rise@0.000ns fall@2.000ns period=4.000ns})
  Destination:            <hidden>/<hidden>/<hidden>/<hidden>/<hidden>/<hidden>/<hidden>
                            (rising edge-triggered cell FDRE clocked by clk_main_a0  {rise@0.000ns fall@2.000ns period=4.000ns})
  Path Group:             clk_main_a0
  Path Type:              Setup (Max at Slow Process Corner)
  Requirement:            4.000ns  (clk_main_a0 rise@4.000ns - clk_main_a0 rise@0.000ns)
  Data Path Delay:        2.987ns  (logic 0.236ns (7.901%)  route 2.751ns (92.099%))
  Logic Levels:           1  (LUT3=1)
  Clock Path Skew:        -0.204ns (DCD - SCD + CPR)
    Destination Clock Delay (DCD):    5.938ns = ( 9.938 - 4.000 ) 
    Source Clock Delay      (SCD):    5.843ns
    Clock Pessimism Removal (CPR):    -0.299ns
  Clock Uncertainty:      0.059ns  ((TSJ^2 + DJ^2)^1/2) / 2 + PE
    Total System Jitter     (TSJ):    0.071ns
    Discrete Jitter          (DJ):    0.094ns
    Phase Error              (PE):    0.000ns
  Clock Net Delay (Source):      2.425ns (routing 0.460ns, distribution 1.965ns)
  Clock Net Delay (Destination): 2.176ns (routing 0.419ns, distribution 1.757ns)

    Location             Delay type                Incr(ns)  Path(ns)    Partition      Netlist Resource(s)
  -------------------------------------------------------------------    ----------------------------------
                         (clock clk_main_a0 rise edge)
                                                      0.000     0.000 r                 
    BJ4                                               0.000     0.000 r  static         <hidden>
                         net (fo=0)                   0.100     0.100    static         <hidden>/<hidden>/<hidden>/<hidden>
    HPIOBDIFFINBUF_X0Y130.DIFF_IN_P
                                                                      r  static         <hidden>/<hidden>/<hidden>/<hidden>
    HPIOBDIFFINBUF_X0Y130.O
                         DIFFINBUF (Prop_DIFFINBUF_HPIOBDIFFINBUF_DIFF_IN_P_O)
                                                      0.863     0.963 r  static         <hidden>/<hidden>/<hidden>/<hidden>
                         net (fo=1, routed)           0.050     1.013    static         <hidden>/<hidden>/<hidden>/<hidden>
    BJ4.I                                                             r  static         <hidden>/<hidden>/<hidden>/<hidden>
    BJ4.O                IBUFCTRL (Prop_IBUFCTRL_HPIOB_M_I_O)
                                                      0.000     1.013 r  static         <hidden>/<hidden>/<hidden>/<hidden>
                         net (fo=1, routed)           0.348     1.361    static         <hidden>/<hidden>/<hidden>
    BUFGCE_X0Y122.I                                                   r  static         <hidden>/<hidden>/<hidden>
    BUFGCE_X0Y122.O      BUFGCE (Prop_BUFCE_BUFGCE_I_O)
                                                      0.028     1.389 r  static         <hidden>/<hidden>/<hidden>
                         net (fo=3, routed)           1.883     3.272    static         <hidden>/<hidden>/<hidden>/<hidden>/<hidden>/<hidden>/<hidden>/<hidden>
    MMCM_X0Y5.CLKIN1                                                  r  static         <hidden>/<hidden>/<hidden>/<hidden>/<hidden>/<hidden>/<hidden>/<hidden>
    MMCM_X0Y5.CLKOUT0    MMCME4_ADV (Prop_MMCM_CLKIN1_CLKOUT0)
                                                     -0.127     3.145 r  static         <hidden>/<hidden>/<hidden>/<hidden>/<hidden>/<hidden>/<hidden>/<hidden>
                         net (fo=2, routed)           0.245     3.390    static         <hidden>/<hidden>/<hidden>/<hidden>
    BUFGCE_X0Y136.I                                                   r  static         <hidden>/<hidden>/<hidden>/<hidden>
    BUFGCE_X0Y136.O      BUFGCE (Prop_BUFCE_BUFGCE_I_O)
                                                      0.028     3.418 r  static         <hidden>/<hidden>/<hidden>/<hidden>
    X3Y5 (CLOCK_ROOT)    net (fo=4881, routed)        2.425     5.843    static         <hidden>/<hidden>/<hidden>/<hidden>/<hidden>/<hidden>/<hidden>
    SLICE_X176Y300.CLK   FDRE                                         r  static         <hidden>/<hidden>/<hidden>/<hidden>/<hidden>/<hidden>/<hidden>
  -------------------------------------------------------------------    ----------------------------------
    SLICE_X176Y300.Q     FDRE (Prop_HFF2_SLICEM_C_Q)
                                                      0.078     5.921 f  static         <hidden>/<hidden>/<hidden>/<hidden>/<hidden>/<hidden>/<hidden>
                         net (fo=1157, routed)        2.736     8.656    static         <hidden>/<hidden>/<hidden>/<hidden>/<hidden>/<hidden>/<hidden>
    SLICE_X177Y241.A1                                                 f  static         <hidden>/<hidden>/<hidden>/<hidden>/<hidden>/<hidden>/<hidden>
    SLICE_X177Y241.O5    LUT3 (Prop_H5LUT_SLICEL_I2_O)
                                                      0.158     8.814 r  static         <hidden>/<hidden>/<hidden>/<hidden>/<hidden>/<hidden>/<hidden>
                         net (fo=1, routed)           0.015     8.829    static         <hidden>/<hidden>/<hidden>/<hidden>/<hidden>/<hidden>/<hidden>
    SLICE_X177Y241.D     FDRE                                         r  static         <hidden>/<hidden>/<hidden>/<hidden>/<hidden>/<hidden>/<hidden>
  -------------------------------------------------------------------    ----------------------------------

                         (clock clk_main_a0 rise edge)
                                                      4.000     4.000 r                 
    BJ4                                               0.000     4.000 r  static         <hidden>
                         net (fo=0)                   0.079     4.079    static         <hidden>/<hidden>/<hidden>/<hidden>
    HPIOBDIFFINBUF_X0Y130.DIFF_IN_P
                                                                      r  static         <hidden>/<hidden>/<hidden>/<hidden>
    HPIOBDIFFINBUF_X0Y130.O
                         DIFFINBUF (Prop_DIFFINBUF_HPIOBDIFFINBUF_DIFF_IN_P_O)
                                                      0.750     4.829 r  static         <hidden>/<hidden>/<hidden>/<hidden>
                         net (fo=1, routed)           0.040     4.869    static         <hidden>/<hidden>/<hidden>/<hidden>
    BJ4.I                                                             r  static         <hidden>/<hidden>/<hidden>/<hidden>
    BJ4.O                IBUFCTRL (Prop_IBUFCTRL_HPIOB_M_I_O)
                                                      0.000     4.869 r  static         <hidden>/<hidden>/<hidden>/<hidden>
                         net (fo=1, routed)           0.309     5.178    static         <hidden>/<hidden>/<hidden>
    BUFGCE_X0Y122.I                                                   r  static         <hidden>/<hidden>/<hidden>
    BUFGCE_X0Y122.O      BUFGCE (Prop_BUFCE_BUFGCE_I_O)
                                                      0.024     5.202 r  static         <hidden>/<hidden>/<hidden>
                         net (fo=3, routed)           1.690     6.892    static         <hidden>/<hidden>/<hidden>/<hidden>/<hidden>/<hidden>/<hidden>/<hidden>
    MMCM_X0Y5.CLKIN1                                                  r  static         <hidden>/<hidden>/<hidden>/<hidden>/<hidden>/<hidden>/<hidden>/<hidden>
    MMCM_X0Y5.CLKOUT0    MMCME4_ADV (Prop_MMCM_CLKIN1_CLKOUT0)
                                                      0.630     7.522 r  static         <hidden>/<hidden>/<hidden>/<hidden>/<hidden>/<hidden>/<hidden>/<hidden>
                         net (fo=2, routed)           0.215     7.737    static         <hidden>/<hidden>/<hidden>/<hidden>
    BUFGCE_X0Y136.I                                                   r  static         <hidden>/<hidden>/<hidden>/<hidden>
    BUFGCE_X0Y136.O      BUFGCE (Prop_BUFCE_BUFGCE_I_O)
                                                      0.024     7.761 r  static         <hidden>/<hidden>/<hidden>/<hidden>
    X3Y5 (CLOCK_ROOT)    net (fo=4881, routed)        2.176     9.938    static         <hidden>/<hidden>/<hidden>/<hidden>/<hidden>/<hidden>/<hidden>
    SLICE_X177Y241.CLK   FDRE                                         r  static         <hidden>/<hidden>/<hidden>/<hidden>/<hidden>/<hidden>/<hidden>
                         clock pessimism             -0.299     9.639                     
                         clock uncertainty           -0.059     9.580                     
    SLICE_X177Y241       FDRE (Setup_HFF2_SLICEL_C_D)
                                                      0.025     9.605    static           <hidden>/<hidden>/<hidden>/<hidden>/<hidden>/<hidden>/<hidden>
  -------------------------------------------------------------------
                         required time                          9.605                     
                         arrival time                          -8.829                     
  -------------------------------------------------------------------
                         slack                                  0.776                     

Slack (MET) :             0.784ns  (required time - arrival time)
  Source:                 <hidden>/<hidden>/<hidden>/<hidden>/<hidden>/<hidden>/<hidden>
                            (rising edge-triggered cell FDRE clocked by clk_main_a0  {rise@0.000ns fall@2.000ns period=4.000ns})
  Destination:            <hidden>/<hidden>/<hidden>/<hidden>/<hidden>/<hidden>/<hidden>
                            (rising edge-triggered cell FDRE clocked by clk_main_a0  {rise@0.000ns fall@2.000ns period=4.000ns})
  Path Group:             clk_main_a0
  Path Type:              Setup (Max at Slow Process Corner)
  Requirement:            4.000ns  (clk_main_a0 rise@4.000ns - clk_main_a0 rise@0.000ns)
  Data Path Delay:        2.952ns  (logic 0.201ns (6.808%)  route 2.751ns (93.192%))
  Logic Levels:           1  (LUT3=1)
  Clock Path Skew:        -0.230ns (DCD - SCD + CPR)
    Destination Clock Delay (DCD):    5.944ns = ( 9.944 - 4.000 ) 
    Source Clock Delay      (SCD):    5.880ns
    Clock Pessimism Removal (CPR):    -0.295ns
  Clock Uncertainty:      0.059ns  ((TSJ^2 + DJ^2)^1/2) / 2 + PE
    Total System Jitter     (TSJ):    0.071ns
    Discrete Jitter          (DJ):    0.094ns
    Phase Error              (PE):    0.000ns
  Clock Net Delay (Source):      2.462ns (routing 0.460ns, distribution 2.002ns)
  Clock Net Delay (Destination): 2.183ns (routing 0.419ns, distribution 1.764ns)

    Location             Delay type                Incr(ns)  Path(ns)    Partition      Netlist Resource(s)
  -------------------------------------------------------------------    ----------------------------------
                         (clock clk_main_a0 rise edge)
                                                      0.000     0.000 r                 
    BJ4                                               0.000     0.000 r  static         <hidden>
                         net (fo=0)                   0.100     0.100    static         <hidden>/<hidden>/<hidden>/<hidden>
    HPIOBDIFFINBUF_X0Y130.DIFF_IN_P
                                                                      r  static         <hidden>/<hidden>/<hidden>/<hidden>
    HPIOBDIFFINBUF_X0Y130.O
                         DIFFINBUF (Prop_DIFFINBUF_HPIOBDIFFINBUF_DIFF_IN_P_O)
                                                      0.863     0.963 r  static         <hidden>/<hidden>/<hidden>/<hidden>
                         net (fo=1, routed)           0.050     1.013    static         <hidden>/<hidden>/<hidden>/<hidden>
    BJ4.I                                                             r  static         <hidden>/<hidden>/<hidden>/<hidden>
    BJ4.O                IBUFCTRL (Prop_IBUFCTRL_HPIOB_M_I_O)
                                                      0.000     1.013 r  static         <hidden>/<hidden>/<hidden>/<hidden>
                         net (fo=1, routed)           0.348     1.361    static         <hidden>/<hidden>/<hidden>
    BUFGCE_X0Y122.I                                                   r  static         <hidden>/<hidden>/<hidden>
    BUFGCE_X0Y122.O      BUFGCE (Prop_BUFCE_BUFGCE_I_O)
                                                      0.028     1.389 r  static         <hidden>/<hidden>/<hidden>
                         net (fo=3, routed)           1.883     3.272    static         <hidden>/<hidden>/<hidden>/<hidden>/<hidden>/<hidden>/<hidden>/<hidden>
    MMCM_X0Y5.CLKIN1                                                  r  static         <hidden>/<hidden>/<hidden>/<hidden>/<hidden>/<hidden>/<hidden>/<hidden>
    MMCM_X0Y5.CLKOUT0    MMCME4_ADV (Prop_MMCM_CLKIN1_CLKOUT0)
                                                     -0.127     3.145 r  static         <hidden>/<hidden>/<hidden>/<hidden>/<hidden>/<hidden>/<hidden>/<hidden>
                         net (fo=2, routed)           0.245     3.390    static         <hidden>/<hidden>/<hidden>/<hidden>
    BUFGCE_X0Y136.I                                                   r  static         <hidden>/<hidden>/<hidden>/<hidden>
    BUFGCE_X0Y136.O      BUFGCE (Prop_BUFCE_BUFGCE_I_O)
                                                      0.028     3.418 r  static         <hidden>/<hidden>/<hidden>/<hidden>
    X3Y5 (CLOCK_ROOT)    net (fo=4881, routed)        2.462     5.880    static         <hidden>/<hidden>/<hidden>/<hidden>/<hidden>/<hidden>/<hidden>
    SLICE_X176Y460.CLK   FDRE                                         r  static         <hidden>/<hidden>/<hidden>/<hidden>/<hidden>/<hidden>/<hidden>
  -------------------------------------------------------------------    ----------------------------------
    SLICE_X176Y460.Q     FDRE (Prop_CFF_SLICEM_C_Q)
                                                      0.078     5.958 f  static         <hidden>/<hidden>/<hidden>/<hidden>/<hidden>/<hidden>/<hidden>
                         net (fo=1065, routed)        2.692     8.650    static         <hidden>/<hidden>/<hidden>/<hidden>/<hidden>/<hidden>/<hidden>
    SLICE_X176Y394.A2                                                 f  static         <hidden>/<hidden>/<hidden>/<hidden>/<hidden>/<hidden>/<hidden>
    SLICE_X176Y394.O6    LUT3 (Prop_G6LUT_SLICEM_I2_O)
                                                      0.123     8.773 r  static         <hidden>/<hidden>/<hidden>/<hidden>/<hidden>/<hidden>/<hidden>
                         net (fo=1, routed)           0.059     8.832    static         <hidden>/<hidden>/<hidden>/<hidden>/<hidden>/<hidden>/<hidden>
    SLICE_X176Y394.D     FDRE                                         r  static         <hidden>/<hidden>/<hidden>/<hidden>/<hidden>/<hidden>/<hidden>
  -------------------------------------------------------------------    ----------------------------------

                         (clock clk_main_a0 rise edge)
                                                      4.000     4.000 r                 
    BJ4                                               0.000     4.000 r  static         <hidden>
                         net (fo=0)                   0.079     4.079    static         <hidden>/<hidden>/<hidden>/<hidden>
    HPIOBDIFFINBUF_X0Y130.DIFF_IN_P
                                                                      r  static         <hidden>/<hidden>/<hidden>/<hidden>
    HPIOBDIFFINBUF_X0Y130.O
                         DIFFINBUF (Prop_DIFFINBUF_HPIOBDIFFINBUF_DIFF_IN_P_O)
                                                      0.750     4.829 r  static         <hidden>/<hidden>/<hidden>/<hidden>
                         net (fo=1, routed)           0.040     4.869    static         <hidden>/<hidden>/<hidden>/<hidden>
    BJ4.I                                                             r  static         <hidden>/<hidden>/<hidden>/<hidden>
    BJ4.O                IBUFCTRL (Prop_IBUFCTRL_HPIOB_M_I_O)
                                                      0.000     4.869 r  static         <hidden>/<hidden>/<hidden>/<hidden>
                         net (fo=1, routed)           0.309     5.178    static         <hidden>/<hidden>/<hidden>
    BUFGCE_X0Y122.I                                                   r  static         <hidden>/<hidden>/<hidden>
    BUFGCE_X0Y122.O      BUFGCE (Prop_BUFCE_BUFGCE_I_O)
                                                      0.024     5.202 r  static         <hidden>/<hidden>/<hidden>
                         net (fo=3, routed)           1.690     6.892    static         <hidden>/<hidden>/<hidden>/<hidden>/<hidden>/<hidden>/<hidden>/<hidden>
    MMCM_X0Y5.CLKIN1                                                  r  static         <hidden>/<hidden>/<hidden>/<hidden>/<hidden>/<hidden>/<hidden>/<hidden>
    MMCM_X0Y5.CLKOUT0    MMCME4_ADV (Prop_MMCM_CLKIN1_CLKOUT0)
                                                      0.630     7.522 r  static         <hidden>/<hidden>/<hidden>/<hidden>/<hidden>/<hidden>/<hidden>/<hidden>
                         net (fo=2, routed)           0.215     7.737    static         <hidden>/<hidden>/<hidden>/<hidden>
    BUFGCE_X0Y136.I                                                   r  static         <hidden>/<hidden>/<hidden>/<hidden>
    BUFGCE_X0Y136.O      BUFGCE (Prop_BUFCE_BUFGCE_I_O)
                                                      0.024     7.761 r  static         <hidden>/<hidden>/<hidden>/<hidden>
    X3Y5 (CLOCK_ROOT)    net (fo=4881, routed)        2.183     9.944    static         <hidden>/<hidden>/<hidden>/<hidden>/<hidden>/<hidden>/<hidden>
    SLICE_X176Y394.CLK   FDRE                                         r  static         <hidden>/<hidden>/<hidden>/<hidden>/<hidden>/<hidden>/<hidden>
                         clock pessimism             -0.295     9.649                     
                         clock uncertainty           -0.059     9.591                     
    SLICE_X176Y394       FDRE (Setup_GFF_SLICEM_C_D)
                                                      0.025     9.616    static           <hidden>/<hidden>/<hidden>/<hidden>/<hidden>/<hidden>/<hidden>
  -------------------------------------------------------------------
                         required time                          9.616                     
                         arrival time                          -8.832                     
  -------------------------------------------------------------------
                         slack                                  0.784                     

Slack (MET) :             0.806ns  (required time - arrival time)
  Source:                 <hidden>/<hidden>/<hidden>/<hidden>/<hidden>/<hidden>/<hidden>
                            (rising edge-triggered cell FDRE clocked by clk_main_a0  {rise@0.000ns fall@2.000ns period=4.000ns})
  Destination:            <hidden>/<hidden>/<hidden>/<hidden>/<hidden>/<hidden>/<hidden>
                            (rising edge-triggered cell FDRE clocked by clk_main_a0  {rise@0.000ns fall@2.000ns period=4.000ns})
  Path Group:             clk_main_a0
  Path Type:              Setup (Max at Slow Process Corner)
  Requirement:            4.000ns  (clk_main_a0 rise@4.000ns - clk_main_a0 rise@0.000ns)
  Data Path Delay:        2.930ns  (logic 0.215ns (7.337%)  route 2.715ns (92.663%))
  Logic Levels:           1  (LUT3=1)
  Clock Path Skew:        -0.230ns (DCD - SCD + CPR)
    Destination Clock Delay (DCD):    5.944ns = ( 9.944 - 4.000 ) 
    Source Clock Delay      (SCD):    5.880ns
    Clock Pessimism Removal (CPR):    -0.295ns
  Clock Uncertainty:      0.059ns  ((TSJ^2 + DJ^2)^1/2) / 2 + PE
    Total System Jitter     (TSJ):    0.071ns
    Discrete Jitter          (DJ):    0.094ns
    Phase Error              (PE):    0.000ns
  Clock Net Delay (Source):      2.462ns (routing 0.460ns, distribution 2.002ns)
  Clock Net Delay (Destination): 2.183ns (routing 0.419ns, distribution 1.764ns)

    Location             Delay type                Incr(ns)  Path(ns)    Partition      Netlist Resource(s)
  -------------------------------------------------------------------    ----------------------------------
                         (clock clk_main_a0 rise edge)
                                                      0.000     0.000 r                 
    BJ4                                               0.000     0.000 r  static         <hidden>
                         net (fo=0)                   0.100     0.100    static         <hidden>/<hidden>/<hidden>/<hidden>
    HPIOBDIFFINBUF_X0Y130.DIFF_IN_P
                                                                      r  static         <hidden>/<hidden>/<hidden>/<hidden>
    HPIOBDIFFINBUF_X0Y130.O
                         DIFFINBUF (Prop_DIFFINBUF_HPIOBDIFFINBUF_DIFF_IN_P_O)
                                                      0.863     0.963 r  static         <hidden>/<hidden>/<hidden>/<hidden>
                         net (fo=1, routed)           0.050     1.013    static         <hidden>/<hidden>/<hidden>/<hidden>
    BJ4.I                                                             r  static         <hidden>/<hidden>/<hidden>/<hidden>
    BJ4.O                IBUFCTRL (Prop_IBUFCTRL_HPIOB_M_I_O)
                                                      0.000     1.013 r  static         <hidden>/<hidden>/<hidden>/<hidden>
                         net (fo=1, routed)           0.348     1.361    static         <hidden>/<hidden>/<hidden>
    BUFGCE_X0Y122.I                                                   r  static         <hidden>/<hidden>/<hidden>
    BUFGCE_X0Y122.O      BUFGCE (Prop_BUFCE_BUFGCE_I_O)
                                                      0.028     1.389 r  static         <hidden>/<hidden>/<hidden>
                         net (fo=3, routed)           1.883     3.272    static         <hidden>/<hidden>/<hidden>/<hidden>/<hidden>/<hidden>/<hidden>/<hidden>
    MMCM_X0Y5.CLKIN1                                                  r  static         <hidden>/<hidden>/<hidden>/<hidden>/<hidden>/<hidden>/<hidden>/<hidden>
    MMCM_X0Y5.CLKOUT0    MMCME4_ADV (Prop_MMCM_CLKIN1_CLKOUT0)
                                                     -0.127     3.145 r  static         <hidden>/<hidden>/<hidden>/<hidden>/<hidden>/<hidden>/<hidden>/<hidden>
                         net (fo=2, routed)           0.245     3.390    static         <hidden>/<hidden>/<hidden>/<hidden>
    BUFGCE_X0Y136.I                                                   r  static         <hidden>/<hidden>/<hidden>/<hidden>
    BUFGCE_X0Y136.O      BUFGCE (Prop_BUFCE_BUFGCE_I_O)
                                                      0.028     3.418 r  static         <hidden>/<hidden>/<hidden>/<hidden>
    X3Y5 (CLOCK_ROOT)    net (fo=4881, routed)        2.462     5.880    static         <hidden>/<hidden>/<hidden>/<hidden>/<hidden>/<hidden>/<hidden>
    SLICE_X176Y460.CLK   FDRE                                         r  static         <hidden>/<hidden>/<hidden>/<hidden>/<hidden>/<hidden>/<hidden>
  -------------------------------------------------------------------    ----------------------------------
    SLICE_X176Y460.Q     FDRE (Prop_CFF_SLICEM_C_Q)
                                                      0.078     5.958 f  static         <hidden>/<hidden>/<hidden>/<hidden>/<hidden>/<hidden>/<hidden>
                         net (fo=1065, routed)        2.692     8.650    static         <hidden>/<hidden>/<hidden>/<hidden>/<hidden>/<hidden>/<hidden>
    SLICE_X176Y394.A2                                                 f  static         <hidden>/<hidden>/<hidden>/<hidden>/<hidden>/<hidden>/<hidden>
    SLICE_X176Y394.O5    LUT3 (Prop_G5LUT_SLICEM_I2_O)
                                                      0.137     8.787 r  static         <hidden>/<hidden>/<hidden>/<hidden>/<hidden>/<hidden>/<hidden>
                         net (fo=1, routed)           0.023     8.810    static         <hidden>/<hidden>/<hidden>/<hidden>/<hidden>/<hidden>/<hidden>
    SLICE_X176Y394.D     FDRE                                         r  static         <hidden>/<hidden>/<hidden>/<hidden>/<hidden>/<hidden>/<hidden>
  -------------------------------------------------------------------    ----------------------------------

                         (clock clk_main_a0 rise edge)
                                                      4.000     4.000 r                 
    BJ4                                               0.000     4.000 r  static         <hidden>
                         net (fo=0)                   0.079     4.079    static         <hidden>/<hidden>/<hidden>/<hidden>
    HPIOBDIFFINBUF_X0Y130.DIFF_IN_P
                                                                      r  static         <hidden>/<hidden>/<hidden>/<hidden>
    HPIOBDIFFINBUF_X0Y130.O
                         DIFFINBUF (Prop_DIFFINBUF_HPIOBDIFFINBUF_DIFF_IN_P_O)
                                                      0.750     4.829 r  static         <hidden>/<hidden>/<hidden>/<hidden>
                         net (fo=1, routed)           0.040     4.869    static         <hidden>/<hidden>/<hidden>/<hidden>
    BJ4.I                                                             r  static         <hidden>/<hidden>/<hidden>/<hidden>
    BJ4.O                IBUFCTRL (Prop_IBUFCTRL_HPIOB_M_I_O)
                                                      0.000     4.869 r  static         <hidden>/<hidden>/<hidden>/<hidden>
                         net (fo=1, routed)           0.309     5.178    static         <hidden>/<hidden>/<hidden>
    BUFGCE_X0Y122.I                                                   r  static         <hidden>/<hidden>/<hidden>
    BUFGCE_X0Y122.O      BUFGCE (Prop_BUFCE_BUFGCE_I_O)
                                                      0.024     5.202 r  static         <hidden>/<hidden>/<hidden>
                         net (fo=3, routed)           1.690     6.892    static         <hidden>/<hidden>/<hidden>/<hidden>/<hidden>/<hidden>/<hidden>/<hidden>
    MMCM_X0Y5.CLKIN1                                                  r  static         <hidden>/<hidden>/<hidden>/<hidden>/<hidden>/<hidden>/<hidden>/<hidden>
    MMCM_X0Y5.CLKOUT0    MMCME4_ADV (Prop_MMCM_CLKIN1_CLKOUT0)
                                                      0.630     7.522 r  static         <hidden>/<hidden>/<hidden>/<hidden>/<hidden>/<hidden>/<hidden>/<hidden>
                         net (fo=2, routed)           0.215     7.737    static         <hidden>/<hidden>/<hidden>/<hidden>
    BUFGCE_X0Y136.I                                                   r  static         <hidden>/<hidden>/<hidden>/<hidden>
    BUFGCE_X0Y136.O      BUFGCE (Prop_BUFCE_BUFGCE_I_O)
                                                      0.024     7.761 r  static         <hidden>/<hidden>/<hidden>/<hidden>
    X3Y5 (CLOCK_ROOT)    net (fo=4881, routed)        2.183     9.944    static         <hidden>/<hidden>/<hidden>/<hidden>/<hidden>/<hidden>/<hidden>
    SLICE_X176Y394.CLK   FDRE                                         r  static         <hidden>/<hidden>/<hidden>/<hidden>/<hidden>/<hidden>/<hidden>
                         clock pessimism             -0.295     9.649                     
                         clock uncertainty           -0.059     9.591                     
    SLICE_X176Y394       FDRE (Setup_GFF2_SLICEM_C_D)
                                                      0.025     9.616    static           <hidden>/<hidden>/<hidden>/<hidden>/<hidden>/<hidden>/<hidden>
  -------------------------------------------------------------------
                         required time                          9.616                     
                         arrival time                          -8.810                     
  -------------------------------------------------------------------
                         slack                                  0.806                     

Slack (MET) :             0.860ns  (required time - arrival time)
  Source:                 <hidden>/<hidden>/<hidden>/<hidden>/<hidden>/<hidden>/<hidden>
                            (rising edge-triggered cell FDRE clocked by clk_main_a0  {rise@0.000ns fall@2.000ns period=4.000ns})
  Destination:            <hidden>/<hidden>/<hidden>/<hidden>/<hidden>/<hidden>/<hidden>
                            (rising edge-triggered cell FDRE clocked by clk_main_a0  {rise@0.000ns fall@2.000ns period=4.000ns})
  Path Group:             clk_main_a0
  Path Type:              Setup (Max at Slow Process Corner)
  Requirement:            4.000ns  (clk_main_a0 rise@4.000ns - clk_main_a0 rise@0.000ns)
  Data Path Delay:        2.901ns  (logic 0.224ns (7.722%)  route 2.677ns (92.278%))
  Logic Levels:           1  (LUT3=1)
  Clock Path Skew:        -0.206ns (DCD - SCD + CPR)
    Destination Clock Delay (DCD):    5.936ns = ( 9.936 - 4.000 ) 
    Source Clock Delay      (SCD):    5.843ns
    Clock Pessimism Removal (CPR):    -0.299ns
  Clock Uncertainty:      0.059ns  ((TSJ^2 + DJ^2)^1/2) / 2 + PE
    Total System Jitter     (TSJ):    0.071ns
    Discrete Jitter          (DJ):    0.094ns
    Phase Error              (PE):    0.000ns
  Clock Net Delay (Source):      2.425ns (routing 0.460ns, distribution 1.965ns)
  Clock Net Delay (Destination): 2.174ns (routing 0.419ns, distribution 1.755ns)

    Location             Delay type                Incr(ns)  Path(ns)    Partition      Netlist Resource(s)
  -------------------------------------------------------------------    ----------------------------------
                         (clock clk_main_a0 rise edge)
                                                      0.000     0.000 r                 
    BJ4                                               0.000     0.000 r  static         <hidden>
                         net (fo=0)                   0.100     0.100    static         <hidden>/<hidden>/<hidden>/<hidden>
    HPIOBDIFFINBUF_X0Y130.DIFF_IN_P
                                                                      r  static         <hidden>/<hidden>/<hidden>/<hidden>
    HPIOBDIFFINBUF_X0Y130.O
                         DIFFINBUF (Prop_DIFFINBUF_HPIOBDIFFINBUF_DIFF_IN_P_O)
                                                      0.863     0.963 r  static         <hidden>/<hidden>/<hidden>/<hidden>
                         net (fo=1, routed)           0.050     1.013    static         <hidden>/<hidden>/<hidden>/<hidden>
    BJ4.I                                                             r  static         <hidden>/<hidden>/<hidden>/<hidden>
    BJ4.O                IBUFCTRL (Prop_IBUFCTRL_HPIOB_M_I_O)
                                                      0.000     1.013 r  static         <hidden>/<hidden>/<hidden>/<hidden>
                         net (fo=1, routed)           0.348     1.361    static         <hidden>/<hidden>/<hidden>
    BUFGCE_X0Y122.I                                                   r  static         <hidden>/<hidden>/<hidden>
    BUFGCE_X0Y122.O      BUFGCE (Prop_BUFCE_BUFGCE_I_O)
                                                      0.028     1.389 r  static         <hidden>/<hidden>/<hidden>
                         net (fo=3, routed)           1.883     3.272    static         <hidden>/<hidden>/<hidden>/<hidden>/<hidden>/<hidden>/<hidden>/<hidden>
    MMCM_X0Y5.CLKIN1                                                  r  static         <hidden>/<hidden>/<hidden>/<hidden>/<hidden>/<hidden>/<hidden>/<hidden>
    MMCM_X0Y5.CLKOUT0    MMCME4_ADV (Prop_MMCM_CLKIN1_CLKOUT0)
                                                     -0.127     3.145 r  static         <hidden>/<hidden>/<hidden>/<hidden>/<hidden>/<hidden>/<hidden>/<hidden>
                         net (fo=2, routed)           0.245     3.390    static         <hidden>/<hidden>/<hidden>/<hidden>
    BUFGCE_X0Y136.I                                                   r  static         <hidden>/<hidden>/<hidden>/<hidden>
    BUFGCE_X0Y136.O      BUFGCE (Prop_BUFCE_BUFGCE_I_O)
                                                      0.028     3.418 r  static         <hidden>/<hidden>/<hidden>/<hidden>
    X3Y5 (CLOCK_ROOT)    net (fo=4881, routed)        2.425     5.843    static         <hidden>/<hidden>/<hidden>/<hidden>/<hidden>/<hidden>/<hidden>
    SLICE_X176Y300.CLK   FDRE                                         r  static         <hidden>/<hidden>/<hidden>/<hidden>/<hidden>/<hidden>/<hidden>
  -------------------------------------------------------------------    ----------------------------------
    SLICE_X176Y300.Q     FDRE (Prop_HFF2_SLICEM_C_Q)
                                                      0.078     5.921 f  static         <hidden>/<hidden>/<hidden>/<hidden>/<hidden>/<hidden>/<hidden>
                         net (fo=1157, routed)        2.628     8.548    static         <hidden>/<hidden>/<hidden>/<hidden>/<hidden>/<hidden>/<hidden>
    SLICE_X177Y241.A1                                                 f  static         <hidden>/<hidden>/<hidden>/<hidden>/<hidden>/<hidden>/<hidden>
    SLICE_X177Y241.O6    LUT3 (Prop_D6LUT_SLICEL_I2_O)
                                                      0.146     8.694 r  static         <hidden>/<hidden>/<hidden>/<hidden>/<hidden>/<hidden>/<hidden>
                         net (fo=1, routed)           0.049     8.743    static         <hidden>/<hidden>/<hidden>/<hidden>/<hidden>/<hidden>/<hidden>
    SLICE_X177Y241.D     FDRE                                         r  static         <hidden>/<hidden>/<hidden>/<hidden>/<hidden>/<hidden>/<hidden>
  -------------------------------------------------------------------    ----------------------------------

                         (clock clk_main_a0 rise edge)
                                                      4.000     4.000 r                 
    BJ4                                               0.000     4.000 r  static         <hidden>
                         net (fo=0)                   0.079     4.079    static         <hidden>/<hidden>/<hidden>/<hidden>
    HPIOBDIFFINBUF_X0Y130.DIFF_IN_P
                                                                      r  static         <hidden>/<hidden>/<hidden>/<hidden>
    HPIOBDIFFINBUF_X0Y130.O
                         DIFFINBUF (Prop_DIFFINBUF_HPIOBDIFFINBUF_DIFF_IN_P_O)
                                                      0.750     4.829 r  static         <hidden>/<hidden>/<hidden>/<hidden>
                         net (fo=1, routed)           0.040     4.869    static         <hidden>/<hidden>/<hidden>/<hidden>
    BJ4.I                                                             r  static         <hidden>/<hidden>/<hidden>/<hidden>
    BJ4.O                IBUFCTRL (Prop_IBUFCTRL_HPIOB_M_I_O)
                                                      0.000     4.869 r  static         <hidden>/<hidden>/<hidden>/<hidden>
                         net (fo=1, routed)           0.309     5.178    static         <hidden>/<hidden>/<hidden>
    BUFGCE_X0Y122.I                                                   r  static         <hidden>/<hidden>/<hidden>
    BUFGCE_X0Y122.O      BUFGCE (Prop_BUFCE_BUFGCE_I_O)
                                                      0.024     5.202 r  static         <hidden>/<hidden>/<hidden>
                         net (fo=3, routed)           1.690     6.892    static         <hidden>/<hidden>/<hidden>/<hidden>/<hidden>/<hidden>/<hidden>/<hidden>
    MMCM_X0Y5.CLKIN1                                                  r  static         <hidden>/<hidden>/<hidden>/<hidden>/<hidden>/<hidden>/<hidden>/<hidden>
    MMCM_X0Y5.CLKOUT0    MMCME4_ADV (Prop_MMCM_CLKIN1_CLKOUT0)
                                                      0.630     7.522 r  static         <hidden>/<hidden>/<hidden>/<hidden>/<hidden>/<hidden>/<hidden>/<hidden>
                         net (fo=2, routed)           0.215     7.737    static         <hidden>/<hidden>/<hidden>/<hidden>
    BUFGCE_X0Y136.I                                                   r  static         <hidden>/<hidden>/<hidden>/<hidden>
    BUFGCE_X0Y136.O      BUFGCE (Prop_BUFCE_BUFGCE_I_O)
                                                      0.024     7.761 r  static         <hidden>/<hidden>/<hidden>/<hidden>
    X3Y5 (CLOCK_ROOT)    net (fo=4881, routed)        2.174     9.936    static         <hidden>/<hidden>/<hidden>/<hidden>/<hidden>/<hidden>/<hidden>
    SLICE_X177Y241.CLK   FDRE                                         r  static         <hidden>/<hidden>/<hidden>/<hidden>/<hidden>/<hidden>/<hidden>
                         clock pessimism             -0.299     9.637                     
                         clock uncertainty           -0.059     9.578                     
    SLICE_X177Y241       FDRE (Setup_DFF_SLICEL_C_D)
                                                      0.025     9.603    static           <hidden>/<hidden>/<hidden>/<hidden>/<hidden>/<hidden>/<hidden>
  -------------------------------------------------------------------
                         required time                          9.603                     
                         arrival time                          -8.743                     
  -------------------------------------------------------------------
                         slack                                  0.860                     

Slack (MET) :             0.867ns  (required time - arrival time)
  Source:                 <hidden>/<hidden>/<hidden>/<hidden>/<hidden>/<hidden>/<hidden>
                            (rising edge-triggered cell FDRE clocked by clk_main_a0  {rise@0.000ns fall@2.000ns period=4.000ns})
  Destination:            <hidden>/<hidden>/<hidden>/<hidden>/<hidden>/<hidden>/<hidden>
                            (rising edge-triggered cell FDRE clocked by clk_main_a0  {rise@0.000ns fall@2.000ns period=4.000ns})
  Path Group:             clk_main_a0
  Path Type:              Setup (Max at Slow Process Corner)
  Requirement:            4.000ns  (clk_main_a0 rise@4.000ns - clk_main_a0 rise@0.000ns)
  Data Path Delay:        2.869ns  (logic 0.169ns (5.890%)  route 2.700ns (94.110%))
  Logic Levels:           1  (LUT3=1)
  Clock Path Skew:        -0.230ns (DCD - SCD + CPR)
    Destination Clock Delay (DCD):    5.944ns = ( 9.944 - 4.000 ) 
    Source Clock Delay      (SCD):    5.880ns
    Clock Pessimism Removal (CPR):    -0.295ns
  Clock Uncertainty:      0.059ns  ((TSJ^2 + DJ^2)^1/2) / 2 + PE
    Total System Jitter     (TSJ):    0.071ns
    Discrete Jitter          (DJ):    0.094ns
    Phase Error              (PE):    0.000ns
  Clock Net Delay (Source):      2.462ns (routing 0.460ns, distribution 2.002ns)
  Clock Net Delay (Destination): 2.183ns (routing 0.419ns, distribution 1.764ns)

    Location             Delay type                Incr(ns)  Path(ns)    Partition      Netlist Resource(s)
  -------------------------------------------------------------------    ----------------------------------
                         (clock clk_main_a0 rise edge)
                                                      0.000     0.000 r                 
    BJ4                                               0.000     0.000 r  static         <hidden>
                         net (fo=0)                   0.100     0.100    static         <hidden>/<hidden>/<hidden>/<hidden>
    HPIOBDIFFINBUF_X0Y130.DIFF_IN_P
                                                                      r  static         <hidden>/<hidden>/<hidden>/<hidden>
    HPIOBDIFFINBUF_X0Y130.O
                         DIFFINBUF (Prop_DIFFINBUF_HPIOBDIFFINBUF_DIFF_IN_P_O)
                                                      0.863     0.963 r  static         <hidden>/<hidden>/<hidden>/<hidden>
                         net (fo=1, routed)           0.050     1.013    static         <hidden>/<hidden>/<hidden>/<hidden>
    BJ4.I                                                             r  static         <hidden>/<hidden>/<hidden>/<hidden>
    BJ4.O                IBUFCTRL (Prop_IBUFCTRL_HPIOB_M_I_O)
                                                      0.000     1.013 r  static         <hidden>/<hidden>/<hidden>/<hidden>
                         net (fo=1, routed)           0.348     1.361    static         <hidden>/<hidden>/<hidden>
    BUFGCE_X0Y122.I                                                   r  static         <hidden>/<hidden>/<hidden>
    BUFGCE_X0Y122.O      BUFGCE (Prop_BUFCE_BUFGCE_I_O)
                                                      0.028     1.389 r  static         <hidden>/<hidden>/<hidden>
                         net (fo=3, routed)           1.883     3.272    static         <hidden>/<hidden>/<hidden>/<hidden>/<hidden>/<hidden>/<hidden>/<hidden>
    MMCM_X0Y5.CLKIN1                                                  r  static         <hidden>/<hidden>/<hidden>/<hidden>/<hidden>/<hidden>/<hidden>/<hidden>
    MMCM_X0Y5.CLKOUT0    MMCME4_ADV (Prop_MMCM_CLKIN1_CLKOUT0)
                                                     -0.127     3.145 r  static         <hidden>/<hidden>/<hidden>/<hidden>/<hidden>/<hidden>/<hidden>/<hidden>
                         net (fo=2, routed)           0.245     3.390    static         <hidden>/<hidden>/<hidden>/<hidden>
    BUFGCE_X0Y136.I                                                   r  static         <hidden>/<hidden>/<hidden>/<hidden>
    BUFGCE_X0Y136.O      BUFGCE (Prop_BUFCE_BUFGCE_I_O)
                                                      0.028     3.418 r  static         <hidden>/<hidden>/<hidden>/<hidden>
    X3Y5 (CLOCK_ROOT)    net (fo=4881, routed)        2.462     5.880    static         <hidden>/<hidden>/<hidden>/<hidden>/<hidden>/<hidden>/<hidden>
    SLICE_X176Y460.CLK   FDRE                                         r  static         <hidden>/<hidden>/<hidden>/<hidden>/<hidden>/<hidden>/<hidden>
  -------------------------------------------------------------------    ----------------------------------
    SLICE_X176Y460.Q     FDRE (Prop_CFF_SLICEM_C_Q)
                                                      0.078     5.958 f  static         <hidden>/<hidden>/<hidden>/<hidden>/<hidden>/<hidden>/<hidden>
                         net (fo=1065, routed)        2.645     8.603    static         <hidden>/<hidden>/<hidden>/<hidden>/<hidden>/<hidden>/<hidden>
    SLICE_X176Y394.A4                                                 f  static         <hidden>/<hidden>/<hidden>/<hidden>/<hidden>/<hidden>/<hidden>
    SLICE_X176Y394.O6    LUT3 (Prop_E6LUT_SLICEM_I2_O)
                                                      0.091     8.694 r  static         <hidden>/<hidden>/<hidden>/<hidden>/<hidden>/<hidden>/<hidden>
                         net (fo=1, routed)           0.055     8.749    static         <hidden>/<hidden>/<hidden>/<hidden>/<hidden>/<hidden>/<hidden>
    SLICE_X176Y394.D     FDRE                                         r  static         <hidden>/<hidden>/<hidden>/<hidden>/<hidden>/<hidden>/<hidden>
  -------------------------------------------------------------------    ----------------------------------

                         (clock clk_main_a0 rise edge)
                                                      4.000     4.000 r                 
    BJ4                                               0.000     4.000 r  static         <hidden>
                         net (fo=0)                   0.079     4.079    static         <hidden>/<hidden>/<hidden>/<hidden>
    HPIOBDIFFINBUF_X0Y130.DIFF_IN_P
                                                                      r  static         <hidden>/<hidden>/<hidden>/<hidden>
    HPIOBDIFFINBUF_X0Y130.O
                         DIFFINBUF (Prop_DIFFINBUF_HPIOBDIFFINBUF_DIFF_IN_P_O)
                                                      0.750     4.829 r  static         <hidden>/<hidden>/<hidden>/<hidden>
                         net (fo=1, routed)           0.040     4.869    static         <hidden>/<hidden>/<hidden>/<hidden>
    BJ4.I                                                             r  static         <hidden>/<hidden>/<hidden>/<hidden>
    BJ4.O                IBUFCTRL (Prop_IBUFCTRL_HPIOB_M_I_O)
                                                      0.000     4.869 r  static         <hidden>/<hidden>/<hidden>/<hidden>
                         net (fo=1, routed)           0.309     5.178    static         <hidden>/<hidden>/<hidden>
    BUFGCE_X0Y122.I                                                   r  static         <hidden>/<hidden>/<hidden>
    BUFGCE_X0Y122.O      BUFGCE (Prop_BUFCE_BUFGCE_I_O)
                                                      0.024     5.202 r  static         <hidden>/<hidden>/<hidden>
                         net (fo=3, routed)           1.690     6.892    static         <hidden>/<hidden>/<hidden>/<hidden>/<hidden>/<hidden>/<hidden>/<hidden>
    MMCM_X0Y5.CLKIN1                                                  r  static         <hidden>/<hidden>/<hidden>/<hidden>/<hidden>/<hidden>/<hidden>/<hidden>
    MMCM_X0Y5.CLKOUT0    MMCME4_ADV (Prop_MMCM_CLKIN1_CLKOUT0)
                                                      0.630     7.522 r  static         <hidden>/<hidden>/<hidden>/<hidden>/<hidden>/<hidden>/<hidden>/<hidden>
                         net (fo=2, routed)           0.215     7.737    static         <hidden>/<hidden>/<hidden>/<hidden>
    BUFGCE_X0Y136.I                                                   r  static         <hidden>/<hidden>/<hidden>/<hidden>
    BUFGCE_X0Y136.O      BUFGCE (Prop_BUFCE_BUFGCE_I_O)
                                                      0.024     7.761 r  static         <hidden>/<hidden>/<hidden>/<hidden>
    X3Y5 (CLOCK_ROOT)    net (fo=4881, routed)        2.183     9.944    static         <hidden>/<hidden>/<hidden>/<hidden>/<hidden>/<hidden>/<hidden>
    SLICE_X176Y394.CLK   FDRE                                         r  static         <hidden>/<hidden>/<hidden>/<hidden>/<hidden>/<hidden>/<hidden>
                         clock pessimism             -0.295     9.649                     
                         clock uncertainty           -0.059     9.591                     
    SLICE_X176Y394       FDRE (Setup_EFF_SLICEM_C_D)
                                                      0.025     9.616    static           <hidden>/<hidden>/<hidden>/<hidden>/<hidden>/<hidden>/<hidden>
  -------------------------------------------------------------------
                         required time                          9.616                     
                         arrival time                          -8.749                     
  -------------------------------------------------------------------
                         slack                                  0.867                     

Slack (MET) :             2.698ns  (required time - arrival time)
  Source:                 <hidden>/<hidden>/<hidden>/<hidden>
                            (rising edge-triggered cell FDRE clocked by clk_main_a0  {rise@0.000ns fall@2.000ns period=4.000ns})
  Destination:            <hidden>/<hidden>/<hidden>/<hidden>
                            (rising edge-triggered cell FDRE clocked by clk_out1_clk_mmcm_a  {rise@0.000ns fall@32.000ns period=64.000ns})
  Path Group:             clk_out1_clk_mmcm_a
  Path Type:              Setup (Max at Fast Process Corner)
  Requirement:            4.000ns  (clk_out1_clk_mmcm_a rise@64.000ns - clk_main_a0 rise@60.000ns)
  Data Path Delay:        3.549ns  (logic 0.228ns (6.425%)  route 3.321ns (93.575%))
  Logic Levels:           2  (LUT1=1 LUT3=1)
  Clock Path Skew:        2.473ns (DCD - SCD + CPR)
    Destination Clock Delay (DCD):    5.626ns = ( 69.626 - 64.000 ) 
    Source Clock Delay      (SCD):    3.387ns = ( 63.387 - 60.000 ) 
    Clock Pessimism Removal (CPR):    0.234ns
  Clock Uncertainty:      0.251ns  ((TSJ^2 + DJ^2)^1/2) / 2 + PE
    Total System Jitter     (TSJ):    0.071ns
    Discrete Jitter          (DJ):    0.250ns
    Phase Error              (PE):    0.121ns
  Clock Net Delay (Source):      1.338ns (routing 0.281ns, distribution 1.057ns)
  Clock Net Delay (Destination): 1.561ns (routing 0.672ns, distribution 0.889ns)

    Location             Delay type                Incr(ns)  Path(ns)    Partition      PBlock               Netlist Resource(s)
  -------------------------------------------------------------------    -------------------------------------------------------
                         (clock clk_main_a0 rise edge)
                                                     60.000    60.000 r                                      
    BJ4                                               0.000    60.000 r  static                              <hidden>
                         net (fo=0)                   0.100    60.100    static                              <hidden>/<hidden>/<hidden>/<hidden>
    HPIOBDIFFINBUF_X0Y130.DIFF_IN_P
                                                                      r  static                              <hidden>/<hidden>/<hidden>/<hidden>
    HPIOBDIFFINBUF_X0Y130.O
                         DIFFINBUF (Prop_DIFFINBUF_HPIOBDIFFINBUF_DIFF_IN_P_O)
                                                      0.634    60.734 r  static                              <hidden>/<hidden>/<hidden>/<hidden>
                         net (fo=1, routed)           0.050    60.784    static                              <hidden>/<hidden>/<hidden>/<hidden>
    BJ4.I                                                             r  static                              <hidden>/<hidden>/<hidden>/<hidden>
    BJ4.O                IBUFCTRL (Prop_IBUFCTRL_HPIOB_M_I_O)
                                                      0.000    60.784 r  static                              <hidden>/<hidden>/<hidden>/<hidden>
                         net (fo=1, routed)           0.191    60.975    static                              <hidden>/<hidden>/<hidden>
    BUFGCE_X0Y122.I                                                   r  static                              <hidden>/<hidden>/<hidden>
    BUFGCE_X0Y122.O      BUFGCE (Prop_BUFCE_BUFGCE_I_O)
                                                      0.019    60.994 r  static                              <hidden>/<hidden>/<hidden>
                         net (fo=3, routed)           1.165    62.159    static                              <hidden>/<hidden>/<hidden>/<hidden>/<hidden>/<hidden>/<hidden>/<hidden>
    MMCM_X0Y5.CLKIN1                                                  r  static                              <hidden>/<hidden>/<hidden>/<hidden>/<hidden>/<hidden>/<hidden>/<hidden>
    MMCM_X0Y5.CLKOUT0    MMCME4_ADV (Prop_MMCM_CLKIN1_CLKOUT0)
                                                     -0.295    61.864 r  static                              <hidden>/<hidden>/<hidden>/<hidden>/<hidden>/<hidden>/<hidden>/<hidden>
                         net (fo=2, routed)           0.166    62.030    static                              <hidden>/<hidden>/<hidden>/<hidden>
    BUFGCE_X0Y135.I                                                   r  static                              <hidden>/<hidden>/<hidden>/<hidden>
    BUFGCE_X0Y135.O      BUFGCE (Prop_BUFCE_BUFGCE_I_O)
                                                      0.019    62.049 r  static                              <hidden>/<hidden>/<hidden>/<hidden>
    X3Y5 (CLOCK_ROOT)    net (fo=313, routed)         1.338    63.387    boundary                            <hidden>/<hidden>/<hidden>/<hidden>
    SLICE_X83Y388.CLK    FDRE                                         r  reconfigurable pblock_CL            <hidden>/<hidden>/<hidden>/<hidden>
  -------------------------------------------------------------------    -------------------------------------------------------
    SLICE_X83Y388.Q      FDRE (Prop_GFF_SLICEL_C_Q)
                                                      0.053    63.440 r  reconfigurable pblock_CL            <hidden>/<hidden>/<hidden>/<hidden>
                         net (fo=8, routed)           0.075    63.515    reconfigurable                      <hidden>/<hidden>/<hidden>/<hidden>
    SLICE_X83Y387.A1                                                  r  reconfigurable pblock_CL            <hidden>/<hidden>/<hidden>/<hidden>
    SLICE_X83Y387.O5     LUT3 (Prop_D5LUT_SLICEL_I2_O)
                                                      0.106    63.621 r  reconfigurable pblock_CL            <hidden>/<hidden>/<hidden>/<hidden>
                         net (fo=1, routed)           1.543    65.164    reconfigurable                      <hidden>/<hidden>/<hidden>/<hidden>
    SLICE_X0Y270.A4                                                   r  reconfigurable pblock_CL            <hidden>/<hidden>/<hidden>/<hidden>
    SLICE_X0Y270.O5      LUT1 (Prop_A5LUT_SLICEL_I0_O)
                                                      0.069    65.233 r  reconfigurable pblock_CL            <hidden>/<hidden>/<hidden>/<hidden>
                         net (fo=1, routed)           1.703    66.936    reconfigurable                      <hidden>/<hidden>/<hidden>/<hidden>
    SLICE_X85Y390.D      FDRE                                         r  reconfigurable pblock_CL            <hidden>/<hidden>/<hidden>/<hidden>
  -------------------------------------------------------------------    -------------------------------------------------------

                         (clock clk_out1_clk_mmcm_a rise edge)
                                                     64.000    64.000 r                                      
    BJ4                                               0.000    64.000 r  static                              <hidden>
                         net (fo=0)                   0.079    64.079    static                              <hidden>/<hidden>/<hidden>/<hidden>
    HPIOBDIFFINBUF_X0Y130.DIFF_IN_P
                                                                      r  static                              <hidden>/<hidden>/<hidden>/<hidden>
    HPIOBDIFFINBUF_X0Y130.O
                         DIFFINBUF (Prop_DIFFINBUF_HPIOBDIFFINBUF_DIFF_IN_P_O)
                                                      0.526    64.605 r  static                              <hidden>/<hidden>/<hidden>/<hidden>
                         net (fo=1, routed)           0.040    64.645    static                              <hidden>/<hidden>/<hidden>/<hidden>
    BJ4.I                                                             r  static                              <hidden>/<hidden>/<hidden>/<hidden>
    BJ4.O                IBUFCTRL (Prop_IBUFCTRL_HPIOB_M_I_O)
                                                      0.000    64.645 r  static                              <hidden>/<hidden>/<hidden>/<hidden>
                         net (fo=1, routed)           0.156    64.801    static                              <hidden>/<hidden>/<hidden>
    BUFGCE_X0Y122.I                                                   r  static                              <hidden>/<hidden>/<hidden>
    BUFGCE_X0Y122.O      BUFGCE (Prop_BUFCE_BUFGCE_I_O)
                                                      0.017    64.818 r  static                              <hidden>/<hidden>/<hidden>
                         net (fo=3, routed)           1.002    65.820    static                              <hidden>/<hidden>/<hidden>/<hidden>/<hidden>
    SLR Crossing[1->0]   
    MMCM_X0Y2.CLKIN1                                                  r  static                              <hidden>/<hidden>/<hidden>/<hidden>/<hidden>
    MMCM_X0Y2.CLKOUT0    MMCME4_ADV (Prop_MMCM_CLKIN1_CLKOUT0)
                                                      0.230    66.050 r  static                              <hidden>/<hidden>/<hidden>/<hidden>/<hidden>
                         net (fo=2, routed)           0.146    66.196    static                              <hidden>/<hidden>/<hidden>
    BUFGCE_X0Y70.I                                                    r  static                              <hidden>/<hidden>/<hidden>
    BUFGCE_X0Y70.O       BUFGCE (Prop_BUFCE_BUFGCE_I_O)
                                                      0.017    66.213 r  static                              <hidden>/<hidden>/<hidden>
                         net (fo=2363, routed)        1.459    67.672    boundary                            WRAPPER/CL/AWS_CLK_GEN/CLK_GRP_A_EN_I.CLK_MMCM_A_I/inst/CLK_CORE_DRP_I/clk_inst/s_axi_aclk
    MMCM_X0Y3.CLKIN1                                                  r  reconfigurable pblock_CL            WRAPPER/CL/AWS_CLK_GEN/CLK_GRP_A_EN_I.CLK_MMCM_A_I/inst/CLK_CORE_DRP_I/clk_inst/mmcme4_adv_inst/CLKIN1
    MMCM_X0Y3.CLKOUT0    MMCME4_ADV (Prop_MMCM_CLKIN1_CLKOUT0)
                                                      0.230    67.902 r  reconfigurable pblock_CL            WRAPPER/CL/AWS_CLK_GEN/CLK_GRP_A_EN_I.CLK_MMCM_A_I/inst/CLK_CORE_DRP_I/clk_inst/mmcme4_adv_inst/CLKOUT0
                         net (fo=1, routed)           0.146    68.048    reconfigurable                      WRAPPER/CL/AWS_CLK_GEN/CLK_GRP_A_EN_I.CLK_MMCM_A_I/inst/CLK_CORE_DRP_I/clk_inst/clk_out1_clk_mmcm_a
    BUFGCE_X0Y73.I                                                    r  reconfigurable pblock_CL            WRAPPER/CL/AWS_CLK_GEN/CLK_GRP_A_EN_I.CLK_MMCM_A_I/inst/CLK_CORE_DRP_I/clk_inst/clkout1_buf/I
    BUFGCE_X0Y73.O       BUFGCE (Prop_BUFCE_BUFGCE_I_O)
                                                      0.017    68.065 r  reconfigurable pblock_CL            WRAPPER/CL/AWS_CLK_GEN/CLK_GRP_A_EN_I.CLK_MMCM_A_I/inst/CLK_CORE_DRP_I/clk_inst/clkout1_buf/O
    X3Y6 (CLOCK_ROOT)    net (fo=189343, routed)      1.561    69.626    reconfigurable                      <hidden>/<hidden>/<hidden>/<hidden>
    SLR Crossing[0->1]   
    SLICE_X85Y390.CLK    FDRE                                         r  reconfigurable pblock_CL            <hidden>/<hidden>/<hidden>/<hidden>
                         clock pessimism              0.234    69.860                                            
                         clock uncertainty           -0.251    69.609                                            
    SLICE_X85Y390        FDRE (Setup_DFF2_SLICEM_C_D)
                                                      0.024    69.633    reconfigurable   pblock_CL              <hidden>/<hidden>/<hidden>/<hidden>
  -------------------------------------------------------------------
                         required time                         69.633                                            
                         arrival time                         -66.936                                            
  -------------------------------------------------------------------
                         slack                                  2.698                                            

Slack (MET) :             3.583ns  (required time - arrival time)
  Source:                 <hidden>/<hidden>/<hidden>/<hidden>
                            (rising edge-triggered cell FDRE clocked by clk_main_a0  {rise@0.000ns fall@2.000ns period=4.000ns})
  Destination:            <hidden>/<hidden>/<hidden>/<hidden>
                            (rising edge-triggered cell FDRE clocked by clk_out1_clk_mmcm_a  {rise@0.000ns fall@32.000ns period=64.000ns})
  Path Group:             clk_out1_clk_mmcm_a
  Path Type:              Setup (Max at Slow Process Corner)
  Requirement:            4.000ns  (MaxDelay Path 4.000ns)
  Data Path Delay:        0.442ns  (logic 0.080ns (18.098%)  route 0.362ns (81.902%))
  Logic Levels:           0  
  Timing Exception:       MaxDelay Path 4.000ns -datapath_only

    Location             Delay type                Incr(ns)  Path(ns)    Partition      PBlock               Netlist Resource(s)
  -------------------------------------------------------------------    -------------------------------------------------------
    SLICE_X83Y388.CLK                                 0.000     0.000 r  reconfigurable pblock_CL            <hidden>/<hidden>/<hidden>/<hidden>
    SLICE_X83Y388.Q      FDRE (Prop_CFF2_SLICEL_C_Q)
                                                      0.080     0.080 r  reconfigurable pblock_CL            <hidden>/<hidden>/<hidden>/<hidden>
                         net (fo=2, routed)           0.362     0.442    reconfigurable                      <hidden>/<hidden>/<hidden>/<hidden>
    SLICE_X89Y387.D      FDRE                                         r  reconfigurable pblock_CL            <hidden>/<hidden>/<hidden>/<hidden>
  -------------------------------------------------------------------    -------------------------------------------------------

                         max delay                    4.000     4.000                                        
    SLICE_X89Y387        FDRE (Setup_HFF2_SLICEL_C_D)
                                                      0.025     4.025    reconfigurable   pblock_CL              <hidden>/<hidden>/<hidden>/<hidden>
  -------------------------------------------------------------------
                         required time                          4.025                                            
                         arrival time                          -0.442                                            
  -------------------------------------------------------------------
                         slack                                  3.583                                            

Slack (MET) :             3.676ns  (required time - arrival time)
  Source:                 <hidden>/<hidden>/<hidden>/<hidden>
                            (rising edge-triggered cell FDRE clocked by clk_main_a0  {rise@0.000ns fall@2.000ns period=4.000ns})
  Destination:            <hidden>/<hidden>/<hidden>/<hidden>
                            (rising edge-triggered cell FDRE clocked by clk_out1_clk_mmcm_a  {rise@0.000ns fall@32.000ns period=64.000ns})
  Path Group:             clk_out1_clk_mmcm_a
  Path Type:              Setup (Max at Slow Process Corner)
  Requirement:            4.000ns  (MaxDelay Path 4.000ns)
  Data Path Delay:        0.349ns  (logic 0.078ns (22.350%)  route 0.271ns (77.650%))
  Logic Levels:           0  
  Timing Exception:       MaxDelay Path 4.000ns -datapath_only

    Location             Delay type                Incr(ns)  Path(ns)    Partition      PBlock               Netlist Resource(s)
  -------------------------------------------------------------------    -------------------------------------------------------
    SLICE_X152Y380.CLK                                0.000     0.000 r  reconfigurable pblock_CL            <hidden>/<hidden>/<hidden>/<hidden>
    SLICE_X152Y380.Q     FDRE (Prop_HFF2_SLICEM_C_Q)
                                                      0.078     0.078 r  reconfigurable pblock_CL            <hidden>/<hidden>/<hidden>/<hidden>
                         net (fo=2, routed)           0.271     0.349    reconfigurable                      <hidden>/<hidden>/<hidden>/<hidden>
    SLICE_X152Y380.D     FDRE                                         r  reconfigurable pblock_CL            <hidden>/<hidden>/<hidden>/<hidden>
  -------------------------------------------------------------------    -------------------------------------------------------

                         max delay                    4.000     4.000                                        
    SLICE_X152Y380       FDRE (Setup_DFF2_SLICEM_C_D)
                                                      0.025     4.025    reconfigurable   pblock_CL              <hidden>/<hidden>/<hidden>/<hidden>
  -------------------------------------------------------------------
                         required time                          4.025                                            
                         arrival time                          -0.349                                            
  -------------------------------------------------------------------
                         slack                                  3.676                                            

Slack (MET) :             5.640ns  (required time - arrival time)
  Source:                 WRAPPER/CL/AWS_CLK_GEN/CLK_GRP_A_EN_I.CLK_MMCM_A_I/inst/AXI_LITE_IPIF_I/I_SLAVE_ATTACHMENT/bus2ip_addr_i_reg[0]/C
                            (rising edge-triggered cell FDRE clocked by clk_hbm_ref  {rise@0.000ns fall@5.000ns period=10.000ns})
  Destination:            WRAPPER/CL/AWS_CLK_GEN/CLK_GRP_A_EN_I.CLK_MMCM_A_I/inst/CLK_CORE_DRP_I/ram_clk_config_reg[29][15]/CE
                            (rising edge-triggered cell FDRE clocked by clk_hbm_ref  {rise@0.000ns fall@5.000ns period=10.000ns})
  Path Group:             clk_hbm_ref
  Path Type:              Setup (Max at Slow Process Corner)
  Requirement:            10.000ns  (clk_hbm_ref rise@10.000ns - clk_hbm_ref rise@0.000ns)
  Data Path Delay:        4.093ns  (logic 0.309ns (7.550%)  route 3.784ns (92.450%))
  Logic Levels:           3  (LUT3=1 LUT6=2)
  Clock Path Skew:        -0.112ns (DCD - SCD + CPR)
    Destination Clock Delay (DCD):    6.304ns = ( 16.304 - 10.000 ) 
    Source Clock Delay      (SCD):    6.279ns
    Clock Pessimism Removal (CPR):    -0.137ns
  Clock Uncertainty:      0.094ns  ((TSJ^2 + DJ^2)^1/2) / 2 + PE
    Total System Jitter     (TSJ):    0.071ns
    Discrete Jitter          (DJ):    0.175ns
    Phase Error              (PE):    0.000ns
  Clock Net Delay (Source):      2.933ns (routing 1.113ns, distribution 1.820ns)
  Clock Net Delay (Destination): 2.609ns (routing 1.010ns, distribution 1.599ns)

    Location             Delay type                Incr(ns)  Path(ns)    Partition      PBlock               Netlist Resource(s)
  -------------------------------------------------------------------    -------------------------------------------------------
                         (clock clk_hbm_ref rise edge)
                                                      0.000     0.000 r                                      
    BJ4                                               0.000     0.000 r  static                              <hidden>
                         net (fo=0)                   0.100     0.100    static                              <hidden>/<hidden>/<hidden>/<hidden>
    HPIOBDIFFINBUF_X0Y130.DIFF_IN_P
                                                                      r  static                              <hidden>/<hidden>/<hidden>/<hidden>
    HPIOBDIFFINBUF_X0Y130.O
                         DIFFINBUF (Prop_DIFFINBUF_HPIOBDIFFINBUF_DIFF_IN_P_O)
                                                      0.863     0.963 r  static                              <hidden>/<hidden>/<hidden>/<hidden>
                         net (fo=1, routed)           0.050     1.013    static                              <hidden>/<hidden>/<hidden>/<hidden>
    BJ4.I                                                             r  static                              <hidden>/<hidden>/<hidden>/<hidden>
    BJ4.O                IBUFCTRL (Prop_IBUFCTRL_HPIOB_M_I_O)
                                                      0.000     1.013 r  static                              <hidden>/<hidden>/<hidden>/<hidden>
                         net (fo=1, routed)           0.348     1.361    static                              <hidden>/<hidden>/<hidden>
    BUFGCE_X0Y122.I                                                   r  static                              <hidden>/<hidden>/<hidden>
    BUFGCE_X0Y122.O      BUFGCE (Prop_BUFCE_BUFGCE_I_O)
                                                      0.028     1.389 r  static                              <hidden>/<hidden>/<hidden>
                         net (fo=3, routed)           1.811     3.200    static                              <hidden>/<hidden>/<hidden>/<hidden>/<hidden>
    SLR Crossing[1->0]   
    MMCM_X0Y2.CLKIN1                                                  r  static                              <hidden>/<hidden>/<hidden>/<hidden>/<hidden>
    MMCM_X0Y2.CLKOUT0    MMCME4_ADV (Prop_MMCM_CLKIN1_CLKOUT0)
                                                     -0.127     3.073 r  static                              <hidden>/<hidden>/<hidden>/<hidden>/<hidden>
                         net (fo=2, routed)           0.245     3.318    static                              <hidden>/<hidden>/<hidden>
    BUFGCE_X0Y70.I                                                    r  static                              <hidden>/<hidden>/<hidden>
    BUFGCE_X0Y70.O       BUFGCE (Prop_BUFCE_BUFGCE_I_O)
                                                      0.028     3.346 r  static                              <hidden>/<hidden>/<hidden>
    X3Y5 (CLOCK_ROOT)    net (fo=2363, routed)        2.933     6.279    boundary                            WRAPPER/CL/AWS_CLK_GEN/CLK_GRP_A_EN_I.CLK_MMCM_A_I/inst/AXI_LITE_IPIF_I/I_SLAVE_ATTACHMENT/s_axi_aclk
    SLICE_X137Y219.CLK   FDRE                                         r  reconfigurable pblock_CL            WRAPPER/CL/AWS_CLK_GEN/CLK_GRP_A_EN_I.CLK_MMCM_A_I/inst/AXI_LITE_IPIF_I/I_SLAVE_ATTACHMENT/bus2ip_addr_i_reg[0]/C
  -------------------------------------------------------------------    -------------------------------------------------------
    SLICE_X137Y219.Q     FDRE (Prop_AFF2_SLICEM_C_Q)
                                                      0.080     6.359 r  reconfigurable pblock_CL            WRAPPER/CL/AWS_CLK_GEN/CLK_GRP_A_EN_I.CLK_MMCM_A_I/inst/AXI_LITE_IPIF_I/I_SLAVE_ATTACHMENT/bus2ip_addr_i_reg[0]/Q
                         net (fo=6, routed)           0.789     7.148    reconfigurable                      WRAPPER/CL/AWS_CLK_GEN/CLK_GRP_A_EN_I.CLK_MMCM_A_I/inst/AXI_LITE_IPIF_I/I_SLAVE_ATTACHMENT/bus2ip_addr[0]
    SLICE_X134Y217.A2                                                 r  reconfigurable pblock_CL            WRAPPER/CL/AWS_CLK_GEN/CLK_GRP_A_EN_I.CLK_MMCM_A_I/inst/AXI_LITE_IPIF_I/I_SLAVE_ATTACHMENT/clkfbout_reg[6]_i_4/I1
    SLICE_X134Y217.O6    LUT6 (Prop_H6LUT_SLICEL_I1_O)
                                                      0.124     7.272 r  reconfigurable pblock_CL            WRAPPER/CL/AWS_CLK_GEN/CLK_GRP_A_EN_I.CLK_MMCM_A_I/inst/AXI_LITE_IPIF_I/I_SLAVE_ATTACHMENT/clkfbout_reg[6]_i_4/O
                         net (fo=16, routed)          1.107     8.379    reconfigurable                      WRAPPER/CL/AWS_CLK_GEN/CLK_GRP_A_EN_I.CLK_MMCM_A_I/inst/AXI_LITE_IPIF_I/I_SLAVE_ATTACHMENT/clkfbout_reg[6]_i_4_n_0
    SLICE_X132Y219.A5                                                 r  reconfigurable pblock_CL            WRAPPER/CL/AWS_CLK_GEN/CLK_GRP_A_EN_I.CLK_MMCM_A_I/inst/AXI_LITE_IPIF_I/I_SLAVE_ATTACHMENT/ram_clk_config[5][31]_i_3/I1
    SLICE_X132Y219.O5    LUT3 (Prop_E5LUT_SLICEL_I1_O)
                                                      0.070     8.449 f  reconfigurable pblock_CL            WRAPPER/CL/AWS_CLK_GEN/CLK_GRP_A_EN_I.CLK_MMCM_A_I/inst/AXI_LITE_IPIF_I/I_SLAVE_ATTACHMENT/ram_clk_config[5][31]_i_3/O
                         net (fo=18, routed)          0.668     9.117    reconfigurable                      WRAPPER/CL/AWS_CLK_GEN/CLK_GRP_A_EN_I.CLK_MMCM_A_I/inst/AXI_LITE_IPIF_I/I_SLAVE_ATTACHMENT/I_DECODER/ram_clk_config_reg[14][31]_0
    SLICE_X134Y222.A6                                                 f  reconfigurable pblock_CL            WRAPPER/CL/AWS_CLK_GEN/CLK_GRP_A_EN_I.CLK_MMCM_A_I/inst/AXI_LITE_IPIF_I/I_SLAVE_ATTACHMENT/I_DECODER/ram_clk_config[29][31]_i_1/I2
    SLICE_X134Y222.O6    LUT6 (Prop_A6LUT_SLICEL_I2_O)
                                                      0.035     9.152 r  reconfigurable pblock_CL            WRAPPER/CL/AWS_CLK_GEN/CLK_GRP_A_EN_I.CLK_MMCM_A_I/inst/AXI_LITE_IPIF_I/I_SLAVE_ATTACHMENT/I_DECODER/ram_clk_config[29][31]_i_1/O
                         net (fo=32, routed)          1.220    10.371    reconfigurable                      WRAPPER/CL/AWS_CLK_GEN/CLK_GRP_A_EN_I.CLK_MMCM_A_I/inst/CLK_CORE_DRP_I/ram_clk_config_reg[29][31]_0[0]
    SLICE_X133Y218.CE    FDRE                                         r  reconfigurable pblock_CL            WRAPPER/CL/AWS_CLK_GEN/CLK_GRP_A_EN_I.CLK_MMCM_A_I/inst/CLK_CORE_DRP_I/ram_clk_config_reg[29][15]/CE
  -------------------------------------------------------------------    -------------------------------------------------------

                         (clock clk_hbm_ref rise edge)
                                                     10.000    10.000 r                                      
    BJ4                                               0.000    10.000 r  static                              <hidden>
                         net (fo=0)                   0.079    10.079    static                              <hidden>/<hidden>/<hidden>/<hidden>
    HPIOBDIFFINBUF_X0Y130.DIFF_IN_P
                                                                      r  static                              <hidden>/<hidden>/<hidden>/<hidden>
    HPIOBDIFFINBUF_X0Y130.O
                         DIFFINBUF (Prop_DIFFINBUF_HPIOBDIFFINBUF_DIFF_IN_P_O)
                                                      0.750    10.829 r  static                              <hidden>/<hidden>/<hidden>/<hidden>
                         net (fo=1, routed)           0.040    10.869    static                              <hidden>/<hidden>/<hidden>/<hidden>
    BJ4.I                                                             r  static                              <hidden>/<hidden>/<hidden>/<hidden>
    BJ4.O                IBUFCTRL (Prop_IBUFCTRL_HPIOB_M_I_O)
                                                      0.000    10.869 r  static                              <hidden>/<hidden>/<hidden>/<hidden>
                         net (fo=1, routed)           0.309    11.178    static                              <hidden>/<hidden>/<hidden>
    BUFGCE_X0Y122.I                                                   r  static                              <hidden>/<hidden>/<hidden>
    BUFGCE_X0Y122.O      BUFGCE (Prop_BUFCE_BUFGCE_I_O)
                                                      0.024    11.202 r  static                              <hidden>/<hidden>/<hidden>
                         net (fo=3, routed)           1.624    12.826    static                              <hidden>/<hidden>/<hidden>/<hidden>/<hidden>
    SLR Crossing[1->0]   
    MMCM_X0Y2.CLKIN1                                                  r  static                              <hidden>/<hidden>/<hidden>/<hidden>/<hidden>
    MMCM_X0Y2.CLKOUT0    MMCME4_ADV (Prop_MMCM_CLKIN1_CLKOUT0)
                                                      0.630    13.456 r  static                              <hidden>/<hidden>/<hidden>/<hidden>/<hidden>
                         net (fo=2, routed)           0.215    13.671    static                              <hidden>/<hidden>/<hidden>
    BUFGCE_X0Y70.I                                                    r  static                              <hidden>/<hidden>/<hidden>
    BUFGCE_X0Y70.O       BUFGCE (Prop_BUFCE_BUFGCE_I_O)
                                                      0.024    13.695 r  static                              <hidden>/<hidden>/<hidden>
    X3Y5 (CLOCK_ROOT)    net (fo=2363, routed)        2.609    16.304    boundary                            WRAPPER/CL/AWS_CLK_GEN/CLK_GRP_A_EN_I.CLK_MMCM_A_I/inst/CLK_CORE_DRP_I/s_axi_aclk
    SLICE_X133Y218.CLK   FDRE                                         r  reconfigurable pblock_CL            WRAPPER/CL/AWS_CLK_GEN/CLK_GRP_A_EN_I.CLK_MMCM_A_I/inst/CLK_CORE_DRP_I/ram_clk_config_reg[29][15]/C
                         clock pessimism             -0.137    16.167                                            
                         clock uncertainty           -0.094    16.073                                            
    SLICE_X133Y218       FDRE (Setup_HFF_SLICEM_C_CE)
                                                     -0.061    16.012    reconfigurable   pblock_CL              WRAPPER/CL/AWS_CLK_GEN/CLK_GRP_A_EN_I.CLK_MMCM_A_I/inst/CLK_CORE_DRP_I/ram_clk_config_reg[29][15]
  -------------------------------------------------------------------
                         required time                         16.012                                            
                         arrival time                         -10.371                                            
  -------------------------------------------------------------------
                         slack                                  5.640                                            

Slack (MET) :             5.640ns  (required time - arrival time)
  Source:                 WRAPPER/CL/AWS_CLK_GEN/CLK_GRP_A_EN_I.CLK_MMCM_A_I/inst/AXI_LITE_IPIF_I/I_SLAVE_ATTACHMENT/bus2ip_addr_i_reg[0]/C
                            (rising edge-triggered cell FDRE clocked by clk_hbm_ref  {rise@0.000ns fall@5.000ns period=10.000ns})
  Destination:            WRAPPER/CL/AWS_CLK_GEN/CLK_GRP_A_EN_I.CLK_MMCM_A_I/inst/CLK_CORE_DRP_I/ram_clk_config_reg[29][24]/CE
                            (rising edge-triggered cell FDRE clocked by clk_hbm_ref  {rise@0.000ns fall@5.000ns period=10.000ns})
  Path Group:             clk_hbm_ref
  Path Type:              Setup (Max at Slow Process Corner)
  Requirement:            10.000ns  (clk_hbm_ref rise@10.000ns - clk_hbm_ref rise@0.000ns)
  Data Path Delay:        4.093ns  (logic 0.309ns (7.550%)  route 3.784ns (92.450%))
  Logic Levels:           3  (LUT3=1 LUT6=2)
  Clock Path Skew:        -0.112ns (DCD - SCD + CPR)
    Destination Clock Delay (DCD):    6.304ns = ( 16.304 - 10.000 ) 
    Source Clock Delay      (SCD):    6.279ns
    Clock Pessimism Removal (CPR):    -0.137ns
  Clock Uncertainty:      0.094ns  ((TSJ^2 + DJ^2)^1/2) / 2 + PE
    Total System Jitter     (TSJ):    0.071ns
    Discrete Jitter          (DJ):    0.175ns
    Phase Error              (PE):    0.000ns
  Clock Net Delay (Source):      2.933ns (routing 1.113ns, distribution 1.820ns)
  Clock Net Delay (Destination): 2.609ns (routing 1.010ns, distribution 1.599ns)

    Location             Delay type                Incr(ns)  Path(ns)    Partition      PBlock               Netlist Resource(s)
  -------------------------------------------------------------------    -------------------------------------------------------
                         (clock clk_hbm_ref rise edge)
                                                      0.000     0.000 r                                      
    BJ4                                               0.000     0.000 r  static                              <hidden>
                         net (fo=0)                   0.100     0.100    static                              <hidden>/<hidden>/<hidden>/<hidden>
    HPIOBDIFFINBUF_X0Y130.DIFF_IN_P
                                                                      r  static                              <hidden>/<hidden>/<hidden>/<hidden>
    HPIOBDIFFINBUF_X0Y130.O
                         DIFFINBUF (Prop_DIFFINBUF_HPIOBDIFFINBUF_DIFF_IN_P_O)
                                                      0.863     0.963 r  static                              <hidden>/<hidden>/<hidden>/<hidden>
                         net (fo=1, routed)           0.050     1.013    static                              <hidden>/<hidden>/<hidden>/<hidden>
    BJ4.I                                                             r  static                              <hidden>/<hidden>/<hidden>/<hidden>
    BJ4.O                IBUFCTRL (Prop_IBUFCTRL_HPIOB_M_I_O)
                                                      0.000     1.013 r  static                              <hidden>/<hidden>/<hidden>/<hidden>
                         net (fo=1, routed)           0.348     1.361    static                              <hidden>/<hidden>/<hidden>
    BUFGCE_X0Y122.I                                                   r  static                              <hidden>/<hidden>/<hidden>
    BUFGCE_X0Y122.O      BUFGCE (Prop_BUFCE_BUFGCE_I_O)
                                                      0.028     1.389 r  static                              <hidden>/<hidden>/<hidden>
                         net (fo=3, routed)           1.811     3.200    static                              <hidden>/<hidden>/<hidden>/<hidden>/<hidden>
    SLR Crossing[1->0]   
    MMCM_X0Y2.CLKIN1                                                  r  static                              <hidden>/<hidden>/<hidden>/<hidden>/<hidden>
    MMCM_X0Y2.CLKOUT0    MMCME4_ADV (Prop_MMCM_CLKIN1_CLKOUT0)
                                                     -0.127     3.073 r  static                              <hidden>/<hidden>/<hidden>/<hidden>/<hidden>
                         net (fo=2, routed)           0.245     3.318    static                              <hidden>/<hidden>/<hidden>
    BUFGCE_X0Y70.I                                                    r  static                              <hidden>/<hidden>/<hidden>
    BUFGCE_X0Y70.O       BUFGCE (Prop_BUFCE_BUFGCE_I_O)
                                                      0.028     3.346 r  static                              <hidden>/<hidden>/<hidden>
    X3Y5 (CLOCK_ROOT)    net (fo=2363, routed)        2.933     6.279    boundary                            WRAPPER/CL/AWS_CLK_GEN/CLK_GRP_A_EN_I.CLK_MMCM_A_I/inst/AXI_LITE_IPIF_I/I_SLAVE_ATTACHMENT/s_axi_aclk
    SLICE_X137Y219.CLK   FDRE                                         r  reconfigurable pblock_CL            WRAPPER/CL/AWS_CLK_GEN/CLK_GRP_A_EN_I.CLK_MMCM_A_I/inst/AXI_LITE_IPIF_I/I_SLAVE_ATTACHMENT/bus2ip_addr_i_reg[0]/C
  -------------------------------------------------------------------    -------------------------------------------------------
    SLICE_X137Y219.Q     FDRE (Prop_AFF2_SLICEM_C_Q)
                                                      0.080     6.359 r  reconfigurable pblock_CL            WRAPPER/CL/AWS_CLK_GEN/CLK_GRP_A_EN_I.CLK_MMCM_A_I/inst/AXI_LITE_IPIF_I/I_SLAVE_ATTACHMENT/bus2ip_addr_i_reg[0]/Q
                         net (fo=6, routed)           0.789     7.148    reconfigurable                      WRAPPER/CL/AWS_CLK_GEN/CLK_GRP_A_EN_I.CLK_MMCM_A_I/inst/AXI_LITE_IPIF_I/I_SLAVE_ATTACHMENT/bus2ip_addr[0]
    SLICE_X134Y217.A2                                                 r  reconfigurable pblock_CL            WRAPPER/CL/AWS_CLK_GEN/CLK_GRP_A_EN_I.CLK_MMCM_A_I/inst/AXI_LITE_IPIF_I/I_SLAVE_ATTACHMENT/clkfbout_reg[6]_i_4/I1
    SLICE_X134Y217.O6    LUT6 (Prop_H6LUT_SLICEL_I1_O)
                                                      0.124     7.272 r  reconfigurable pblock_CL            WRAPPER/CL/AWS_CLK_GEN/CLK_GRP_A_EN_I.CLK_MMCM_A_I/inst/AXI_LITE_IPIF_I/I_SLAVE_ATTACHMENT/clkfbout_reg[6]_i_4/O
                         net (fo=16, routed)          1.107     8.379    reconfigurable                      WRAPPER/CL/AWS_CLK_GEN/CLK_GRP_A_EN_I.CLK_MMCM_A_I/inst/AXI_LITE_IPIF_I/I_SLAVE_ATTACHMENT/clkfbout_reg[6]_i_4_n_0
    SLICE_X132Y219.A5                                                 r  reconfigurable pblock_CL            WRAPPER/CL/AWS_CLK_GEN/CLK_GRP_A_EN_I.CLK_MMCM_A_I/inst/AXI_LITE_IPIF_I/I_SLAVE_ATTACHMENT/ram_clk_config[5][31]_i_3/I1
    SLICE_X132Y219.O5    LUT3 (Prop_E5LUT_SLICEL_I1_O)
                                                      0.070     8.449 f  reconfigurable pblock_CL            WRAPPER/CL/AWS_CLK_GEN/CLK_GRP_A_EN_I.CLK_MMCM_A_I/inst/AXI_LITE_IPIF_I/I_SLAVE_ATTACHMENT/ram_clk_config[5][31]_i_3/O
                         net (fo=18, routed)          0.668     9.117    reconfigurable                      WRAPPER/CL/AWS_CLK_GEN/CLK_GRP_A_EN_I.CLK_MMCM_A_I/inst/AXI_LITE_IPIF_I/I_SLAVE_ATTACHMENT/I_DECODER/ram_clk_config_reg[14][31]_0
    SLICE_X134Y222.A6                                                 f  reconfigurable pblock_CL            WRAPPER/CL/AWS_CLK_GEN/CLK_GRP_A_EN_I.CLK_MMCM_A_I/inst/AXI_LITE_IPIF_I/I_SLAVE_ATTACHMENT/I_DECODER/ram_clk_config[29][31]_i_1/I2
    SLICE_X134Y222.O6    LUT6 (Prop_A6LUT_SLICEL_I2_O)
                                                      0.035     9.152 r  reconfigurable pblock_CL            WRAPPER/CL/AWS_CLK_GEN/CLK_GRP_A_EN_I.CLK_MMCM_A_I/inst/AXI_LITE_IPIF_I/I_SLAVE_ATTACHMENT/I_DECODER/ram_clk_config[29][31]_i_1/O
                         net (fo=32, routed)          1.220    10.371    reconfigurable                      WRAPPER/CL/AWS_CLK_GEN/CLK_GRP_A_EN_I.CLK_MMCM_A_I/inst/CLK_CORE_DRP_I/ram_clk_config_reg[29][31]_0[0]
    SLICE_X133Y218.CE    FDRE                                         r  reconfigurable pblock_CL            WRAPPER/CL/AWS_CLK_GEN/CLK_GRP_A_EN_I.CLK_MMCM_A_I/inst/CLK_CORE_DRP_I/ram_clk_config_reg[29][24]/CE
  -------------------------------------------------------------------    -------------------------------------------------------

                         (clock clk_hbm_ref rise edge)
                                                     10.000    10.000 r                                      
    BJ4                                               0.000    10.000 r  static                              <hidden>
                         net (fo=0)                   0.079    10.079    static                              <hidden>/<hidden>/<hidden>/<hidden>
    HPIOBDIFFINBUF_X0Y130.DIFF_IN_P
                                                                      r  static                              <hidden>/<hidden>/<hidden>/<hidden>
    HPIOBDIFFINBUF_X0Y130.O
                         DIFFINBUF (Prop_DIFFINBUF_HPIOBDIFFINBUF_DIFF_IN_P_O)
                                                      0.750    10.829 r  static                              <hidden>/<hidden>/<hidden>/<hidden>
                         net (fo=1, routed)           0.040    10.869    static                              <hidden>/<hidden>/<hidden>/<hidden>
    BJ4.I                                                             r  static                              <hidden>/<hidden>/<hidden>/<hidden>
    BJ4.O                IBUFCTRL (Prop_IBUFCTRL_HPIOB_M_I_O)
                                                      0.000    10.869 r  static                              <hidden>/<hidden>/<hidden>/<hidden>
                         net (fo=1, routed)           0.309    11.178    static                              <hidden>/<hidden>/<hidden>
    BUFGCE_X0Y122.I                                                   r  static                              <hidden>/<hidden>/<hidden>
    BUFGCE_X0Y122.O      BUFGCE (Prop_BUFCE_BUFGCE_I_O)
                                                      0.024    11.202 r  static                              <hidden>/<hidden>/<hidden>
                         net (fo=3, routed)           1.624    12.826    static                              <hidden>/<hidden>/<hidden>/<hidden>/<hidden>
    SLR Crossing[1->0]   
    MMCM_X0Y2.CLKIN1                                                  r  static                              <hidden>/<hidden>/<hidden>/<hidden>/<hidden>
    MMCM_X0Y2.CLKOUT0    MMCME4_ADV (Prop_MMCM_CLKIN1_CLKOUT0)
                                                      0.630    13.456 r  static                              <hidden>/<hidden>/<hidden>/<hidden>/<hidden>
                         net (fo=2, routed)           0.215    13.671    static                              <hidden>/<hidden>/<hidden>
    BUFGCE_X0Y70.I                                                    r  static                              <hidden>/<hidden>/<hidden>
    BUFGCE_X0Y70.O       BUFGCE (Prop_BUFCE_BUFGCE_I_O)
                                                      0.024    13.695 r  static                              <hidden>/<hidden>/<hidden>
    X3Y5 (CLOCK_ROOT)    net (fo=2363, routed)        2.609    16.304    boundary                            WRAPPER/CL/AWS_CLK_GEN/CLK_GRP_A_EN_I.CLK_MMCM_A_I/inst/CLK_CORE_DRP_I/s_axi_aclk
    SLICE_X133Y218.CLK   FDRE                                         r  reconfigurable pblock_CL            WRAPPER/CL/AWS_CLK_GEN/CLK_GRP_A_EN_I.CLK_MMCM_A_I/inst/CLK_CORE_DRP_I/ram_clk_config_reg[29][24]/C
                         clock pessimism             -0.137    16.167                                            
                         clock uncertainty           -0.094    16.073                                            
    SLICE_X133Y218       FDRE (Setup_GFF_SLICEM_C_CE)
                                                     -0.061    16.012    reconfigurable   pblock_CL              WRAPPER/CL/AWS_CLK_GEN/CLK_GRP_A_EN_I.CLK_MMCM_A_I/inst/CLK_CORE_DRP_I/ram_clk_config_reg[29][24]
  -------------------------------------------------------------------
                         required time                         16.012                                            
                         arrival time                         -10.371                                            
  -------------------------------------------------------------------
                         slack                                  5.640                                            

Slack (MET) :             5.640ns  (required time - arrival time)
  Source:                 WRAPPER/CL/AWS_CLK_GEN/CLK_GRP_A_EN_I.CLK_MMCM_A_I/inst/AXI_LITE_IPIF_I/I_SLAVE_ATTACHMENT/bus2ip_addr_i_reg[0]/C
                            (rising edge-triggered cell FDRE clocked by clk_hbm_ref  {rise@0.000ns fall@5.000ns period=10.000ns})
  Destination:            WRAPPER/CL/AWS_CLK_GEN/CLK_GRP_A_EN_I.CLK_MMCM_A_I/inst/CLK_CORE_DRP_I/ram_clk_config_reg[29][4]/CE
                            (rising edge-triggered cell FDRE clocked by clk_hbm_ref  {rise@0.000ns fall@5.000ns period=10.000ns})
  Path Group:             clk_hbm_ref
  Path Type:              Setup (Max at Slow Process Corner)
  Requirement:            10.000ns  (clk_hbm_ref rise@10.000ns - clk_hbm_ref rise@0.000ns)
  Data Path Delay:        4.093ns  (logic 0.309ns (7.550%)  route 3.784ns (92.450%))
  Logic Levels:           3  (LUT3=1 LUT6=2)
  Clock Path Skew:        -0.112ns (DCD - SCD + CPR)
    Destination Clock Delay (DCD):    6.304ns = ( 16.304 - 10.000 ) 
    Source Clock Delay      (SCD):    6.279ns
    Clock Pessimism Removal (CPR):    -0.137ns
  Clock Uncertainty:      0.094ns  ((TSJ^2 + DJ^2)^1/2) / 2 + PE
    Total System Jitter     (TSJ):    0.071ns
    Discrete Jitter          (DJ):    0.175ns
    Phase Error              (PE):    0.000ns
  Clock Net Delay (Source):      2.933ns (routing 1.113ns, distribution 1.820ns)
  Clock Net Delay (Destination): 2.609ns (routing 1.010ns, distribution 1.599ns)

    Location             Delay type                Incr(ns)  Path(ns)    Partition      PBlock               Netlist Resource(s)
  -------------------------------------------------------------------    -------------------------------------------------------
                         (clock clk_hbm_ref rise edge)
                                                      0.000     0.000 r                                      
    BJ4                                               0.000     0.000 r  static                              <hidden>
                         net (fo=0)                   0.100     0.100    static                              <hidden>/<hidden>/<hidden>/<hidden>
    HPIOBDIFFINBUF_X0Y130.DIFF_IN_P
                                                                      r  static                              <hidden>/<hidden>/<hidden>/<hidden>
    HPIOBDIFFINBUF_X0Y130.O
                         DIFFINBUF (Prop_DIFFINBUF_HPIOBDIFFINBUF_DIFF_IN_P_O)
                                                      0.863     0.963 r  static                              <hidden>/<hidden>/<hidden>/<hidden>
                         net (fo=1, routed)           0.050     1.013    static                              <hidden>/<hidden>/<hidden>/<hidden>
    BJ4.I                                                             r  static                              <hidden>/<hidden>/<hidden>/<hidden>
    BJ4.O                IBUFCTRL (Prop_IBUFCTRL_HPIOB_M_I_O)
                                                      0.000     1.013 r  static                              <hidden>/<hidden>/<hidden>/<hidden>
                         net (fo=1, routed)           0.348     1.361    static                              <hidden>/<hidden>/<hidden>
    BUFGCE_X0Y122.I                                                   r  static                              <hidden>/<hidden>/<hidden>
    BUFGCE_X0Y122.O      BUFGCE (Prop_BUFCE_BUFGCE_I_O)
                                                      0.028     1.389 r  static                              <hidden>/<hidden>/<hidden>
                         net (fo=3, routed)           1.811     3.200    static                              <hidden>/<hidden>/<hidden>/<hidden>/<hidden>
    SLR Crossing[1->0]   
    MMCM_X0Y2.CLKIN1                                                  r  static                              <hidden>/<hidden>/<hidden>/<hidden>/<hidden>
    MMCM_X0Y2.CLKOUT0    MMCME4_ADV (Prop_MMCM_CLKIN1_CLKOUT0)
                                                     -0.127     3.073 r  static                              <hidden>/<hidden>/<hidden>/<hidden>/<hidden>
                         net (fo=2, routed)           0.245     3.318    static                              <hidden>/<hidden>/<hidden>
    BUFGCE_X0Y70.I                                                    r  static                              <hidden>/<hidden>/<hidden>
    BUFGCE_X0Y70.O       BUFGCE (Prop_BUFCE_BUFGCE_I_O)
                                                      0.028     3.346 r  static                              <hidden>/<hidden>/<hidden>
    X3Y5 (CLOCK_ROOT)    net (fo=2363, routed)        2.933     6.279    boundary                            WRAPPER/CL/AWS_CLK_GEN/CLK_GRP_A_EN_I.CLK_MMCM_A_I/inst/AXI_LITE_IPIF_I/I_SLAVE_ATTACHMENT/s_axi_aclk
    SLICE_X137Y219.CLK   FDRE                                         r  reconfigurable pblock_CL            WRAPPER/CL/AWS_CLK_GEN/CLK_GRP_A_EN_I.CLK_MMCM_A_I/inst/AXI_LITE_IPIF_I/I_SLAVE_ATTACHMENT/bus2ip_addr_i_reg[0]/C
  -------------------------------------------------------------------    -------------------------------------------------------
    SLICE_X137Y219.Q     FDRE (Prop_AFF2_SLICEM_C_Q)
                                                      0.080     6.359 r  reconfigurable pblock_CL            WRAPPER/CL/AWS_CLK_GEN/CLK_GRP_A_EN_I.CLK_MMCM_A_I/inst/AXI_LITE_IPIF_I/I_SLAVE_ATTACHMENT/bus2ip_addr_i_reg[0]/Q
                         net (fo=6, routed)           0.789     7.148    reconfigurable                      WRAPPER/CL/AWS_CLK_GEN/CLK_GRP_A_EN_I.CLK_MMCM_A_I/inst/AXI_LITE_IPIF_I/I_SLAVE_ATTACHMENT/bus2ip_addr[0]
    SLICE_X134Y217.A2                                                 r  reconfigurable pblock_CL            WRAPPER/CL/AWS_CLK_GEN/CLK_GRP_A_EN_I.CLK_MMCM_A_I/inst/AXI_LITE_IPIF_I/I_SLAVE_ATTACHMENT/clkfbout_reg[6]_i_4/I1
    SLICE_X134Y217.O6    LUT6 (Prop_H6LUT_SLICEL_I1_O)
                                                      0.124     7.272 r  reconfigurable pblock_CL            WRAPPER/CL/AWS_CLK_GEN/CLK_GRP_A_EN_I.CLK_MMCM_A_I/inst/AXI_LITE_IPIF_I/I_SLAVE_ATTACHMENT/clkfbout_reg[6]_i_4/O
                         net (fo=16, routed)          1.107     8.379    reconfigurable                      WRAPPER/CL/AWS_CLK_GEN/CLK_GRP_A_EN_I.CLK_MMCM_A_I/inst/AXI_LITE_IPIF_I/I_SLAVE_ATTACHMENT/clkfbout_reg[6]_i_4_n_0
    SLICE_X132Y219.A5                                                 r  reconfigurable pblock_CL            WRAPPER/CL/AWS_CLK_GEN/CLK_GRP_A_EN_I.CLK_MMCM_A_I/inst/AXI_LITE_IPIF_I/I_SLAVE_ATTACHMENT/ram_clk_config[5][31]_i_3/I1
    SLICE_X132Y219.O5    LUT3 (Prop_E5LUT_SLICEL_I1_O)
                                                      0.070     8.449 f  reconfigurable pblock_CL            WRAPPER/CL/AWS_CLK_GEN/CLK_GRP_A_EN_I.CLK_MMCM_A_I/inst/AXI_LITE_IPIF_I/I_SLAVE_ATTACHMENT/ram_clk_config[5][31]_i_3/O
                         net (fo=18, routed)          0.668     9.117    reconfigurable                      WRAPPER/CL/AWS_CLK_GEN/CLK_GRP_A_EN_I.CLK_MMCM_A_I/inst/AXI_LITE_IPIF_I/I_SLAVE_ATTACHMENT/I_DECODER/ram_clk_config_reg[14][31]_0
    SLICE_X134Y222.A6                                                 f  reconfigurable pblock_CL            WRAPPER/CL/AWS_CLK_GEN/CLK_GRP_A_EN_I.CLK_MMCM_A_I/inst/AXI_LITE_IPIF_I/I_SLAVE_ATTACHMENT/I_DECODER/ram_clk_config[29][31]_i_1/I2
    SLICE_X134Y222.O6    LUT6 (Prop_A6LUT_SLICEL_I2_O)
                                                      0.035     9.152 r  reconfigurable pblock_CL            WRAPPER/CL/AWS_CLK_GEN/CLK_GRP_A_EN_I.CLK_MMCM_A_I/inst/AXI_LITE_IPIF_I/I_SLAVE_ATTACHMENT/I_DECODER/ram_clk_config[29][31]_i_1/O
                         net (fo=32, routed)          1.220    10.371    reconfigurable                      WRAPPER/CL/AWS_CLK_GEN/CLK_GRP_A_EN_I.CLK_MMCM_A_I/inst/CLK_CORE_DRP_I/ram_clk_config_reg[29][31]_0[0]
    SLICE_X133Y218.CE    FDRE                                         r  reconfigurable pblock_CL            WRAPPER/CL/AWS_CLK_GEN/CLK_GRP_A_EN_I.CLK_MMCM_A_I/inst/CLK_CORE_DRP_I/ram_clk_config_reg[29][4]/CE
  -------------------------------------------------------------------    -------------------------------------------------------

                         (clock clk_hbm_ref rise edge)
                                                     10.000    10.000 r                                      
    BJ4                                               0.000    10.000 r  static                              <hidden>
                         net (fo=0)                   0.079    10.079    static                              <hidden>/<hidden>/<hidden>/<hidden>
    HPIOBDIFFINBUF_X0Y130.DIFF_IN_P
                                                                      r  static                              <hidden>/<hidden>/<hidden>/<hidden>
    HPIOBDIFFINBUF_X0Y130.O
                         DIFFINBUF (Prop_DIFFINBUF_HPIOBDIFFINBUF_DIFF_IN_P_O)
                                                      0.750    10.829 r  static                              <hidden>/<hidden>/<hidden>/<hidden>
                         net (fo=1, routed)           0.040    10.869    static                              <hidden>/<hidden>/<hidden>/<hidden>
    BJ4.I                                                             r  static                              <hidden>/<hidden>/<hidden>/<hidden>
    BJ4.O                IBUFCTRL (Prop_IBUFCTRL_HPIOB_M_I_O)
                                                      0.000    10.869 r  static                              <hidden>/<hidden>/<hidden>/<hidden>
                         net (fo=1, routed)           0.309    11.178    static                              <hidden>/<hidden>/<hidden>
    BUFGCE_X0Y122.I                                                   r  static                              <hidden>/<hidden>/<hidden>
    BUFGCE_X0Y122.O      BUFGCE (Prop_BUFCE_BUFGCE_I_O)
                                                      0.024    11.202 r  static                              <hidden>/<hidden>/<hidden>
                         net (fo=3, routed)           1.624    12.826    static                              <hidden>/<hidden>/<hidden>/<hidden>/<hidden>
    SLR Crossing[1->0]   
    MMCM_X0Y2.CLKIN1                                                  r  static                              <hidden>/<hidden>/<hidden>/<hidden>/<hidden>
    MMCM_X0Y2.CLKOUT0    MMCME4_ADV (Prop_MMCM_CLKIN1_CLKOUT0)
                                                      0.630    13.456 r  static                              <hidden>/<hidden>/<hidden>/<hidden>/<hidden>
                         net (fo=2, routed)           0.215    13.671    static                              <hidden>/<hidden>/<hidden>
    BUFGCE_X0Y70.I                                                    r  static                              <hidden>/<hidden>/<hidden>
    BUFGCE_X0Y70.O       BUFGCE (Prop_BUFCE_BUFGCE_I_O)
                                                      0.024    13.695 r  static                              <hidden>/<hidden>/<hidden>
    X3Y5 (CLOCK_ROOT)    net (fo=2363, routed)        2.609    16.304    boundary                            WRAPPER/CL/AWS_CLK_GEN/CLK_GRP_A_EN_I.CLK_MMCM_A_I/inst/CLK_CORE_DRP_I/s_axi_aclk
    SLICE_X133Y218.CLK   FDRE                                         r  reconfigurable pblock_CL            WRAPPER/CL/AWS_CLK_GEN/CLK_GRP_A_EN_I.CLK_MMCM_A_I/inst/CLK_CORE_DRP_I/ram_clk_config_reg[29][4]/C
                         clock pessimism             -0.137    16.167                                            
                         clock uncertainty           -0.094    16.073                                            
    SLICE_X133Y218       FDRE (Setup_FFF_SLICEM_C_CE)
                                                     -0.061    16.012    reconfigurable   pblock_CL              WRAPPER/CL/AWS_CLK_GEN/CLK_GRP_A_EN_I.CLK_MMCM_A_I/inst/CLK_CORE_DRP_I/ram_clk_config_reg[29][4]
  -------------------------------------------------------------------
                         required time                         16.012                                            
                         arrival time                         -10.371                                            
  -------------------------------------------------------------------
                         slack                                  5.640                                            

Slack (MET) :             5.640ns  (required time - arrival time)
  Source:                 WRAPPER/CL/AWS_CLK_GEN/CLK_GRP_A_EN_I.CLK_MMCM_A_I/inst/AXI_LITE_IPIF_I/I_SLAVE_ATTACHMENT/bus2ip_addr_i_reg[0]/C
                            (rising edge-triggered cell FDRE clocked by clk_hbm_ref  {rise@0.000ns fall@5.000ns period=10.000ns})
  Destination:            WRAPPER/CL/AWS_CLK_GEN/CLK_GRP_A_EN_I.CLK_MMCM_A_I/inst/CLK_CORE_DRP_I/ram_clk_config_reg[29][7]/CE
                            (rising edge-triggered cell FDRE clocked by clk_hbm_ref  {rise@0.000ns fall@5.000ns period=10.000ns})
  Path Group:             clk_hbm_ref
  Path Type:              Setup (Max at Slow Process Corner)
  Requirement:            10.000ns  (clk_hbm_ref rise@10.000ns - clk_hbm_ref rise@0.000ns)
  Data Path Delay:        4.093ns  (logic 0.309ns (7.550%)  route 3.784ns (92.450%))
  Logic Levels:           3  (LUT3=1 LUT6=2)
  Clock Path Skew:        -0.112ns (DCD - SCD + CPR)
    Destination Clock Delay (DCD):    6.304ns = ( 16.304 - 10.000 ) 
    Source Clock Delay      (SCD):    6.279ns
    Clock Pessimism Removal (CPR):    -0.137ns
  Clock Uncertainty:      0.094ns  ((TSJ^2 + DJ^2)^1/2) / 2 + PE
    Total System Jitter     (TSJ):    0.071ns
    Discrete Jitter          (DJ):    0.175ns
    Phase Error              (PE):    0.000ns
  Clock Net Delay (Source):      2.933ns (routing 1.113ns, distribution 1.820ns)
  Clock Net Delay (Destination): 2.609ns (routing 1.010ns, distribution 1.599ns)

    Location             Delay type                Incr(ns)  Path(ns)    Partition      PBlock               Netlist Resource(s)
  -------------------------------------------------------------------    -------------------------------------------------------
                         (clock clk_hbm_ref rise edge)
                                                      0.000     0.000 r                                      
    BJ4                                               0.000     0.000 r  static                              <hidden>
                         net (fo=0)                   0.100     0.100    static                              <hidden>/<hidden>/<hidden>/<hidden>
    HPIOBDIFFINBUF_X0Y130.DIFF_IN_P
                                                                      r  static                              <hidden>/<hidden>/<hidden>/<hidden>
    HPIOBDIFFINBUF_X0Y130.O
                         DIFFINBUF (Prop_DIFFINBUF_HPIOBDIFFINBUF_DIFF_IN_P_O)
                                                      0.863     0.963 r  static                              <hidden>/<hidden>/<hidden>/<hidden>
                         net (fo=1, routed)           0.050     1.013    static                              <hidden>/<hidden>/<hidden>/<hidden>
    BJ4.I                                                             r  static                              <hidden>/<hidden>/<hidden>/<hidden>
    BJ4.O                IBUFCTRL (Prop_IBUFCTRL_HPIOB_M_I_O)
                                                      0.000     1.013 r  static                              <hidden>/<hidden>/<hidden>/<hidden>
                         net (fo=1, routed)           0.348     1.361    static                              <hidden>/<hidden>/<hidden>
    BUFGCE_X0Y122.I                                                   r  static                              <hidden>/<hidden>/<hidden>
    BUFGCE_X0Y122.O      BUFGCE (Prop_BUFCE_BUFGCE_I_O)
                                                      0.028     1.389 r  static                              <hidden>/<hidden>/<hidden>
                         net (fo=3, routed)           1.811     3.200    static                              <hidden>/<hidden>/<hidden>/<hidden>/<hidden>
    SLR Crossing[1->0]   
    MMCM_X0Y2.CLKIN1                                                  r  static                              <hidden>/<hidden>/<hidden>/<hidden>/<hidden>
    MMCM_X0Y2.CLKOUT0    MMCME4_ADV (Prop_MMCM_CLKIN1_CLKOUT0)
                                                     -0.127     3.073 r  static                              <hidden>/<hidden>/<hidden>/<hidden>/<hidden>
                         net (fo=2, routed)           0.245     3.318    static                              <hidden>/<hidden>/<hidden>
    BUFGCE_X0Y70.I                                                    r  static                              <hidden>/<hidden>/<hidden>
    BUFGCE_X0Y70.O       BUFGCE (Prop_BUFCE_BUFGCE_I_O)
                                                      0.028     3.346 r  static                              <hidden>/<hidden>/<hidden>
    X3Y5 (CLOCK_ROOT)    net (fo=2363, routed)        2.933     6.279    boundary                            WRAPPER/CL/AWS_CLK_GEN/CLK_GRP_A_EN_I.CLK_MMCM_A_I/inst/AXI_LITE_IPIF_I/I_SLAVE_ATTACHMENT/s_axi_aclk
    SLICE_X137Y219.CLK   FDRE                                         r  reconfigurable pblock_CL            WRAPPER/CL/AWS_CLK_GEN/CLK_GRP_A_EN_I.CLK_MMCM_A_I/inst/AXI_LITE_IPIF_I/I_SLAVE_ATTACHMENT/bus2ip_addr_i_reg[0]/C
  -------------------------------------------------------------------    -------------------------------------------------------
    SLICE_X137Y219.Q     FDRE (Prop_AFF2_SLICEM_C_Q)
                                                      0.080     6.359 r  reconfigurable pblock_CL            WRAPPER/CL/AWS_CLK_GEN/CLK_GRP_A_EN_I.CLK_MMCM_A_I/inst/AXI_LITE_IPIF_I/I_SLAVE_ATTACHMENT/bus2ip_addr_i_reg[0]/Q
                         net (fo=6, routed)           0.789     7.148    reconfigurable                      WRAPPER/CL/AWS_CLK_GEN/CLK_GRP_A_EN_I.CLK_MMCM_A_I/inst/AXI_LITE_IPIF_I/I_SLAVE_ATTACHMENT/bus2ip_addr[0]
    SLICE_X134Y217.A2                                                 r  reconfigurable pblock_CL            WRAPPER/CL/AWS_CLK_GEN/CLK_GRP_A_EN_I.CLK_MMCM_A_I/inst/AXI_LITE_IPIF_I/I_SLAVE_ATTACHMENT/clkfbout_reg[6]_i_4/I1
    SLICE_X134Y217.O6    LUT6 (Prop_H6LUT_SLICEL_I1_O)
                                                      0.124     7.272 r  reconfigurable pblock_CL            WRAPPER/CL/AWS_CLK_GEN/CLK_GRP_A_EN_I.CLK_MMCM_A_I/inst/AXI_LITE_IPIF_I/I_SLAVE_ATTACHMENT/clkfbout_reg[6]_i_4/O
                         net (fo=16, routed)          1.107     8.379    reconfigurable                      WRAPPER/CL/AWS_CLK_GEN/CLK_GRP_A_EN_I.CLK_MMCM_A_I/inst/AXI_LITE_IPIF_I/I_SLAVE_ATTACHMENT/clkfbout_reg[6]_i_4_n_0
    SLICE_X132Y219.A5                                                 r  reconfigurable pblock_CL            WRAPPER/CL/AWS_CLK_GEN/CLK_GRP_A_EN_I.CLK_MMCM_A_I/inst/AXI_LITE_IPIF_I/I_SLAVE_ATTACHMENT/ram_clk_config[5][31]_i_3/I1
    SLICE_X132Y219.O5    LUT3 (Prop_E5LUT_SLICEL_I1_O)
                                                      0.070     8.449 f  reconfigurable pblock_CL            WRAPPER/CL/AWS_CLK_GEN/CLK_GRP_A_EN_I.CLK_MMCM_A_I/inst/AXI_LITE_IPIF_I/I_SLAVE_ATTACHMENT/ram_clk_config[5][31]_i_3/O
                         net (fo=18, routed)          0.668     9.117    reconfigurable                      WRAPPER/CL/AWS_CLK_GEN/CLK_GRP_A_EN_I.CLK_MMCM_A_I/inst/AXI_LITE_IPIF_I/I_SLAVE_ATTACHMENT/I_DECODER/ram_clk_config_reg[14][31]_0
    SLICE_X134Y222.A6                                                 f  reconfigurable pblock_CL            WRAPPER/CL/AWS_CLK_GEN/CLK_GRP_A_EN_I.CLK_MMCM_A_I/inst/AXI_LITE_IPIF_I/I_SLAVE_ATTACHMENT/I_DECODER/ram_clk_config[29][31]_i_1/I2
    SLICE_X134Y222.O6    LUT6 (Prop_A6LUT_SLICEL_I2_O)
                                                      0.035     9.152 r  reconfigurable pblock_CL            WRAPPER/CL/AWS_CLK_GEN/CLK_GRP_A_EN_I.CLK_MMCM_A_I/inst/AXI_LITE_IPIF_I/I_SLAVE_ATTACHMENT/I_DECODER/ram_clk_config[29][31]_i_1/O
                         net (fo=32, routed)          1.220    10.371    reconfigurable                      WRAPPER/CL/AWS_CLK_GEN/CLK_GRP_A_EN_I.CLK_MMCM_A_I/inst/CLK_CORE_DRP_I/ram_clk_config_reg[29][31]_0[0]
    SLICE_X133Y218.CE    FDRE                                         r  reconfigurable pblock_CL            WRAPPER/CL/AWS_CLK_GEN/CLK_GRP_A_EN_I.CLK_MMCM_A_I/inst/CLK_CORE_DRP_I/ram_clk_config_reg[29][7]/CE
  -------------------------------------------------------------------    -------------------------------------------------------

                         (clock clk_hbm_ref rise edge)
                                                     10.000    10.000 r                                      
    BJ4                                               0.000    10.000 r  static                              <hidden>
                         net (fo=0)                   0.079    10.079    static                              <hidden>/<hidden>/<hidden>/<hidden>
    HPIOBDIFFINBUF_X0Y130.DIFF_IN_P
                                                                      r  static                              <hidden>/<hidden>/<hidden>/<hidden>
    HPIOBDIFFINBUF_X0Y130.O
                         DIFFINBUF (Prop_DIFFINBUF_HPIOBDIFFINBUF_DIFF_IN_P_O)
                                                      0.750    10.829 r  static                              <hidden>/<hidden>/<hidden>/<hidden>
                         net (fo=1, routed)           0.040    10.869    static                              <hidden>/<hidden>/<hidden>/<hidden>
    BJ4.I                                                             r  static                              <hidden>/<hidden>/<hidden>/<hidden>
    BJ4.O                IBUFCTRL (Prop_IBUFCTRL_HPIOB_M_I_O)
                                                      0.000    10.869 r  static                              <hidden>/<hidden>/<hidden>/<hidden>
                         net (fo=1, routed)           0.309    11.178    static                              <hidden>/<hidden>/<hidden>
    BUFGCE_X0Y122.I                                                   r  static                              <hidden>/<hidden>/<hidden>
    BUFGCE_X0Y122.O      BUFGCE (Prop_BUFCE_BUFGCE_I_O)
                                                      0.024    11.202 r  static                              <hidden>/<hidden>/<hidden>
                         net (fo=3, routed)           1.624    12.826    static                              <hidden>/<hidden>/<hidden>/<hidden>/<hidden>
    SLR Crossing[1->0]   
    MMCM_X0Y2.CLKIN1                                                  r  static                              <hidden>/<hidden>/<hidden>/<hidden>/<hidden>
    MMCM_X0Y2.CLKOUT0    MMCME4_ADV (Prop_MMCM_CLKIN1_CLKOUT0)
                                                      0.630    13.456 r  static                              <hidden>/<hidden>/<hidden>/<hidden>/<hidden>
                         net (fo=2, routed)           0.215    13.671    static                              <hidden>/<hidden>/<hidden>
    BUFGCE_X0Y70.I                                                    r  static                              <hidden>/<hidden>/<hidden>
    BUFGCE_X0Y70.O       BUFGCE (Prop_BUFCE_BUFGCE_I_O)
                                                      0.024    13.695 r  static                              <hidden>/<hidden>/<hidden>
    X3Y5 (CLOCK_ROOT)    net (fo=2363, routed)        2.609    16.304    boundary                            WRAPPER/CL/AWS_CLK_GEN/CLK_GRP_A_EN_I.CLK_MMCM_A_I/inst/CLK_CORE_DRP_I/s_axi_aclk
    SLICE_X133Y218.CLK   FDRE                                         r  reconfigurable pblock_CL            WRAPPER/CL/AWS_CLK_GEN/CLK_GRP_A_EN_I.CLK_MMCM_A_I/inst/CLK_CORE_DRP_I/ram_clk_config_reg[29][7]/C
                         clock pessimism             -0.137    16.167                                            
                         clock uncertainty           -0.094    16.073                                            
    SLICE_X133Y218       FDRE (Setup_EFF_SLICEM_C_CE)
                                                     -0.061    16.012    reconfigurable   pblock_CL              WRAPPER/CL/AWS_CLK_GEN/CLK_GRP_A_EN_I.CLK_MMCM_A_I/inst/CLK_CORE_DRP_I/ram_clk_config_reg[29][7]
  -------------------------------------------------------------------
                         required time                         16.012                                            
                         arrival time                         -10.371                                            
  -------------------------------------------------------------------
                         slack                                  5.640                                            

Slack (MET) :             5.655ns  (required time - arrival time)
  Source:                 WRAPPER/CL/AWS_CLK_GEN/CLK_GRP_A_EN_I.CLK_MMCM_A_I/inst/AXI_LITE_IPIF_I/I_SLAVE_ATTACHMENT/bus2ip_addr_i_reg[0]/C
                            (rising edge-triggered cell FDRE clocked by clk_hbm_ref  {rise@0.000ns fall@5.000ns period=10.000ns})
  Destination:            WRAPPER/CL/AWS_CLK_GEN/CLK_GRP_A_EN_I.CLK_MMCM_A_I/inst/CLK_CORE_DRP_I/ram_clk_config_reg[31][14]/CE
                            (rising edge-triggered cell FDRE clocked by clk_hbm_ref  {rise@0.000ns fall@5.000ns period=10.000ns})
  Path Group:             clk_hbm_ref
  Path Type:              Setup (Max at Slow Process Corner)
  Requirement:            10.000ns  (clk_hbm_ref rise@10.000ns - clk_hbm_ref rise@0.000ns)
  Data Path Delay:        4.078ns  (logic 0.397ns (9.735%)  route 3.681ns (90.265%))
  Logic Levels:           3  (LUT3=1 LUT6=2)
  Clock Path Skew:        -0.112ns (DCD - SCD + CPR)
    Destination Clock Delay (DCD):    6.304ns = ( 16.304 - 10.000 ) 
    Source Clock Delay      (SCD):    6.279ns
    Clock Pessimism Removal (CPR):    -0.137ns
  Clock Uncertainty:      0.094ns  ((TSJ^2 + DJ^2)^1/2) / 2 + PE
    Total System Jitter     (TSJ):    0.071ns
    Discrete Jitter          (DJ):    0.175ns
    Phase Error              (PE):    0.000ns
  Clock Net Delay (Source):      2.933ns (routing 1.113ns, distribution 1.820ns)
  Clock Net Delay (Destination): 2.609ns (routing 1.010ns, distribution 1.599ns)

    Location             Delay type                Incr(ns)  Path(ns)    Partition      PBlock               Netlist Resource(s)
  -------------------------------------------------------------------    -------------------------------------------------------
                         (clock clk_hbm_ref rise edge)
                                                      0.000     0.000 r                                      
    BJ4                                               0.000     0.000 r  static                              <hidden>
                         net (fo=0)                   0.100     0.100    static                              <hidden>/<hidden>/<hidden>/<hidden>
    HPIOBDIFFINBUF_X0Y130.DIFF_IN_P
                                                                      r  static                              <hidden>/<hidden>/<hidden>/<hidden>
    HPIOBDIFFINBUF_X0Y130.O
                         DIFFINBUF (Prop_DIFFINBUF_HPIOBDIFFINBUF_DIFF_IN_P_O)
                                                      0.863     0.963 r  static                              <hidden>/<hidden>/<hidden>/<hidden>
                         net (fo=1, routed)           0.050     1.013    static                              <hidden>/<hidden>/<hidden>/<hidden>
    BJ4.I                                                             r  static                              <hidden>/<hidden>/<hidden>/<hidden>
    BJ4.O                IBUFCTRL (Prop_IBUFCTRL_HPIOB_M_I_O)
                                                      0.000     1.013 r  static                              <hidden>/<hidden>/<hidden>/<hidden>
                         net (fo=1, routed)           0.348     1.361    static                              <hidden>/<hidden>/<hidden>
    BUFGCE_X0Y122.I                                                   r  static                              <hidden>/<hidden>/<hidden>
    BUFGCE_X0Y122.O      BUFGCE (Prop_BUFCE_BUFGCE_I_O)
                                                      0.028     1.389 r  static                              <hidden>/<hidden>/<hidden>
                         net (fo=3, routed)           1.811     3.200    static                              <hidden>/<hidden>/<hidden>/<hidden>/<hidden>
    SLR Crossing[1->0]   
    MMCM_X0Y2.CLKIN1                                                  r  static                              <hidden>/<hidden>/<hidden>/<hidden>/<hidden>
    MMCM_X0Y2.CLKOUT0    MMCME4_ADV (Prop_MMCM_CLKIN1_CLKOUT0)
                                                     -0.127     3.073 r  static                              <hidden>/<hidden>/<hidden>/<hidden>/<hidden>
                         net (fo=2, routed)           0.245     3.318    static                              <hidden>/<hidden>/<hidden>
    BUFGCE_X0Y70.I                                                    r  static                              <hidden>/<hidden>/<hidden>
    BUFGCE_X0Y70.O       BUFGCE (Prop_BUFCE_BUFGCE_I_O)
                                                      0.028     3.346 r  static                              <hidden>/<hidden>/<hidden>
    X3Y5 (CLOCK_ROOT)    net (fo=2363, routed)        2.933     6.279    boundary                            WRAPPER/CL/AWS_CLK_GEN/CLK_GRP_A_EN_I.CLK_MMCM_A_I/inst/AXI_LITE_IPIF_I/I_SLAVE_ATTACHMENT/s_axi_aclk
    SLICE_X137Y219.CLK   FDRE                                         r  reconfigurable pblock_CL            WRAPPER/CL/AWS_CLK_GEN/CLK_GRP_A_EN_I.CLK_MMCM_A_I/inst/AXI_LITE_IPIF_I/I_SLAVE_ATTACHMENT/bus2ip_addr_i_reg[0]/C
  -------------------------------------------------------------------    -------------------------------------------------------
    SLICE_X137Y219.Q     FDRE (Prop_AFF2_SLICEM_C_Q)
                                                      0.080     6.359 r  reconfigurable pblock_CL            WRAPPER/CL/AWS_CLK_GEN/CLK_GRP_A_EN_I.CLK_MMCM_A_I/inst/AXI_LITE_IPIF_I/I_SLAVE_ATTACHMENT/bus2ip_addr_i_reg[0]/Q
                         net (fo=6, routed)           0.789     7.148    reconfigurable                      WRAPPER/CL/AWS_CLK_GEN/CLK_GRP_A_EN_I.CLK_MMCM_A_I/inst/AXI_LITE_IPIF_I/I_SLAVE_ATTACHMENT/bus2ip_addr[0]
    SLICE_X134Y217.A2                                                 r  reconfigurable pblock_CL            WRAPPER/CL/AWS_CLK_GEN/CLK_GRP_A_EN_I.CLK_MMCM_A_I/inst/AXI_LITE_IPIF_I/I_SLAVE_ATTACHMENT/clkfbout_reg[6]_i_4/I1
    SLICE_X134Y217.O6    LUT6 (Prop_H6LUT_SLICEL_I1_O)
                                                      0.124     7.272 r  reconfigurable pblock_CL            WRAPPER/CL/AWS_CLK_GEN/CLK_GRP_A_EN_I.CLK_MMCM_A_I/inst/AXI_LITE_IPIF_I/I_SLAVE_ATTACHMENT/clkfbout_reg[6]_i_4/O
                         net (fo=16, routed)          1.107     8.379    reconfigurable                      WRAPPER/CL/AWS_CLK_GEN/CLK_GRP_A_EN_I.CLK_MMCM_A_I/inst/AXI_LITE_IPIF_I/I_SLAVE_ATTACHMENT/clkfbout_reg[6]_i_4_n_0
    SLICE_X132Y219.A5                                                 r  reconfigurable pblock_CL            WRAPPER/CL/AWS_CLK_GEN/CLK_GRP_A_EN_I.CLK_MMCM_A_I/inst/AXI_LITE_IPIF_I/I_SLAVE_ATTACHMENT/ram_clk_config[5][31]_i_3/I1
    SLICE_X132Y219.O5    LUT3 (Prop_E5LUT_SLICEL_I1_O)
                                                      0.070     8.449 f  reconfigurable pblock_CL            WRAPPER/CL/AWS_CLK_GEN/CLK_GRP_A_EN_I.CLK_MMCM_A_I/inst/AXI_LITE_IPIF_I/I_SLAVE_ATTACHMENT/ram_clk_config[5][31]_i_3/O
                         net (fo=18, routed)          0.624     9.073    reconfigurable                      WRAPPER/CL/AWS_CLK_GEN/CLK_GRP_A_EN_I.CLK_MMCM_A_I/inst/AXI_LITE_IPIF_I/I_SLAVE_ATTACHMENT/I_DECODER/ram_clk_config_reg[14][31]_0
    SLICE_X135Y220.A2                                                 f  reconfigurable pblock_CL            WRAPPER/CL/AWS_CLK_GEN/CLK_GRP_A_EN_I.CLK_MMCM_A_I/inst/AXI_LITE_IPIF_I/I_SLAVE_ATTACHMENT/I_DECODER/ram_clk_config[31][31]_i_1/I4
    SLICE_X135Y220.O6    LUT6 (Prop_G6LUT_SLICEL_I4_O)
                                                      0.123     9.196 r  reconfigurable pblock_CL            WRAPPER/CL/AWS_CLK_GEN/CLK_GRP_A_EN_I.CLK_MMCM_A_I/inst/AXI_LITE_IPIF_I/I_SLAVE_ATTACHMENT/I_DECODER/ram_clk_config[31][31]_i_1/O
                         net (fo=32, routed)          1.161    10.357    reconfigurable                      WRAPPER/CL/AWS_CLK_GEN/CLK_GRP_A_EN_I.CLK_MMCM_A_I/inst/CLK_CORE_DRP_I/ram_clk_config_reg[31][31]_0[0]
    SLICE_X133Y218.CE    FDRE                                         r  reconfigurable pblock_CL            WRAPPER/CL/AWS_CLK_GEN/CLK_GRP_A_EN_I.CLK_MMCM_A_I/inst/CLK_CORE_DRP_I/ram_clk_config_reg[31][14]/CE
  -------------------------------------------------------------------    -------------------------------------------------------

                         (clock clk_hbm_ref rise edge)
                                                     10.000    10.000 r                                      
    BJ4                                               0.000    10.000 r  static                              <hidden>
                         net (fo=0)                   0.079    10.079    static                              <hidden>/<hidden>/<hidden>/<hidden>
    HPIOBDIFFINBUF_X0Y130.DIFF_IN_P
                                                                      r  static                              <hidden>/<hidden>/<hidden>/<hidden>
    HPIOBDIFFINBUF_X0Y130.O
                         DIFFINBUF (Prop_DIFFINBUF_HPIOBDIFFINBUF_DIFF_IN_P_O)
                                                      0.750    10.829 r  static                              <hidden>/<hidden>/<hidden>/<hidden>
                         net (fo=1, routed)           0.040    10.869    static                              <hidden>/<hidden>/<hidden>/<hidden>
    BJ4.I                                                             r  static                              <hidden>/<hidden>/<hidden>/<hidden>
    BJ4.O                IBUFCTRL (Prop_IBUFCTRL_HPIOB_M_I_O)
                                                      0.000    10.869 r  static                              <hidden>/<hidden>/<hidden>/<hidden>
                         net (fo=1, routed)           0.309    11.178    static                              <hidden>/<hidden>/<hidden>
    BUFGCE_X0Y122.I                                                   r  static                              <hidden>/<hidden>/<hidden>
    BUFGCE_X0Y122.O      BUFGCE (Prop_BUFCE_BUFGCE_I_O)
                                                      0.024    11.202 r  static                              <hidden>/<hidden>/<hidden>
                         net (fo=3, routed)           1.624    12.826    static                              <hidden>/<hidden>/<hidden>/<hidden>/<hidden>
    SLR Crossing[1->0]   
    MMCM_X0Y2.CLKIN1                                                  r  static                              <hidden>/<hidden>/<hidden>/<hidden>/<hidden>
    MMCM_X0Y2.CLKOUT0    MMCME4_ADV (Prop_MMCM_CLKIN1_CLKOUT0)
                                                      0.630    13.456 r  static                              <hidden>/<hidden>/<hidden>/<hidden>/<hidden>
                         net (fo=2, routed)           0.215    13.671    static                              <hidden>/<hidden>/<hidden>
    BUFGCE_X0Y70.I                                                    r  static                              <hidden>/<hidden>/<hidden>
    BUFGCE_X0Y70.O       BUFGCE (Prop_BUFCE_BUFGCE_I_O)
                                                      0.024    13.695 r  static                              <hidden>/<hidden>/<hidden>
    X3Y5 (CLOCK_ROOT)    net (fo=2363, routed)        2.609    16.304    boundary                            WRAPPER/CL/AWS_CLK_GEN/CLK_GRP_A_EN_I.CLK_MMCM_A_I/inst/CLK_CORE_DRP_I/s_axi_aclk
    SLICE_X133Y218.CLK   FDRE                                         r  reconfigurable pblock_CL            WRAPPER/CL/AWS_CLK_GEN/CLK_GRP_A_EN_I.CLK_MMCM_A_I/inst/CLK_CORE_DRP_I/ram_clk_config_reg[31][14]/C
                         clock pessimism             -0.137    16.167                                            
                         clock uncertainty           -0.094    16.073                                            
    SLICE_X133Y218       FDRE (Setup_HFF2_SLICEM_C_CE)
                                                     -0.061    16.012    reconfigurable   pblock_CL              WRAPPER/CL/AWS_CLK_GEN/CLK_GRP_A_EN_I.CLK_MMCM_A_I/inst/CLK_CORE_DRP_I/ram_clk_config_reg[31][14]
  -------------------------------------------------------------------
                         required time                         16.012                                            
                         arrival time                         -10.357                                            
  -------------------------------------------------------------------
                         slack                                  5.655                                            

Slack (MET) :             5.655ns  (required time - arrival time)
  Source:                 WRAPPER/CL/AWS_CLK_GEN/CLK_GRP_A_EN_I.CLK_MMCM_A_I/inst/AXI_LITE_IPIF_I/I_SLAVE_ATTACHMENT/bus2ip_addr_i_reg[0]/C
                            (rising edge-triggered cell FDRE clocked by clk_hbm_ref  {rise@0.000ns fall@5.000ns period=10.000ns})
  Destination:            WRAPPER/CL/AWS_CLK_GEN/CLK_GRP_A_EN_I.CLK_MMCM_A_I/inst/CLK_CORE_DRP_I/ram_clk_config_reg[31][19]/CE
                            (rising edge-triggered cell FDRE clocked by clk_hbm_ref  {rise@0.000ns fall@5.000ns period=10.000ns})
  Path Group:             clk_hbm_ref
  Path Type:              Setup (Max at Slow Process Corner)
  Requirement:            10.000ns  (clk_hbm_ref rise@10.000ns - clk_hbm_ref rise@0.000ns)
  Data Path Delay:        4.078ns  (logic 0.397ns (9.735%)  route 3.681ns (90.265%))
  Logic Levels:           3  (LUT3=1 LUT6=2)
  Clock Path Skew:        -0.112ns (DCD - SCD + CPR)
    Destination Clock Delay (DCD):    6.304ns = ( 16.304 - 10.000 ) 
    Source Clock Delay      (SCD):    6.279ns
    Clock Pessimism Removal (CPR):    -0.137ns
  Clock Uncertainty:      0.094ns  ((TSJ^2 + DJ^2)^1/2) / 2 + PE
    Total System Jitter     (TSJ):    0.071ns
    Discrete Jitter          (DJ):    0.175ns
    Phase Error              (PE):    0.000ns
  Clock Net Delay (Source):      2.933ns (routing 1.113ns, distribution 1.820ns)
  Clock Net Delay (Destination): 2.609ns (routing 1.010ns, distribution 1.599ns)

    Location             Delay type                Incr(ns)  Path(ns)    Partition      PBlock               Netlist Resource(s)
  -------------------------------------------------------------------    -------------------------------------------------------
                         (clock clk_hbm_ref rise edge)
                                                      0.000     0.000 r                                      
    BJ4                                               0.000     0.000 r  static                              <hidden>
                         net (fo=0)                   0.100     0.100    static                              <hidden>/<hidden>/<hidden>/<hidden>
    HPIOBDIFFINBUF_X0Y130.DIFF_IN_P
                                                                      r  static                              <hidden>/<hidden>/<hidden>/<hidden>
    HPIOBDIFFINBUF_X0Y130.O
                         DIFFINBUF (Prop_DIFFINBUF_HPIOBDIFFINBUF_DIFF_IN_P_O)
                                                      0.863     0.963 r  static                              <hidden>/<hidden>/<hidden>/<hidden>
                         net (fo=1, routed)           0.050     1.013    static                              <hidden>/<hidden>/<hidden>/<hidden>
    BJ4.I                                                             r  static                              <hidden>/<hidden>/<hidden>/<hidden>
    BJ4.O                IBUFCTRL (Prop_IBUFCTRL_HPIOB_M_I_O)
                                                      0.000     1.013 r  static                              <hidden>/<hidden>/<hidden>/<hidden>
                         net (fo=1, routed)           0.348     1.361    static                              <hidden>/<hidden>/<hidden>
    BUFGCE_X0Y122.I                                                   r  static                              <hidden>/<hidden>/<hidden>
    BUFGCE_X0Y122.O      BUFGCE (Prop_BUFCE_BUFGCE_I_O)
                                                      0.028     1.389 r  static                              <hidden>/<hidden>/<hidden>
                         net (fo=3, routed)           1.811     3.200    static                              <hidden>/<hidden>/<hidden>/<hidden>/<hidden>
    SLR Crossing[1->0]   
    MMCM_X0Y2.CLKIN1                                                  r  static                              <hidden>/<hidden>/<hidden>/<hidden>/<hidden>
    MMCM_X0Y2.CLKOUT0    MMCME4_ADV (Prop_MMCM_CLKIN1_CLKOUT0)
                                                     -0.127     3.073 r  static                              <hidden>/<hidden>/<hidden>/<hidden>/<hidden>
                         net (fo=2, routed)           0.245     3.318    static                              <hidden>/<hidden>/<hidden>
    BUFGCE_X0Y70.I                                                    r  static                              <hidden>/<hidden>/<hidden>
    BUFGCE_X0Y70.O       BUFGCE (Prop_BUFCE_BUFGCE_I_O)
                                                      0.028     3.346 r  static                              <hidden>/<hidden>/<hidden>
    X3Y5 (CLOCK_ROOT)    net (fo=2363, routed)        2.933     6.279    boundary                            WRAPPER/CL/AWS_CLK_GEN/CLK_GRP_A_EN_I.CLK_MMCM_A_I/inst/AXI_LITE_IPIF_I/I_SLAVE_ATTACHMENT/s_axi_aclk
    SLICE_X137Y219.CLK   FDRE                                         r  reconfigurable pblock_CL            WRAPPER/CL/AWS_CLK_GEN/CLK_GRP_A_EN_I.CLK_MMCM_A_I/inst/AXI_LITE_IPIF_I/I_SLAVE_ATTACHMENT/bus2ip_addr_i_reg[0]/C
  -------------------------------------------------------------------    -------------------------------------------------------
    SLICE_X137Y219.Q     FDRE (Prop_AFF2_SLICEM_C_Q)
                                                      0.080     6.359 r  reconfigurable pblock_CL            WRAPPER/CL/AWS_CLK_GEN/CLK_GRP_A_EN_I.CLK_MMCM_A_I/inst/AXI_LITE_IPIF_I/I_SLAVE_ATTACHMENT/bus2ip_addr_i_reg[0]/Q
                         net (fo=6, routed)           0.789     7.148    reconfigurable                      WRAPPER/CL/AWS_CLK_GEN/CLK_GRP_A_EN_I.CLK_MMCM_A_I/inst/AXI_LITE_IPIF_I/I_SLAVE_ATTACHMENT/bus2ip_addr[0]
    SLICE_X134Y217.A2                                                 r  reconfigurable pblock_CL            WRAPPER/CL/AWS_CLK_GEN/CLK_GRP_A_EN_I.CLK_MMCM_A_I/inst/AXI_LITE_IPIF_I/I_SLAVE_ATTACHMENT/clkfbout_reg[6]_i_4/I1
    SLICE_X134Y217.O6    LUT6 (Prop_H6LUT_SLICEL_I1_O)
                                                      0.124     7.272 r  reconfigurable pblock_CL            WRAPPER/CL/AWS_CLK_GEN/CLK_GRP_A_EN_I.CLK_MMCM_A_I/inst/AXI_LITE_IPIF_I/I_SLAVE_ATTACHMENT/clkfbout_reg[6]_i_4/O
                         net (fo=16, routed)          1.107     8.379    reconfigurable                      WRAPPER/CL/AWS_CLK_GEN/CLK_GRP_A_EN_I.CLK_MMCM_A_I/inst/AXI_LITE_IPIF_I/I_SLAVE_ATTACHMENT/clkfbout_reg[6]_i_4_n_0
    SLICE_X132Y219.A5                                                 r  reconfigurable pblock_CL            WRAPPER/CL/AWS_CLK_GEN/CLK_GRP_A_EN_I.CLK_MMCM_A_I/inst/AXI_LITE_IPIF_I/I_SLAVE_ATTACHMENT/ram_clk_config[5][31]_i_3/I1
    SLICE_X132Y219.O5    LUT3 (Prop_E5LUT_SLICEL_I1_O)
                                                      0.070     8.449 f  reconfigurable pblock_CL            WRAPPER/CL/AWS_CLK_GEN/CLK_GRP_A_EN_I.CLK_MMCM_A_I/inst/AXI_LITE_IPIF_I/I_SLAVE_ATTACHMENT/ram_clk_config[5][31]_i_3/O
                         net (fo=18, routed)          0.624     9.073    reconfigurable                      WRAPPER/CL/AWS_CLK_GEN/CLK_GRP_A_EN_I.CLK_MMCM_A_I/inst/AXI_LITE_IPIF_I/I_SLAVE_ATTACHMENT/I_DECODER/ram_clk_config_reg[14][31]_0
    SLICE_X135Y220.A2                                                 f  reconfigurable pblock_CL            WRAPPER/CL/AWS_CLK_GEN/CLK_GRP_A_EN_I.CLK_MMCM_A_I/inst/AXI_LITE_IPIF_I/I_SLAVE_ATTACHMENT/I_DECODER/ram_clk_config[31][31]_i_1/I4
    SLICE_X135Y220.O6    LUT6 (Prop_G6LUT_SLICEL_I4_O)
                                                      0.123     9.196 r  reconfigurable pblock_CL            WRAPPER/CL/AWS_CLK_GEN/CLK_GRP_A_EN_I.CLK_MMCM_A_I/inst/AXI_LITE_IPIF_I/I_SLAVE_ATTACHMENT/I_DECODER/ram_clk_config[31][31]_i_1/O
                         net (fo=32, routed)          1.161    10.357    reconfigurable                      WRAPPER/CL/AWS_CLK_GEN/CLK_GRP_A_EN_I.CLK_MMCM_A_I/inst/CLK_CORE_DRP_I/ram_clk_config_reg[31][31]_0[0]
    SLICE_X133Y218.CE    FDRE                                         r  reconfigurable pblock_CL            WRAPPER/CL/AWS_CLK_GEN/CLK_GRP_A_EN_I.CLK_MMCM_A_I/inst/CLK_CORE_DRP_I/ram_clk_config_reg[31][19]/CE
  -------------------------------------------------------------------    -------------------------------------------------------

                         (clock clk_hbm_ref rise edge)
                                                     10.000    10.000 r                                      
    BJ4                                               0.000    10.000 r  static                              <hidden>
                         net (fo=0)                   0.079    10.079    static                              <hidden>/<hidden>/<hidden>/<hidden>
    HPIOBDIFFINBUF_X0Y130.DIFF_IN_P
                                                                      r  static                              <hidden>/<hidden>/<hidden>/<hidden>
    HPIOBDIFFINBUF_X0Y130.O
                         DIFFINBUF (Prop_DIFFINBUF_HPIOBDIFFINBUF_DIFF_IN_P_O)
                                                      0.750    10.829 r  static                              <hidden>/<hidden>/<hidden>/<hidden>
                         net (fo=1, routed)           0.040    10.869    static                              <hidden>/<hidden>/<hidden>/<hidden>
    BJ4.I                                                             r  static                              <hidden>/<hidden>/<hidden>/<hidden>
    BJ4.O                IBUFCTRL (Prop_IBUFCTRL_HPIOB_M_I_O)
                                                      0.000    10.869 r  static                              <hidden>/<hidden>/<hidden>/<hidden>
                         net (fo=1, routed)           0.309    11.178    static                              <hidden>/<hidden>/<hidden>
    BUFGCE_X0Y122.I                                                   r  static                              <hidden>/<hidden>/<hidden>
    BUFGCE_X0Y122.O      BUFGCE (Prop_BUFCE_BUFGCE_I_O)
                                                      0.024    11.202 r  static                              <hidden>/<hidden>/<hidden>
                         net (fo=3, routed)           1.624    12.826    static                              <hidden>/<hidden>/<hidden>/<hidden>/<hidden>
    SLR Crossing[1->0]   
    MMCM_X0Y2.CLKIN1                                                  r  static                              <hidden>/<hidden>/<hidden>/<hidden>/<hidden>
    MMCM_X0Y2.CLKOUT0    MMCME4_ADV (Prop_MMCM_CLKIN1_CLKOUT0)
                                                      0.630    13.456 r  static                              <hidden>/<hidden>/<hidden>/<hidden>/<hidden>
                         net (fo=2, routed)           0.215    13.671    static                              <hidden>/<hidden>/<hidden>
    BUFGCE_X0Y70.I                                                    r  static                              <hidden>/<hidden>/<hidden>
    BUFGCE_X0Y70.O       BUFGCE (Prop_BUFCE_BUFGCE_I_O)
                                                      0.024    13.695 r  static                              <hidden>/<hidden>/<hidden>
    X3Y5 (CLOCK_ROOT)    net (fo=2363, routed)        2.609    16.304    boundary                            WRAPPER/CL/AWS_CLK_GEN/CLK_GRP_A_EN_I.CLK_MMCM_A_I/inst/CLK_CORE_DRP_I/s_axi_aclk
    SLICE_X133Y218.CLK   FDRE                                         r  reconfigurable pblock_CL            WRAPPER/CL/AWS_CLK_GEN/CLK_GRP_A_EN_I.CLK_MMCM_A_I/inst/CLK_CORE_DRP_I/ram_clk_config_reg[31][19]/C
                         clock pessimism             -0.137    16.167                                            
                         clock uncertainty           -0.094    16.073                                            
    SLICE_X133Y218       FDRE (Setup_GFF2_SLICEM_C_CE)
                                                     -0.061    16.012    reconfigurable   pblock_CL              WRAPPER/CL/AWS_CLK_GEN/CLK_GRP_A_EN_I.CLK_MMCM_A_I/inst/CLK_CORE_DRP_I/ram_clk_config_reg[31][19]
  -------------------------------------------------------------------
                         required time                         16.012                                            
                         arrival time                         -10.357                                            
  -------------------------------------------------------------------
                         slack                                  5.655                                            

Slack (MET) :             5.655ns  (required time - arrival time)
  Source:                 WRAPPER/CL/AWS_CLK_GEN/CLK_GRP_A_EN_I.CLK_MMCM_A_I/inst/AXI_LITE_IPIF_I/I_SLAVE_ATTACHMENT/bus2ip_addr_i_reg[0]/C
                            (rising edge-triggered cell FDRE clocked by clk_hbm_ref  {rise@0.000ns fall@5.000ns period=10.000ns})
  Destination:            WRAPPER/CL/AWS_CLK_GEN/CLK_GRP_A_EN_I.CLK_MMCM_A_I/inst/CLK_CORE_DRP_I/ram_clk_config_reg[31][4]/CE
                            (rising edge-triggered cell FDRE clocked by clk_hbm_ref  {rise@0.000ns fall@5.000ns period=10.000ns})
  Path Group:             clk_hbm_ref
  Path Type:              Setup (Max at Slow Process Corner)
  Requirement:            10.000ns  (clk_hbm_ref rise@10.000ns - clk_hbm_ref rise@0.000ns)
  Data Path Delay:        4.078ns  (logic 0.397ns (9.735%)  route 3.681ns (90.265%))
  Logic Levels:           3  (LUT3=1 LUT6=2)
  Clock Path Skew:        -0.112ns (DCD - SCD + CPR)
    Destination Clock Delay (DCD):    6.304ns = ( 16.304 - 10.000 ) 
    Source Clock Delay      (SCD):    6.279ns
    Clock Pessimism Removal (CPR):    -0.137ns
  Clock Uncertainty:      0.094ns  ((TSJ^2 + DJ^2)^1/2) / 2 + PE
    Total System Jitter     (TSJ):    0.071ns
    Discrete Jitter          (DJ):    0.175ns
    Phase Error              (PE):    0.000ns
  Clock Net Delay (Source):      2.933ns (routing 1.113ns, distribution 1.820ns)
  Clock Net Delay (Destination): 2.609ns (routing 1.010ns, distribution 1.599ns)

    Location             Delay type                Incr(ns)  Path(ns)    Partition      PBlock               Netlist Resource(s)
  -------------------------------------------------------------------    -------------------------------------------------------
                         (clock clk_hbm_ref rise edge)
                                                      0.000     0.000 r                                      
    BJ4                                               0.000     0.000 r  static                              <hidden>
                         net (fo=0)                   0.100     0.100    static                              <hidden>/<hidden>/<hidden>/<hidden>
    HPIOBDIFFINBUF_X0Y130.DIFF_IN_P
                                                                      r  static                              <hidden>/<hidden>/<hidden>/<hidden>
    HPIOBDIFFINBUF_X0Y130.O
                         DIFFINBUF (Prop_DIFFINBUF_HPIOBDIFFINBUF_DIFF_IN_P_O)
                                                      0.863     0.963 r  static                              <hidden>/<hidden>/<hidden>/<hidden>
                         net (fo=1, routed)           0.050     1.013    static                              <hidden>/<hidden>/<hidden>/<hidden>
    BJ4.I                                                             r  static                              <hidden>/<hidden>/<hidden>/<hidden>
    BJ4.O                IBUFCTRL (Prop_IBUFCTRL_HPIOB_M_I_O)
                                                      0.000     1.013 r  static                              <hidden>/<hidden>/<hidden>/<hidden>
                         net (fo=1, routed)           0.348     1.361    static                              <hidden>/<hidden>/<hidden>
    BUFGCE_X0Y122.I                                                   r  static                              <hidden>/<hidden>/<hidden>
    BUFGCE_X0Y122.O      BUFGCE (Prop_BUFCE_BUFGCE_I_O)
                                                      0.028     1.389 r  static                              <hidden>/<hidden>/<hidden>
                         net (fo=3, routed)           1.811     3.200    static                              <hidden>/<hidden>/<hidden>/<hidden>/<hidden>
    SLR Crossing[1->0]   
    MMCM_X0Y2.CLKIN1                                                  r  static                              <hidden>/<hidden>/<hidden>/<hidden>/<hidden>
    MMCM_X0Y2.CLKOUT0    MMCME4_ADV (Prop_MMCM_CLKIN1_CLKOUT0)
                                                     -0.127     3.073 r  static                              <hidden>/<hidden>/<hidden>/<hidden>/<hidden>
                         net (fo=2, routed)           0.245     3.318    static                              <hidden>/<hidden>/<hidden>
    BUFGCE_X0Y70.I                                                    r  static                              <hidden>/<hidden>/<hidden>
    BUFGCE_X0Y70.O       BUFGCE (Prop_BUFCE_BUFGCE_I_O)
                                                      0.028     3.346 r  static                              <hidden>/<hidden>/<hidden>
    X3Y5 (CLOCK_ROOT)    net (fo=2363, routed)        2.933     6.279    boundary                            WRAPPER/CL/AWS_CLK_GEN/CLK_GRP_A_EN_I.CLK_MMCM_A_I/inst/AXI_LITE_IPIF_I/I_SLAVE_ATTACHMENT/s_axi_aclk
    SLICE_X137Y219.CLK   FDRE                                         r  reconfigurable pblock_CL            WRAPPER/CL/AWS_CLK_GEN/CLK_GRP_A_EN_I.CLK_MMCM_A_I/inst/AXI_LITE_IPIF_I/I_SLAVE_ATTACHMENT/bus2ip_addr_i_reg[0]/C
  -------------------------------------------------------------------    -------------------------------------------------------
    SLICE_X137Y219.Q     FDRE (Prop_AFF2_SLICEM_C_Q)
                                                      0.080     6.359 r  reconfigurable pblock_CL            WRAPPER/CL/AWS_CLK_GEN/CLK_GRP_A_EN_I.CLK_MMCM_A_I/inst/AXI_LITE_IPIF_I/I_SLAVE_ATTACHMENT/bus2ip_addr_i_reg[0]/Q
                         net (fo=6, routed)           0.789     7.148    reconfigurable                      WRAPPER/CL/AWS_CLK_GEN/CLK_GRP_A_EN_I.CLK_MMCM_A_I/inst/AXI_LITE_IPIF_I/I_SLAVE_ATTACHMENT/bus2ip_addr[0]
    SLICE_X134Y217.A2                                                 r  reconfigurable pblock_CL            WRAPPER/CL/AWS_CLK_GEN/CLK_GRP_A_EN_I.CLK_MMCM_A_I/inst/AXI_LITE_IPIF_I/I_SLAVE_ATTACHMENT/clkfbout_reg[6]_i_4/I1
    SLICE_X134Y217.O6    LUT6 (Prop_H6LUT_SLICEL_I1_O)
                                                      0.124     7.272 r  reconfigurable pblock_CL            WRAPPER/CL/AWS_CLK_GEN/CLK_GRP_A_EN_I.CLK_MMCM_A_I/inst/AXI_LITE_IPIF_I/I_SLAVE_ATTACHMENT/clkfbout_reg[6]_i_4/O
                         net (fo=16, routed)          1.107     8.379    reconfigurable                      WRAPPER/CL/AWS_CLK_GEN/CLK_GRP_A_EN_I.CLK_MMCM_A_I/inst/AXI_LITE_IPIF_I/I_SLAVE_ATTACHMENT/clkfbout_reg[6]_i_4_n_0
    SLICE_X132Y219.A5                                                 r  reconfigurable pblock_CL            WRAPPER/CL/AWS_CLK_GEN/CLK_GRP_A_EN_I.CLK_MMCM_A_I/inst/AXI_LITE_IPIF_I/I_SLAVE_ATTACHMENT/ram_clk_config[5][31]_i_3/I1
    SLICE_X132Y219.O5    LUT3 (Prop_E5LUT_SLICEL_I1_O)
                                                      0.070     8.449 f  reconfigurable pblock_CL            WRAPPER/CL/AWS_CLK_GEN/CLK_GRP_A_EN_I.CLK_MMCM_A_I/inst/AXI_LITE_IPIF_I/I_SLAVE_ATTACHMENT/ram_clk_config[5][31]_i_3/O
                         net (fo=18, routed)          0.624     9.073    reconfigurable                      WRAPPER/CL/AWS_CLK_GEN/CLK_GRP_A_EN_I.CLK_MMCM_A_I/inst/AXI_LITE_IPIF_I/I_SLAVE_ATTACHMENT/I_DECODER/ram_clk_config_reg[14][31]_0
    SLICE_X135Y220.A2                                                 f  reconfigurable pblock_CL            WRAPPER/CL/AWS_CLK_GEN/CLK_GRP_A_EN_I.CLK_MMCM_A_I/inst/AXI_LITE_IPIF_I/I_SLAVE_ATTACHMENT/I_DECODER/ram_clk_config[31][31]_i_1/I4
    SLICE_X135Y220.O6    LUT6 (Prop_G6LUT_SLICEL_I4_O)
                                                      0.123     9.196 r  reconfigurable pblock_CL            WRAPPER/CL/AWS_CLK_GEN/CLK_GRP_A_EN_I.CLK_MMCM_A_I/inst/AXI_LITE_IPIF_I/I_SLAVE_ATTACHMENT/I_DECODER/ram_clk_config[31][31]_i_1/O
                         net (fo=32, routed)          1.161    10.357    reconfigurable                      WRAPPER/CL/AWS_CLK_GEN/CLK_GRP_A_EN_I.CLK_MMCM_A_I/inst/CLK_CORE_DRP_I/ram_clk_config_reg[31][31]_0[0]
    SLICE_X133Y218.CE    FDRE                                         r  reconfigurable pblock_CL            WRAPPER/CL/AWS_CLK_GEN/CLK_GRP_A_EN_I.CLK_MMCM_A_I/inst/CLK_CORE_DRP_I/ram_clk_config_reg[31][4]/CE
  -------------------------------------------------------------------    -------------------------------------------------------

                         (clock clk_hbm_ref rise edge)
                                                     10.000    10.000 r                                      
    BJ4                                               0.000    10.000 r  static                              <hidden>
                         net (fo=0)                   0.079    10.079    static                              <hidden>/<hidden>/<hidden>/<hidden>
    HPIOBDIFFINBUF_X0Y130.DIFF_IN_P
                                                                      r  static                              <hidden>/<hidden>/<hidden>/<hidden>
    HPIOBDIFFINBUF_X0Y130.O
                         DIFFINBUF (Prop_DIFFINBUF_HPIOBDIFFINBUF_DIFF_IN_P_O)
                                                      0.750    10.829 r  static                              <hidden>/<hidden>/<hidden>/<hidden>
                         net (fo=1, routed)           0.040    10.869    static                              <hidden>/<hidden>/<hidden>/<hidden>
    BJ4.I                                                             r  static                              <hidden>/<hidden>/<hidden>/<hidden>
    BJ4.O                IBUFCTRL (Prop_IBUFCTRL_HPIOB_M_I_O)
                                                      0.000    10.869 r  static                              <hidden>/<hidden>/<hidden>/<hidden>
                         net (fo=1, routed)           0.309    11.178    static                              <hidden>/<hidden>/<hidden>
    BUFGCE_X0Y122.I                                                   r  static                              <hidden>/<hidden>/<hidden>
    BUFGCE_X0Y122.O      BUFGCE (Prop_BUFCE_BUFGCE_I_O)
                                                      0.024    11.202 r  static                              <hidden>/<hidden>/<hidden>
                         net (fo=3, routed)           1.624    12.826    static                              <hidden>/<hidden>/<hidden>/<hidden>/<hidden>
    SLR Crossing[1->0]   
    MMCM_X0Y2.CLKIN1                                                  r  static                              <hidden>/<hidden>/<hidden>/<hidden>/<hidden>
    MMCM_X0Y2.CLKOUT0    MMCME4_ADV (Prop_MMCM_CLKIN1_CLKOUT0)
                                                      0.630    13.456 r  static                              <hidden>/<hidden>/<hidden>/<hidden>/<hidden>
                         net (fo=2, routed)           0.215    13.671    static                              <hidden>/<hidden>/<hidden>
    BUFGCE_X0Y70.I                                                    r  static                              <hidden>/<hidden>/<hidden>
    BUFGCE_X0Y70.O       BUFGCE (Prop_BUFCE_BUFGCE_I_O)
                                                      0.024    13.695 r  static                              <hidden>/<hidden>/<hidden>
    X3Y5 (CLOCK_ROOT)    net (fo=2363, routed)        2.609    16.304    boundary                            WRAPPER/CL/AWS_CLK_GEN/CLK_GRP_A_EN_I.CLK_MMCM_A_I/inst/CLK_CORE_DRP_I/s_axi_aclk
    SLICE_X133Y218.CLK   FDRE                                         r  reconfigurable pblock_CL            WRAPPER/CL/AWS_CLK_GEN/CLK_GRP_A_EN_I.CLK_MMCM_A_I/inst/CLK_CORE_DRP_I/ram_clk_config_reg[31][4]/C
                         clock pessimism             -0.137    16.167                                            
                         clock uncertainty           -0.094    16.073                                            
    SLICE_X133Y218       FDRE (Setup_FFF2_SLICEM_C_CE)
                                                     -0.061    16.012    reconfigurable   pblock_CL              WRAPPER/CL/AWS_CLK_GEN/CLK_GRP_A_EN_I.CLK_MMCM_A_I/inst/CLK_CORE_DRP_I/ram_clk_config_reg[31][4]
  -------------------------------------------------------------------
                         required time                         16.012                                            
                         arrival time                         -10.357                                            
  -------------------------------------------------------------------
                         slack                                  5.655                                            

Slack (MET) :             5.655ns  (required time - arrival time)
  Source:                 WRAPPER/CL/AWS_CLK_GEN/CLK_GRP_A_EN_I.CLK_MMCM_A_I/inst/AXI_LITE_IPIF_I/I_SLAVE_ATTACHMENT/bus2ip_addr_i_reg[0]/C
                            (rising edge-triggered cell FDRE clocked by clk_hbm_ref  {rise@0.000ns fall@5.000ns period=10.000ns})
  Destination:            WRAPPER/CL/AWS_CLK_GEN/CLK_GRP_A_EN_I.CLK_MMCM_A_I/inst/CLK_CORE_DRP_I/ram_clk_config_reg[31][9]/CE
                            (rising edge-triggered cell FDRE clocked by clk_hbm_ref  {rise@0.000ns fall@5.000ns period=10.000ns})
  Path Group:             clk_hbm_ref
  Path Type:              Setup (Max at Slow Process Corner)
  Requirement:            10.000ns  (clk_hbm_ref rise@10.000ns - clk_hbm_ref rise@0.000ns)
  Data Path Delay:        4.078ns  (logic 0.397ns (9.735%)  route 3.681ns (90.265%))
  Logic Levels:           3  (LUT3=1 LUT6=2)
  Clock Path Skew:        -0.112ns (DCD - SCD + CPR)
    Destination Clock Delay (DCD):    6.304ns = ( 16.304 - 10.000 ) 
    Source Clock Delay      (SCD):    6.279ns
    Clock Pessimism Removal (CPR):    -0.137ns
  Clock Uncertainty:      0.094ns  ((TSJ^2 + DJ^2)^1/2) / 2 + PE
    Total System Jitter     (TSJ):    0.071ns
    Discrete Jitter          (DJ):    0.175ns
    Phase Error              (PE):    0.000ns
  Clock Net Delay (Source):      2.933ns (routing 1.113ns, distribution 1.820ns)
  Clock Net Delay (Destination): 2.609ns (routing 1.010ns, distribution 1.599ns)

    Location             Delay type                Incr(ns)  Path(ns)    Partition      PBlock               Netlist Resource(s)
  -------------------------------------------------------------------    -------------------------------------------------------
                         (clock clk_hbm_ref rise edge)
                                                      0.000     0.000 r                                      
    BJ4                                               0.000     0.000 r  static                              <hidden>
                         net (fo=0)                   0.100     0.100    static                              <hidden>/<hidden>/<hidden>/<hidden>
    HPIOBDIFFINBUF_X0Y130.DIFF_IN_P
                                                                      r  static                              <hidden>/<hidden>/<hidden>/<hidden>
    HPIOBDIFFINBUF_X0Y130.O
                         DIFFINBUF (Prop_DIFFINBUF_HPIOBDIFFINBUF_DIFF_IN_P_O)
                                                      0.863     0.963 r  static                              <hidden>/<hidden>/<hidden>/<hidden>
                         net (fo=1, routed)           0.050     1.013    static                              <hidden>/<hidden>/<hidden>/<hidden>
    BJ4.I                                                             r  static                              <hidden>/<hidden>/<hidden>/<hidden>
    BJ4.O                IBUFCTRL (Prop_IBUFCTRL_HPIOB_M_I_O)
                                                      0.000     1.013 r  static                              <hidden>/<hidden>/<hidden>/<hidden>
                         net (fo=1, routed)           0.348     1.361    static                              <hidden>/<hidden>/<hidden>
    BUFGCE_X0Y122.I                                                   r  static                              <hidden>/<hidden>/<hidden>
    BUFGCE_X0Y122.O      BUFGCE (Prop_BUFCE_BUFGCE_I_O)
                                                      0.028     1.389 r  static                              <hidden>/<hidden>/<hidden>
                         net (fo=3, routed)           1.811     3.200    static                              <hidden>/<hidden>/<hidden>/<hidden>/<hidden>
    SLR Crossing[1->0]   
    MMCM_X0Y2.CLKIN1                                                  r  static                              <hidden>/<hidden>/<hidden>/<hidden>/<hidden>
    MMCM_X0Y2.CLKOUT0    MMCME4_ADV (Prop_MMCM_CLKIN1_CLKOUT0)
                                                     -0.127     3.073 r  static                              <hidden>/<hidden>/<hidden>/<hidden>/<hidden>
                         net (fo=2, routed)           0.245     3.318    static                              <hidden>/<hidden>/<hidden>
    BUFGCE_X0Y70.I                                                    r  static                              <hidden>/<hidden>/<hidden>
    BUFGCE_X0Y70.O       BUFGCE (Prop_BUFCE_BUFGCE_I_O)
                                                      0.028     3.346 r  static                              <hidden>/<hidden>/<hidden>
    X3Y5 (CLOCK_ROOT)    net (fo=2363, routed)        2.933     6.279    boundary                            WRAPPER/CL/AWS_CLK_GEN/CLK_GRP_A_EN_I.CLK_MMCM_A_I/inst/AXI_LITE_IPIF_I/I_SLAVE_ATTACHMENT/s_axi_aclk
    SLICE_X137Y219.CLK   FDRE                                         r  reconfigurable pblock_CL            WRAPPER/CL/AWS_CLK_GEN/CLK_GRP_A_EN_I.CLK_MMCM_A_I/inst/AXI_LITE_IPIF_I/I_SLAVE_ATTACHMENT/bus2ip_addr_i_reg[0]/C
  -------------------------------------------------------------------    -------------------------------------------------------
    SLICE_X137Y219.Q     FDRE (Prop_AFF2_SLICEM_C_Q)
                                                      0.080     6.359 r  reconfigurable pblock_CL            WRAPPER/CL/AWS_CLK_GEN/CLK_GRP_A_EN_I.CLK_MMCM_A_I/inst/AXI_LITE_IPIF_I/I_SLAVE_ATTACHMENT/bus2ip_addr_i_reg[0]/Q
                         net (fo=6, routed)           0.789     7.148    reconfigurable                      WRAPPER/CL/AWS_CLK_GEN/CLK_GRP_A_EN_I.CLK_MMCM_A_I/inst/AXI_LITE_IPIF_I/I_SLAVE_ATTACHMENT/bus2ip_addr[0]
    SLICE_X134Y217.A2                                                 r  reconfigurable pblock_CL            WRAPPER/CL/AWS_CLK_GEN/CLK_GRP_A_EN_I.CLK_MMCM_A_I/inst/AXI_LITE_IPIF_I/I_SLAVE_ATTACHMENT/clkfbout_reg[6]_i_4/I1
    SLICE_X134Y217.O6    LUT6 (Prop_H6LUT_SLICEL_I1_O)
                                                      0.124     7.272 r  reconfigurable pblock_CL            WRAPPER/CL/AWS_CLK_GEN/CLK_GRP_A_EN_I.CLK_MMCM_A_I/inst/AXI_LITE_IPIF_I/I_SLAVE_ATTACHMENT/clkfbout_reg[6]_i_4/O
                         net (fo=16, routed)          1.107     8.379    reconfigurable                      WRAPPER/CL/AWS_CLK_GEN/CLK_GRP_A_EN_I.CLK_MMCM_A_I/inst/AXI_LITE_IPIF_I/I_SLAVE_ATTACHMENT/clkfbout_reg[6]_i_4_n_0
    SLICE_X132Y219.A5                                                 r  reconfigurable pblock_CL            WRAPPER/CL/AWS_CLK_GEN/CLK_GRP_A_EN_I.CLK_MMCM_A_I/inst/AXI_LITE_IPIF_I/I_SLAVE_ATTACHMENT/ram_clk_config[5][31]_i_3/I1
    SLICE_X132Y219.O5    LUT3 (Prop_E5LUT_SLICEL_I1_O)
                                                      0.070     8.449 f  reconfigurable pblock_CL            WRAPPER/CL/AWS_CLK_GEN/CLK_GRP_A_EN_I.CLK_MMCM_A_I/inst/AXI_LITE_IPIF_I/I_SLAVE_ATTACHMENT/ram_clk_config[5][31]_i_3/O
                         net (fo=18, routed)          0.624     9.073    reconfigurable                      WRAPPER/CL/AWS_CLK_GEN/CLK_GRP_A_EN_I.CLK_MMCM_A_I/inst/AXI_LITE_IPIF_I/I_SLAVE_ATTACHMENT/I_DECODER/ram_clk_config_reg[14][31]_0
    SLICE_X135Y220.A2                                                 f  reconfigurable pblock_CL            WRAPPER/CL/AWS_CLK_GEN/CLK_GRP_A_EN_I.CLK_MMCM_A_I/inst/AXI_LITE_IPIF_I/I_SLAVE_ATTACHMENT/I_DECODER/ram_clk_config[31][31]_i_1/I4
    SLICE_X135Y220.O6    LUT6 (Prop_G6LUT_SLICEL_I4_O)
                                                      0.123     9.196 r  reconfigurable pblock_CL            WRAPPER/CL/AWS_CLK_GEN/CLK_GRP_A_EN_I.CLK_MMCM_A_I/inst/AXI_LITE_IPIF_I/I_SLAVE_ATTACHMENT/I_DECODER/ram_clk_config[31][31]_i_1/O
                         net (fo=32, routed)          1.161    10.357    reconfigurable                      WRAPPER/CL/AWS_CLK_GEN/CLK_GRP_A_EN_I.CLK_MMCM_A_I/inst/CLK_CORE_DRP_I/ram_clk_config_reg[31][31]_0[0]
    SLICE_X133Y218.CE    FDRE                                         r  reconfigurable pblock_CL            WRAPPER/CL/AWS_CLK_GEN/CLK_GRP_A_EN_I.CLK_MMCM_A_I/inst/CLK_CORE_DRP_I/ram_clk_config_reg[31][9]/CE
  -------------------------------------------------------------------    -------------------------------------------------------

                         (clock clk_hbm_ref rise edge)
                                                     10.000    10.000 r                                      
    BJ4                                               0.000    10.000 r  static                              <hidden>
                         net (fo=0)                   0.079    10.079    static                              <hidden>/<hidden>/<hidden>/<hidden>
    HPIOBDIFFINBUF_X0Y130.DIFF_IN_P
                                                                      r  static                              <hidden>/<hidden>/<hidden>/<hidden>
    HPIOBDIFFINBUF_X0Y130.O
                         DIFFINBUF (Prop_DIFFINBUF_HPIOBDIFFINBUF_DIFF_IN_P_O)
                                                      0.750    10.829 r  static                              <hidden>/<hidden>/<hidden>/<hidden>
                         net (fo=1, routed)           0.040    10.869    static                              <hidden>/<hidden>/<hidden>/<hidden>
    BJ4.I                                                             r  static                              <hidden>/<hidden>/<hidden>/<hidden>
    BJ4.O                IBUFCTRL (Prop_IBUFCTRL_HPIOB_M_I_O)
                                                      0.000    10.869 r  static                              <hidden>/<hidden>/<hidden>/<hidden>
                         net (fo=1, routed)           0.309    11.178    static                              <hidden>/<hidden>/<hidden>
    BUFGCE_X0Y122.I                                                   r  static                              <hidden>/<hidden>/<hidden>
    BUFGCE_X0Y122.O      BUFGCE (Prop_BUFCE_BUFGCE_I_O)
                                                      0.024    11.202 r  static                              <hidden>/<hidden>/<hidden>
                         net (fo=3, routed)           1.624    12.826    static                              <hidden>/<hidden>/<hidden>/<hidden>/<hidden>
    SLR Crossing[1->0]   
    MMCM_X0Y2.CLKIN1                                                  r  static                              <hidden>/<hidden>/<hidden>/<hidden>/<hidden>
    MMCM_X0Y2.CLKOUT0    MMCME4_ADV (Prop_MMCM_CLKIN1_CLKOUT0)
                                                      0.630    13.456 r  static                              <hidden>/<hidden>/<hidden>/<hidden>/<hidden>
                         net (fo=2, routed)           0.215    13.671    static                              <hidden>/<hidden>/<hidden>
    BUFGCE_X0Y70.I                                                    r  static                              <hidden>/<hidden>/<hidden>
    BUFGCE_X0Y70.O       BUFGCE (Prop_BUFCE_BUFGCE_I_O)
                                                      0.024    13.695 r  static                              <hidden>/<hidden>/<hidden>
    X3Y5 (CLOCK_ROOT)    net (fo=2363, routed)        2.609    16.304    boundary                            WRAPPER/CL/AWS_CLK_GEN/CLK_GRP_A_EN_I.CLK_MMCM_A_I/inst/CLK_CORE_DRP_I/s_axi_aclk
    SLICE_X133Y218.CLK   FDRE                                         r  reconfigurable pblock_CL            WRAPPER/CL/AWS_CLK_GEN/CLK_GRP_A_EN_I.CLK_MMCM_A_I/inst/CLK_CORE_DRP_I/ram_clk_config_reg[31][9]/C
                         clock pessimism             -0.137    16.167                                            
                         clock uncertainty           -0.094    16.073                                            
    SLICE_X133Y218       FDRE (Setup_EFF2_SLICEM_C_CE)
                                                     -0.061    16.012    reconfigurable   pblock_CL              WRAPPER/CL/AWS_CLK_GEN/CLK_GRP_A_EN_I.CLK_MMCM_A_I/inst/CLK_CORE_DRP_I/ram_clk_config_reg[31][9]
  -------------------------------------------------------------------
                         required time                         16.012                                            
                         arrival time                         -10.357                                            
  -------------------------------------------------------------------
                         slack                                  5.655                                            

Slack (MET) :             5.797ns  (required time - arrival time)
  Source:                 WRAPPER/CL/AWS_CLK_GEN/CLK_GRP_A_EN_I.CLK_MMCM_A_I/inst/AXI_LITE_IPIF_I/I_SLAVE_ATTACHMENT/bus2ip_addr_i_reg[0]/C
                            (rising edge-triggered cell FDRE clocked by clk_hbm_ref  {rise@0.000ns fall@5.000ns period=10.000ns})
  Destination:            WRAPPER/CL/AWS_CLK_GEN/CLK_GRP_A_EN_I.CLK_MMCM_A_I/inst/CLK_CORE_DRP_I/ram_clk_config_reg[3][15]/CE
                            (rising edge-triggered cell FDRE clocked by clk_hbm_ref  {rise@0.000ns fall@5.000ns period=10.000ns})
  Path Group:             clk_hbm_ref
  Path Type:              Setup (Max at Slow Process Corner)
  Requirement:            10.000ns  (clk_hbm_ref rise@10.000ns - clk_hbm_ref rise@0.000ns)
  Data Path Delay:        3.930ns  (logic 0.327ns (8.321%)  route 3.603ns (91.679%))
  Logic Levels:           3  (LUT3=1 LUT6=2)
  Clock Path Skew:        -0.119ns (DCD - SCD + CPR)
    Destination Clock Delay (DCD):    6.297ns = ( 16.297 - 10.000 ) 
    Source Clock Delay      (SCD):    6.279ns
    Clock Pessimism Removal (CPR):    -0.137ns
  Clock Uncertainty:      0.094ns  ((TSJ^2 + DJ^2)^1/2) / 2 + PE
    Total System Jitter     (TSJ):    0.071ns
    Discrete Jitter          (DJ):    0.175ns
    Phase Error              (PE):    0.000ns
  Clock Net Delay (Source):      2.933ns (routing 1.113ns, distribution 1.820ns)
  Clock Net Delay (Destination): 2.602ns (routing 1.010ns, distribution 1.592ns)

    Location             Delay type                Incr(ns)  Path(ns)    Partition      PBlock               Netlist Resource(s)
  -------------------------------------------------------------------    -------------------------------------------------------
                         (clock clk_hbm_ref rise edge)
                                                      0.000     0.000 r                                      
    BJ4                                               0.000     0.000 r  static                              <hidden>
                         net (fo=0)                   0.100     0.100    static                              <hidden>/<hidden>/<hidden>/<hidden>
    HPIOBDIFFINBUF_X0Y130.DIFF_IN_P
                                                                      r  static                              <hidden>/<hidden>/<hidden>/<hidden>
    HPIOBDIFFINBUF_X0Y130.O
                         DIFFINBUF (Prop_DIFFINBUF_HPIOBDIFFINBUF_DIFF_IN_P_O)
                                                      0.863     0.963 r  static                              <hidden>/<hidden>/<hidden>/<hidden>
                         net (fo=1, routed)           0.050     1.013    static                              <hidden>/<hidden>/<hidden>/<hidden>
    BJ4.I                                                             r  static                              <hidden>/<hidden>/<hidden>/<hidden>
    BJ4.O                IBUFCTRL (Prop_IBUFCTRL_HPIOB_M_I_O)
                                                      0.000     1.013 r  static                              <hidden>/<hidden>/<hidden>/<hidden>
                         net (fo=1, routed)           0.348     1.361    static                              <hidden>/<hidden>/<hidden>
    BUFGCE_X0Y122.I                                                   r  static                              <hidden>/<hidden>/<hidden>
    BUFGCE_X0Y122.O      BUFGCE (Prop_BUFCE_BUFGCE_I_O)
                                                      0.028     1.389 r  static                              <hidden>/<hidden>/<hidden>
                         net (fo=3, routed)           1.811     3.200    static                              <hidden>/<hidden>/<hidden>/<hidden>/<hidden>
    SLR Crossing[1->0]   
    MMCM_X0Y2.CLKIN1                                                  r  static                              <hidden>/<hidden>/<hidden>/<hidden>/<hidden>
    MMCM_X0Y2.CLKOUT0    MMCME4_ADV (Prop_MMCM_CLKIN1_CLKOUT0)
                                                     -0.127     3.073 r  static                              <hidden>/<hidden>/<hidden>/<hidden>/<hidden>
                         net (fo=2, routed)           0.245     3.318    static                              <hidden>/<hidden>/<hidden>
    BUFGCE_X0Y70.I                                                    r  static                              <hidden>/<hidden>/<hidden>
    BUFGCE_X0Y70.O       BUFGCE (Prop_BUFCE_BUFGCE_I_O)
                                                      0.028     3.346 r  static                              <hidden>/<hidden>/<hidden>
    X3Y5 (CLOCK_ROOT)    net (fo=2363, routed)        2.933     6.279    boundary                            WRAPPER/CL/AWS_CLK_GEN/CLK_GRP_A_EN_I.CLK_MMCM_A_I/inst/AXI_LITE_IPIF_I/I_SLAVE_ATTACHMENT/s_axi_aclk
    SLICE_X137Y219.CLK   FDRE                                         r  reconfigurable pblock_CL            WRAPPER/CL/AWS_CLK_GEN/CLK_GRP_A_EN_I.CLK_MMCM_A_I/inst/AXI_LITE_IPIF_I/I_SLAVE_ATTACHMENT/bus2ip_addr_i_reg[0]/C
  -------------------------------------------------------------------    -------------------------------------------------------
    SLICE_X137Y219.Q     FDRE (Prop_AFF2_SLICEM_C_Q)
                                                      0.080     6.359 r  reconfigurable pblock_CL            WRAPPER/CL/AWS_CLK_GEN/CLK_GRP_A_EN_I.CLK_MMCM_A_I/inst/AXI_LITE_IPIF_I/I_SLAVE_ATTACHMENT/bus2ip_addr_i_reg[0]/Q
                         net (fo=6, routed)           0.789     7.148    reconfigurable                      WRAPPER/CL/AWS_CLK_GEN/CLK_GRP_A_EN_I.CLK_MMCM_A_I/inst/AXI_LITE_IPIF_I/I_SLAVE_ATTACHMENT/bus2ip_addr[0]
    SLICE_X134Y217.A2                                                 r  reconfigurable pblock_CL            WRAPPER/CL/AWS_CLK_GEN/CLK_GRP_A_EN_I.CLK_MMCM_A_I/inst/AXI_LITE_IPIF_I/I_SLAVE_ATTACHMENT/clkfbout_reg[6]_i_4/I1
    SLICE_X134Y217.O6    LUT6 (Prop_H6LUT_SLICEL_I1_O)
                                                      0.124     7.272 r  reconfigurable pblock_CL            WRAPPER/CL/AWS_CLK_GEN/CLK_GRP_A_EN_I.CLK_MMCM_A_I/inst/AXI_LITE_IPIF_I/I_SLAVE_ATTACHMENT/clkfbout_reg[6]_i_4/O
                         net (fo=16, routed)          1.107     8.379    reconfigurable                      WRAPPER/CL/AWS_CLK_GEN/CLK_GRP_A_EN_I.CLK_MMCM_A_I/inst/AXI_LITE_IPIF_I/I_SLAVE_ATTACHMENT/clkfbout_reg[6]_i_4_n_0
    SLICE_X132Y219.A5                                                 r  reconfigurable pblock_CL            WRAPPER/CL/AWS_CLK_GEN/CLK_GRP_A_EN_I.CLK_MMCM_A_I/inst/AXI_LITE_IPIF_I/I_SLAVE_ATTACHMENT/ram_clk_config[5][31]_i_3/I1
    SLICE_X132Y219.O5    LUT3 (Prop_E5LUT_SLICEL_I1_O)
                                                      0.070     8.449 f  reconfigurable pblock_CL            WRAPPER/CL/AWS_CLK_GEN/CLK_GRP_A_EN_I.CLK_MMCM_A_I/inst/AXI_LITE_IPIF_I/I_SLAVE_ATTACHMENT/ram_clk_config[5][31]_i_3/O
                         net (fo=18, routed)          0.919     9.368    reconfigurable                      WRAPPER/CL/AWS_CLK_GEN/CLK_GRP_A_EN_I.CLK_MMCM_A_I/inst/AXI_LITE_IPIF_I/I_SLAVE_ATTACHMENT/I_DECODER/ram_clk_config_reg[14][31]_0
    SLICE_X133Y219.A5                                                 f  reconfigurable pblock_CL            WRAPPER/CL/AWS_CLK_GEN/CLK_GRP_A_EN_I.CLK_MMCM_A_I/inst/AXI_LITE_IPIF_I/I_SLAVE_ATTACHMENT/I_DECODER/ram_clk_config[3][31]_i_1/I1
    SLICE_X133Y219.O6    LUT6 (Prop_H6LUT_SLICEM_I1_O)
                                                      0.053     9.421 r  reconfigurable pblock_CL            WRAPPER/CL/AWS_CLK_GEN/CLK_GRP_A_EN_I.CLK_MMCM_A_I/inst/AXI_LITE_IPIF_I/I_SLAVE_ATTACHMENT/I_DECODER/ram_clk_config[3][31]_i_1/O
                         net (fo=32, routed)          0.787    10.208    reconfigurable                      WRAPPER/CL/AWS_CLK_GEN/CLK_GRP_A_EN_I.CLK_MMCM_A_I/inst/CLK_CORE_DRP_I/ram_clk_config_reg[3][31]_0[0]
    SLICE_X131Y216.CE    FDRE                                         r  reconfigurable pblock_CL            WRAPPER/CL/AWS_CLK_GEN/CLK_GRP_A_EN_I.CLK_MMCM_A_I/inst/CLK_CORE_DRP_I/ram_clk_config_reg[3][15]/CE
  -------------------------------------------------------------------    -------------------------------------------------------

                         (clock clk_hbm_ref rise edge)
                                                     10.000    10.000 r                                      
    BJ4                                               0.000    10.000 r  static                              <hidden>
                         net (fo=0)                   0.079    10.079    static                              <hidden>/<hidden>/<hidden>/<hidden>
    HPIOBDIFFINBUF_X0Y130.DIFF_IN_P
                                                                      r  static                              <hidden>/<hidden>/<hidden>/<hidden>
    HPIOBDIFFINBUF_X0Y130.O
                         DIFFINBUF (Prop_DIFFINBUF_HPIOBDIFFINBUF_DIFF_IN_P_O)
                                                      0.750    10.829 r  static                              <hidden>/<hidden>/<hidden>/<hidden>
                         net (fo=1, routed)           0.040    10.869    static                              <hidden>/<hidden>/<hidden>/<hidden>
    BJ4.I                                                             r  static                              <hidden>/<hidden>/<hidden>/<hidden>
    BJ4.O                IBUFCTRL (Prop_IBUFCTRL_HPIOB_M_I_O)
                                                      0.000    10.869 r  static                              <hidden>/<hidden>/<hidden>/<hidden>
                         net (fo=1, routed)           0.309    11.178    static                              <hidden>/<hidden>/<hidden>
    BUFGCE_X0Y122.I                                                   r  static                              <hidden>/<hidden>/<hidden>
    BUFGCE_X0Y122.O      BUFGCE (Prop_BUFCE_BUFGCE_I_O)
                                                      0.024    11.202 r  static                              <hidden>/<hidden>/<hidden>
                         net (fo=3, routed)           1.624    12.826    static                              <hidden>/<hidden>/<hidden>/<hidden>/<hidden>
    SLR Crossing[1->0]   
    MMCM_X0Y2.CLKIN1                                                  r  static                              <hidden>/<hidden>/<hidden>/<hidden>/<hidden>
    MMCM_X0Y2.CLKOUT0    MMCME4_ADV (Prop_MMCM_CLKIN1_CLKOUT0)
                                                      0.630    13.456 r  static                              <hidden>/<hidden>/<hidden>/<hidden>/<hidden>
                         net (fo=2, routed)           0.215    13.671    static                              <hidden>/<hidden>/<hidden>
    BUFGCE_X0Y70.I                                                    r  static                              <hidden>/<hidden>/<hidden>
    BUFGCE_X0Y70.O       BUFGCE (Prop_BUFCE_BUFGCE_I_O)
                                                      0.024    13.695 r  static                              <hidden>/<hidden>/<hidden>
    X3Y5 (CLOCK_ROOT)    net (fo=2363, routed)        2.602    16.297    boundary                            WRAPPER/CL/AWS_CLK_GEN/CLK_GRP_A_EN_I.CLK_MMCM_A_I/inst/CLK_CORE_DRP_I/s_axi_aclk
    SLICE_X131Y216.CLK   FDRE                                         r  reconfigurable pblock_CL            WRAPPER/CL/AWS_CLK_GEN/CLK_GRP_A_EN_I.CLK_MMCM_A_I/inst/CLK_CORE_DRP_I/ram_clk_config_reg[3][15]/C
                         clock pessimism             -0.137    16.160                                            
                         clock uncertainty           -0.094    16.066                                            
    SLICE_X131Y216       FDRE (Setup_HFF2_SLICEL_C_CE)
                                                     -0.060    16.006    reconfigurable   pblock_CL              WRAPPER/CL/AWS_CLK_GEN/CLK_GRP_A_EN_I.CLK_MMCM_A_I/inst/CLK_CORE_DRP_I/ram_clk_config_reg[3][15]
  -------------------------------------------------------------------
                         required time                         16.006                                            
                         arrival time                         -10.208                                            
  -------------------------------------------------------------------
                         slack                                  5.797                                            

Slack (MET) :             5.797ns  (required time - arrival time)
  Source:                 WRAPPER/CL/AWS_CLK_GEN/CLK_GRP_A_EN_I.CLK_MMCM_A_I/inst/AXI_LITE_IPIF_I/I_SLAVE_ATTACHMENT/bus2ip_addr_i_reg[0]/C
                            (rising edge-triggered cell FDRE clocked by clk_hbm_ref  {rise@0.000ns fall@5.000ns period=10.000ns})
  Destination:            WRAPPER/CL/AWS_CLK_GEN/CLK_GRP_A_EN_I.CLK_MMCM_A_I/inst/CLK_CORE_DRP_I/ram_clk_config_reg[3][19]/CE
                            (rising edge-triggered cell FDRE clocked by clk_hbm_ref  {rise@0.000ns fall@5.000ns period=10.000ns})
  Path Group:             clk_hbm_ref
  Path Type:              Setup (Max at Slow Process Corner)
  Requirement:            10.000ns  (clk_hbm_ref rise@10.000ns - clk_hbm_ref rise@0.000ns)
  Data Path Delay:        3.930ns  (logic 0.327ns (8.321%)  route 3.603ns (91.679%))
  Logic Levels:           3  (LUT3=1 LUT6=2)
  Clock Path Skew:        -0.119ns (DCD - SCD + CPR)
    Destination Clock Delay (DCD):    6.297ns = ( 16.297 - 10.000 ) 
    Source Clock Delay      (SCD):    6.279ns
    Clock Pessimism Removal (CPR):    -0.137ns
  Clock Uncertainty:      0.094ns  ((TSJ^2 + DJ^2)^1/2) / 2 + PE
    Total System Jitter     (TSJ):    0.071ns
    Discrete Jitter          (DJ):    0.175ns
    Phase Error              (PE):    0.000ns
  Clock Net Delay (Source):      2.933ns (routing 1.113ns, distribution 1.820ns)
  Clock Net Delay (Destination): 2.602ns (routing 1.010ns, distribution 1.592ns)

    Location             Delay type                Incr(ns)  Path(ns)    Partition      PBlock               Netlist Resource(s)
  -------------------------------------------------------------------    -------------------------------------------------------
                         (clock clk_hbm_ref rise edge)
                                                      0.000     0.000 r                                      
    BJ4                                               0.000     0.000 r  static                              <hidden>
                         net (fo=0)                   0.100     0.100    static                              <hidden>/<hidden>/<hidden>/<hidden>
    HPIOBDIFFINBUF_X0Y130.DIFF_IN_P
                                                                      r  static                              <hidden>/<hidden>/<hidden>/<hidden>
    HPIOBDIFFINBUF_X0Y130.O
                         DIFFINBUF (Prop_DIFFINBUF_HPIOBDIFFINBUF_DIFF_IN_P_O)
                                                      0.863     0.963 r  static                              <hidden>/<hidden>/<hidden>/<hidden>
                         net (fo=1, routed)           0.050     1.013    static                              <hidden>/<hidden>/<hidden>/<hidden>
    BJ4.I                                                             r  static                              <hidden>/<hidden>/<hidden>/<hidden>
    BJ4.O                IBUFCTRL (Prop_IBUFCTRL_HPIOB_M_I_O)
                                                      0.000     1.013 r  static                              <hidden>/<hidden>/<hidden>/<hidden>
                         net (fo=1, routed)           0.348     1.361    static                              <hidden>/<hidden>/<hidden>
    BUFGCE_X0Y122.I                                                   r  static                              <hidden>/<hidden>/<hidden>
    BUFGCE_X0Y122.O      BUFGCE (Prop_BUFCE_BUFGCE_I_O)
                                                      0.028     1.389 r  static                              <hidden>/<hidden>/<hidden>
                         net (fo=3, routed)           1.811     3.200    static                              <hidden>/<hidden>/<hidden>/<hidden>/<hidden>
    SLR Crossing[1->0]   
    MMCM_X0Y2.CLKIN1                                                  r  static                              <hidden>/<hidden>/<hidden>/<hidden>/<hidden>
    MMCM_X0Y2.CLKOUT0    MMCME4_ADV (Prop_MMCM_CLKIN1_CLKOUT0)
                                                     -0.127     3.073 r  static                              <hidden>/<hidden>/<hidden>/<hidden>/<hidden>
                         net (fo=2, routed)           0.245     3.318    static                              <hidden>/<hidden>/<hidden>
    BUFGCE_X0Y70.I                                                    r  static                              <hidden>/<hidden>/<hidden>
    BUFGCE_X0Y70.O       BUFGCE (Prop_BUFCE_BUFGCE_I_O)
                                                      0.028     3.346 r  static                              <hidden>/<hidden>/<hidden>
    X3Y5 (CLOCK_ROOT)    net (fo=2363, routed)        2.933     6.279    boundary                            WRAPPER/CL/AWS_CLK_GEN/CLK_GRP_A_EN_I.CLK_MMCM_A_I/inst/AXI_LITE_IPIF_I/I_SLAVE_ATTACHMENT/s_axi_aclk
    SLICE_X137Y219.CLK   FDRE                                         r  reconfigurable pblock_CL            WRAPPER/CL/AWS_CLK_GEN/CLK_GRP_A_EN_I.CLK_MMCM_A_I/inst/AXI_LITE_IPIF_I/I_SLAVE_ATTACHMENT/bus2ip_addr_i_reg[0]/C
  -------------------------------------------------------------------    -------------------------------------------------------
    SLICE_X137Y219.Q     FDRE (Prop_AFF2_SLICEM_C_Q)
                                                      0.080     6.359 r  reconfigurable pblock_CL            WRAPPER/CL/AWS_CLK_GEN/CLK_GRP_A_EN_I.CLK_MMCM_A_I/inst/AXI_LITE_IPIF_I/I_SLAVE_ATTACHMENT/bus2ip_addr_i_reg[0]/Q
                         net (fo=6, routed)           0.789     7.148    reconfigurable                      WRAPPER/CL/AWS_CLK_GEN/CLK_GRP_A_EN_I.CLK_MMCM_A_I/inst/AXI_LITE_IPIF_I/I_SLAVE_ATTACHMENT/bus2ip_addr[0]
    SLICE_X134Y217.A2                                                 r  reconfigurable pblock_CL            WRAPPER/CL/AWS_CLK_GEN/CLK_GRP_A_EN_I.CLK_MMCM_A_I/inst/AXI_LITE_IPIF_I/I_SLAVE_ATTACHMENT/clkfbout_reg[6]_i_4/I1
    SLICE_X134Y217.O6    LUT6 (Prop_H6LUT_SLICEL_I1_O)
                                                      0.124     7.272 r  reconfigurable pblock_CL            WRAPPER/CL/AWS_CLK_GEN/CLK_GRP_A_EN_I.CLK_MMCM_A_I/inst/AXI_LITE_IPIF_I/I_SLAVE_ATTACHMENT/clkfbout_reg[6]_i_4/O
                         net (fo=16, routed)          1.107     8.379    reconfigurable                      WRAPPER/CL/AWS_CLK_GEN/CLK_GRP_A_EN_I.CLK_MMCM_A_I/inst/AXI_LITE_IPIF_I/I_SLAVE_ATTACHMENT/clkfbout_reg[6]_i_4_n_0
    SLICE_X132Y219.A5                                                 r  reconfigurable pblock_CL            WRAPPER/CL/AWS_CLK_GEN/CLK_GRP_A_EN_I.CLK_MMCM_A_I/inst/AXI_LITE_IPIF_I/I_SLAVE_ATTACHMENT/ram_clk_config[5][31]_i_3/I1
    SLICE_X132Y219.O5    LUT3 (Prop_E5LUT_SLICEL_I1_O)
                                                      0.070     8.449 f  reconfigurable pblock_CL            WRAPPER/CL/AWS_CLK_GEN/CLK_GRP_A_EN_I.CLK_MMCM_A_I/inst/AXI_LITE_IPIF_I/I_SLAVE_ATTACHMENT/ram_clk_config[5][31]_i_3/O
                         net (fo=18, routed)          0.919     9.368    reconfigurable                      WRAPPER/CL/AWS_CLK_GEN/CLK_GRP_A_EN_I.CLK_MMCM_A_I/inst/AXI_LITE_IPIF_I/I_SLAVE_ATTACHMENT/I_DECODER/ram_clk_config_reg[14][31]_0
    SLICE_X133Y219.A5                                                 f  reconfigurable pblock_CL            WRAPPER/CL/AWS_CLK_GEN/CLK_GRP_A_EN_I.CLK_MMCM_A_I/inst/AXI_LITE_IPIF_I/I_SLAVE_ATTACHMENT/I_DECODER/ram_clk_config[3][31]_i_1/I1
    SLICE_X133Y219.O6    LUT6 (Prop_H6LUT_SLICEM_I1_O)
                                                      0.053     9.421 r  reconfigurable pblock_CL            WRAPPER/CL/AWS_CLK_GEN/CLK_GRP_A_EN_I.CLK_MMCM_A_I/inst/AXI_LITE_IPIF_I/I_SLAVE_ATTACHMENT/I_DECODER/ram_clk_config[3][31]_i_1/O
                         net (fo=32, routed)          0.787    10.208    reconfigurable                      WRAPPER/CL/AWS_CLK_GEN/CLK_GRP_A_EN_I.CLK_MMCM_A_I/inst/CLK_CORE_DRP_I/ram_clk_config_reg[3][31]_0[0]
    SLICE_X131Y216.CE    FDRE                                         r  reconfigurable pblock_CL            WRAPPER/CL/AWS_CLK_GEN/CLK_GRP_A_EN_I.CLK_MMCM_A_I/inst/CLK_CORE_DRP_I/ram_clk_config_reg[3][19]/CE
  -------------------------------------------------------------------    -------------------------------------------------------

                         (clock clk_hbm_ref rise edge)
                                                     10.000    10.000 r                                      
    BJ4                                               0.000    10.000 r  static                              <hidden>
                         net (fo=0)                   0.079    10.079    static                              <hidden>/<hidden>/<hidden>/<hidden>
    HPIOBDIFFINBUF_X0Y130.DIFF_IN_P
                                                                      r  static                              <hidden>/<hidden>/<hidden>/<hidden>
    HPIOBDIFFINBUF_X0Y130.O
                         DIFFINBUF (Prop_DIFFINBUF_HPIOBDIFFINBUF_DIFF_IN_P_O)
                                                      0.750    10.829 r  static                              <hidden>/<hidden>/<hidden>/<hidden>
                         net (fo=1, routed)           0.040    10.869    static                              <hidden>/<hidden>/<hidden>/<hidden>
    BJ4.I                                                             r  static                              <hidden>/<hidden>/<hidden>/<hidden>
    BJ4.O                IBUFCTRL (Prop_IBUFCTRL_HPIOB_M_I_O)
                                                      0.000    10.869 r  static                              <hidden>/<hidden>/<hidden>/<hidden>
                         net (fo=1, routed)           0.309    11.178    static                              <hidden>/<hidden>/<hidden>
    BUFGCE_X0Y122.I                                                   r  static                              <hidden>/<hidden>/<hidden>
    BUFGCE_X0Y122.O      BUFGCE (Prop_BUFCE_BUFGCE_I_O)
                                                      0.024    11.202 r  static                              <hidden>/<hidden>/<hidden>
                         net (fo=3, routed)           1.624    12.826    static                              <hidden>/<hidden>/<hidden>/<hidden>/<hidden>
    SLR Crossing[1->0]   
    MMCM_X0Y2.CLKIN1                                                  r  static                              <hidden>/<hidden>/<hidden>/<hidden>/<hidden>
    MMCM_X0Y2.CLKOUT0    MMCME4_ADV (Prop_MMCM_CLKIN1_CLKOUT0)
                                                      0.630    13.456 r  static                              <hidden>/<hidden>/<hidden>/<hidden>/<hidden>
                         net (fo=2, routed)           0.215    13.671    static                              <hidden>/<hidden>/<hidden>
    BUFGCE_X0Y70.I                                                    r  static                              <hidden>/<hidden>/<hidden>
    BUFGCE_X0Y70.O       BUFGCE (Prop_BUFCE_BUFGCE_I_O)
                                                      0.024    13.695 r  static                              <hidden>/<hidden>/<hidden>
    X3Y5 (CLOCK_ROOT)    net (fo=2363, routed)        2.602    16.297    boundary                            WRAPPER/CL/AWS_CLK_GEN/CLK_GRP_A_EN_I.CLK_MMCM_A_I/inst/CLK_CORE_DRP_I/s_axi_aclk
    SLICE_X131Y216.CLK   FDRE                                         r  reconfigurable pblock_CL            WRAPPER/CL/AWS_CLK_GEN/CLK_GRP_A_EN_I.CLK_MMCM_A_I/inst/CLK_CORE_DRP_I/ram_clk_config_reg[3][19]/C
                         clock pessimism             -0.137    16.160                                            
                         clock uncertainty           -0.094    16.066                                            
    SLICE_X131Y216       FDRE (Setup_GFF2_SLICEL_C_CE)
                                                     -0.060    16.006    reconfigurable   pblock_CL              WRAPPER/CL/AWS_CLK_GEN/CLK_GRP_A_EN_I.CLK_MMCM_A_I/inst/CLK_CORE_DRP_I/ram_clk_config_reg[3][19]
  -------------------------------------------------------------------
                         required time                         16.006                                            
                         arrival time                         -10.208                                            
  -------------------------------------------------------------------
                         slack                                  5.797                                            

Slack (MET) :             10.520ns  (required time - arrival time)
  Source:                 <hidden>/<hidden>/<hidden>/<hidden>/<hidden>
                            (falling edge-triggered cell FDPE clocked by clk_spi  {rise@0.000ns fall@20.000ns period=40.000ns})
  Destination:            <hidden>
                            (output port clocked by clk_spi  {rise@0.000ns fall@20.000ns period=40.000ns})
  Path Group:             clk_spi
  Path Type:              Max at Slow Process Corner
  Requirement:            20.000ns  (clk_spi rise@40.000ns - clk_spi fall@20.000ns)
  Data Path Delay:        5.791ns  (logic 1.787ns (30.860%)  route 4.004ns (69.140%))
  Logic Levels:           7  (LUT5=2 LUT6=4 OBUFT=1)
  Output Delay:           0.000ns
  Clock Path Skew:        -3.454ns (DCD - SCD + CPR)
    Destination Clock Delay (DCD):    0.000ns = ( 40.000 - 40.000 ) 
    Source Clock Delay      (SCD):    3.454ns = ( 23.454 - 20.000 ) 
    Clock Pessimism Removal (CPR):    0.000ns
  Clock Uncertainty:      0.235ns  ((TSJ^2 + TIJ^2)^1/2 + DJ) / 2 + PE + DCD
    Total System Jitter     (TSJ):    0.071ns
    Total Input Jitter      (TIJ):    0.000ns
    Discrete Jitter          (DJ):    0.000ns
    Phase Error              (PE):    0.000ns
    Duty Cycle Distortion   (DCD):    0.200ns

    Location             Delay type                Incr(ns)  Path(ns)    Partition      Netlist Resource(s)
  -------------------------------------------------------------------    ----------------------------------
                         (clock clk_spi fall edge)   20.000    20.000 f                 
    BH5                                               0.000    20.000 f  static         <hidden>
                         net (fo=0)                   0.000    20.000    static         <hidden>/<hidden>/<hidden>/<hidden>
    BH5.PAD                                                           f  static         <hidden>/<hidden>/<hidden>/<hidden>
    BH5.O                INBUF (Prop_INBUF_HPIOB_M_PAD_O)
                                                      0.743    20.743 f  static         <hidden>/<hidden>/<hidden>/<hidden>
                         net (fo=1, routed)           0.000    20.743    static         <hidden>/<hidden>/<hidden>/<hidden>
    BH5.I                                                             f  static         <hidden>/<hidden>/<hidden>/<hidden>
    BH5.O                IBUFCTRL (Prop_IBUFCTRL_HPIOB_M_I_O)
                                                      0.000    20.743 f  static         <hidden>/<hidden>/<hidden>/<hidden>
                         net (fo=3, routed)           2.711    23.454    static         <hidden>/<hidden>/<hidden>/<hidden>/<hidden>
    SLICE_X180Y373.CLK   FDPE                                         r  static         <hidden>/<hidden>/<hidden>/<hidden>/<hidden>  (IS_INVERTED)
  -------------------------------------------------------------------    ----------------------------------
    SLICE_X180Y373.Q     FDPE (Prop_EFF_SLICEM_C_Q)
                                                      0.076    23.530 r  static         <hidden>/<hidden>/<hidden>/<hidden>/<hidden>
                         net (fo=9, routed)           0.538    24.068    static         <hidden>/<hidden>/<hidden>/<hidden>/<hidden>
    SLICE_X182Y400.A2                                                 r  static         <hidden>/<hidden>/<hidden>/<hidden>/<hidden>
    SLICE_X182Y400.O6    LUT5 (Prop_G6LUT_SLICEM_I4_O)
                                                      0.123    24.191 r  static         <hidden>/<hidden>/<hidden>/<hidden>/<hidden>
                         net (fo=1, routed)           0.255    24.446    static         <hidden>/<hidden>/<hidden>/<hidden>/<hidden>
    SLICE_X182Y385.A5                                                 r  static         <hidden>/<hidden>/<hidden>/<hidden>/<hidden>
    SLICE_X182Y385.O6    LUT6 (Prop_H6LUT_SLICEM_I5_O)
                                                      0.053    24.499 r  static         <hidden>/<hidden>/<hidden>/<hidden>/<hidden>
                         net (fo=1, routed)           0.260    24.759    static         <hidden>/<hidden>/<hidden>/<hidden>/<hidden>
    SLICE_X180Y378.A3                                                 r  static         <hidden>/<hidden>/<hidden>/<hidden>/<hidden>
    SLICE_X180Y378.O6    LUT6 (Prop_F6LUT_SLICEM_I1_O)
                                                      0.098    24.857 r  static         <hidden>/<hidden>/<hidden>/<hidden>/<hidden>
                         net (fo=1, routed)           0.318    25.175    static         <hidden>/<hidden>/<hidden>/<hidden>/<hidden>
    SLICE_X178Y377.A2                                                 r  static         <hidden>/<hidden>/<hidden>/<hidden>/<hidden>
    SLICE_X178Y377.O6    LUT6 (Prop_G6LUT_SLICEL_I5_O)
                                                      0.123    25.298 r  static         <hidden>/<hidden>/<hidden>/<hidden>/<hidden>
                         net (fo=1, routed)           0.084    25.382    static         <hidden>/<hidden>/<hidden>/<hidden>/<hidden>
    SLICE_X178Y376.A4                                                 r  static         <hidden>/<hidden>/<hidden>/<hidden>/<hidden>
    SLICE_X178Y376.O6    LUT5 (Prop_C6LUT_SLICEL_I0_O)
                                                      0.088    25.470 r  static         <hidden>/<hidden>/<hidden>/<hidden>/<hidden>
                         net (fo=1, routed)           0.286    25.756    static         <hidden>/<hidden>/<hidden>/<hidden>/<hidden>/<hidden>
    SLICE_X178Y376.A2                                                 r  static         <hidden>/<hidden>/<hidden>/<hidden>/<hidden>/<hidden>
    SLICE_X178Y376.O6    LUT6 (Prop_H6LUT_SLICEL_I0_O)
                                                      0.124    25.880 r  static         <hidden>/<hidden>/<hidden>/<hidden>/<hidden>/<hidden>
                         net (fo=1, routed)           2.263    28.143    static         <hidden>/<hidden>/<hidden>
    BK8.I                                                             r  static         <hidden>/<hidden>/<hidden>
    BK8.O                OBUFT (Prop_OUTBUF_HPIOB_S_I_O)
                                                      1.102    29.245 r  static         <hidden>/<hidden>/<hidden>
                         net (fo=0)                   0.000    29.245    static         <hidden>
    BK8                                                               r  static         <hidden>
  -------------------------------------------------------------------    ----------------------------------

                         (clock clk_spi rise edge)   40.000    40.000 r                 
                         clock pessimism              0.000    40.000                     
                         clock uncertainty           -0.235    39.765                     
                         output delay                -0.000    39.765                     
  -------------------------------------------------------------------
                         required time                         39.765                     
                         arrival time                         -29.245                     
  -------------------------------------------------------------------
                         slack                                 10.520                     

Slack (MET) :             12.579ns  (required time - arrival time)
  Source:                 <hidden>/<hidden>/<hidden>/<hidden>
                            (rising edge-triggered cell FDRE clocked by clk_main_a0  {rise@0.000ns fall@2.000ns period=4.000ns})
  Destination:            <hidden>/<hidden>/<hidden>
                            (rising edge-triggered cell FDRE clocked by clk_out1_clk_mmcm_a  {rise@0.000ns fall@32.000ns period=64.000ns})
  Path Group:             clk_out1_clk_mmcm_a
  Path Type:              Setup (Max at Slow Process Corner)
  Requirement:            16.000ns  (MaxDelay Path 16.000ns)
  Data Path Delay:        3.446ns  (logic 0.081ns (2.350%)  route 3.365ns (97.650%))
  Logic Levels:           0  
  Timing Exception:       MaxDelay Path 16.000ns -datapath_only

    Location             Delay type                Incr(ns)  Path(ns)    Partition      PBlock               Netlist Resource(s)
  -------------------------------------------------------------------    -------------------------------------------------------
    SLICE_X173Y345.CLK                                0.000     0.000 r  reconfigurable pblock_CL            <hidden>/<hidden>/<hidden>/<hidden>
    SLICE_X173Y345.Q     FDRE (Prop_AFF2_SLICEL_C_Q)
                                                      0.081     0.081 r  reconfigurable pblock_CL            <hidden>/<hidden>/<hidden>/<hidden>
                         net (fo=4, routed)           3.365     3.446    reconfigurable                      <hidden>/<hidden>/<hidden>
    SLICE_X120Y424.D     FDRE                                         r  reconfigurable pblock_CL            <hidden>/<hidden>/<hidden>
  -------------------------------------------------------------------    -------------------------------------------------------

                         max delay                   16.000    16.000                                        
    SLICE_X120Y424       FDRE (Setup_AFF_SLICEL_C_D)
                                                      0.025    16.025    reconfigurable   pblock_CL              <hidden>/<hidden>/<hidden>
  -------------------------------------------------------------------
                         required time                         16.025                                            
                         arrival time                          -3.446                                            
  -------------------------------------------------------------------
                         slack                                 12.579                                            

Slack (MET) :             12.611ns  (required time - arrival time)
  Source:                 <hidden>/<hidden>/<hidden>/<hidden>
                            (rising edge-triggered cell FDRE clocked by clk_main_a0  {rise@0.000ns fall@2.000ns period=4.000ns})
  Destination:            <hidden>/<hidden>/<hidden>
                            (rising edge-triggered cell FDRE clocked by clk_out1_clk_mmcm_a  {rise@0.000ns fall@32.000ns period=64.000ns})
  Path Group:             clk_out1_clk_mmcm_a
  Path Type:              Setup (Max at Slow Process Corner)
  Requirement:            16.000ns  (MaxDelay Path 16.000ns)
  Data Path Delay:        3.414ns  (logic 0.081ns (2.373%)  route 3.333ns (97.627%))
  Logic Levels:           0  
  Timing Exception:       MaxDelay Path 16.000ns -datapath_only

    Location             Delay type                Incr(ns)  Path(ns)    Partition      PBlock               Netlist Resource(s)
  -------------------------------------------------------------------    -------------------------------------------------------
    SLICE_X173Y345.CLK                                0.000     0.000 r  reconfigurable pblock_CL            <hidden>/<hidden>/<hidden>/<hidden>
    SLICE_X173Y345.Q     FDRE (Prop_FFF2_SLICEL_C_Q)
                                                      0.081     0.081 r  reconfigurable pblock_CL            <hidden>/<hidden>/<hidden>/<hidden>
                         net (fo=4, routed)           3.333     3.414    reconfigurable                      <hidden>/<hidden>/<hidden>
    SLICE_X83Y409.D      FDRE                                         r  reconfigurable pblock_CL            <hidden>/<hidden>/<hidden>
  -------------------------------------------------------------------    -------------------------------------------------------

                         max delay                   16.000    16.000                                        
    SLICE_X83Y409        FDRE (Setup_AFF2_SLICEL_C_D)
                                                      0.025    16.025    reconfigurable   pblock_CL              <hidden>/<hidden>/<hidden>
  -------------------------------------------------------------------
                         required time                         16.025                                            
                         arrival time                          -3.414                                            
  -------------------------------------------------------------------
                         slack                                 12.611                                            

Slack (MET) :             12.891ns  (required time - arrival time)
  Source:                 <hidden>/<hidden>/<hidden>/<hidden>
                            (rising edge-triggered cell FDRE clocked by clk_main_a0  {rise@0.000ns fall@2.000ns period=4.000ns})
  Destination:            <hidden>/<hidden>/<hidden>
                            (rising edge-triggered cell FDRE clocked by clk_out1_clk_mmcm_a  {rise@0.000ns fall@32.000ns period=64.000ns})
  Path Group:             clk_out1_clk_mmcm_a
  Path Type:              Setup (Max at Slow Process Corner)
  Requirement:            16.000ns  (MaxDelay Path 16.000ns)
  Data Path Delay:        3.134ns  (logic 0.081ns (2.585%)  route 3.053ns (97.415%))
  Logic Levels:           0  
  Timing Exception:       MaxDelay Path 16.000ns -datapath_only

    Location             Delay type                Incr(ns)  Path(ns)    Partition      PBlock               Netlist Resource(s)
  -------------------------------------------------------------------    -------------------------------------------------------
    SLICE_X174Y342.CLK                                0.000     0.000 r  reconfigurable pblock_CL            <hidden>/<hidden>/<hidden>/<hidden>
    SLICE_X174Y342.Q     FDRE (Prop_EFF2_SLICEL_C_Q)
                                                      0.081     0.081 r  reconfigurable pblock_CL            <hidden>/<hidden>/<hidden>/<hidden>
                         net (fo=4, routed)           3.053     3.134    reconfigurable                      <hidden>/<hidden>/<hidden>
    SLICE_X92Y423.D      FDRE                                         r  reconfigurable pblock_CL            <hidden>/<hidden>/<hidden>
  -------------------------------------------------------------------    -------------------------------------------------------

                         max delay                   16.000    16.000                                        
    SLICE_X92Y423        FDRE (Setup_EFF2_SLICEL_C_D)
                                                      0.025    16.025    reconfigurable   pblock_CL              <hidden>/<hidden>/<hidden>
  -------------------------------------------------------------------
                         required time                         16.025                                            
                         arrival time                          -3.134                                            
  -------------------------------------------------------------------
                         slack                                 12.891                                            

Slack (MET) :             12.937ns  (required time - arrival time)
  Source:                 <hidden>/<hidden>/<hidden>/<hidden>
                            (rising edge-triggered cell FDRE clocked by clk_main_a0  {rise@0.000ns fall@2.000ns period=4.000ns})
  Destination:            <hidden>/<hidden>/<hidden>
                            (rising edge-triggered cell FDRE clocked by clk_out1_clk_mmcm_a  {rise@0.000ns fall@32.000ns period=64.000ns})
  Path Group:             clk_out1_clk_mmcm_a
  Path Type:              Setup (Max at Slow Process Corner)
  Requirement:            16.000ns  (MaxDelay Path 16.000ns)
  Data Path Delay:        3.088ns  (logic 0.081ns (2.623%)  route 3.007ns (97.377%))
  Logic Levels:           0  
  Timing Exception:       MaxDelay Path 16.000ns -datapath_only

    Location             Delay type                Incr(ns)  Path(ns)    Partition      PBlock               Netlist Resource(s)
  -------------------------------------------------------------------    -------------------------------------------------------
    SLICE_X173Y345.CLK                                0.000     0.000 r  reconfigurable pblock_CL            <hidden>/<hidden>/<hidden>/<hidden>
    SLICE_X173Y345.Q     FDRE (Prop_FFF2_SLICEL_C_Q)
                                                      0.081     0.081 r  reconfigurable pblock_CL            <hidden>/<hidden>/<hidden>/<hidden>
                         net (fo=4, routed)           3.007     3.088    reconfigurable                      <hidden>/<hidden>/<hidden>
    SLICE_X92Y412.D      FDRE                                         r  reconfigurable pblock_CL            <hidden>/<hidden>/<hidden>
  -------------------------------------------------------------------    -------------------------------------------------------

                         max delay                   16.000    16.000                                        
    SLICE_X92Y412        FDRE (Setup_EFF2_SLICEL_C_D)
                                                      0.025    16.025    reconfigurable   pblock_CL              <hidden>/<hidden>/<hidden>
  -------------------------------------------------------------------
                         required time                         16.025                                            
                         arrival time                          -3.088                                            
  -------------------------------------------------------------------
                         slack                                 12.937                                            

Slack (MET) :             13.010ns  (required time - arrival time)
  Source:                 <hidden>/<hidden>/<hidden>/<hidden>
                            (rising edge-triggered cell FDRE clocked by clk_main_a0  {rise@0.000ns fall@2.000ns period=4.000ns})
  Destination:            <hidden>/<hidden>/<hidden>
                            (rising edge-triggered cell FDRE clocked by clk_out1_clk_mmcm_a  {rise@0.000ns fall@32.000ns period=64.000ns})
  Path Group:             clk_out1_clk_mmcm_a
  Path Type:              Setup (Max at Slow Process Corner)
  Requirement:            16.000ns  (MaxDelay Path 16.000ns)
  Data Path Delay:        3.015ns  (logic 0.079ns (2.620%)  route 2.936ns (97.380%))
  Logic Levels:           0  
  Timing Exception:       MaxDelay Path 16.000ns -datapath_only

    Location             Delay type                Incr(ns)  Path(ns)    Partition      PBlock               Netlist Resource(s)
  -------------------------------------------------------------------    -------------------------------------------------------
    SLICE_X174Y342.CLK                                0.000     0.000 r  reconfigurable pblock_CL            <hidden>/<hidden>/<hidden>/<hidden>
    SLICE_X174Y342.Q     FDRE (Prop_CFF_SLICEL_C_Q)
                                                      0.079     0.079 r  reconfigurable pblock_CL            <hidden>/<hidden>/<hidden>/<hidden>
                         net (fo=4, routed)           2.936     3.015    reconfigurable                      <hidden>/<hidden>/<hidden>
    SLICE_X105Y400.D     FDRE                                         r  reconfigurable pblock_CL            <hidden>/<hidden>/<hidden>
  -------------------------------------------------------------------    -------------------------------------------------------

                         max delay                   16.000    16.000                                        
    SLICE_X105Y400       FDRE (Setup_EFF_SLICEL_C_D)
                                                      0.025    16.025    reconfigurable   pblock_CL              <hidden>/<hidden>/<hidden>
  -------------------------------------------------------------------
                         required time                         16.025                                            
                         arrival time                          -3.015                                            
  -------------------------------------------------------------------
                         slack                                 13.010                                            

Slack (MET) :             13.047ns  (required time - arrival time)
  Source:                 <hidden>/<hidden>/<hidden>/<hidden>
                            (rising edge-triggered cell FDRE clocked by clk_main_a0  {rise@0.000ns fall@2.000ns period=4.000ns})
  Destination:            <hidden>/<hidden>/<hidden>
                            (rising edge-triggered cell FDRE clocked by clk_out1_clk_mmcm_a  {rise@0.000ns fall@32.000ns period=64.000ns})
  Path Group:             clk_out1_clk_mmcm_a
  Path Type:              Setup (Max at Slow Process Corner)
  Requirement:            16.000ns  (MaxDelay Path 16.000ns)
  Data Path Delay:        2.978ns  (logic 0.079ns (2.653%)  route 2.899ns (97.347%))
  Logic Levels:           0  
  Timing Exception:       MaxDelay Path 16.000ns -datapath_only

    Location             Delay type                Incr(ns)  Path(ns)    Partition      PBlock               Netlist Resource(s)
  -------------------------------------------------------------------    -------------------------------------------------------
    SLICE_X174Y342.CLK                                0.000     0.000 r  reconfigurable pblock_CL            <hidden>/<hidden>/<hidden>/<hidden>
    SLICE_X174Y342.Q     FDRE (Prop_FFF_SLICEL_C_Q)
                                                      0.079     0.079 r  reconfigurable pblock_CL            <hidden>/<hidden>/<hidden>/<hidden>
                         net (fo=4, routed)           2.899     2.978    reconfigurable                      <hidden>/<hidden>/<hidden>
    SLICE_X84Y400.D      FDRE                                         r  reconfigurable pblock_CL            <hidden>/<hidden>/<hidden>
  -------------------------------------------------------------------    -------------------------------------------------------

                         max delay                   16.000    16.000                                        
    SLICE_X84Y400        FDRE (Setup_AFF_SLICEL_C_D)
                                                      0.025    16.025    reconfigurable   pblock_CL              <hidden>/<hidden>/<hidden>
  -------------------------------------------------------------------
                         required time                         16.025                                            
                         arrival time                          -2.978                                            
  -------------------------------------------------------------------
                         slack                                 13.047                                            

Slack (MET) :             13.088ns  (required time - arrival time)
  Source:                 <hidden>/<hidden>/<hidden>/<hidden>
                            (rising edge-triggered cell FDRE clocked by clk_main_a0  {rise@0.000ns fall@2.000ns period=4.000ns})
  Destination:            <hidden>/<hidden>/<hidden>
                            (rising edge-triggered cell FDRE clocked by clk_out1_clk_mmcm_a  {rise@0.000ns fall@32.000ns period=64.000ns})
  Path Group:             clk_out1_clk_mmcm_a
  Path Type:              Setup (Max at Slow Process Corner)
  Requirement:            16.000ns  (MaxDelay Path 16.000ns)
  Data Path Delay:        2.937ns  (logic 0.081ns (2.758%)  route 2.856ns (97.242%))
  Logic Levels:           0  
  Timing Exception:       MaxDelay Path 16.000ns -datapath_only

    Location             Delay type                Incr(ns)  Path(ns)    Partition      PBlock               Netlist Resource(s)
  -------------------------------------------------------------------    -------------------------------------------------------
    SLICE_X173Y345.CLK                                0.000     0.000 r  reconfigurable pblock_CL            <hidden>/<hidden>/<hidden>/<hidden>
    SLICE_X173Y345.Q     FDRE (Prop_FFF2_SLICEL_C_Q)
                                                      0.081     0.081 r  reconfigurable pblock_CL            <hidden>/<hidden>/<hidden>/<hidden>
                         net (fo=4, routed)           2.856     2.937    reconfigurable                      <hidden>/<hidden>/<hidden>
    SLICE_X90Y410.D      FDRE                                         r  reconfigurable pblock_CL            <hidden>/<hidden>/<hidden>
  -------------------------------------------------------------------    -------------------------------------------------------

                         max delay                   16.000    16.000                                        
    SLICE_X90Y410        FDRE (Setup_AFF2_SLICEL_C_D)
                                                      0.025    16.025    reconfigurable   pblock_CL              <hidden>/<hidden>/<hidden>
  -------------------------------------------------------------------
                         required time                         16.025                                            
                         arrival time                          -2.937                                            
  -------------------------------------------------------------------
                         slack                                 13.088                                            

Slack (MET) :             13.157ns  (required time - arrival time)
  Source:                 <hidden>/<hidden>/<hidden>/<hidden>/<hidden>/<hidden>/<hidden>/<hidden>
                            (rising edge-triggered cell FDRE clocked by WRAPPER/RL/RL_DEBUG_BRIDGE/inst/axi_jtag/inst/u_jtag_proc/tck_i_reg/Q  {rise@0.000ns fall@16.000ns period=32.000ns})
  Destination:            <hidden>/<hidden>/<hidden>/<hidden>/<hidden>/<hidden>/<hidden>/<hidden>/<hidden>
                            (falling edge-triggered cell FDCE clocked by WRAPPER/RL/RL_DEBUG_BRIDGE/inst/axi_jtag/inst/u_jtag_proc/tck_i_reg/Q  {rise@0.000ns fall@16.000ns period=32.000ns})
  Path Group:             WRAPPER/RL/RL_DEBUG_BRIDGE/inst/axi_jtag/inst/u_jtag_proc/tck_i_reg/Q
  Path Type:              Setup (Max at Slow Process Corner)
  Requirement:            16.000ns  (WRAPPER/RL/RL_DEBUG_BRIDGE/inst/axi_jtag/inst/u_jtag_proc/tck_i_reg/Q fall@16.000ns - WRAPPER/RL/RL_DEBUG_BRIDGE/inst/axi_jtag/inst/u_jtag_proc/tck_i_reg/Q rise@0.000ns)
  Data Path Delay:        2.263ns  (logic 0.645ns (28.500%)  route 1.618ns (71.500%))
  Logic Levels:           4  (LUT3=2 LUT5=1 LUT6=1)
  Clock Path Skew:        -0.339ns (DCD - SCD + CPR)
    Destination Clock Delay (DCD):    6.237ns = ( 22.237 - 16.000 ) 
    Source Clock Delay      (SCD):    6.883ns
    Clock Pessimism Removal (CPR):    0.308ns
  Clock Uncertainty:      0.266ns  ((TSJ^2 + DJ^2)^1/2) / 2 + PE + DCD
    Total System Jitter     (TSJ):    0.071ns
    Discrete Jitter          (DJ):    0.112ns
    Phase Error              (PE):    0.000ns
    Duty Cycle Distortion   (DCD):    0.200ns
  Clock Net Delay (Source):      2.444ns (routing 1.039ns, distribution 1.405ns)
  Clock Net Delay (Destination): 2.183ns (routing 0.945ns, distribution 1.238ns)

    Location             Delay type                Incr(ns)  Path(ns)    Partition      Netlist Resource(s)
  -------------------------------------------------------------------    ----------------------------------
                         (clock WRAPPER/RL/RL_DEBUG_BRIDGE/inst/axi_jtag/inst/u_jtag_proc/tck_i_reg/Q rise edge)
                                                      0.000     0.000 r                 
    BJ4                                               0.000     0.000 r  static         <hidden>
                         net (fo=0)                   0.100     0.100    static         <hidden>/<hidden>/<hidden>/<hidden>
    HPIOBDIFFINBUF_X0Y130.DIFF_IN_P
                                                                      r  static         <hidden>/<hidden>/<hidden>/<hidden>
    HPIOBDIFFINBUF_X0Y130.O
                         DIFFINBUF (Prop_DIFFINBUF_HPIOBDIFFINBUF_DIFF_IN_P_O)
                                                      0.863     0.963 r  static         <hidden>/<hidden>/<hidden>/<hidden>
                         net (fo=1, routed)           0.050     1.013    static         <hidden>/<hidden>/<hidden>/<hidden>
    BJ4.I                                                             r  static         <hidden>/<hidden>/<hidden>/<hidden>
    BJ4.O                IBUFCTRL (Prop_IBUFCTRL_HPIOB_M_I_O)
                                                      0.000     1.013 r  static         <hidden>/<hidden>/<hidden>/<hidden>
                         net (fo=1, routed)           0.348     1.361    static         <hidden>/<hidden>/<hidden>
    BUFGCE_X0Y122.I                                                   r  static         <hidden>/<hidden>/<hidden>
    BUFGCE_X0Y122.O      BUFGCE (Prop_BUFCE_BUFGCE_I_O)
                                                      0.028     1.389 r  static         <hidden>/<hidden>/<hidden>
                         net (fo=3, routed)           1.822     3.211    static         <hidden>/<hidden>/<hidden>/<hidden>/<hidden>
    SLR Crossing[1->0]   
    PLL_X0Y5.CLKIN                                                    r  static         <hidden>/<hidden>/<hidden>/<hidden>/<hidden>
    PLL_X0Y5.CLKOUT0     PLLE4_ADV (Prop_PLL_CLKIN_CLKOUT0)
                                                      0.033     3.244 r  static         <hidden>/<hidden>/<hidden>/<hidden>/<hidden>
                         net (fo=1, routed)           0.270     3.514    static         <hidden>/<hidden>/<hidden>/<hidden>/<hidden>
    BUFGCE_X0Y56.I                                                    r  static         <hidden>/<hidden>/<hidden>/<hidden>/<hidden>
    BUFGCE_X0Y56.O       BUFGCE (Prop_BUFCE_BUFGCE_I_O)
                                                      0.028     3.542 r  static         <hidden>/<hidden>/<hidden>/<hidden>/<hidden>
    X5Y4 (CLOCK_ROOT)    net (fo=1635, routed)        2.444     5.986    static         <hidden>/<hidden>/<hidden>/<hidden>/<hidden>/<hidden>/<hidden>/<hidden>
    SLR Crossing[0->1]   
    SLICE_X196Y412.CLK                                                r  static         <hidden>/<hidden>/<hidden>/<hidden>/<hidden>/<hidden>/<hidden>/<hidden>
    SLICE_X196Y412.Q     FDRE (Prop_CFF_SLICEM_C_Q)
                                                      0.078     6.064 r  static         <hidden>/<hidden>/<hidden>/<hidden>/<hidden>/<hidden>/<hidden>/<hidden>
                         net (fo=25, routed)          0.820     6.883    static         <hidden>/<hidden>/<hidden>/<hidden>/<hidden>/<hidden>/<hidden>/<hidden>
    SLICE_X181Y397.CLK   FDRE                                         r  static         <hidden>/<hidden>/<hidden>/<hidden>/<hidden>/<hidden>/<hidden>/<hidden>
  -------------------------------------------------------------------    ----------------------------------
    SLICE_X181Y397.Q     FDRE (Prop_GFF_SLICEL_C_Q)
                                                      0.079     6.962 r  static         <hidden>/<hidden>/<hidden>/<hidden>/<hidden>/<hidden>/<hidden>/<hidden>
                         net (fo=10, routed)          1.043     8.005    static         <hidden>/<hidden>/<hidden>/<hidden>/<hidden>/<hidden>/<hidden>/<hidden>
    SLICE_X180Y389.A1                                                 r  static         <hidden>/<hidden>/<hidden>/<hidden>/<hidden>/<hidden>/<hidden>/<hidden>
    SLICE_X180Y389.O5    LUT3 (Prop_D5LUT_SLICEM_I2_O)
                                                      0.158     8.163 r  static         <hidden>/<hidden>/<hidden>/<hidden>/<hidden>/<hidden>/<hidden>/<hidden>
                         net (fo=1, routed)           0.224     8.387    static         <hidden>/<hidden>/<hidden>/<hidden>/<hidden>/<hidden>/<hidden>/<hidden>
    SLICE_X180Y392.A1                                                 r  static         <hidden>/<hidden>/<hidden>/<hidden>/<hidden>/<hidden>/<hidden>/<hidden>
    SLICE_X180Y392.O6    LUT6 (Prop_H6LUT_SLICEM_I3_O)
                                                      0.152     8.539 r  static         <hidden>/<hidden>/<hidden>/<hidden>/<hidden>/<hidden>/<hidden>/<hidden>
                         net (fo=1, routed)           0.141     8.680    static         <hidden>/<hidden>/<hidden>/<hidden>/<hidden>/<hidden>/<hidden>/<hidden>/<hidden>
    SLICE_X181Y393.A2                                                 r  static         <hidden>/<hidden>/<hidden>/<hidden>/<hidden>/<hidden>/<hidden>/<hidden>/<hidden>
    SLICE_X181Y393.O6    LUT5 (Prop_F6LUT_SLICEL_I1_O)
                                                      0.123     8.803 r  static         <hidden>/<hidden>/<hidden>/<hidden>/<hidden>/<hidden>/<hidden>/<hidden>/<hidden>
                         net (fo=1, routed)           0.195     8.998    static         <hidden>/<hidden>/<hidden>/<hidden>/<hidden>/<hidden>/<hidden>/<hidden>/<hidden>
    SLICE_X183Y394.A2                                                 r  static         <hidden>/<hidden>/<hidden>/<hidden>/<hidden>/<hidden>/<hidden>/<hidden>/<hidden>
    SLICE_X183Y394.O5    LUT3 (Prop_H5LUT_SLICEL_I2_O)
                                                      0.133     9.131 r  static         <hidden>/<hidden>/<hidden>/<hidden>/<hidden>/<hidden>/<hidden>/<hidden>/<hidden>
                         net (fo=1, routed)           0.015     9.146    static         <hidden>/<hidden>/<hidden>/<hidden>/<hidden>/<hidden>/<hidden>/<hidden>/<hidden>
    SLICE_X183Y394.D     FDCE                                         r  static         <hidden>/<hidden>/<hidden>/<hidden>/<hidden>/<hidden>/<hidden>/<hidden>/<hidden>
  -------------------------------------------------------------------    ----------------------------------

                         (clock WRAPPER/RL/RL_DEBUG_BRIDGE/inst/axi_jtag/inst/u_jtag_proc/tck_i_reg/Q fall edge)
                                                     16.000    16.000 r                 
    BJ4                                               0.000    16.000 r  static         <hidden>
                         net (fo=0)                   0.079    16.079    static         <hidden>/<hidden>/<hidden>/<hidden>
    HPIOBDIFFINBUF_X0Y130.DIFF_IN_P
                                                                      r  static         <hidden>/<hidden>/<hidden>/<hidden>
    HPIOBDIFFINBUF_X0Y130.O
                         DIFFINBUF (Prop_DIFFINBUF_HPIOBDIFFINBUF_DIFF_IN_P_O)
                                                      0.750    16.829 r  static         <hidden>/<hidden>/<hidden>/<hidden>
                         net (fo=1, routed)           0.040    16.869    static         <hidden>/<hidden>/<hidden>/<hidden>
    BJ4.I                                                             r  static         <hidden>/<hidden>/<hidden>/<hidden>
    BJ4.O                IBUFCTRL (Prop_IBUFCTRL_HPIOB_M_I_O)
                                                      0.000    16.869 r  static         <hidden>/<hidden>/<hidden>/<hidden>
                         net (fo=1, routed)           0.309    17.178    static         <hidden>/<hidden>/<hidden>
    BUFGCE_X0Y122.I                                                   r  static         <hidden>/<hidden>/<hidden>
    BUFGCE_X0Y122.O      BUFGCE (Prop_BUFCE_BUFGCE_I_O)
                                                      0.024    17.202 r  static         <hidden>/<hidden>/<hidden>
                         net (fo=3, routed)           1.632    18.834    static         <hidden>/<hidden>/<hidden>/<hidden>/<hidden>
    SLR Crossing[1->0]   
    PLL_X0Y5.CLKIN                                                    r  static         <hidden>/<hidden>/<hidden>/<hidden>/<hidden>
    PLL_X0Y5.CLKOUT0     PLLE4_ADV (Prop_PLL_CLKIN_CLKOUT0)
                                                      0.430    19.264 r  static         <hidden>/<hidden>/<hidden>/<hidden>/<hidden>
                         net (fo=1, routed)           0.231    19.495    static         <hidden>/<hidden>/<hidden>/<hidden>/<hidden>
    BUFGCE_X0Y56.I                                                    r  static         <hidden>/<hidden>/<hidden>/<hidden>/<hidden>
    BUFGCE_X0Y56.O       BUFGCE (Prop_BUFCE_BUFGCE_I_O)
                                                      0.024    19.519 r  static         <hidden>/<hidden>/<hidden>/<hidden>/<hidden>
    X5Y4 (CLOCK_ROOT)    net (fo=1635, routed)        2.183    21.702    static         <hidden>/<hidden>/<hidden>/<hidden>/<hidden>/<hidden>/<hidden>/<hidden>
    SLR Crossing[0->1]   
    SLICE_X196Y412.CLK                                                r  static         <hidden>/<hidden>/<hidden>/<hidden>/<hidden>/<hidden>/<hidden>/<hidden>
    SLICE_X196Y412.Q     FDRE (Prop_CFF_SLICEM_C_Q)
                                                      0.058    21.760 f  static         <hidden>/<hidden>/<hidden>/<hidden>/<hidden>/<hidden>/<hidden>/<hidden>
                         net (fo=25, routed)          0.477    22.237    static         <hidden>/<hidden>/<hidden>/<hidden>/<hidden>/<hidden>/<hidden>/<hidden>/<hidden>
    SLICE_X183Y394.CLK   FDCE                                         r  static         <hidden>/<hidden>/<hidden>/<hidden>/<hidden>/<hidden>/<hidden>/<hidden>/<hidden>  (IS_INVERTED)
                         clock pessimism              0.308    22.544                     
                         clock uncertainty           -0.266    22.278                     
    SLICE_X183Y394       FDCE (Setup_HFF2_SLICEL_C_D)
                                                      0.025    22.303    static           <hidden>/<hidden>/<hidden>/<hidden>/<hidden>/<hidden>/<hidden>/<hidden>/<hidden>
  -------------------------------------------------------------------
                         required time                         22.303                     
                         arrival time                          -9.146                     
  -------------------------------------------------------------------
                         slack                                 13.157                     

Slack (MET) :             30.856ns  (required time - arrival time)
  Source:                 <hidden>/<hidden>/<hidden>/<hidden>/<hidden>/<hidden>/<hidden>/<hidden>
                            (rising edge-triggered cell FDRE clocked by WRAPPER/RL/RL_DEBUG_BRIDGE/inst/axi_jtag/inst/u_jtag_proc/tck_i_reg/Q  {rise@0.000ns fall@16.000ns period=32.000ns})
  Destination:            <hidden>/<hidden>/<hidden>/<hidden>/<hidden>/<hidden>/<hidden>/<hidden>
                            (rising edge-triggered cell FDRE clocked by WRAPPER/RL/RL_DEBUG_BRIDGE/inst/axi_jtag/inst/u_jtag_proc/tck_i_reg/Q  {rise@0.000ns fall@16.000ns period=32.000ns})
  Path Group:             WRAPPER/RL/RL_DEBUG_BRIDGE/inst/axi_jtag/inst/u_jtag_proc/tck_i_reg/Q
  Path Type:              Setup (Max at Slow Process Corner)
  Requirement:            32.000ns  (WRAPPER/RL/RL_DEBUG_BRIDGE/inst/axi_jtag/inst/u_jtag_proc/tck_i_reg/Q rise@32.000ns - WRAPPER/RL/RL_DEBUG_BRIDGE/inst/axi_jtag/inst/u_jtag_proc/tck_i_reg/Q rise@0.000ns)
  Data Path Delay:        0.735ns  (logic 0.133ns (18.096%)  route 0.602ns (81.904%))
  Logic Levels:           1  (LUT3=1)
  Clock Path Skew:        -0.368ns (DCD - SCD + CPR)
    Destination Clock Delay (DCD):    6.250ns = ( 38.250 - 32.000 ) 
    Source Clock Delay      (SCD):    6.924ns
    Clock Pessimism Removal (CPR):    0.306ns
  Clock Uncertainty:      0.066ns  ((TSJ^2 + DJ^2)^1/2) / 2 + PE
    Total System Jitter     (TSJ):    0.071ns
    Discrete Jitter          (DJ):    0.112ns
    Phase Error              (PE):    0.000ns
  Clock Net Delay (Source):      2.444ns (routing 1.039ns, distribution 1.405ns)
  Clock Net Delay (Destination): 2.183ns (routing 0.945ns, distribution 1.238ns)

    Location             Delay type                Incr(ns)  Path(ns)    Partition      Netlist Resource(s)
  -------------------------------------------------------------------    ----------------------------------
                         (clock WRAPPER/RL/RL_DEBUG_BRIDGE/inst/axi_jtag/inst/u_jtag_proc/tck_i_reg/Q rise edge)
                                                      0.000     0.000 r                 
    BJ4                                               0.000     0.000 r  static         <hidden>
                         net (fo=0)                   0.100     0.100    static         <hidden>/<hidden>/<hidden>/<hidden>
    HPIOBDIFFINBUF_X0Y130.DIFF_IN_P
                                                                      r  static         <hidden>/<hidden>/<hidden>/<hidden>
    HPIOBDIFFINBUF_X0Y130.O
                         DIFFINBUF (Prop_DIFFINBUF_HPIOBDIFFINBUF_DIFF_IN_P_O)
                                                      0.863     0.963 r  static         <hidden>/<hidden>/<hidden>/<hidden>
                         net (fo=1, routed)           0.050     1.013    static         <hidden>/<hidden>/<hidden>/<hidden>
    BJ4.I                                                             r  static         <hidden>/<hidden>/<hidden>/<hidden>
    BJ4.O                IBUFCTRL (Prop_IBUFCTRL_HPIOB_M_I_O)
                                                      0.000     1.013 r  static         <hidden>/<hidden>/<hidden>/<hidden>
                         net (fo=1, routed)           0.348     1.361    static         <hidden>/<hidden>/<hidden>
    BUFGCE_X0Y122.I                                                   r  static         <hidden>/<hidden>/<hidden>
    BUFGCE_X0Y122.O      BUFGCE (Prop_BUFCE_BUFGCE_I_O)
                                                      0.028     1.389 r  static         <hidden>/<hidden>/<hidden>
                         net (fo=3, routed)           1.822     3.211    static         <hidden>/<hidden>/<hidden>/<hidden>/<hidden>
    SLR Crossing[1->0]   
    PLL_X0Y5.CLKIN                                                    r  static         <hidden>/<hidden>/<hidden>/<hidden>/<hidden>
    PLL_X0Y5.CLKOUT0     PLLE4_ADV (Prop_PLL_CLKIN_CLKOUT0)
                                                      0.033     3.244 r  static         <hidden>/<hidden>/<hidden>/<hidden>/<hidden>
                         net (fo=1, routed)           0.270     3.514    static         <hidden>/<hidden>/<hidden>/<hidden>/<hidden>
    BUFGCE_X0Y56.I                                                    r  static         <hidden>/<hidden>/<hidden>/<hidden>/<hidden>
    BUFGCE_X0Y56.O       BUFGCE (Prop_BUFCE_BUFGCE_I_O)
                                                      0.028     3.542 r  static         <hidden>/<hidden>/<hidden>/<hidden>/<hidden>
    X5Y4 (CLOCK_ROOT)    net (fo=1635, routed)        2.444     5.986    static         <hidden>/<hidden>/<hidden>/<hidden>/<hidden>/<hidden>/<hidden>/<hidden>
    SLR Crossing[0->1]   
    SLICE_X196Y412.CLK                                                r  static         <hidden>/<hidden>/<hidden>/<hidden>/<hidden>/<hidden>/<hidden>/<hidden>
    SLICE_X196Y412.Q     FDRE (Prop_CFF_SLICEM_C_Q)
                                                      0.078     6.064 r  static         <hidden>/<hidden>/<hidden>/<hidden>/<hidden>/<hidden>/<hidden>/<hidden>
                         net (fo=25, routed)          0.860     6.924    static         <hidden>/<hidden>/<hidden>/<hidden>/<hidden>/<hidden>/<hidden>/<hidden>
    SLICE_X181Y393.CLK   FDRE                                         r  static         <hidden>/<hidden>/<hidden>/<hidden>/<hidden>/<hidden>/<hidden>/<hidden>
  -------------------------------------------------------------------    ----------------------------------
    SLICE_X181Y393.Q     FDRE (Prop_HFF2_SLICEL_C_Q)
                                                      0.080     7.004 r  static         <hidden>/<hidden>/<hidden>/<hidden>/<hidden>/<hidden>/<hidden>/<hidden>
                         net (fo=6, routed)           0.153     7.157    static         <hidden>/<hidden>/<hidden>/<hidden>/<hidden>/<hidden>/<hidden>/<hidden>
    SLICE_X180Y395.A5                                                 r  static         <hidden>/<hidden>/<hidden>/<hidden>/<hidden>/<hidden>/<hidden>/<hidden>
    SLICE_X180Y395.O6    LUT3 (Prop_A6LUT_SLICEM_I1_O)
                                                      0.053     7.210 r  static         <hidden>/<hidden>/<hidden>/<hidden>/<hidden>/<hidden>/<hidden>/<hidden>
                         net (fo=2, routed)           0.449     7.659    static         <hidden>/<hidden>/<hidden>/<hidden>/<hidden>/<hidden>/<hidden>/<hidden>
    SLICE_X178Y398.D     FDRE                                         r  static         <hidden>/<hidden>/<hidden>/<hidden>/<hidden>/<hidden>/<hidden>/<hidden>
  -------------------------------------------------------------------    ----------------------------------

                         (clock WRAPPER/RL/RL_DEBUG_BRIDGE/inst/axi_jtag/inst/u_jtag_proc/tck_i_reg/Q rise edge)
                                                     32.000    32.000 r                 
    BJ4                                               0.000    32.000 r  static         <hidden>
                         net (fo=0)                   0.079    32.079    static         <hidden>/<hidden>/<hidden>/<hidden>
    HPIOBDIFFINBUF_X0Y130.DIFF_IN_P
                                                                      r  static         <hidden>/<hidden>/<hidden>/<hidden>
    HPIOBDIFFINBUF_X0Y130.O
                         DIFFINBUF (Prop_DIFFINBUF_HPIOBDIFFINBUF_DIFF_IN_P_O)
                                                      0.750    32.829 r  static         <hidden>/<hidden>/<hidden>/<hidden>
                         net (fo=1, routed)           0.040    32.869    static         <hidden>/<hidden>/<hidden>/<hidden>
    BJ4.I                                                             r  static         <hidden>/<hidden>/<hidden>/<hidden>
    BJ4.O                IBUFCTRL (Prop_IBUFCTRL_HPIOB_M_I_O)
                                                      0.000    32.869 r  static         <hidden>/<hidden>/<hidden>/<hidden>
                         net (fo=1, routed)           0.309    33.178    static         <hidden>/<hidden>/<hidden>
    BUFGCE_X0Y122.I                                                   r  static         <hidden>/<hidden>/<hidden>
    BUFGCE_X0Y122.O      BUFGCE (Prop_BUFCE_BUFGCE_I_O)
                                                      0.024    33.202 r  static         <hidden>/<hidden>/<hidden>
                         net (fo=3, routed)           1.632    34.834    static         <hidden>/<hidden>/<hidden>/<hidden>/<hidden>
    SLR Crossing[1->0]   
    PLL_X0Y5.CLKIN                                                    r  static         <hidden>/<hidden>/<hidden>/<hidden>/<hidden>
    PLL_X0Y5.CLKOUT0     PLLE4_ADV (Prop_PLL_CLKIN_CLKOUT0)
                                                      0.430    35.264 r  static         <hidden>/<hidden>/<hidden>/<hidden>/<hidden>
                         net (fo=1, routed)           0.231    35.495    static         <hidden>/<hidden>/<hidden>/<hidden>/<hidden>
    BUFGCE_X0Y56.I                                                    r  static         <hidden>/<hidden>/<hidden>/<hidden>/<hidden>
    BUFGCE_X0Y56.O       BUFGCE (Prop_BUFCE_BUFGCE_I_O)
                                                      0.024    35.519 r  static         <hidden>/<hidden>/<hidden>/<hidden>/<hidden>
    X5Y4 (CLOCK_ROOT)    net (fo=1635, routed)        2.183    37.702    static         <hidden>/<hidden>/<hidden>/<hidden>/<hidden>/<hidden>/<hidden>/<hidden>
    SLR Crossing[0->1]   
    SLICE_X196Y412.CLK                                                r  static         <hidden>/<hidden>/<hidden>/<hidden>/<hidden>/<hidden>/<hidden>/<hidden>
    SLICE_X196Y412.Q     FDRE (Prop_CFF_SLICEM_C_Q)
                                                      0.058    37.760 r  static         <hidden>/<hidden>/<hidden>/<hidden>/<hidden>/<hidden>/<hidden>/<hidden>
                         net (fo=25, routed)          0.490    38.250    static         <hidden>/<hidden>/<hidden>/<hidden>/<hidden>/<hidden>/<hidden>/<hidden>
    SLICE_X178Y398.CLK   FDRE                                         r  static         <hidden>/<hidden>/<hidden>/<hidden>/<hidden>/<hidden>/<hidden>/<hidden>
                         clock pessimism              0.306    38.555                     
                         clock uncertainty           -0.066    38.489                     
    SLICE_X178Y398       FDRE (Setup_FFF_SLICEL_C_D)
                                                      0.025    38.514    static           <hidden>/<hidden>/<hidden>/<hidden>/<hidden>/<hidden>/<hidden>/<hidden>
  -------------------------------------------------------------------
                         required time                         38.514                     
                         arrival time                          -7.659                     
  -------------------------------------------------------------------
                         slack                                 30.856                     

Slack (MET) :             54.267ns  (required time - arrival time)
  Source:                 <hidden>/<hidden>/<hidden>
                            (rising edge-triggered cell FDRE clocked by clk_out1_clk_mmcm_a  {rise@0.000ns fall@32.000ns period=64.000ns})
  Destination:            WRAPPER/CL/u_tile/g_kvq_gqa.u_kvq/g_eng[1].u_eng/u_vpath/pay_r_reg[553]/CLR
                            (recovery check against rising-edge clock clk_out1_clk_mmcm_a  {rise@0.000ns fall@32.000ns period=64.000ns})
  Path Group:             **async_default**
  Path Type:              Recovery (Max at Slow Process Corner)
  Requirement:            64.000ns  (clk_out1_clk_mmcm_a rise@64.000ns - clk_out1_clk_mmcm_a rise@0.000ns)
  Data Path Delay:        9.243ns  (logic 0.241ns (2.607%)  route 9.002ns (97.393%))
  Logic Levels:           2  (BUFGCE=1 LUT2=1)
  Clock Path Skew:        -0.328ns (DCD - SCD + CPR)
    Destination Clock Delay (DCD):    9.586ns = ( 73.586 - 64.000 ) 
    Source Clock Delay      (SCD):    9.220ns
    Clock Pessimism Removal (CPR):    -0.695ns
  Clock Uncertainty:      0.095ns  ((TSJ^2 + DJ^2)^1/2) / 2 + PE
    Total System Jitter     (TSJ):    0.071ns
    Discrete Jitter          (DJ):    0.176ns
    Phase Error              (PE):    0.000ns
  Clock Net Delay (Source):      3.077ns (routing 1.226ns, distribution 1.851ns)
  Clock Net Delay (Destination): 2.631ns (routing 1.112ns, distribution 1.519ns)

    Location             Delay type                Incr(ns)  Path(ns)    Partition      PBlock               Netlist Resource(s)
  -------------------------------------------------------------------    -------------------------------------------------------
                         (clock clk_out1_clk_mmcm_a rise edge)
                                                      0.000     0.000 r                                      
    BJ4                                               0.000     0.000 r  static                              <hidden>
                         net (fo=0)                   0.100     0.100    static                              <hidden>/<hidden>/<hidden>/<hidden>
    HPIOBDIFFINBUF_X0Y130.DIFF_IN_P
                                                                      r  static                              <hidden>/<hidden>/<hidden>/<hidden>
    HPIOBDIFFINBUF_X0Y130.O
                         DIFFINBUF (Prop_DIFFINBUF_HPIOBDIFFINBUF_DIFF_IN_P_O)
                                                      0.863     0.963 r  static                              <hidden>/<hidden>/<hidden>/<hidden>
                         net (fo=1, routed)           0.050     1.013    static                              <hidden>/<hidden>/<hidden>/<hidden>
    BJ4.I                                                             r  static                              <hidden>/<hidden>/<hidden>/<hidden>
    BJ4.O                IBUFCTRL (Prop_IBUFCTRL_HPIOB_M_I_O)
                                                      0.000     1.013 r  static                              <hidden>/<hidden>/<hidden>/<hidden>
                         net (fo=1, routed)           0.348     1.361    static                              <hidden>/<hidden>/<hidden>
    BUFGCE_X0Y122.I                                                   r  static                              <hidden>/<hidden>/<hidden>
    BUFGCE_X0Y122.O      BUFGCE (Prop_BUFCE_BUFGCE_I_O)
                                                      0.028     1.389 r  static                              <hidden>/<hidden>/<hidden>
                         net (fo=3, routed)           1.811     3.200    static                              <hidden>/<hidden>/<hidden>/<hidden>/<hidden>
    SLR Crossing[1->0]   
    MMCM_X0Y2.CLKIN1                                                  r  static                              <hidden>/<hidden>/<hidden>/<hidden>/<hidden>
    MMCM_X0Y2.CLKOUT0    MMCME4_ADV (Prop_MMCM_CLKIN1_CLKOUT0)
                                                     -0.127     3.073 r  static                              <hidden>/<hidden>/<hidden>/<hidden>/<hidden>
                         net (fo=2, routed)           0.245     3.318    static                              <hidden>/<hidden>/<hidden>
    BUFGCE_X0Y70.I                                                    r  static                              <hidden>/<hidden>/<hidden>
    BUFGCE_X0Y70.O       BUFGCE (Prop_BUFCE_BUFGCE_I_O)
                                                      0.028     3.346 r  static                              <hidden>/<hidden>/<hidden>
                         net (fo=2363, routed)        2.651     5.997    boundary                            WRAPPER/CL/AWS_CLK_GEN/CLK_GRP_A_EN_I.CLK_MMCM_A_I/inst/CLK_CORE_DRP_I/clk_inst/s_axi_aclk
    MMCM_X0Y3.CLKIN1                                                  r  reconfigurable pblock_CL            WRAPPER/CL/AWS_CLK_GEN/CLK_GRP_A_EN_I.CLK_MMCM_A_I/inst/CLK_CORE_DRP_I/clk_inst/mmcme4_adv_inst/CLKIN1
    MMCM_X0Y3.CLKOUT0    MMCME4_ADV (Prop_MMCM_CLKIN1_CLKOUT0)
                                                     -0.127     5.870 r  reconfigurable pblock_CL            WRAPPER/CL/AWS_CLK_GEN/CLK_GRP_A_EN_I.CLK_MMCM_A_I/inst/CLK_CORE_DRP_I/clk_inst/mmcme4_adv_inst/CLKOUT0
                         net (fo=1, routed)           0.245     6.115    reconfigurable                      WRAPPER/CL/AWS_CLK_GEN/CLK_GRP_A_EN_I.CLK_MMCM_A_I/inst/CLK_CORE_DRP_I/clk_inst/clk_out1_clk_mmcm_a
    BUFGCE_X0Y73.I                                                    r  reconfigurable pblock_CL            WRAPPER/CL/AWS_CLK_GEN/CLK_GRP_A_EN_I.CLK_MMCM_A_I/inst/CLK_CORE_DRP_I/clk_inst/clkout1_buf/I
    BUFGCE_X0Y73.O       BUFGCE (Prop_BUFCE_BUFGCE_I_O)
                                                      0.028     6.143 r  reconfigurable pblock_CL            WRAPPER/CL/AWS_CLK_GEN/CLK_GRP_A_EN_I.CLK_MMCM_A_I/inst/CLK_CORE_DRP_I/clk_inst/clkout1_buf/O
    X3Y6 (CLOCK_ROOT)    net (fo=189343, routed)      3.077     9.220    reconfigurable                      <hidden>/<hidden>/<hidden>
    SLR Crossing[0->1]   
    SLICE_X175Y391.CLK   FDRE                                         r  reconfigurable pblock_CL            <hidden>/<hidden>/<hidden>
  -------------------------------------------------------------------    -------------------------------------------------------
    SLICE_X175Y391.Q     FDRE (Prop_DFF2_SLICEM_C_Q)
                                                      0.080     9.300 r  reconfigurable pblock_CL            <hidden>/<hidden>/<hidden>
                         net (fo=312, routed)         4.322    13.622    reconfigurable                      WRAPPER/CL/u_tile/u_rms/rst_tile_n
    SLR Crossing[1->0]   
    SLICE_X110Y234.A2                                                 r  reconfigurable pblock_CL            WRAPPER/CL/u_tile/u_rms/tier_rdata_q[0]_i_1_lopt_replica/I0
    SLICE_X110Y234.O5    LUT2 (Prop_D5LUT_SLICEL_I0_O)
                                                      0.133    13.755 r  reconfigurable pblock_CL            WRAPPER/CL/u_tile/u_rms/tier_rdata_q[0]_i_1_lopt_replica/O
                         net (fo=1, routed)           2.561    16.316    reconfigurable                      WRAPPER/CL/u_tile/u_rms/O_replN
    SLR Crossing[0->1]   
    BUFGCE_X0Y167.I                                                   r  reconfigurable pblock_CL            WRAPPER/CL/u_tile/u_rms/rst_tile_n_reg_BUFG_inst/I
    BUFGCE_X0Y167.O      BUFGCE (Prop_BUFCE_BUFGCE_I_O)
                                                      0.028    16.344 r  reconfigurable pblock_CL            WRAPPER/CL/u_tile/u_rms/rst_tile_n_reg_BUFG_inst/O
                         net (fo=57884, routed)       2.119    18.463    reconfigurable                      WRAPPER/CL/u_tile/g_kvq_gqa.u_kvq/g_eng[1].u_eng/u_vpath/q_r_reg[12]
    SLICE_X72Y261.SR     FDCE                                         f  reconfigurable pblock_CL            WRAPPER/CL/u_tile/g_kvq_gqa.u_kvq/g_eng[1].u_eng/u_vpath/pay_r_reg[553]/CLR  (IS_INVERTED)
  -------------------------------------------------------------------    -------------------------------------------------------

                         (clock clk_out1_clk_mmcm_a rise edge)
                                                     64.000    64.000 r                                      
    BJ4                                               0.000    64.000 r  static                              <hidden>
                         net (fo=0)                   0.079    64.079    static                              <hidden>/<hidden>/<hidden>/<hidden>
    HPIOBDIFFINBUF_X0Y130.DIFF_IN_P
                                                                      r  static                              <hidden>/<hidden>/<hidden>/<hidden>
    HPIOBDIFFINBUF_X0Y130.O
                         DIFFINBUF (Prop_DIFFINBUF_HPIOBDIFFINBUF_DIFF_IN_P_O)
                                                      0.750    64.829 r  static                              <hidden>/<hidden>/<hidden>/<hidden>
                         net (fo=1, routed)           0.040    64.869    static                              <hidden>/<hidden>/<hidden>/<hidden>
    BJ4.I                                                             r  static                              <hidden>/<hidden>/<hidden>/<hidden>
    BJ4.O                IBUFCTRL (Prop_IBUFCTRL_HPIOB_M_I_O)
                                                      0.000    64.869 r  static                              <hidden>/<hidden>/<hidden>/<hidden>
                         net (fo=1, routed)           0.309    65.178    static                              <hidden>/<hidden>/<hidden>
    BUFGCE_X0Y122.I                                                   r  static                              <hidden>/<hidden>/<hidden>
    BUFGCE_X0Y122.O      BUFGCE (Prop_BUFCE_BUFGCE_I_O)
                                                      0.024    65.202 r  static                              <hidden>/<hidden>/<hidden>
                         net (fo=3, routed)           1.624    66.826    static                              <hidden>/<hidden>/<hidden>/<hidden>/<hidden>
    SLR Crossing[1->0]   
    MMCM_X0Y2.CLKIN1                                                  r  static                              <hidden>/<hidden>/<hidden>/<hidden>/<hidden>
    MMCM_X0Y2.CLKOUT0    MMCME4_ADV (Prop_MMCM_CLKIN1_CLKOUT0)
                                                      0.630    67.456 r  static                              <hidden>/<hidden>/<hidden>/<hidden>/<hidden>
                         net (fo=2, routed)           0.215    67.671    static                              <hidden>/<hidden>/<hidden>
    BUFGCE_X0Y70.I                                                    r  static                              <hidden>/<hidden>/<hidden>
    BUFGCE_X0Y70.O       BUFGCE (Prop_BUFCE_BUFGCE_I_O)
                                                      0.024    67.695 r  static                              <hidden>/<hidden>/<hidden>
                         net (fo=2363, routed)        2.391    70.086    boundary                            WRAPPER/CL/AWS_CLK_GEN/CLK_GRP_A_EN_I.CLK_MMCM_A_I/inst/CLK_CORE_DRP_I/clk_inst/s_axi_aclk
    MMCM_X0Y3.CLKIN1                                                  r  reconfigurable pblock_CL            WRAPPER/CL/AWS_CLK_GEN/CLK_GRP_A_EN_I.CLK_MMCM_A_I/inst/CLK_CORE_DRP_I/clk_inst/mmcme4_adv_inst/CLKIN1
    MMCM_X0Y3.CLKOUT0    MMCME4_ADV (Prop_MMCM_CLKIN1_CLKOUT0)
                                                      0.630    70.716 r  reconfigurable pblock_CL            WRAPPER/CL/AWS_CLK_GEN/CLK_GRP_A_EN_I.CLK_MMCM_A_I/inst/CLK_CORE_DRP_I/clk_inst/mmcme4_adv_inst/CLKOUT0
                         net (fo=1, routed)           0.215    70.931    reconfigurable                      WRAPPER/CL/AWS_CLK_GEN/CLK_GRP_A_EN_I.CLK_MMCM_A_I/inst/CLK_CORE_DRP_I/clk_inst/clk_out1_clk_mmcm_a
    BUFGCE_X0Y73.I                                                    r  reconfigurable pblock_CL            WRAPPER/CL/AWS_CLK_GEN/CLK_GRP_A_EN_I.CLK_MMCM_A_I/inst/CLK_CORE_DRP_I/clk_inst/clkout1_buf/I
    BUFGCE_X0Y73.O       BUFGCE (Prop_BUFCE_BUFGCE_I_O)
                                                      0.024    70.955 r  reconfigurable pblock_CL            WRAPPER/CL/AWS_CLK_GEN/CLK_GRP_A_EN_I.CLK_MMCM_A_I/inst/CLK_CORE_DRP_I/clk_inst/clkout1_buf/O
    X3Y6 (CLOCK_ROOT)    net (fo=189343, routed)      2.631    73.586    reconfigurable                      WRAPPER/CL/u_tile/g_kvq_gqa.u_kvq/g_eng[1].u_eng/u_vpath/o_clk_extra_a1
    SLR Crossing[0->1]   
    SLICE_X72Y261.CLK    FDCE                                         r  reconfigurable pblock_CL            WRAPPER/CL/u_tile/g_kvq_gqa.u_kvq/g_eng[1].u_eng/u_vpath/pay_r_reg[553]/C
                         clock pessimism             -0.695    72.891                                            
                         clock uncertainty           -0.095    72.796                                            
    SLICE_X72Y261        FDCE (Recov_DFF_SLICEM_C_CLR)
                                                     -0.066    72.730    reconfigurable   pblock_CL              WRAPPER/CL/u_tile/g_kvq_gqa.u_kvq/g_eng[1].u_eng/u_vpath/pay_r_reg[553]
  -------------------------------------------------------------------
                         required time                         72.730                                            
                         arrival time                         -18.463                                            
  -------------------------------------------------------------------
                         slack                                 54.267                                            

Slack (MET) :             54.267ns  (required time - arrival time)
  Source:                 <hidden>/<hidden>/<hidden>
                            (rising edge-triggered cell FDRE clocked by clk_out1_clk_mmcm_a  {rise@0.000ns fall@32.000ns period=64.000ns})
  Destination:            WRAPPER/CL/u_tile/g_kvq_gqa.u_kvq/g_eng[1].u_eng/u_vpath/pay_r_reg[560]/CLR
                            (recovery check against rising-edge clock clk_out1_clk_mmcm_a  {rise@0.000ns fall@32.000ns period=64.000ns})
  Path Group:             **async_default**
  Path Type:              Recovery (Max at Slow Process Corner)
  Requirement:            64.000ns  (clk_out1_clk_mmcm_a rise@64.000ns - clk_out1_clk_mmcm_a rise@0.000ns)
  Data Path Delay:        9.241ns  (logic 0.241ns (2.608%)  route 9.000ns (97.392%))
  Logic Levels:           2  (BUFGCE=1 LUT2=1)
  Clock Path Skew:        -0.330ns (DCD - SCD + CPR)
    Destination Clock Delay (DCD):    9.584ns = ( 73.584 - 64.000 ) 
    Source Clock Delay      (SCD):    9.220ns
    Clock Pessimism Removal (CPR):    -0.695ns
  Clock Uncertainty:      0.095ns  ((TSJ^2 + DJ^2)^1/2) / 2 + PE
    Total System Jitter     (TSJ):    0.071ns
    Discrete Jitter          (DJ):    0.176ns
    Phase Error              (PE):    0.000ns
  Clock Net Delay (Source):      3.077ns (routing 1.226ns, distribution 1.851ns)
  Clock Net Delay (Destination): 2.629ns (routing 1.112ns, distribution 1.517ns)

    Location             Delay type                Incr(ns)  Path(ns)    Partition      PBlock               Netlist Resource(s)
  -------------------------------------------------------------------    -------------------------------------------------------
                         (clock clk_out1_clk_mmcm_a rise edge)
                                                      0.000     0.000 r                                      
    BJ4                                               0.000     0.000 r  static                              <hidden>
                         net (fo=0)                   0.100     0.100    static                              <hidden>/<hidden>/<hidden>/<hidden>
    HPIOBDIFFINBUF_X0Y130.DIFF_IN_P
                                                                      r  static                              <hidden>/<hidden>/<hidden>/<hidden>
    HPIOBDIFFINBUF_X0Y130.O
                         DIFFINBUF (Prop_DIFFINBUF_HPIOBDIFFINBUF_DIFF_IN_P_O)
                                                      0.863     0.963 r  static                              <hidden>/<hidden>/<hidden>/<hidden>
                         net (fo=1, routed)           0.050     1.013    static                              <hidden>/<hidden>/<hidden>/<hidden>
    BJ4.I                                                             r  static                              <hidden>/<hidden>/<hidden>/<hidden>
    BJ4.O                IBUFCTRL (Prop_IBUFCTRL_HPIOB_M_I_O)
                                                      0.000     1.013 r  static                              <hidden>/<hidden>/<hidden>/<hidden>
                         net (fo=1, routed)           0.348     1.361    static                              <hidden>/<hidden>/<hidden>
    BUFGCE_X0Y122.I                                                   r  static                              <hidden>/<hidden>/<hidden>
    BUFGCE_X0Y122.O      BUFGCE (Prop_BUFCE_BUFGCE_I_O)
                                                      0.028     1.389 r  static                              <hidden>/<hidden>/<hidden>
                         net (fo=3, routed)           1.811     3.200    static                              <hidden>/<hidden>/<hidden>/<hidden>/<hidden>
    SLR Crossing[1->0]   
    MMCM_X0Y2.CLKIN1                                                  r  static                              <hidden>/<hidden>/<hidden>/<hidden>/<hidden>
    MMCM_X0Y2.CLKOUT0    MMCME4_ADV (Prop_MMCM_CLKIN1_CLKOUT0)
                                                     -0.127     3.073 r  static                              <hidden>/<hidden>/<hidden>/<hidden>/<hidden>
                         net (fo=2, routed)           0.245     3.318    static                              <hidden>/<hidden>/<hidden>
    BUFGCE_X0Y70.I                                                    r  static                              <hidden>/<hidden>/<hidden>
    BUFGCE_X0Y70.O       BUFGCE (Prop_BUFCE_BUFGCE_I_O)
                                                      0.028     3.346 r  static                              <hidden>/<hidden>/<hidden>
                         net (fo=2363, routed)        2.651     5.997    boundary                            WRAPPER/CL/AWS_CLK_GEN/CLK_GRP_A_EN_I.CLK_MMCM_A_I/inst/CLK_CORE_DRP_I/clk_inst/s_axi_aclk
    MMCM_X0Y3.CLKIN1                                                  r  reconfigurable pblock_CL            WRAPPER/CL/AWS_CLK_GEN/CLK_GRP_A_EN_I.CLK_MMCM_A_I/inst/CLK_CORE_DRP_I/clk_inst/mmcme4_adv_inst/CLKIN1
    MMCM_X0Y3.CLKOUT0    MMCME4_ADV (Prop_MMCM_CLKIN1_CLKOUT0)
                                                     -0.127     5.870 r  reconfigurable pblock_CL            WRAPPER/CL/AWS_CLK_GEN/CLK_GRP_A_EN_I.CLK_MMCM_A_I/inst/CLK_CORE_DRP_I/clk_inst/mmcme4_adv_inst/CLKOUT0
                         net (fo=1, routed)           0.245     6.115    reconfigurable                      WRAPPER/CL/AWS_CLK_GEN/CLK_GRP_A_EN_I.CLK_MMCM_A_I/inst/CLK_CORE_DRP_I/clk_inst/clk_out1_clk_mmcm_a
    BUFGCE_X0Y73.I                                                    r  reconfigurable pblock_CL            WRAPPER/CL/AWS_CLK_GEN/CLK_GRP_A_EN_I.CLK_MMCM_A_I/inst/CLK_CORE_DRP_I/clk_inst/clkout1_buf/I
    BUFGCE_X0Y73.O       BUFGCE (Prop_BUFCE_BUFGCE_I_O)
                                                      0.028     6.143 r  reconfigurable pblock_CL            WRAPPER/CL/AWS_CLK_GEN/CLK_GRP_A_EN_I.CLK_MMCM_A_I/inst/CLK_CORE_DRP_I/clk_inst/clkout1_buf/O
    X3Y6 (CLOCK_ROOT)    net (fo=189343, routed)      3.077     9.220    reconfigurable                      <hidden>/<hidden>/<hidden>
    SLR Crossing[0->1]   
    SLICE_X175Y391.CLK   FDRE                                         r  reconfigurable pblock_CL            <hidden>/<hidden>/<hidden>
  -------------------------------------------------------------------    -------------------------------------------------------
    SLICE_X175Y391.Q     FDRE (Prop_DFF2_SLICEM_C_Q)
                                                      0.080     9.300 r  reconfigurable pblock_CL            <hidden>/<hidden>/<hidden>
                         net (fo=312, routed)         4.322    13.622    reconfigurable                      WRAPPER/CL/u_tile/u_rms/rst_tile_n
    SLR Crossing[1->0]   
    SLICE_X110Y234.A2                                                 r  reconfigurable pblock_CL            WRAPPER/CL/u_tile/u_rms/tier_rdata_q[0]_i_1_lopt_replica/I0
    SLICE_X110Y234.O5    LUT2 (Prop_D5LUT_SLICEL_I0_O)
                                                      0.133    13.755 r  reconfigurable pblock_CL            WRAPPER/CL/u_tile/u_rms/tier_rdata_q[0]_i_1_lopt_replica/O
                         net (fo=1, routed)           2.561    16.316    reconfigurable                      WRAPPER/CL/u_tile/u_rms/O_replN
    SLR Crossing[0->1]   
    BUFGCE_X0Y167.I                                                   r  reconfigurable pblock_CL            WRAPPER/CL/u_tile/u_rms/rst_tile_n_reg_BUFG_inst/I
    BUFGCE_X0Y167.O      BUFGCE (Prop_BUFCE_BUFGCE_I_O)
                                                      0.028    16.344 r  reconfigurable pblock_CL            WRAPPER/CL/u_tile/u_rms/rst_tile_n_reg_BUFG_inst/O
                         net (fo=57884, routed)       2.117    18.461    reconfigurable                      WRAPPER/CL/u_tile/g_kvq_gqa.u_kvq/g_eng[1].u_eng/u_vpath/q_r_reg[12]
    SLICE_X72Y263.SR     FDCE                                         f  reconfigurable pblock_CL            WRAPPER/CL/u_tile/g_kvq_gqa.u_kvq/g_eng[1].u_eng/u_vpath/pay_r_reg[560]/CLR  (IS_INVERTED)
  -------------------------------------------------------------------    -------------------------------------------------------

                         (clock clk_out1_clk_mmcm_a rise edge)
                                                     64.000    64.000 r                                      
    BJ4                                               0.000    64.000 r  static                              <hidden>
                         net (fo=0)                   0.079    64.079    static                              <hidden>/<hidden>/<hidden>/<hidden>
    HPIOBDIFFINBUF_X0Y130.DIFF_IN_P
                                                                      r  static                              <hidden>/<hidden>/<hidden>/<hidden>
    HPIOBDIFFINBUF_X0Y130.O
                         DIFFINBUF (Prop_DIFFINBUF_HPIOBDIFFINBUF_DIFF_IN_P_O)
                                                      0.750    64.829 r  static                              <hidden>/<hidden>/<hidden>/<hidden>
                         net (fo=1, routed)           0.040    64.869    static                              <hidden>/<hidden>/<hidden>/<hidden>
    BJ4.I                                                             r  static                              <hidden>/<hidden>/<hidden>/<hidden>
    BJ4.O                IBUFCTRL (Prop_IBUFCTRL_HPIOB_M_I_O)
                                                      0.000    64.869 r  static                              <hidden>/<hidden>/<hidden>/<hidden>
                         net (fo=1, routed)           0.309    65.178    static                              <hidden>/<hidden>/<hidden>
    BUFGCE_X0Y122.I                                                   r  static                              <hidden>/<hidden>/<hidden>
    BUFGCE_X0Y122.O      BUFGCE (Prop_BUFCE_BUFGCE_I_O)
                                                      0.024    65.202 r  static                              <hidden>/<hidden>/<hidden>
                         net (fo=3, routed)           1.624    66.826    static                              <hidden>/<hidden>/<hidden>/<hidden>/<hidden>
    SLR Crossing[1->0]   
    MMCM_X0Y2.CLKIN1                                                  r  static                              <hidden>/<hidden>/<hidden>/<hidden>/<hidden>
    MMCM_X0Y2.CLKOUT0    MMCME4_ADV (Prop_MMCM_CLKIN1_CLKOUT0)
                                                      0.630    67.456 r  static                              <hidden>/<hidden>/<hidden>/<hidden>/<hidden>
                         net (fo=2, routed)           0.215    67.671    static                              <hidden>/<hidden>/<hidden>
    BUFGCE_X0Y70.I                                                    r  static                              <hidden>/<hidden>/<hidden>
    BUFGCE_X0Y70.O       BUFGCE (Prop_BUFCE_BUFGCE_I_O)
                                                      0.024    67.695 r  static                              <hidden>/<hidden>/<hidden>
                         net (fo=2363, routed)        2.391    70.086    boundary                            WRAPPER/CL/AWS_CLK_GEN/CLK_GRP_A_EN_I.CLK_MMCM_A_I/inst/CLK_CORE_DRP_I/clk_inst/s_axi_aclk
    MMCM_X0Y3.CLKIN1                                                  r  reconfigurable pblock_CL            WRAPPER/CL/AWS_CLK_GEN/CLK_GRP_A_EN_I.CLK_MMCM_A_I/inst/CLK_CORE_DRP_I/clk_inst/mmcme4_adv_inst/CLKIN1
    MMCM_X0Y3.CLKOUT0    MMCME4_ADV (Prop_MMCM_CLKIN1_CLKOUT0)
                                                      0.630    70.716 r  reconfigurable pblock_CL            WRAPPER/CL/AWS_CLK_GEN/CLK_GRP_A_EN_I.CLK_MMCM_A_I/inst/CLK_CORE_DRP_I/clk_inst/mmcme4_adv_inst/CLKOUT0
                         net (fo=1, routed)           0.215    70.931    reconfigurable                      WRAPPER/CL/AWS_CLK_GEN/CLK_GRP_A_EN_I.CLK_MMCM_A_I/inst/CLK_CORE_DRP_I/clk_inst/clk_out1_clk_mmcm_a
    BUFGCE_X0Y73.I                                                    r  reconfigurable pblock_CL            WRAPPER/CL/AWS_CLK_GEN/CLK_GRP_A_EN_I.CLK_MMCM_A_I/inst/CLK_CORE_DRP_I/clk_inst/clkout1_buf/I
    BUFGCE_X0Y73.O       BUFGCE (Prop_BUFCE_BUFGCE_I_O)
                                                      0.024    70.955 r  reconfigurable pblock_CL            WRAPPER/CL/AWS_CLK_GEN/CLK_GRP_A_EN_I.CLK_MMCM_A_I/inst/CLK_CORE_DRP_I/clk_inst/clkout1_buf/O
    X3Y6 (CLOCK_ROOT)    net (fo=189343, routed)      2.629    73.584    reconfigurable                      WRAPPER/CL/u_tile/g_kvq_gqa.u_kvq/g_eng[1].u_eng/u_vpath/o_clk_extra_a1
    SLR Crossing[0->1]   
    SLICE_X72Y263.CLK    FDCE                                         r  reconfigurable pblock_CL            WRAPPER/CL/u_tile/g_kvq_gqa.u_kvq/g_eng[1].u_eng/u_vpath/pay_r_reg[560]/C
                         clock pessimism             -0.695    72.889                                            
                         clock uncertainty           -0.095    72.794                                            
    SLICE_X72Y263        FDCE (Recov_DFF_SLICEM_C_CLR)
                                                     -0.066    72.728    reconfigurable   pblock_CL              WRAPPER/CL/u_tile/g_kvq_gqa.u_kvq/g_eng[1].u_eng/u_vpath/pay_r_reg[560]
  -------------------------------------------------------------------
                         required time                         72.728                                            
                         arrival time                         -18.461                                            
  -------------------------------------------------------------------
                         slack                                 54.267                                            

Slack (MET) :             54.267ns  (required time - arrival time)
  Source:                 <hidden>/<hidden>/<hidden>
                            (rising edge-triggered cell FDRE clocked by clk_out1_clk_mmcm_a  {rise@0.000ns fall@32.000ns period=64.000ns})
  Destination:            WRAPPER/CL/u_tile/g_kvq_gqa.u_kvq/g_eng[1].u_eng/u_vpath/pay_r_reg[563]/CLR
                            (recovery check against rising-edge clock clk_out1_clk_mmcm_a  {rise@0.000ns fall@32.000ns period=64.000ns})
  Path Group:             **async_default**
  Path Type:              Recovery (Max at Slow Process Corner)
  Requirement:            64.000ns  (clk_out1_clk_mmcm_a rise@64.000ns - clk_out1_clk_mmcm_a rise@0.000ns)
  Data Path Delay:        9.241ns  (logic 0.241ns (2.608%)  route 9.000ns (97.392%))
  Logic Levels:           2  (BUFGCE=1 LUT2=1)
  Clock Path Skew:        -0.330ns (DCD - SCD + CPR)
    Destination Clock Delay (DCD):    9.584ns = ( 73.584 - 64.000 ) 
    Source Clock Delay      (SCD):    9.220ns
    Clock Pessimism Removal (CPR):    -0.695ns
  Clock Uncertainty:      0.095ns  ((TSJ^2 + DJ^2)^1/2) / 2 + PE
    Total System Jitter     (TSJ):    0.071ns
    Discrete Jitter          (DJ):    0.176ns
    Phase Error              (PE):    0.000ns
  Clock Net Delay (Source):      3.077ns (routing 1.226ns, distribution 1.851ns)
  Clock Net Delay (Destination): 2.629ns (routing 1.112ns, distribution 1.517ns)

    Location             Delay type                Incr(ns)  Path(ns)    Partition      PBlock               Netlist Resource(s)
  -------------------------------------------------------------------    -------------------------------------------------------
                         (clock clk_out1_clk_mmcm_a rise edge)
                                                      0.000     0.000 r                                      
    BJ4                                               0.000     0.000 r  static                              <hidden>
                         net (fo=0)                   0.100     0.100    static                              <hidden>/<hidden>/<hidden>/<hidden>
    HPIOBDIFFINBUF_X0Y130.DIFF_IN_P
                                                                      r  static                              <hidden>/<hidden>/<hidden>/<hidden>
    HPIOBDIFFINBUF_X0Y130.O
                         DIFFINBUF (Prop_DIFFINBUF_HPIOBDIFFINBUF_DIFF_IN_P_O)
                                                      0.863     0.963 r  static                              <hidden>/<hidden>/<hidden>/<hidden>
                         net (fo=1, routed)           0.050     1.013    static                              <hidden>/<hidden>/<hidden>/<hidden>
    BJ4.I                                                             r  static                              <hidden>/<hidden>/<hidden>/<hidden>
    BJ4.O                IBUFCTRL (Prop_IBUFCTRL_HPIOB_M_I_O)
                                                      0.000     1.013 r  static                              <hidden>/<hidden>/<hidden>/<hidden>
                         net (fo=1, routed)           0.348     1.361    static                              <hidden>/<hidden>/<hidden>
    BUFGCE_X0Y122.I                                                   r  static                              <hidden>/<hidden>/<hidden>
    BUFGCE_X0Y122.O      BUFGCE (Prop_BUFCE_BUFGCE_I_O)
                                                      0.028     1.389 r  static                              <hidden>/<hidden>/<hidden>
                         net (fo=3, routed)           1.811     3.200    static                              <hidden>/<hidden>/<hidden>/<hidden>/<hidden>
    SLR Crossing[1->0]   
    MMCM_X0Y2.CLKIN1                                                  r  static                              <hidden>/<hidden>/<hidden>/<hidden>/<hidden>
    MMCM_X0Y2.CLKOUT0    MMCME4_ADV (Prop_MMCM_CLKIN1_CLKOUT0)
                                                     -0.127     3.073 r  static                              <hidden>/<hidden>/<hidden>/<hidden>/<hidden>
                         net (fo=2, routed)           0.245     3.318    static                              <hidden>/<hidden>/<hidden>
    BUFGCE_X0Y70.I                                                    r  static                              <hidden>/<hidden>/<hidden>
    BUFGCE_X0Y70.O       BUFGCE (Prop_BUFCE_BUFGCE_I_O)
                                                      0.028     3.346 r  static                              <hidden>/<hidden>/<hidden>
                         net (fo=2363, routed)        2.651     5.997    boundary                            WRAPPER/CL/AWS_CLK_GEN/CLK_GRP_A_EN_I.CLK_MMCM_A_I/inst/CLK_CORE_DRP_I/clk_inst/s_axi_aclk
    MMCM_X0Y3.CLKIN1                                                  r  reconfigurable pblock_CL            WRAPPER/CL/AWS_CLK_GEN/CLK_GRP_A_EN_I.CLK_MMCM_A_I/inst/CLK_CORE_DRP_I/clk_inst/mmcme4_adv_inst/CLKIN1
    MMCM_X0Y3.CLKOUT0    MMCME4_ADV (Prop_MMCM_CLKIN1_CLKOUT0)
                                                     -0.127     5.870 r  reconfigurable pblock_CL            WRAPPER/CL/AWS_CLK_GEN/CLK_GRP_A_EN_I.CLK_MMCM_A_I/inst/CLK_CORE_DRP_I/clk_inst/mmcme4_adv_inst/CLKOUT0
                         net (fo=1, routed)           0.245     6.115    reconfigurable                      WRAPPER/CL/AWS_CLK_GEN/CLK_GRP_A_EN_I.CLK_MMCM_A_I/inst/CLK_CORE_DRP_I/clk_inst/clk_out1_clk_mmcm_a
    BUFGCE_X0Y73.I                                                    r  reconfigurable pblock_CL            WRAPPER/CL/AWS_CLK_GEN/CLK_GRP_A_EN_I.CLK_MMCM_A_I/inst/CLK_CORE_DRP_I/clk_inst/clkout1_buf/I
    BUFGCE_X0Y73.O       BUFGCE (Prop_BUFCE_BUFGCE_I_O)
                                                      0.028     6.143 r  reconfigurable pblock_CL            WRAPPER/CL/AWS_CLK_GEN/CLK_GRP_A_EN_I.CLK_MMCM_A_I/inst/CLK_CORE_DRP_I/clk_inst/clkout1_buf/O
    X3Y6 (CLOCK_ROOT)    net (fo=189343, routed)      3.077     9.220    reconfigurable                      <hidden>/<hidden>/<hidden>
    SLR Crossing[0->1]   
    SLICE_X175Y391.CLK   FDRE                                         r  reconfigurable pblock_CL            <hidden>/<hidden>/<hidden>
  -------------------------------------------------------------------    -------------------------------------------------------
    SLICE_X175Y391.Q     FDRE (Prop_DFF2_SLICEM_C_Q)
                                                      0.080     9.300 r  reconfigurable pblock_CL            <hidden>/<hidden>/<hidden>
                         net (fo=312, routed)         4.322    13.622    reconfigurable                      WRAPPER/CL/u_tile/u_rms/rst_tile_n
    SLR Crossing[1->0]   
    SLICE_X110Y234.A2                                                 r  reconfigurable pblock_CL            WRAPPER/CL/u_tile/u_rms/tier_rdata_q[0]_i_1_lopt_replica/I0
    SLICE_X110Y234.O5    LUT2 (Prop_D5LUT_SLICEL_I0_O)
                                                      0.133    13.755 r  reconfigurable pblock_CL            WRAPPER/CL/u_tile/u_rms/tier_rdata_q[0]_i_1_lopt_replica/O
                         net (fo=1, routed)           2.561    16.316    reconfigurable                      WRAPPER/CL/u_tile/u_rms/O_replN
    SLR Crossing[0->1]   
    BUFGCE_X0Y167.I                                                   r  reconfigurable pblock_CL            WRAPPER/CL/u_tile/u_rms/rst_tile_n_reg_BUFG_inst/I
    BUFGCE_X0Y167.O      BUFGCE (Prop_BUFCE_BUFGCE_I_O)
                                                      0.028    16.344 r  reconfigurable pblock_CL            WRAPPER/CL/u_tile/u_rms/rst_tile_n_reg_BUFG_inst/O
                         net (fo=57884, routed)       2.117    18.461    reconfigurable                      WRAPPER/CL/u_tile/g_kvq_gqa.u_kvq/g_eng[1].u_eng/u_vpath/q_r_reg[12]
    SLICE_X72Y263.SR     FDCE                                         f  reconfigurable pblock_CL            WRAPPER/CL/u_tile/g_kvq_gqa.u_kvq/g_eng[1].u_eng/u_vpath/pay_r_reg[563]/CLR  (IS_INVERTED)
  -------------------------------------------------------------------    -------------------------------------------------------

                         (clock clk_out1_clk_mmcm_a rise edge)
                                                     64.000    64.000 r                                      
    BJ4                                               0.000    64.000 r  static                              <hidden>
                         net (fo=0)                   0.079    64.079    static                              <hidden>/<hidden>/<hidden>/<hidden>
    HPIOBDIFFINBUF_X0Y130.DIFF_IN_P
                                                                      r  static                              <hidden>/<hidden>/<hidden>/<hidden>
    HPIOBDIFFINBUF_X0Y130.O
                         DIFFINBUF (Prop_DIFFINBUF_HPIOBDIFFINBUF_DIFF_IN_P_O)
                                                      0.750    64.829 r  static                              <hidden>/<hidden>/<hidden>/<hidden>
                         net (fo=1, routed)           0.040    64.869    static                              <hidden>/<hidden>/<hidden>/<hidden>
    BJ4.I                                                             r  static                              <hidden>/<hidden>/<hidden>/<hidden>
    BJ4.O                IBUFCTRL (Prop_IBUFCTRL_HPIOB_M_I_O)
                                                      0.000    64.869 r  static                              <hidden>/<hidden>/<hidden>/<hidden>
                         net (fo=1, routed)           0.309    65.178    static                              <hidden>/<hidden>/<hidden>
    BUFGCE_X0Y122.I                                                   r  static                              <hidden>/<hidden>/<hidden>
    BUFGCE_X0Y122.O      BUFGCE (Prop_BUFCE_BUFGCE_I_O)
                                                      0.024    65.202 r  static                              <hidden>/<hidden>/<hidden>
                         net (fo=3, routed)           1.624    66.826    static                              <hidden>/<hidden>/<hidden>/<hidden>/<hidden>
    SLR Crossing[1->0]   
    MMCM_X0Y2.CLKIN1                                                  r  static                              <hidden>/<hidden>/<hidden>/<hidden>/<hidden>
    MMCM_X0Y2.CLKOUT0    MMCME4_ADV (Prop_MMCM_CLKIN1_CLKOUT0)
                                                      0.630    67.456 r  static                              <hidden>/<hidden>/<hidden>/<hidden>/<hidden>
                         net (fo=2, routed)           0.215    67.671    static                              <hidden>/<hidden>/<hidden>
    BUFGCE_X0Y70.I                                                    r  static                              <hidden>/<hidden>/<hidden>
    BUFGCE_X0Y70.O       BUFGCE (Prop_BUFCE_BUFGCE_I_O)
                                                      0.024    67.695 r  static                              <hidden>/<hidden>/<hidden>
                         net (fo=2363, routed)        2.391    70.086    boundary                            WRAPPER/CL/AWS_CLK_GEN/CLK_GRP_A_EN_I.CLK_MMCM_A_I/inst/CLK_CORE_DRP_I/clk_inst/s_axi_aclk
    MMCM_X0Y3.CLKIN1                                                  r  reconfigurable pblock_CL            WRAPPER/CL/AWS_CLK_GEN/CLK_GRP_A_EN_I.CLK_MMCM_A_I/inst/CLK_CORE_DRP_I/clk_inst/mmcme4_adv_inst/CLKIN1
    MMCM_X0Y3.CLKOUT0    MMCME4_ADV (Prop_MMCM_CLKIN1_CLKOUT0)
                                                      0.630    70.716 r  reconfigurable pblock_CL            WRAPPER/CL/AWS_CLK_GEN/CLK_GRP_A_EN_I.CLK_MMCM_A_I/inst/CLK_CORE_DRP_I/clk_inst/mmcme4_adv_inst/CLKOUT0
                         net (fo=1, routed)           0.215    70.931    reconfigurable                      WRAPPER/CL/AWS_CLK_GEN/CLK_GRP_A_EN_I.CLK_MMCM_A_I/inst/CLK_CORE_DRP_I/clk_inst/clk_out1_clk_mmcm_a
    BUFGCE_X0Y73.I                                                    r  reconfigurable pblock_CL            WRAPPER/CL/AWS_CLK_GEN/CLK_GRP_A_EN_I.CLK_MMCM_A_I/inst/CLK_CORE_DRP_I/clk_inst/clkout1_buf/I
    BUFGCE_X0Y73.O       BUFGCE (Prop_BUFCE_BUFGCE_I_O)
                                                      0.024    70.955 r  reconfigurable pblock_CL            WRAPPER/CL/AWS_CLK_GEN/CLK_GRP_A_EN_I.CLK_MMCM_A_I/inst/CLK_CORE_DRP_I/clk_inst/clkout1_buf/O
    X3Y6 (CLOCK_ROOT)    net (fo=189343, routed)      2.629    73.584    reconfigurable                      WRAPPER/CL/u_tile/g_kvq_gqa.u_kvq/g_eng[1].u_eng/u_vpath/o_clk_extra_a1
    SLR Crossing[0->1]   
    SLICE_X72Y263.CLK    FDCE                                         r  reconfigurable pblock_CL            WRAPPER/CL/u_tile/g_kvq_gqa.u_kvq/g_eng[1].u_eng/u_vpath/pay_r_reg[563]/C
                         clock pessimism             -0.695    72.889                                            
                         clock uncertainty           -0.095    72.794                                            
    SLICE_X72Y263        FDCE (Recov_CFF_SLICEM_C_CLR)
                                                     -0.066    72.728    reconfigurable   pblock_CL              WRAPPER/CL/u_tile/g_kvq_gqa.u_kvq/g_eng[1].u_eng/u_vpath/pay_r_reg[563]
  -------------------------------------------------------------------
                         required time                         72.728                                            
                         arrival time                         -18.461                                            
  -------------------------------------------------------------------
                         slack                                 54.267                                            

Slack (MET) :             54.267ns  (required time - arrival time)
  Source:                 <hidden>/<hidden>/<hidden>
                            (rising edge-triggered cell FDRE clocked by clk_out1_clk_mmcm_a  {rise@0.000ns fall@32.000ns period=64.000ns})
  Destination:            WRAPPER/CL/u_tile/g_kvq_gqa.u_kvq/g_eng[1].u_eng/u_vpath/pay_r_reg[564]/CLR
                            (recovery check against rising-edge clock clk_out1_clk_mmcm_a  {rise@0.000ns fall@32.000ns period=64.000ns})
  Path Group:             **async_default**
  Path Type:              Recovery (Max at Slow Process Corner)
  Requirement:            64.000ns  (clk_out1_clk_mmcm_a rise@64.000ns - clk_out1_clk_mmcm_a rise@0.000ns)
  Data Path Delay:        9.241ns  (logic 0.241ns (2.608%)  route 9.000ns (97.392%))
  Logic Levels:           2  (BUFGCE=1 LUT2=1)
  Clock Path Skew:        -0.330ns (DCD - SCD + CPR)
    Destination Clock Delay (DCD):    9.584ns = ( 73.584 - 64.000 ) 
    Source Clock Delay      (SCD):    9.220ns
    Clock Pessimism Removal (CPR):    -0.695ns
  Clock Uncertainty:      0.095ns  ((TSJ^2 + DJ^2)^1/2) / 2 + PE
    Total System Jitter     (TSJ):    0.071ns
    Discrete Jitter          (DJ):    0.176ns
    Phase Error              (PE):    0.000ns
  Clock Net Delay (Source):      3.077ns (routing 1.226ns, distribution 1.851ns)
  Clock Net Delay (Destination): 2.629ns (routing 1.112ns, distribution 1.517ns)

    Location             Delay type                Incr(ns)  Path(ns)    Partition      PBlock               Netlist Resource(s)
  -------------------------------------------------------------------    -------------------------------------------------------
                         (clock clk_out1_clk_mmcm_a rise edge)
                                                      0.000     0.000 r                                      
    BJ4                                               0.000     0.000 r  static                              <hidden>
                         net (fo=0)                   0.100     0.100    static                              <hidden>/<hidden>/<hidden>/<hidden>
    HPIOBDIFFINBUF_X0Y130.DIFF_IN_P
                                                                      r  static                              <hidden>/<hidden>/<hidden>/<hidden>
    HPIOBDIFFINBUF_X0Y130.O
                         DIFFINBUF (Prop_DIFFINBUF_HPIOBDIFFINBUF_DIFF_IN_P_O)
                                                      0.863     0.963 r  static                              <hidden>/<hidden>/<hidden>/<hidden>
                         net (fo=1, routed)           0.050     1.013    static                              <hidden>/<hidden>/<hidden>/<hidden>
    BJ4.I                                                             r  static                              <hidden>/<hidden>/<hidden>/<hidden>
    BJ4.O                IBUFCTRL (Prop_IBUFCTRL_HPIOB_M_I_O)
                                                      0.000     1.013 r  static                              <hidden>/<hidden>/<hidden>/<hidden>
                         net (fo=1, routed)           0.348     1.361    static                              <hidden>/<hidden>/<hidden>
    BUFGCE_X0Y122.I                                                   r  static                              <hidden>/<hidden>/<hidden>
    BUFGCE_X0Y122.O      BUFGCE (Prop_BUFCE_BUFGCE_I_O)
                                                      0.028     1.389 r  static                              <hidden>/<hidden>/<hidden>
                         net (fo=3, routed)           1.811     3.200    static                              <hidden>/<hidden>/<hidden>/<hidden>/<hidden>
    SLR Crossing[1->0]   
    MMCM_X0Y2.CLKIN1                                                  r  static                              <hidden>/<hidden>/<hidden>/<hidden>/<hidden>
    MMCM_X0Y2.CLKOUT0    MMCME4_ADV (Prop_MMCM_CLKIN1_CLKOUT0)
                                                     -0.127     3.073 r  static                              <hidden>/<hidden>/<hidden>/<hidden>/<hidden>
                         net (fo=2, routed)           0.245     3.318    static                              <hidden>/<hidden>/<hidden>
    BUFGCE_X0Y70.I                                                    r  static                              <hidden>/<hidden>/<hidden>
    BUFGCE_X0Y70.O       BUFGCE (Prop_BUFCE_BUFGCE_I_O)
                                                      0.028     3.346 r  static                              <hidden>/<hidden>/<hidden>
                         net (fo=2363, routed)        2.651     5.997    boundary                            WRAPPER/CL/AWS_CLK_GEN/CLK_GRP_A_EN_I.CLK_MMCM_A_I/inst/CLK_CORE_DRP_I/clk_inst/s_axi_aclk
    MMCM_X0Y3.CLKIN1                                                  r  reconfigurable pblock_CL            WRAPPER/CL/AWS_CLK_GEN/CLK_GRP_A_EN_I.CLK_MMCM_A_I/inst/CLK_CORE_DRP_I/clk_inst/mmcme4_adv_inst/CLKIN1
    MMCM_X0Y3.CLKOUT0    MMCME4_ADV (Prop_MMCM_CLKIN1_CLKOUT0)
                                                     -0.127     5.870 r  reconfigurable pblock_CL            WRAPPER/CL/AWS_CLK_GEN/CLK_GRP_A_EN_I.CLK_MMCM_A_I/inst/CLK_CORE_DRP_I/clk_inst/mmcme4_adv_inst/CLKOUT0
                         net (fo=1, routed)           0.245     6.115    reconfigurable                      WRAPPER/CL/AWS_CLK_GEN/CLK_GRP_A_EN_I.CLK_MMCM_A_I/inst/CLK_CORE_DRP_I/clk_inst/clk_out1_clk_mmcm_a
    BUFGCE_X0Y73.I                                                    r  reconfigurable pblock_CL            WRAPPER/CL/AWS_CLK_GEN/CLK_GRP_A_EN_I.CLK_MMCM_A_I/inst/CLK_CORE_DRP_I/clk_inst/clkout1_buf/I
    BUFGCE_X0Y73.O       BUFGCE (Prop_BUFCE_BUFGCE_I_O)
                                                      0.028     6.143 r  reconfigurable pblock_CL            WRAPPER/CL/AWS_CLK_GEN/CLK_GRP_A_EN_I.CLK_MMCM_A_I/inst/CLK_CORE_DRP_I/clk_inst/clkout1_buf/O
    X3Y6 (CLOCK_ROOT)    net (fo=189343, routed)      3.077     9.220    reconfigurable                      <hidden>/<hidden>/<hidden>
    SLR Crossing[0->1]   
    SLICE_X175Y391.CLK   FDRE                                         r  reconfigurable pblock_CL            <hidden>/<hidden>/<hidden>
  -------------------------------------------------------------------    -------------------------------------------------------
    SLICE_X175Y391.Q     FDRE (Prop_DFF2_SLICEM_C_Q)
                                                      0.080     9.300 r  reconfigurable pblock_CL            <hidden>/<hidden>/<hidden>
                         net (fo=312, routed)         4.322    13.622    reconfigurable                      WRAPPER/CL/u_tile/u_rms/rst_tile_n
    SLR Crossing[1->0]   
    SLICE_X110Y234.A2                                                 r  reconfigurable pblock_CL            WRAPPER/CL/u_tile/u_rms/tier_rdata_q[0]_i_1_lopt_replica/I0
    SLICE_X110Y234.O5    LUT2 (Prop_D5LUT_SLICEL_I0_O)
                                                      0.133    13.755 r  reconfigurable pblock_CL            WRAPPER/CL/u_tile/u_rms/tier_rdata_q[0]_i_1_lopt_replica/O
                         net (fo=1, routed)           2.561    16.316    reconfigurable                      WRAPPER/CL/u_tile/u_rms/O_replN
    SLR Crossing[0->1]   
    BUFGCE_X0Y167.I                                                   r  reconfigurable pblock_CL            WRAPPER/CL/u_tile/u_rms/rst_tile_n_reg_BUFG_inst/I
    BUFGCE_X0Y167.O      BUFGCE (Prop_BUFCE_BUFGCE_I_O)
                                                      0.028    16.344 r  reconfigurable pblock_CL            WRAPPER/CL/u_tile/u_rms/rst_tile_n_reg_BUFG_inst/O
                         net (fo=57884, routed)       2.117    18.461    reconfigurable                      WRAPPER/CL/u_tile/g_kvq_gqa.u_kvq/g_eng[1].u_eng/u_vpath/q_r_reg[12]
    SLICE_X72Y263.SR     FDCE                                         f  reconfigurable pblock_CL            WRAPPER/CL/u_tile/g_kvq_gqa.u_kvq/g_eng[1].u_eng/u_vpath/pay_r_reg[564]/CLR  (IS_INVERTED)
  -------------------------------------------------------------------    -------------------------------------------------------

                         (clock clk_out1_clk_mmcm_a rise edge)
                                                     64.000    64.000 r                                      
    BJ4                                               0.000    64.000 r  static                              <hidden>
                         net (fo=0)                   0.079    64.079    static                              <hidden>/<hidden>/<hidden>/<hidden>
    HPIOBDIFFINBUF_X0Y130.DIFF_IN_P
                                                                      r  static                              <hidden>/<hidden>/<hidden>/<hidden>
    HPIOBDIFFINBUF_X0Y130.O
                         DIFFINBUF (Prop_DIFFINBUF_HPIOBDIFFINBUF_DIFF_IN_P_O)
                                                      0.750    64.829 r  static                              <hidden>/<hidden>/<hidden>/<hidden>
                         net (fo=1, routed)           0.040    64.869    static                              <hidden>/<hidden>/<hidden>/<hidden>
    BJ4.I                                                             r  static                              <hidden>/<hidden>/<hidden>/<hidden>
    BJ4.O                IBUFCTRL (Prop_IBUFCTRL_HPIOB_M_I_O)
                                                      0.000    64.869 r  static                              <hidden>/<hidden>/<hidden>/<hidden>
                         net (fo=1, routed)           0.309    65.178    static                              <hidden>/<hidden>/<hidden>
    BUFGCE_X0Y122.I                                                   r  static                              <hidden>/<hidden>/<hidden>
    BUFGCE_X0Y122.O      BUFGCE (Prop_BUFCE_BUFGCE_I_O)
                                                      0.024    65.202 r  static                              <hidden>/<hidden>/<hidden>
                         net (fo=3, routed)           1.624    66.826    static                              <hidden>/<hidden>/<hidden>/<hidden>/<hidden>
    SLR Crossing[1->0]   
    MMCM_X0Y2.CLKIN1                                                  r  static                              <hidden>/<hidden>/<hidden>/<hidden>/<hidden>
    MMCM_X0Y2.CLKOUT0    MMCME4_ADV (Prop_MMCM_CLKIN1_CLKOUT0)
                                                      0.630    67.456 r  static                              <hidden>/<hidden>/<hidden>/<hidden>/<hidden>
                         net (fo=2, routed)           0.215    67.671    static                              <hidden>/<hidden>/<hidden>
    BUFGCE_X0Y70.I                                                    r  static                              <hidden>/<hidden>/<hidden>
    BUFGCE_X0Y70.O       BUFGCE (Prop_BUFCE_BUFGCE_I_O)
                                                      0.024    67.695 r  static                              <hidden>/<hidden>/<hidden>
                         net (fo=2363, routed)        2.391    70.086    boundary                            WRAPPER/CL/AWS_CLK_GEN/CLK_GRP_A_EN_I.CLK_MMCM_A_I/inst/CLK_CORE_DRP_I/clk_inst/s_axi_aclk
    MMCM_X0Y3.CLKIN1                                                  r  reconfigurable pblock_CL            WRAPPER/CL/AWS_CLK_GEN/CLK_GRP_A_EN_I.CLK_MMCM_A_I/inst/CLK_CORE_DRP_I/clk_inst/mmcme4_adv_inst/CLKIN1
    MMCM_X0Y3.CLKOUT0    MMCME4_ADV (Prop_MMCM_CLKIN1_CLKOUT0)
                                                      0.630    70.716 r  reconfigurable pblock_CL            WRAPPER/CL/AWS_CLK_GEN/CLK_GRP_A_EN_I.CLK_MMCM_A_I/inst/CLK_CORE_DRP_I/clk_inst/mmcme4_adv_inst/CLKOUT0
                         net (fo=1, routed)           0.215    70.931    reconfigurable                      WRAPPER/CL/AWS_CLK_GEN/CLK_GRP_A_EN_I.CLK_MMCM_A_I/inst/CLK_CORE_DRP_I/clk_inst/clk_out1_clk_mmcm_a
    BUFGCE_X0Y73.I                                                    r  reconfigurable pblock_CL            WRAPPER/CL/AWS_CLK_GEN/CLK_GRP_A_EN_I.CLK_MMCM_A_I/inst/CLK_CORE_DRP_I/clk_inst/clkout1_buf/I
    BUFGCE_X0Y73.O       BUFGCE (Prop_BUFCE_BUFGCE_I_O)
                                                      0.024    70.955 r  reconfigurable pblock_CL            WRAPPER/CL/AWS_CLK_GEN/CLK_GRP_A_EN_I.CLK_MMCM_A_I/inst/CLK_CORE_DRP_I/clk_inst/clkout1_buf/O
    X3Y6 (CLOCK_ROOT)    net (fo=189343, routed)      2.629    73.584    reconfigurable                      WRAPPER/CL/u_tile/g_kvq_gqa.u_kvq/g_eng[1].u_eng/u_vpath/o_clk_extra_a1
    SLR Crossing[0->1]   
    SLICE_X72Y263.CLK    FDCE                                         r  reconfigurable pblock_CL            WRAPPER/CL/u_tile/g_kvq_gqa.u_kvq/g_eng[1].u_eng/u_vpath/pay_r_reg[564]/C
                         clock pessimism             -0.695    72.889                                            
                         clock uncertainty           -0.095    72.794                                            
    SLICE_X72Y263        FDCE (Recov_BFF_SLICEM_C_CLR)
                                                     -0.066    72.728    reconfigurable   pblock_CL              WRAPPER/CL/u_tile/g_kvq_gqa.u_kvq/g_eng[1].u_eng/u_vpath/pay_r_reg[564]
  -------------------------------------------------------------------
                         required time                         72.728                                            
                         arrival time                         -18.461                                            
  -------------------------------------------------------------------
                         slack                                 54.267                                            

Slack (MET) :             54.267ns  (required time - arrival time)
  Source:                 <hidden>/<hidden>/<hidden>
                            (rising edge-triggered cell FDRE clocked by clk_out1_clk_mmcm_a  {rise@0.000ns fall@32.000ns period=64.000ns})
  Destination:            WRAPPER/CL/u_tile/g_kvq_gqa.u_kvq/g_eng[2].u_eng/sram_wr_data_reg[1009]/CLR
                            (recovery check against rising-edge clock clk_out1_clk_mmcm_a  {rise@0.000ns fall@32.000ns period=64.000ns})
  Path Group:             **async_default**
  Path Type:              Recovery (Max at Slow Process Corner)
  Requirement:            64.000ns  (clk_out1_clk_mmcm_a rise@64.000ns - clk_out1_clk_mmcm_a rise@0.000ns)
  Data Path Delay:        9.263ns  (logic 0.241ns (2.602%)  route 9.022ns (97.398%))
  Logic Levels:           2  (BUFGCE=1 LUT2=1)
  Clock Path Skew:        -0.308ns (DCD - SCD + CPR)
    Destination Clock Delay (DCD):    9.606ns = ( 73.606 - 64.000 ) 
    Source Clock Delay      (SCD):    9.220ns
    Clock Pessimism Removal (CPR):    -0.695ns
  Clock Uncertainty:      0.095ns  ((TSJ^2 + DJ^2)^1/2) / 2 + PE
    Total System Jitter     (TSJ):    0.071ns
    Discrete Jitter          (DJ):    0.176ns
    Phase Error              (PE):    0.000ns
  Clock Net Delay (Source):      3.077ns (routing 1.226ns, distribution 1.851ns)
  Clock Net Delay (Destination): 2.651ns (routing 1.112ns, distribution 1.539ns)

    Location             Delay type                Incr(ns)  Path(ns)    Partition      PBlock               Netlist Resource(s)
  -------------------------------------------------------------------    -------------------------------------------------------
                         (clock clk_out1_clk_mmcm_a rise edge)
                                                      0.000     0.000 r                                      
    BJ4                                               0.000     0.000 r  static                              <hidden>
                         net (fo=0)                   0.100     0.100    static                              <hidden>/<hidden>/<hidden>/<hidden>
    HPIOBDIFFINBUF_X0Y130.DIFF_IN_P
                                                                      r  static                              <hidden>/<hidden>/<hidden>/<hidden>
    HPIOBDIFFINBUF_X0Y130.O
                         DIFFINBUF (Prop_DIFFINBUF_HPIOBDIFFINBUF_DIFF_IN_P_O)
                                                      0.863     0.963 r  static                              <hidden>/<hidden>/<hidden>/<hidden>
                         net (fo=1, routed)           0.050     1.013    static                              <hidden>/<hidden>/<hidden>/<hidden>
    BJ4.I                                                             r  static                              <hidden>/<hidden>/<hidden>/<hidden>
    BJ4.O                IBUFCTRL (Prop_IBUFCTRL_HPIOB_M_I_O)
                                                      0.000     1.013 r  static                              <hidden>/<hidden>/<hidden>/<hidden>
                         net (fo=1, routed)           0.348     1.361    static                              <hidden>/<hidden>/<hidden>
    BUFGCE_X0Y122.I                                                   r  static                              <hidden>/<hidden>/<hidden>
    BUFGCE_X0Y122.O      BUFGCE (Prop_BUFCE_BUFGCE_I_O)
                                                      0.028     1.389 r  static                              <hidden>/<hidden>/<hidden>
                         net (fo=3, routed)           1.811     3.200    static                              <hidden>/<hidden>/<hidden>/<hidden>/<hidden>
    SLR Crossing[1->0]   
    MMCM_X0Y2.CLKIN1                                                  r  static                              <hidden>/<hidden>/<hidden>/<hidden>/<hidden>
    MMCM_X0Y2.CLKOUT0    MMCME4_ADV (Prop_MMCM_CLKIN1_CLKOUT0)
                                                     -0.127     3.073 r  static                              <hidden>/<hidden>/<hidden>/<hidden>/<hidden>
                         net (fo=2, routed)           0.245     3.318    static                              <hidden>/<hidden>/<hidden>
    BUFGCE_X0Y70.I                                                    r  static                              <hidden>/<hidden>/<hidden>
    BUFGCE_X0Y70.O       BUFGCE (Prop_BUFCE_BUFGCE_I_O)
                                                      0.028     3.346 r  static                              <hidden>/<hidden>/<hidden>
                         net (fo=2363, routed)        2.651     5.997    boundary                            WRAPPER/CL/AWS_CLK_GEN/CLK_GRP_A_EN_I.CLK_MMCM_A_I/inst/CLK_CORE_DRP_I/clk_inst/s_axi_aclk
    MMCM_X0Y3.CLKIN1                                                  r  reconfigurable pblock_CL            WRAPPER/CL/AWS_CLK_GEN/CLK_GRP_A_EN_I.CLK_MMCM_A_I/inst/CLK_CORE_DRP_I/clk_inst/mmcme4_adv_inst/CLKIN1
    MMCM_X0Y3.CLKOUT0    MMCME4_ADV (Prop_MMCM_CLKIN1_CLKOUT0)
                                                     -0.127     5.870 r  reconfigurable pblock_CL            WRAPPER/CL/AWS_CLK_GEN/CLK_GRP_A_EN_I.CLK_MMCM_A_I/inst/CLK_CORE_DRP_I/clk_inst/mmcme4_adv_inst/CLKOUT0
                         net (fo=1, routed)           0.245     6.115    reconfigurable                      WRAPPER/CL/AWS_CLK_GEN/CLK_GRP_A_EN_I.CLK_MMCM_A_I/inst/CLK_CORE_DRP_I/clk_inst/clk_out1_clk_mmcm_a
    BUFGCE_X0Y73.I                                                    r  reconfigurable pblock_CL            WRAPPER/CL/AWS_CLK_GEN/CLK_GRP_A_EN_I.CLK_MMCM_A_I/inst/CLK_CORE_DRP_I/clk_inst/clkout1_buf/I
    BUFGCE_X0Y73.O       BUFGCE (Prop_BUFCE_BUFGCE_I_O)
                                                      0.028     6.143 r  reconfigurable pblock_CL            WRAPPER/CL/AWS_CLK_GEN/CLK_GRP_A_EN_I.CLK_MMCM_A_I/inst/CLK_CORE_DRP_I/clk_inst/clkout1_buf/O
    X3Y6 (CLOCK_ROOT)    net (fo=189343, routed)      3.077     9.220    reconfigurable                      <hidden>/<hidden>/<hidden>
    SLR Crossing[0->1]   
    SLICE_X175Y391.CLK   FDRE                                         r  reconfigurable pblock_CL            <hidden>/<hidden>/<hidden>
  -------------------------------------------------------------------    -------------------------------------------------------
    SLICE_X175Y391.Q     FDRE (Prop_DFF2_SLICEM_C_Q)
                                                      0.080     9.300 r  reconfigurable pblock_CL            <hidden>/<hidden>/<hidden>
                         net (fo=312, routed)         4.322    13.622    reconfigurable                      WRAPPER/CL/u_tile/u_rms/rst_tile_n
    SLR Crossing[1->0]   
    SLICE_X110Y234.A2                                                 r  reconfigurable pblock_CL            WRAPPER/CL/u_tile/u_rms/tier_rdata_q[0]_i_1_lopt_replica/I0
    SLICE_X110Y234.O5    LUT2 (Prop_D5LUT_SLICEL_I0_O)
                                                      0.133    13.755 r  reconfigurable pblock_CL            WRAPPER/CL/u_tile/u_rms/tier_rdata_q[0]_i_1_lopt_replica/O
                         net (fo=1, routed)           2.561    16.316    reconfigurable                      WRAPPER/CL/u_tile/u_rms/O_replN
    SLR Crossing[0->1]   
    BUFGCE_X0Y167.I                                                   r  reconfigurable pblock_CL            WRAPPER/CL/u_tile/u_rms/rst_tile_n_reg_BUFG_inst/I
    BUFGCE_X0Y167.O      BUFGCE (Prop_BUFCE_BUFGCE_I_O)
                                                      0.028    16.344 r  reconfigurable pblock_CL            WRAPPER/CL/u_tile/u_rms/rst_tile_n_reg_BUFG_inst/O
                         net (fo=57884, routed)       2.139    18.483    reconfigurable                      WRAPPER/CL/u_tile/g_kvq_gqa.u_kvq/g_eng[2].u_eng/q_r_reg[12]
    SLICE_X61Y297.SR     FDCE                                         f  reconfigurable pblock_CL            WRAPPER/CL/u_tile/g_kvq_gqa.u_kvq/g_eng[2].u_eng/sram_wr_data_reg[1009]/CLR  (IS_INVERTED)
  -------------------------------------------------------------------    -------------------------------------------------------

                         (clock clk_out1_clk_mmcm_a rise edge)
                                                     64.000    64.000 r                                      
    BJ4                                               0.000    64.000 r  static                              <hidden>
                         net (fo=0)                   0.079    64.079    static                              <hidden>/<hidden>/<hidden>/<hidden>
    HPIOBDIFFINBUF_X0Y130.DIFF_IN_P
                                                                      r  static                              <hidden>/<hidden>/<hidden>/<hidden>
    HPIOBDIFFINBUF_X0Y130.O
                         DIFFINBUF (Prop_DIFFINBUF_HPIOBDIFFINBUF_DIFF_IN_P_O)
                                                      0.750    64.829 r  static                              <hidden>/<hidden>/<hidden>/<hidden>
                         net (fo=1, routed)           0.040    64.869    static                              <hidden>/<hidden>/<hidden>/<hidden>
    BJ4.I                                                             r  static                              <hidden>/<hidden>/<hidden>/<hidden>
    BJ4.O                IBUFCTRL (Prop_IBUFCTRL_HPIOB_M_I_O)
                                                      0.000    64.869 r  static                              <hidden>/<hidden>/<hidden>/<hidden>
                         net (fo=1, routed)           0.309    65.178    static                              <hidden>/<hidden>/<hidden>
    BUFGCE_X0Y122.I                                                   r  static                              <hidden>/<hidden>/<hidden>
    BUFGCE_X0Y122.O      BUFGCE (Prop_BUFCE_BUFGCE_I_O)
                                                      0.024    65.202 r  static                              <hidden>/<hidden>/<hidden>
                         net (fo=3, routed)           1.624    66.826    static                              <hidden>/<hidden>/<hidden>/<hidden>/<hidden>
    SLR Crossing[1->0]   
    MMCM_X0Y2.CLKIN1                                                  r  static                              <hidden>/<hidden>/<hidden>/<hidden>/<hidden>
    MMCM_X0Y2.CLKOUT0    MMCME4_ADV (Prop_MMCM_CLKIN1_CLKOUT0)
                                                      0.630    67.456 r  static                              <hidden>/<hidden>/<hidden>/<hidden>/<hidden>
                         net (fo=2, routed)           0.215    67.671    static                              <hidden>/<hidden>/<hidden>
    BUFGCE_X0Y70.I                                                    r  static                              <hidden>/<hidden>/<hidden>
    BUFGCE_X0Y70.O       BUFGCE (Prop_BUFCE_BUFGCE_I_O)
                                                      0.024    67.695 r  static                              <hidden>/<hidden>/<hidden>
                         net (fo=2363, routed)        2.391    70.086    boundary                            WRAPPER/CL/AWS_CLK_GEN/CLK_GRP_A_EN_I.CLK_MMCM_A_I/inst/CLK_CORE_DRP_I/clk_inst/s_axi_aclk
    MMCM_X0Y3.CLKIN1                                                  r  reconfigurable pblock_CL            WRAPPER/CL/AWS_CLK_GEN/CLK_GRP_A_EN_I.CLK_MMCM_A_I/inst/CLK_CORE_DRP_I/clk_inst/mmcme4_adv_inst/CLKIN1
    MMCM_X0Y3.CLKOUT0    MMCME4_ADV (Prop_MMCM_CLKIN1_CLKOUT0)
                                                      0.630    70.716 r  reconfigurable pblock_CL            WRAPPER/CL/AWS_CLK_GEN/CLK_GRP_A_EN_I.CLK_MMCM_A_I/inst/CLK_CORE_DRP_I/clk_inst/mmcme4_adv_inst/CLKOUT0
                         net (fo=1, routed)           0.215    70.931    reconfigurable                      WRAPPER/CL/AWS_CLK_GEN/CLK_GRP_A_EN_I.CLK_MMCM_A_I/inst/CLK_CORE_DRP_I/clk_inst/clk_out1_clk_mmcm_a
    BUFGCE_X0Y73.I                                                    r  reconfigurable pblock_CL            WRAPPER/CL/AWS_CLK_GEN/CLK_GRP_A_EN_I.CLK_MMCM_A_I/inst/CLK_CORE_DRP_I/clk_inst/clkout1_buf/I
    BUFGCE_X0Y73.O       BUFGCE (Prop_BUFCE_BUFGCE_I_O)
                                                      0.024    70.955 r  reconfigurable pblock_CL            WRAPPER/CL/AWS_CLK_GEN/CLK_GRP_A_EN_I.CLK_MMCM_A_I/inst/CLK_CORE_DRP_I/clk_inst/clkout1_buf/O
    X3Y6 (CLOCK_ROOT)    net (fo=189343, routed)      2.651    73.606    reconfigurable                      WRAPPER/CL/u_tile/g_kvq_gqa.u_kvq/g_eng[2].u_eng/o_clk_extra_a1
    SLR Crossing[0->1]   
    SLICE_X61Y297.CLK    FDCE                                         r  reconfigurable pblock_CL            WRAPPER/CL/u_tile/g_kvq_gqa.u_kvq/g_eng[2].u_eng/sram_wr_data_reg[1009]/C
                         clock pessimism             -0.695    72.911                                            
                         clock uncertainty           -0.095    72.816                                            
    SLICE_X61Y297        FDCE (Recov_AFF_SLICEM_C_CLR)
                                                     -0.066    72.750    reconfigurable   pblock_CL              WRAPPER/CL/u_tile/g_kvq_gqa.u_kvq/g_eng[2].u_eng/sram_wr_data_reg[1009]
  -------------------------------------------------------------------
                         required time                         72.750                                            
                         arrival time                         -18.483                                            
  -------------------------------------------------------------------
                         slack                                 54.267                                            

Slack (MET) :             54.267ns  (required time - arrival time)
  Source:                 <hidden>/<hidden>/<hidden>
                            (rising edge-triggered cell FDRE clocked by clk_out1_clk_mmcm_a  {rise@0.000ns fall@32.000ns period=64.000ns})
  Destination:            WRAPPER/CL/u_tile/g_kvq_gqa.u_kvq/g_eng[2].u_eng/sram_wr_data_reg[1013]/CLR
                            (recovery check against rising-edge clock clk_out1_clk_mmcm_a  {rise@0.000ns fall@32.000ns period=64.000ns})
  Path Group:             **async_default**
  Path Type:              Recovery (Max at Slow Process Corner)
  Requirement:            64.000ns  (clk_out1_clk_mmcm_a rise@64.000ns - clk_out1_clk_mmcm_a rise@0.000ns)
  Data Path Delay:        9.263ns  (logic 0.241ns (2.602%)  route 9.022ns (97.398%))
  Logic Levels:           2  (BUFGCE=1 LUT2=1)
  Clock Path Skew:        -0.308ns (DCD - SCD + CPR)
    Destination Clock Delay (DCD):    9.606ns = ( 73.606 - 64.000 ) 
    Source Clock Delay      (SCD):    9.220ns
    Clock Pessimism Removal (CPR):    -0.695ns
  Clock Uncertainty:      0.095ns  ((TSJ^2 + DJ^2)^1/2) / 2 + PE
    Total System Jitter     (TSJ):    0.071ns
    Discrete Jitter          (DJ):    0.176ns
    Phase Error              (PE):    0.000ns
  Clock Net Delay (Source):      3.077ns (routing 1.226ns, distribution 1.851ns)
  Clock Net Delay (Destination): 2.651ns (routing 1.112ns, distribution 1.539ns)

    Location             Delay type                Incr(ns)  Path(ns)    Partition      PBlock               Netlist Resource(s)
  -------------------------------------------------------------------    -------------------------------------------------------
                         (clock clk_out1_clk_mmcm_a rise edge)
                                                      0.000     0.000 r                                      
    BJ4                                               0.000     0.000 r  static                              <hidden>
                         net (fo=0)                   0.100     0.100    static                              <hidden>/<hidden>/<hidden>/<hidden>
    HPIOBDIFFINBUF_X0Y130.DIFF_IN_P
                                                                      r  static                              <hidden>/<hidden>/<hidden>/<hidden>
    HPIOBDIFFINBUF_X0Y130.O
                         DIFFINBUF (Prop_DIFFINBUF_HPIOBDIFFINBUF_DIFF_IN_P_O)
                                                      0.863     0.963 r  static                              <hidden>/<hidden>/<hidden>/<hidden>
                         net (fo=1, routed)           0.050     1.013    static                              <hidden>/<hidden>/<hidden>/<hidden>
    BJ4.I                                                             r  static                              <hidden>/<hidden>/<hidden>/<hidden>
    BJ4.O                IBUFCTRL (Prop_IBUFCTRL_HPIOB_M_I_O)
                                                      0.000     1.013 r  static                              <hidden>/<hidden>/<hidden>/<hidden>
                         net (fo=1, routed)           0.348     1.361    static                              <hidden>/<hidden>/<hidden>
    BUFGCE_X0Y122.I                                                   r  static                              <hidden>/<hidden>/<hidden>
    BUFGCE_X0Y122.O      BUFGCE (Prop_BUFCE_BUFGCE_I_O)
                                                      0.028     1.389 r  static                              <hidden>/<hidden>/<hidden>
                         net (fo=3, routed)           1.811     3.200    static                              <hidden>/<hidden>/<hidden>/<hidden>/<hidden>
    SLR Crossing[1->0]   
    MMCM_X0Y2.CLKIN1                                                  r  static                              <hidden>/<hidden>/<hidden>/<hidden>/<hidden>
    MMCM_X0Y2.CLKOUT0    MMCME4_ADV (Prop_MMCM_CLKIN1_CLKOUT0)
                                                     -0.127     3.073 r  static                              <hidden>/<hidden>/<hidden>/<hidden>/<hidden>
                         net (fo=2, routed)           0.245     3.318    static                              <hidden>/<hidden>/<hidden>
    BUFGCE_X0Y70.I                                                    r  static                              <hidden>/<hidden>/<hidden>
    BUFGCE_X0Y70.O       BUFGCE (Prop_BUFCE_BUFGCE_I_O)
                                                      0.028     3.346 r  static                              <hidden>/<hidden>/<hidden>
                         net (fo=2363, routed)        2.651     5.997    boundary                            WRAPPER/CL/AWS_CLK_GEN/CLK_GRP_A_EN_I.CLK_MMCM_A_I/inst/CLK_CORE_DRP_I/clk_inst/s_axi_aclk
    MMCM_X0Y3.CLKIN1                                                  r  reconfigurable pblock_CL            WRAPPER/CL/AWS_CLK_GEN/CLK_GRP_A_EN_I.CLK_MMCM_A_I/inst/CLK_CORE_DRP_I/clk_inst/mmcme4_adv_inst/CLKIN1
    MMCM_X0Y3.CLKOUT0    MMCME4_ADV (Prop_MMCM_CLKIN1_CLKOUT0)
                                                     -0.127     5.870 r  reconfigurable pblock_CL            WRAPPER/CL/AWS_CLK_GEN/CLK_GRP_A_EN_I.CLK_MMCM_A_I/inst/CLK_CORE_DRP_I/clk_inst/mmcme4_adv_inst/CLKOUT0
                         net (fo=1, routed)           0.245     6.115    reconfigurable                      WRAPPER/CL/AWS_CLK_GEN/CLK_GRP_A_EN_I.CLK_MMCM_A_I/inst/CLK_CORE_DRP_I/clk_inst/clk_out1_clk_mmcm_a
    BUFGCE_X0Y73.I                                                    r  reconfigurable pblock_CL            WRAPPER/CL/AWS_CLK_GEN/CLK_GRP_A_EN_I.CLK_MMCM_A_I/inst/CLK_CORE_DRP_I/clk_inst/clkout1_buf/I
    BUFGCE_X0Y73.O       BUFGCE (Prop_BUFCE_BUFGCE_I_O)
                                                      0.028     6.143 r  reconfigurable pblock_CL            WRAPPER/CL/AWS_CLK_GEN/CLK_GRP_A_EN_I.CLK_MMCM_A_I/inst/CLK_CORE_DRP_I/clk_inst/clkout1_buf/O
    X3Y6 (CLOCK_ROOT)    net (fo=189343, routed)      3.077     9.220    reconfigurable                      <hidden>/<hidden>/<hidden>
    SLR Crossing[0->1]   
    SLICE_X175Y391.CLK   FDRE                                         r  reconfigurable pblock_CL            <hidden>/<hidden>/<hidden>
  -------------------------------------------------------------------    -------------------------------------------------------
    SLICE_X175Y391.Q     FDRE (Prop_DFF2_SLICEM_C_Q)
                                                      0.080     9.300 r  reconfigurable pblock_CL            <hidden>/<hidden>/<hidden>
                         net (fo=312, routed)         4.322    13.622    reconfigurable                      WRAPPER/CL/u_tile/u_rms/rst_tile_n
    SLR Crossing[1->0]   
    SLICE_X110Y234.A2                                                 r  reconfigurable pblock_CL            WRAPPER/CL/u_tile/u_rms/tier_rdata_q[0]_i_1_lopt_replica/I0
    SLICE_X110Y234.O5    LUT2 (Prop_D5LUT_SLICEL_I0_O)
                                                      0.133    13.755 r  reconfigurable pblock_CL            WRAPPER/CL/u_tile/u_rms/tier_rdata_q[0]_i_1_lopt_replica/O
                         net (fo=1, routed)           2.561    16.316    reconfigurable                      WRAPPER/CL/u_tile/u_rms/O_replN
    SLR Crossing[0->1]   
    BUFGCE_X0Y167.I                                                   r  reconfigurable pblock_CL            WRAPPER/CL/u_tile/u_rms/rst_tile_n_reg_BUFG_inst/I
    BUFGCE_X0Y167.O      BUFGCE (Prop_BUFCE_BUFGCE_I_O)
                                                      0.028    16.344 r  reconfigurable pblock_CL            WRAPPER/CL/u_tile/u_rms/rst_tile_n_reg_BUFG_inst/O
                         net (fo=57884, routed)       2.139    18.483    reconfigurable                      WRAPPER/CL/u_tile/g_kvq_gqa.u_kvq/g_eng[2].u_eng/q_r_reg[12]
    SLICE_X61Y297.SR     FDCE                                         f  reconfigurable pblock_CL            WRAPPER/CL/u_tile/g_kvq_gqa.u_kvq/g_eng[2].u_eng/sram_wr_data_reg[1013]/CLR  (IS_INVERTED)
  -------------------------------------------------------------------    -------------------------------------------------------

                         (clock clk_out1_clk_mmcm_a rise edge)
                                                     64.000    64.000 r                                      
    BJ4                                               0.000    64.000 r  static                              <hidden>
                         net (fo=0)                   0.079    64.079    static                              <hidden>/<hidden>/<hidden>/<hidden>
    HPIOBDIFFINBUF_X0Y130.DIFF_IN_P
                                                                      r  static                              <hidden>/<hidden>/<hidden>/<hidden>
    HPIOBDIFFINBUF_X0Y130.O
                         DIFFINBUF (Prop_DIFFINBUF_HPIOBDIFFINBUF_DIFF_IN_P_O)
                                                      0.750    64.829 r  static                              <hidden>/<hidden>/<hidden>/<hidden>
                         net (fo=1, routed)           0.040    64.869    static                              <hidden>/<hidden>/<hidden>/<hidden>
    BJ4.I                                                             r  static                              <hidden>/<hidden>/<hidden>/<hidden>
    BJ4.O                IBUFCTRL (Prop_IBUFCTRL_HPIOB_M_I_O)
                                                      0.000    64.869 r  static                              <hidden>/<hidden>/<hidden>/<hidden>
                         net (fo=1, routed)           0.309    65.178    static                              <hidden>/<hidden>/<hidden>
    BUFGCE_X0Y122.I                                                   r  static                              <hidden>/<hidden>/<hidden>
    BUFGCE_X0Y122.O      BUFGCE (Prop_BUFCE_BUFGCE_I_O)
                                                      0.024    65.202 r  static                              <hidden>/<hidden>/<hidden>
                         net (fo=3, routed)           1.624    66.826    static                              <hidden>/<hidden>/<hidden>/<hidden>/<hidden>
    SLR Crossing[1->0]   
    MMCM_X0Y2.CLKIN1                                                  r  static                              <hidden>/<hidden>/<hidden>/<hidden>/<hidden>
    MMCM_X0Y2.CLKOUT0    MMCME4_ADV (Prop_MMCM_CLKIN1_CLKOUT0)
                                                      0.630    67.456 r  static                              <hidden>/<hidden>/<hidden>/<hidden>/<hidden>
                         net (fo=2, routed)           0.215    67.671    static                              <hidden>/<hidden>/<hidden>
    BUFGCE_X0Y70.I                                                    r  static                              <hidden>/<hidden>/<hidden>
    BUFGCE_X0Y70.O       BUFGCE (Prop_BUFCE_BUFGCE_I_O)
                                                      0.024    67.695 r  static                              <hidden>/<hidden>/<hidden>
                         net (fo=2363, routed)        2.391    70.086    boundary                            WRAPPER/CL/AWS_CLK_GEN/CLK_GRP_A_EN_I.CLK_MMCM_A_I/inst/CLK_CORE_DRP_I/clk_inst/s_axi_aclk
    MMCM_X0Y3.CLKIN1                                                  r  reconfigurable pblock_CL            WRAPPER/CL/AWS_CLK_GEN/CLK_GRP_A_EN_I.CLK_MMCM_A_I/inst/CLK_CORE_DRP_I/clk_inst/mmcme4_adv_inst/CLKIN1
    MMCM_X0Y3.CLKOUT0    MMCME4_ADV (Prop_MMCM_CLKIN1_CLKOUT0)
                                                      0.630    70.716 r  reconfigurable pblock_CL            WRAPPER/CL/AWS_CLK_GEN/CLK_GRP_A_EN_I.CLK_MMCM_A_I/inst/CLK_CORE_DRP_I/clk_inst/mmcme4_adv_inst/CLKOUT0
                         net (fo=1, routed)           0.215    70.931    reconfigurable                      WRAPPER/CL/AWS_CLK_GEN/CLK_GRP_A_EN_I.CLK_MMCM_A_I/inst/CLK_CORE_DRP_I/clk_inst/clk_out1_clk_mmcm_a
    BUFGCE_X0Y73.I                                                    r  reconfigurable pblock_CL            WRAPPER/CL/AWS_CLK_GEN/CLK_GRP_A_EN_I.CLK_MMCM_A_I/inst/CLK_CORE_DRP_I/clk_inst/clkout1_buf/I
    BUFGCE_X0Y73.O       BUFGCE (Prop_BUFCE_BUFGCE_I_O)
                                                      0.024    70.955 r  reconfigurable pblock_CL            WRAPPER/CL/AWS_CLK_GEN/CLK_GRP_A_EN_I.CLK_MMCM_A_I/inst/CLK_CORE_DRP_I/clk_inst/clkout1_buf/O
    X3Y6 (CLOCK_ROOT)    net (fo=189343, routed)      2.651    73.606    reconfigurable                      WRAPPER/CL/u_tile/g_kvq_gqa.u_kvq/g_eng[2].u_eng/o_clk_extra_a1
    SLR Crossing[0->1]   
    SLICE_X61Y297.CLK    FDCE                                         r  reconfigurable pblock_CL            WRAPPER/CL/u_tile/g_kvq_gqa.u_kvq/g_eng[2].u_eng/sram_wr_data_reg[1013]/C
                         clock pessimism             -0.695    72.911                                            
                         clock uncertainty           -0.095    72.816                                            
    SLICE_X61Y297        FDCE (Recov_AFF2_SLICEM_C_CLR)
                                                     -0.066    72.750    reconfigurable   pblock_CL              WRAPPER/CL/u_tile/g_kvq_gqa.u_kvq/g_eng[2].u_eng/sram_wr_data_reg[1013]
  -------------------------------------------------------------------
                         required time                         72.750                                            
                         arrival time                         -18.483                                            
  -------------------------------------------------------------------
                         slack                                 54.267                                            

Slack (MET) :             54.267ns  (required time - arrival time)
  Source:                 <hidden>/<hidden>/<hidden>
                            (rising edge-triggered cell FDRE clocked by clk_out1_clk_mmcm_a  {rise@0.000ns fall@32.000ns period=64.000ns})
  Destination:            WRAPPER/CL/u_tile/g_kvq_gqa.u_kvq/g_eng[2].u_eng/sram_wr_data_reg[1033]/CLR
                            (recovery check against rising-edge clock clk_out1_clk_mmcm_a  {rise@0.000ns fall@32.000ns period=64.000ns})
  Path Group:             **async_default**
  Path Type:              Recovery (Max at Slow Process Corner)
  Requirement:            64.000ns  (clk_out1_clk_mmcm_a rise@64.000ns - clk_out1_clk_mmcm_a rise@0.000ns)
  Data Path Delay:        9.263ns  (logic 0.241ns (2.602%)  route 9.022ns (97.398%))
  Logic Levels:           2  (BUFGCE=1 LUT2=1)
  Clock Path Skew:        -0.308ns (DCD - SCD + CPR)
    Destination Clock Delay (DCD):    9.606ns = ( 73.606 - 64.000 ) 
    Source Clock Delay      (SCD):    9.220ns
    Clock Pessimism Removal (CPR):    -0.695ns
  Clock Uncertainty:      0.095ns  ((TSJ^2 + DJ^2)^1/2) / 2 + PE
    Total System Jitter     (TSJ):    0.071ns
    Discrete Jitter          (DJ):    0.176ns
    Phase Error              (PE):    0.000ns
  Clock Net Delay (Source):      3.077ns (routing 1.226ns, distribution 1.851ns)
  Clock Net Delay (Destination): 2.651ns (routing 1.112ns, distribution 1.539ns)

    Location             Delay type                Incr(ns)  Path(ns)    Partition      PBlock               Netlist Resource(s)
  -------------------------------------------------------------------    -------------------------------------------------------
                         (clock clk_out1_clk_mmcm_a rise edge)
                                                      0.000     0.000 r                                      
    BJ4                                               0.000     0.000 r  static                              <hidden>
                         net (fo=0)                   0.100     0.100    static                              <hidden>/<hidden>/<hidden>/<hidden>
    HPIOBDIFFINBUF_X0Y130.DIFF_IN_P
                                                                      r  static                              <hidden>/<hidden>/<hidden>/<hidden>
    HPIOBDIFFINBUF_X0Y130.O
                         DIFFINBUF (Prop_DIFFINBUF_HPIOBDIFFINBUF_DIFF_IN_P_O)
                                                      0.863     0.963 r  static                              <hidden>/<hidden>/<hidden>/<hidden>
                         net (fo=1, routed)           0.050     1.013    static                              <hidden>/<hidden>/<hidden>/<hidden>
    BJ4.I                                                             r  static                              <hidden>/<hidden>/<hidden>/<hidden>
    BJ4.O                IBUFCTRL (Prop_IBUFCTRL_HPIOB_M_I_O)
                                                      0.000     1.013 r  static                              <hidden>/<hidden>/<hidden>/<hidden>
                         net (fo=1, routed)           0.348     1.361    static                              <hidden>/<hidden>/<hidden>
    BUFGCE_X0Y122.I                                                   r  static                              <hidden>/<hidden>/<hidden>
    BUFGCE_X0Y122.O      BUFGCE (Prop_BUFCE_BUFGCE_I_O)
                                                      0.028     1.389 r  static                              <hidden>/<hidden>/<hidden>
                         net (fo=3, routed)           1.811     3.200    static                              <hidden>/<hidden>/<hidden>/<hidden>/<hidden>
    SLR Crossing[1->0]   
    MMCM_X0Y2.CLKIN1                                                  r  static                              <hidden>/<hidden>/<hidden>/<hidden>/<hidden>
    MMCM_X0Y2.CLKOUT0    MMCME4_ADV (Prop_MMCM_CLKIN1_CLKOUT0)
                                                     -0.127     3.073 r  static                              <hidden>/<hidden>/<hidden>/<hidden>/<hidden>
                         net (fo=2, routed)           0.245     3.318    static                              <hidden>/<hidden>/<hidden>
    BUFGCE_X0Y70.I                                                    r  static                              <hidden>/<hidden>/<hidden>
    BUFGCE_X0Y70.O       BUFGCE (Prop_BUFCE_BUFGCE_I_O)
                                                      0.028     3.346 r  static                              <hidden>/<hidden>/<hidden>
                         net (fo=2363, routed)        2.651     5.997    boundary                            WRAPPER/CL/AWS_CLK_GEN/CLK_GRP_A_EN_I.CLK_MMCM_A_I/inst/CLK_CORE_DRP_I/clk_inst/s_axi_aclk
    MMCM_X0Y3.CLKIN1                                                  r  reconfigurable pblock_CL            WRAPPER/CL/AWS_CLK_GEN/CLK_GRP_A_EN_I.CLK_MMCM_A_I/inst/CLK_CORE_DRP_I/clk_inst/mmcme4_adv_inst/CLKIN1
    MMCM_X0Y3.CLKOUT0    MMCME4_ADV (Prop_MMCM_CLKIN1_CLKOUT0)
                                                     -0.127     5.870 r  reconfigurable pblock_CL            WRAPPER/CL/AWS_CLK_GEN/CLK_GRP_A_EN_I.CLK_MMCM_A_I/inst/CLK_CORE_DRP_I/clk_inst/mmcme4_adv_inst/CLKOUT0
                         net (fo=1, routed)           0.245     6.115    reconfigurable                      WRAPPER/CL/AWS_CLK_GEN/CLK_GRP_A_EN_I.CLK_MMCM_A_I/inst/CLK_CORE_DRP_I/clk_inst/clk_out1_clk_mmcm_a
    BUFGCE_X0Y73.I                                                    r  reconfigurable pblock_CL            WRAPPER/CL/AWS_CLK_GEN/CLK_GRP_A_EN_I.CLK_MMCM_A_I/inst/CLK_CORE_DRP_I/clk_inst/clkout1_buf/I
    BUFGCE_X0Y73.O       BUFGCE (Prop_BUFCE_BUFGCE_I_O)
                                                      0.028     6.143 r  reconfigurable pblock_CL            WRAPPER/CL/AWS_CLK_GEN/CLK_GRP_A_EN_I.CLK_MMCM_A_I/inst/CLK_CORE_DRP_I/clk_inst/clkout1_buf/O
    X3Y6 (CLOCK_ROOT)    net (fo=189343, routed)      3.077     9.220    reconfigurable                      <hidden>/<hidden>/<hidden>
    SLR Crossing[0->1]   
    SLICE_X175Y391.CLK   FDRE                                         r  reconfigurable pblock_CL            <hidden>/<hidden>/<hidden>
  -------------------------------------------------------------------    -------------------------------------------------------
    SLICE_X175Y391.Q     FDRE (Prop_DFF2_SLICEM_C_Q)
                                                      0.080     9.300 r  reconfigurable pblock_CL            <hidden>/<hidden>/<hidden>
                         net (fo=312, routed)         4.322    13.622    reconfigurable                      WRAPPER/CL/u_tile/u_rms/rst_tile_n
    SLR Crossing[1->0]   
    SLICE_X110Y234.A2                                                 r  reconfigurable pblock_CL            WRAPPER/CL/u_tile/u_rms/tier_rdata_q[0]_i_1_lopt_replica/I0
    SLICE_X110Y234.O5    LUT2 (Prop_D5LUT_SLICEL_I0_O)
                                                      0.133    13.755 r  reconfigurable pblock_CL            WRAPPER/CL/u_tile/u_rms/tier_rdata_q[0]_i_1_lopt_replica/O
                         net (fo=1, routed)           2.561    16.316    reconfigurable                      WRAPPER/CL/u_tile/u_rms/O_replN
    SLR Crossing[0->1]   
    BUFGCE_X0Y167.I                                                   r  reconfigurable pblock_CL            WRAPPER/CL/u_tile/u_rms/rst_tile_n_reg_BUFG_inst/I
    BUFGCE_X0Y167.O      BUFGCE (Prop_BUFCE_BUFGCE_I_O)
                                                      0.028    16.344 r  reconfigurable pblock_CL            WRAPPER/CL/u_tile/u_rms/rst_tile_n_reg_BUFG_inst/O
                         net (fo=57884, routed)       2.139    18.483    reconfigurable                      WRAPPER/CL/u_tile/g_kvq_gqa.u_kvq/g_eng[2].u_eng/q_r_reg[12]
    SLICE_X61Y297.SR     FDCE                                         f  reconfigurable pblock_CL            WRAPPER/CL/u_tile/g_kvq_gqa.u_kvq/g_eng[2].u_eng/sram_wr_data_reg[1033]/CLR  (IS_INVERTED)
  -------------------------------------------------------------------    -------------------------------------------------------

                         (clock clk_out1_clk_mmcm_a rise edge)
                                                     64.000    64.000 r                                      
    BJ4                                               0.000    64.000 r  static                              <hidden>
                         net (fo=0)                   0.079    64.079    static                              <hidden>/<hidden>/<hidden>/<hidden>
    HPIOBDIFFINBUF_X0Y130.DIFF_IN_P
                                                                      r  static                              <hidden>/<hidden>/<hidden>/<hidden>
    HPIOBDIFFINBUF_X0Y130.O
                         DIFFINBUF (Prop_DIFFINBUF_HPIOBDIFFINBUF_DIFF_IN_P_O)
                                                      0.750    64.829 r  static                              <hidden>/<hidden>/<hidden>/<hidden>
                         net (fo=1, routed)           0.040    64.869    static                              <hidden>/<hidden>/<hidden>/<hidden>
    BJ4.I                                                             r  static                              <hidden>/<hidden>/<hidden>/<hidden>
    BJ4.O                IBUFCTRL (Prop_IBUFCTRL_HPIOB_M_I_O)
                                                      0.000    64.869 r  static                              <hidden>/<hidden>/<hidden>/<hidden>
                         net (fo=1, routed)           0.309    65.178    static                              <hidden>/<hidden>/<hidden>
    BUFGCE_X0Y122.I                                                   r  static                              <hidden>/<hidden>/<hidden>
    BUFGCE_X0Y122.O      BUFGCE (Prop_BUFCE_BUFGCE_I_O)
                                                      0.024    65.202 r  static                              <hidden>/<hidden>/<hidden>
                         net (fo=3, routed)           1.624    66.826    static                              <hidden>/<hidden>/<hidden>/<hidden>/<hidden>
    SLR Crossing[1->0]   
    MMCM_X0Y2.CLKIN1                                                  r  static                              <hidden>/<hidden>/<hidden>/<hidden>/<hidden>
    MMCM_X0Y2.CLKOUT0    MMCME4_ADV (Prop_MMCM_CLKIN1_CLKOUT0)
                                                      0.630    67.456 r  static                              <hidden>/<hidden>/<hidden>/<hidden>/<hidden>
                         net (fo=2, routed)           0.215    67.671    static                              <hidden>/<hidden>/<hidden>
    BUFGCE_X0Y70.I                                                    r  static                              <hidden>/<hidden>/<hidden>
    BUFGCE_X0Y70.O       BUFGCE (Prop_BUFCE_BUFGCE_I_O)
                                                      0.024    67.695 r  static                              <hidden>/<hidden>/<hidden>
                         net (fo=2363, routed)        2.391    70.086    boundary                            WRAPPER/CL/AWS_CLK_GEN/CLK_GRP_A_EN_I.CLK_MMCM_A_I/inst/CLK_CORE_DRP_I/clk_inst/s_axi_aclk
    MMCM_X0Y3.CLKIN1                                                  r  reconfigurable pblock_CL            WRAPPER/CL/AWS_CLK_GEN/CLK_GRP_A_EN_I.CLK_MMCM_A_I/inst/CLK_CORE_DRP_I/clk_inst/mmcme4_adv_inst/CLKIN1
    MMCM_X0Y3.CLKOUT0    MMCME4_ADV (Prop_MMCM_CLKIN1_CLKOUT0)
                                                      0.630    70.716 r  reconfigurable pblock_CL            WRAPPER/CL/AWS_CLK_GEN/CLK_GRP_A_EN_I.CLK_MMCM_A_I/inst/CLK_CORE_DRP_I/clk_inst/mmcme4_adv_inst/CLKOUT0
                         net (fo=1, routed)           0.215    70.931    reconfigurable                      WRAPPER/CL/AWS_CLK_GEN/CLK_GRP_A_EN_I.CLK_MMCM_A_I/inst/CLK_CORE_DRP_I/clk_inst/clk_out1_clk_mmcm_a
    BUFGCE_X0Y73.I                                                    r  reconfigurable pblock_CL            WRAPPER/CL/AWS_CLK_GEN/CLK_GRP_A_EN_I.CLK_MMCM_A_I/inst/CLK_CORE_DRP_I/clk_inst/clkout1_buf/I
    BUFGCE_X0Y73.O       BUFGCE (Prop_BUFCE_BUFGCE_I_O)
                                                      0.024    70.955 r  reconfigurable pblock_CL            WRAPPER/CL/AWS_CLK_GEN/CLK_GRP_A_EN_I.CLK_MMCM_A_I/inst/CLK_CORE_DRP_I/clk_inst/clkout1_buf/O
    X3Y6 (CLOCK_ROOT)    net (fo=189343, routed)      2.651    73.606    reconfigurable                      WRAPPER/CL/u_tile/g_kvq_gqa.u_kvq/g_eng[2].u_eng/o_clk_extra_a1
    SLR Crossing[0->1]   
    SLICE_X61Y297.CLK    FDCE                                         r  reconfigurable pblock_CL            WRAPPER/CL/u_tile/g_kvq_gqa.u_kvq/g_eng[2].u_eng/sram_wr_data_reg[1033]/C
                         clock pessimism             -0.695    72.911                                            
                         clock uncertainty           -0.095    72.816                                            
    SLICE_X61Y297        FDCE (Recov_BFF_SLICEM_C_CLR)
                                                     -0.066    72.750    reconfigurable   pblock_CL              WRAPPER/CL/u_tile/g_kvq_gqa.u_kvq/g_eng[2].u_eng/sram_wr_data_reg[1033]
  -------------------------------------------------------------------
                         required time                         72.750                                            
                         arrival time                         -18.483                                            
  -------------------------------------------------------------------
                         slack                                 54.267                                            

Slack (MET) :             54.267ns  (required time - arrival time)
  Source:                 <hidden>/<hidden>/<hidden>
                            (rising edge-triggered cell FDRE clocked by clk_out1_clk_mmcm_a  {rise@0.000ns fall@32.000ns period=64.000ns})
  Destination:            WRAPPER/CL/u_tile/g_kvq_gqa.u_kvq/g_eng[2].u_eng/sram_wr_data_reg[501]/CLR
                            (recovery check against rising-edge clock clk_out1_clk_mmcm_a  {rise@0.000ns fall@32.000ns period=64.000ns})
  Path Group:             **async_default**
  Path Type:              Recovery (Max at Slow Process Corner)
  Requirement:            64.000ns  (clk_out1_clk_mmcm_a rise@64.000ns - clk_out1_clk_mmcm_a rise@0.000ns)
  Data Path Delay:        9.263ns  (logic 0.241ns (2.602%)  route 9.022ns (97.398%))
  Logic Levels:           2  (BUFGCE=1 LUT2=1)
  Clock Path Skew:        -0.308ns (DCD - SCD + CPR)
    Destination Clock Delay (DCD):    9.606ns = ( 73.606 - 64.000 ) 
    Source Clock Delay      (SCD):    9.220ns
    Clock Pessimism Removal (CPR):    -0.695ns
  Clock Uncertainty:      0.095ns  ((TSJ^2 + DJ^2)^1/2) / 2 + PE
    Total System Jitter     (TSJ):    0.071ns
    Discrete Jitter          (DJ):    0.176ns
    Phase Error              (PE):    0.000ns
  Clock Net Delay (Source):      3.077ns (routing 1.226ns, distribution 1.851ns)
  Clock Net Delay (Destination): 2.651ns (routing 1.112ns, distribution 1.539ns)

    Location             Delay type                Incr(ns)  Path(ns)    Partition      PBlock               Netlist Resource(s)
  -------------------------------------------------------------------    -------------------------------------------------------
                         (clock clk_out1_clk_mmcm_a rise edge)
                                                      0.000     0.000 r                                      
    BJ4                                               0.000     0.000 r  static                              <hidden>
                         net (fo=0)                   0.100     0.100    static                              <hidden>/<hidden>/<hidden>/<hidden>
    HPIOBDIFFINBUF_X0Y130.DIFF_IN_P
                                                                      r  static                              <hidden>/<hidden>/<hidden>/<hidden>
    HPIOBDIFFINBUF_X0Y130.O
                         DIFFINBUF (Prop_DIFFINBUF_HPIOBDIFFINBUF_DIFF_IN_P_O)
                                                      0.863     0.963 r  static                              <hidden>/<hidden>/<hidden>/<hidden>
                         net (fo=1, routed)           0.050     1.013    static                              <hidden>/<hidden>/<hidden>/<hidden>
    BJ4.I                                                             r  static                              <hidden>/<hidden>/<hidden>/<hidden>
    BJ4.O                IBUFCTRL (Prop_IBUFCTRL_HPIOB_M_I_O)
                                                      0.000     1.013 r  static                              <hidden>/<hidden>/<hidden>/<hidden>
                         net (fo=1, routed)           0.348     1.361    static                              <hidden>/<hidden>/<hidden>
    BUFGCE_X0Y122.I                                                   r  static                              <hidden>/<hidden>/<hidden>
    BUFGCE_X0Y122.O      BUFGCE (Prop_BUFCE_BUFGCE_I_O)
                                                      0.028     1.389 r  static                              <hidden>/<hidden>/<hidden>
                         net (fo=3, routed)           1.811     3.200    static                              <hidden>/<hidden>/<hidden>/<hidden>/<hidden>
    SLR Crossing[1->0]   
    MMCM_X0Y2.CLKIN1                                                  r  static                              <hidden>/<hidden>/<hidden>/<hidden>/<hidden>
    MMCM_X0Y2.CLKOUT0    MMCME4_ADV (Prop_MMCM_CLKIN1_CLKOUT0)
                                                     -0.127     3.073 r  static                              <hidden>/<hidden>/<hidden>/<hidden>/<hidden>
                         net (fo=2, routed)           0.245     3.318    static                              <hidden>/<hidden>/<hidden>
    BUFGCE_X0Y70.I                                                    r  static                              <hidden>/<hidden>/<hidden>
    BUFGCE_X0Y70.O       BUFGCE (Prop_BUFCE_BUFGCE_I_O)
                                                      0.028     3.346 r  static                              <hidden>/<hidden>/<hidden>
                         net (fo=2363, routed)        2.651     5.997    boundary                            WRAPPER/CL/AWS_CLK_GEN/CLK_GRP_A_EN_I.CLK_MMCM_A_I/inst/CLK_CORE_DRP_I/clk_inst/s_axi_aclk
    MMCM_X0Y3.CLKIN1                                                  r  reconfigurable pblock_CL            WRAPPER/CL/AWS_CLK_GEN/CLK_GRP_A_EN_I.CLK_MMCM_A_I/inst/CLK_CORE_DRP_I/clk_inst/mmcme4_adv_inst/CLKIN1
    MMCM_X0Y3.CLKOUT0    MMCME4_ADV (Prop_MMCM_CLKIN1_CLKOUT0)
                                                     -0.127     5.870 r  reconfigurable pblock_CL            WRAPPER/CL/AWS_CLK_GEN/CLK_GRP_A_EN_I.CLK_MMCM_A_I/inst/CLK_CORE_DRP_I/clk_inst/mmcme4_adv_inst/CLKOUT0
                         net (fo=1, routed)           0.245     6.115    reconfigurable                      WRAPPER/CL/AWS_CLK_GEN/CLK_GRP_A_EN_I.CLK_MMCM_A_I/inst/CLK_CORE_DRP_I/clk_inst/clk_out1_clk_mmcm_a
    BUFGCE_X0Y73.I                                                    r  reconfigurable pblock_CL            WRAPPER/CL/AWS_CLK_GEN/CLK_GRP_A_EN_I.CLK_MMCM_A_I/inst/CLK_CORE_DRP_I/clk_inst/clkout1_buf/I
    BUFGCE_X0Y73.O       BUFGCE (Prop_BUFCE_BUFGCE_I_O)
                                                      0.028     6.143 r  reconfigurable pblock_CL            WRAPPER/CL/AWS_CLK_GEN/CLK_GRP_A_EN_I.CLK_MMCM_A_I/inst/CLK_CORE_DRP_I/clk_inst/clkout1_buf/O
    X3Y6 (CLOCK_ROOT)    net (fo=189343, routed)      3.077     9.220    reconfigurable                      <hidden>/<hidden>/<hidden>
    SLR Crossing[0->1]   
    SLICE_X175Y391.CLK   FDRE                                         r  reconfigurable pblock_CL            <hidden>/<hidden>/<hidden>
  -------------------------------------------------------------------    -------------------------------------------------------
    SLICE_X175Y391.Q     FDRE (Prop_DFF2_SLICEM_C_Q)
                                                      0.080     9.300 r  reconfigurable pblock_CL            <hidden>/<hidden>/<hidden>
                         net (fo=312, routed)         4.322    13.622    reconfigurable                      WRAPPER/CL/u_tile/u_rms/rst_tile_n
    SLR Crossing[1->0]   
    SLICE_X110Y234.A2                                                 r  reconfigurable pblock_CL            WRAPPER/CL/u_tile/u_rms/tier_rdata_q[0]_i_1_lopt_replica/I0
    SLICE_X110Y234.O5    LUT2 (Prop_D5LUT_SLICEL_I0_O)
                                                      0.133    13.755 r  reconfigurable pblock_CL            WRAPPER/CL/u_tile/u_rms/tier_rdata_q[0]_i_1_lopt_replica/O
                         net (fo=1, routed)           2.561    16.316    reconfigurable                      WRAPPER/CL/u_tile/u_rms/O_replN
    SLR Crossing[0->1]   
    BUFGCE_X0Y167.I                                                   r  reconfigurable pblock_CL            WRAPPER/CL/u_tile/u_rms/rst_tile_n_reg_BUFG_inst/I
    BUFGCE_X0Y167.O      BUFGCE (Prop_BUFCE_BUFGCE_I_O)
                                                      0.028    16.344 r  reconfigurable pblock_CL            WRAPPER/CL/u_tile/u_rms/rst_tile_n_reg_BUFG_inst/O
                         net (fo=57884, routed)       2.139    18.483    reconfigurable                      WRAPPER/CL/u_tile/g_kvq_gqa.u_kvq/g_eng[2].u_eng/q_r_reg[12]
    SLICE_X61Y297.SR     FDCE                                         f  reconfigurable pblock_CL            WRAPPER/CL/u_tile/g_kvq_gqa.u_kvq/g_eng[2].u_eng/sram_wr_data_reg[501]/CLR  (IS_INVERTED)
  -------------------------------------------------------------------    -------------------------------------------------------

                         (clock clk_out1_clk_mmcm_a rise edge)
                                                     64.000    64.000 r                                      
    BJ4                                               0.000    64.000 r  static                              <hidden>
                         net (fo=0)                   0.079    64.079    static                              <hidden>/<hidden>/<hidden>/<hidden>
    HPIOBDIFFINBUF_X0Y130.DIFF_IN_P
                                                                      r  static                              <hidden>/<hidden>/<hidden>/<hidden>
    HPIOBDIFFINBUF_X0Y130.O
                         DIFFINBUF (Prop_DIFFINBUF_HPIOBDIFFINBUF_DIFF_IN_P_O)
                                                      0.750    64.829 r  static                              <hidden>/<hidden>/<hidden>/<hidden>
                         net (fo=1, routed)           0.040    64.869    static                              <hidden>/<hidden>/<hidden>/<hidden>
    BJ4.I                                                             r  static                              <hidden>/<hidden>/<hidden>/<hidden>
    BJ4.O                IBUFCTRL (Prop_IBUFCTRL_HPIOB_M_I_O)
                                                      0.000    64.869 r  static                              <hidden>/<hidden>/<hidden>/<hidden>
                         net (fo=1, routed)           0.309    65.178    static                              <hidden>/<hidden>/<hidden>
    BUFGCE_X0Y122.I                                                   r  static                              <hidden>/<hidden>/<hidden>
    BUFGCE_X0Y122.O      BUFGCE (Prop_BUFCE_BUFGCE_I_O)
                                                      0.024    65.202 r  static                              <hidden>/<hidden>/<hidden>
                         net (fo=3, routed)           1.624    66.826    static                              <hidden>/<hidden>/<hidden>/<hidden>/<hidden>
    SLR Crossing[1->0]   
    MMCM_X0Y2.CLKIN1                                                  r  static                              <hidden>/<hidden>/<hidden>/<hidden>/<hidden>
    MMCM_X0Y2.CLKOUT0    MMCME4_ADV (Prop_MMCM_CLKIN1_CLKOUT0)
                                                      0.630    67.456 r  static                              <hidden>/<hidden>/<hidden>/<hidden>/<hidden>
                         net (fo=2, routed)           0.215    67.671    static                              <hidden>/<hidden>/<hidden>
    BUFGCE_X0Y70.I                                                    r  static                              <hidden>/<hidden>/<hidden>
    BUFGCE_X0Y70.O       BUFGCE (Prop_BUFCE_BUFGCE_I_O)
                                                      0.024    67.695 r  static                              <hidden>/<hidden>/<hidden>
                         net (fo=2363, routed)        2.391    70.086    boundary                            WRAPPER/CL/AWS_CLK_GEN/CLK_GRP_A_EN_I.CLK_MMCM_A_I/inst/CLK_CORE_DRP_I/clk_inst/s_axi_aclk
    MMCM_X0Y3.CLKIN1                                                  r  reconfigurable pblock_CL            WRAPPER/CL/AWS_CLK_GEN/CLK_GRP_A_EN_I.CLK_MMCM_A_I/inst/CLK_CORE_DRP_I/clk_inst/mmcme4_adv_inst/CLKIN1
    MMCM_X0Y3.CLKOUT0    MMCME4_ADV (Prop_MMCM_CLKIN1_CLKOUT0)
                                                      0.630    70.716 r  reconfigurable pblock_CL            WRAPPER/CL/AWS_CLK_GEN/CLK_GRP_A_EN_I.CLK_MMCM_A_I/inst/CLK_CORE_DRP_I/clk_inst/mmcme4_adv_inst/CLKOUT0
                         net (fo=1, routed)           0.215    70.931    reconfigurable                      WRAPPER/CL/AWS_CLK_GEN/CLK_GRP_A_EN_I.CLK_MMCM_A_I/inst/CLK_CORE_DRP_I/clk_inst/clk_out1_clk_mmcm_a
    BUFGCE_X0Y73.I                                                    r  reconfigurable pblock_CL            WRAPPER/CL/AWS_CLK_GEN/CLK_GRP_A_EN_I.CLK_MMCM_A_I/inst/CLK_CORE_DRP_I/clk_inst/clkout1_buf/I
    BUFGCE_X0Y73.O       BUFGCE (Prop_BUFCE_BUFGCE_I_O)
                                                      0.024    70.955 r  reconfigurable pblock_CL            WRAPPER/CL/AWS_CLK_GEN/CLK_GRP_A_EN_I.CLK_MMCM_A_I/inst/CLK_CORE_DRP_I/clk_inst/clkout1_buf/O
    X3Y6 (CLOCK_ROOT)    net (fo=189343, routed)      2.651    73.606    reconfigurable                      WRAPPER/CL/u_tile/g_kvq_gqa.u_kvq/g_eng[2].u_eng/o_clk_extra_a1
    SLR Crossing[0->1]   
    SLICE_X61Y297.CLK    FDCE                                         r  reconfigurable pblock_CL            WRAPPER/CL/u_tile/g_kvq_gqa.u_kvq/g_eng[2].u_eng/sram_wr_data_reg[501]/C
                         clock pessimism             -0.695    72.911                                            
                         clock uncertainty           -0.095    72.816                                            
    SLICE_X61Y297        FDCE (Recov_BFF2_SLICEM_C_CLR)
                                                     -0.066    72.750    reconfigurable   pblock_CL              WRAPPER/CL/u_tile/g_kvq_gqa.u_kvq/g_eng[2].u_eng/sram_wr_data_reg[501]
  -------------------------------------------------------------------
                         required time                         72.750                                            
                         arrival time                         -18.483                                            
  -------------------------------------------------------------------
                         slack                                 54.267                                            

Slack (MET) :             54.267ns  (required time - arrival time)
  Source:                 <hidden>/<hidden>/<hidden>
                            (rising edge-triggered cell FDRE clocked by clk_out1_clk_mmcm_a  {rise@0.000ns fall@32.000ns period=64.000ns})
  Destination:            WRAPPER/CL/u_tile/g_kvq_gqa.u_kvq/g_eng[2].u_eng/sram_wr_data_reg[521]/CLR
                            (recovery check against rising-edge clock clk_out1_clk_mmcm_a  {rise@0.000ns fall@32.000ns period=64.000ns})
  Path Group:             **async_default**
  Path Type:              Recovery (Max at Slow Process Corner)
  Requirement:            64.000ns  (clk_out1_clk_mmcm_a rise@64.000ns - clk_out1_clk_mmcm_a rise@0.000ns)
  Data Path Delay:        9.263ns  (logic 0.241ns (2.602%)  route 9.022ns (97.398%))
  Logic Levels:           2  (BUFGCE=1 LUT2=1)
  Clock Path Skew:        -0.308ns (DCD - SCD + CPR)
    Destination Clock Delay (DCD):    9.606ns = ( 73.606 - 64.000 ) 
    Source Clock Delay      (SCD):    9.220ns
    Clock Pessimism Removal (CPR):    -0.695ns
  Clock Uncertainty:      0.095ns  ((TSJ^2 + DJ^2)^1/2) / 2 + PE
    Total System Jitter     (TSJ):    0.071ns
    Discrete Jitter          (DJ):    0.176ns
    Phase Error              (PE):    0.000ns
  Clock Net Delay (Source):      3.077ns (routing 1.226ns, distribution 1.851ns)
  Clock Net Delay (Destination): 2.651ns (routing 1.112ns, distribution 1.539ns)

    Location             Delay type                Incr(ns)  Path(ns)    Partition      PBlock               Netlist Resource(s)
  -------------------------------------------------------------------    -------------------------------------------------------
                         (clock clk_out1_clk_mmcm_a rise edge)
                                                      0.000     0.000 r                                      
    BJ4                                               0.000     0.000 r  static                              <hidden>
                         net (fo=0)                   0.100     0.100    static                              <hidden>/<hidden>/<hidden>/<hidden>
    HPIOBDIFFINBUF_X0Y130.DIFF_IN_P
                                                                      r  static                              <hidden>/<hidden>/<hidden>/<hidden>
    HPIOBDIFFINBUF_X0Y130.O
                         DIFFINBUF (Prop_DIFFINBUF_HPIOBDIFFINBUF_DIFF_IN_P_O)
                                                      0.863     0.963 r  static                              <hidden>/<hidden>/<hidden>/<hidden>
                         net (fo=1, routed)           0.050     1.013    static                              <hidden>/<hidden>/<hidden>/<hidden>
    BJ4.I                                                             r  static                              <hidden>/<hidden>/<hidden>/<hidden>
    BJ4.O                IBUFCTRL (Prop_IBUFCTRL_HPIOB_M_I_O)
                                                      0.000     1.013 r  static                              <hidden>/<hidden>/<hidden>/<hidden>
                         net (fo=1, routed)           0.348     1.361    static                              <hidden>/<hidden>/<hidden>
    BUFGCE_X0Y122.I                                                   r  static                              <hidden>/<hidden>/<hidden>
    BUFGCE_X0Y122.O      BUFGCE (Prop_BUFCE_BUFGCE_I_O)
                                                      0.028     1.389 r  static                              <hidden>/<hidden>/<hidden>
                         net (fo=3, routed)           1.811     3.200    static                              <hidden>/<hidden>/<hidden>/<hidden>/<hidden>
    SLR Crossing[1->0]   
    MMCM_X0Y2.CLKIN1                                                  r  static                              <hidden>/<hidden>/<hidden>/<hidden>/<hidden>
    MMCM_X0Y2.CLKOUT0    MMCME4_ADV (Prop_MMCM_CLKIN1_CLKOUT0)
                                                     -0.127     3.073 r  static                              <hidden>/<hidden>/<hidden>/<hidden>/<hidden>
                         net (fo=2, routed)           0.245     3.318    static                              <hidden>/<hidden>/<hidden>
    BUFGCE_X0Y70.I                                                    r  static                              <hidden>/<hidden>/<hidden>
    BUFGCE_X0Y70.O       BUFGCE (Prop_BUFCE_BUFGCE_I_O)
                                                      0.028     3.346 r  static                              <hidden>/<hidden>/<hidden>
                         net (fo=2363, routed)        2.651     5.997    boundary                            WRAPPER/CL/AWS_CLK_GEN/CLK_GRP_A_EN_I.CLK_MMCM_A_I/inst/CLK_CORE_DRP_I/clk_inst/s_axi_aclk
    MMCM_X0Y3.CLKIN1                                                  r  reconfigurable pblock_CL            WRAPPER/CL/AWS_CLK_GEN/CLK_GRP_A_EN_I.CLK_MMCM_A_I/inst/CLK_CORE_DRP_I/clk_inst/mmcme4_adv_inst/CLKIN1
    MMCM_X0Y3.CLKOUT0    MMCME4_ADV (Prop_MMCM_CLKIN1_CLKOUT0)
                                                     -0.127     5.870 r  reconfigurable pblock_CL            WRAPPER/CL/AWS_CLK_GEN/CLK_GRP_A_EN_I.CLK_MMCM_A_I/inst/CLK_CORE_DRP_I/clk_inst/mmcme4_adv_inst/CLKOUT0
                         net (fo=1, routed)           0.245     6.115    reconfigurable                      WRAPPER/CL/AWS_CLK_GEN/CLK_GRP_A_EN_I.CLK_MMCM_A_I/inst/CLK_CORE_DRP_I/clk_inst/clk_out1_clk_mmcm_a
    BUFGCE_X0Y73.I                                                    r  reconfigurable pblock_CL            WRAPPER/CL/AWS_CLK_GEN/CLK_GRP_A_EN_I.CLK_MMCM_A_I/inst/CLK_CORE_DRP_I/clk_inst/clkout1_buf/I
    BUFGCE_X0Y73.O       BUFGCE (Prop_BUFCE_BUFGCE_I_O)
                                                      0.028     6.143 r  reconfigurable pblock_CL            WRAPPER/CL/AWS_CLK_GEN/CLK_GRP_A_EN_I.CLK_MMCM_A_I/inst/CLK_CORE_DRP_I/clk_inst/clkout1_buf/O
    X3Y6 (CLOCK_ROOT)    net (fo=189343, routed)      3.077     9.220    reconfigurable                      <hidden>/<hidden>/<hidden>
    SLR Crossing[0->1]   
    SLICE_X175Y391.CLK   FDRE                                         r  reconfigurable pblock_CL            <hidden>/<hidden>/<hidden>
  -------------------------------------------------------------------    -------------------------------------------------------
    SLICE_X175Y391.Q     FDRE (Prop_DFF2_SLICEM_C_Q)
                                                      0.080     9.300 r  reconfigurable pblock_CL            <hidden>/<hidden>/<hidden>
                         net (fo=312, routed)         4.322    13.622    reconfigurable                      WRAPPER/CL/u_tile/u_rms/rst_tile_n
    SLR Crossing[1->0]   
    SLICE_X110Y234.A2                                                 r  reconfigurable pblock_CL            WRAPPER/CL/u_tile/u_rms/tier_rdata_q[0]_i_1_lopt_replica/I0
    SLICE_X110Y234.O5    LUT2 (Prop_D5LUT_SLICEL_I0_O)
                                                      0.133    13.755 r  reconfigurable pblock_CL            WRAPPER/CL/u_tile/u_rms/tier_rdata_q[0]_i_1_lopt_replica/O
                         net (fo=1, routed)           2.561    16.316    reconfigurable                      WRAPPER/CL/u_tile/u_rms/O_replN
    SLR Crossing[0->1]   
    BUFGCE_X0Y167.I                                                   r  reconfigurable pblock_CL            WRAPPER/CL/u_tile/u_rms/rst_tile_n_reg_BUFG_inst/I
    BUFGCE_X0Y167.O      BUFGCE (Prop_BUFCE_BUFGCE_I_O)
                                                      0.028    16.344 r  reconfigurable pblock_CL            WRAPPER/CL/u_tile/u_rms/rst_tile_n_reg_BUFG_inst/O
                         net (fo=57884, routed)       2.139    18.483    reconfigurable                      WRAPPER/CL/u_tile/g_kvq_gqa.u_kvq/g_eng[2].u_eng/q_r_reg[12]
    SLICE_X61Y297.SR     FDCE                                         f  reconfigurable pblock_CL            WRAPPER/CL/u_tile/g_kvq_gqa.u_kvq/g_eng[2].u_eng/sram_wr_data_reg[521]/CLR  (IS_INVERTED)
  -------------------------------------------------------------------    -------------------------------------------------------

                         (clock clk_out1_clk_mmcm_a rise edge)
                                                     64.000    64.000 r                                      
    BJ4                                               0.000    64.000 r  static                              <hidden>
                         net (fo=0)                   0.079    64.079    static                              <hidden>/<hidden>/<hidden>/<hidden>
    HPIOBDIFFINBUF_X0Y130.DIFF_IN_P
                                                                      r  static                              <hidden>/<hidden>/<hidden>/<hidden>
    HPIOBDIFFINBUF_X0Y130.O
                         DIFFINBUF (Prop_DIFFINBUF_HPIOBDIFFINBUF_DIFF_IN_P_O)
                                                      0.750    64.829 r  static                              <hidden>/<hidden>/<hidden>/<hidden>
                         net (fo=1, routed)           0.040    64.869    static                              <hidden>/<hidden>/<hidden>/<hidden>
    BJ4.I                                                             r  static                              <hidden>/<hidden>/<hidden>/<hidden>
    BJ4.O                IBUFCTRL (Prop_IBUFCTRL_HPIOB_M_I_O)
                                                      0.000    64.869 r  static                              <hidden>/<hidden>/<hidden>/<hidden>
                         net (fo=1, routed)           0.309    65.178    static                              <hidden>/<hidden>/<hidden>
    BUFGCE_X0Y122.I                                                   r  static                              <hidden>/<hidden>/<hidden>
    BUFGCE_X0Y122.O      BUFGCE (Prop_BUFCE_BUFGCE_I_O)
                                                      0.024    65.202 r  static                              <hidden>/<hidden>/<hidden>
                         net (fo=3, routed)           1.624    66.826    static                              <hidden>/<hidden>/<hidden>/<hidden>/<hidden>
    SLR Crossing[1->0]   
    MMCM_X0Y2.CLKIN1                                                  r  static                              <hidden>/<hidden>/<hidden>/<hidden>/<hidden>
    MMCM_X0Y2.CLKOUT0    MMCME4_ADV (Prop_MMCM_CLKIN1_CLKOUT0)
                                                      0.630    67.456 r  static                              <hidden>/<hidden>/<hidden>/<hidden>/<hidden>
                         net (fo=2, routed)           0.215    67.671    static                              <hidden>/<hidden>/<hidden>
    BUFGCE_X0Y70.I                                                    r  static                              <hidden>/<hidden>/<hidden>
    BUFGCE_X0Y70.O       BUFGCE (Prop_BUFCE_BUFGCE_I_O)
                                                      0.024    67.695 r  static                              <hidden>/<hidden>/<hidden>
                         net (fo=2363, routed)        2.391    70.086    boundary                            WRAPPER/CL/AWS_CLK_GEN/CLK_GRP_A_EN_I.CLK_MMCM_A_I/inst/CLK_CORE_DRP_I/clk_inst/s_axi_aclk
    MMCM_X0Y3.CLKIN1                                                  r  reconfigurable pblock_CL            WRAPPER/CL/AWS_CLK_GEN/CLK_GRP_A_EN_I.CLK_MMCM_A_I/inst/CLK_CORE_DRP_I/clk_inst/mmcme4_adv_inst/CLKIN1
    MMCM_X0Y3.CLKOUT0    MMCME4_ADV (Prop_MMCM_CLKIN1_CLKOUT0)
                                                      0.630    70.716 r  reconfigurable pblock_CL            WRAPPER/CL/AWS_CLK_GEN/CLK_GRP_A_EN_I.CLK_MMCM_A_I/inst/CLK_CORE_DRP_I/clk_inst/mmcme4_adv_inst/CLKOUT0
                         net (fo=1, routed)           0.215    70.931    reconfigurable                      WRAPPER/CL/AWS_CLK_GEN/CLK_GRP_A_EN_I.CLK_MMCM_A_I/inst/CLK_CORE_DRP_I/clk_inst/clk_out1_clk_mmcm_a
    BUFGCE_X0Y73.I                                                    r  reconfigurable pblock_CL            WRAPPER/CL/AWS_CLK_GEN/CLK_GRP_A_EN_I.CLK_MMCM_A_I/inst/CLK_CORE_DRP_I/clk_inst/clkout1_buf/I
    BUFGCE_X0Y73.O       BUFGCE (Prop_BUFCE_BUFGCE_I_O)
                                                      0.024    70.955 r  reconfigurable pblock_CL            WRAPPER/CL/AWS_CLK_GEN/CLK_GRP_A_EN_I.CLK_MMCM_A_I/inst/CLK_CORE_DRP_I/clk_inst/clkout1_buf/O
    X3Y6 (CLOCK_ROOT)    net (fo=189343, routed)      2.651    73.606    reconfigurable                      WRAPPER/CL/u_tile/g_kvq_gqa.u_kvq/g_eng[2].u_eng/o_clk_extra_a1
    SLR Crossing[0->1]   
    SLICE_X61Y297.CLK    FDCE                                         r  reconfigurable pblock_CL            WRAPPER/CL/u_tile/g_kvq_gqa.u_kvq/g_eng[2].u_eng/sram_wr_data_reg[521]/C
                         clock pessimism             -0.695    72.911                                            
                         clock uncertainty           -0.095    72.816                                            
    SLICE_X61Y297        FDCE (Recov_CFF_SLICEM_C_CLR)
                                                     -0.066    72.750    reconfigurable   pblock_CL              WRAPPER/CL/u_tile/g_kvq_gqa.u_kvq/g_eng[2].u_eng/sram_wr_data_reg[521]
  -------------------------------------------------------------------
                         required time                         72.750                                            
                         arrival time                         -18.483                                            
  -------------------------------------------------------------------
                         slack                                 54.267                                            

Slack (MET) :             54.267ns  (required time - arrival time)
  Source:                 <hidden>/<hidden>/<hidden>
                            (rising edge-triggered cell FDRE clocked by clk_out1_clk_mmcm_a  {rise@0.000ns fall@32.000ns period=64.000ns})
  Destination:            WRAPPER/CL/u_tile/g_kvq_gqa.u_kvq/g_eng[2].u_eng/sram_wr_data_reg[883]/CLR
                            (recovery check against rising-edge clock clk_out1_clk_mmcm_a  {rise@0.000ns fall@32.000ns period=64.000ns})
  Path Group:             **async_default**
  Path Type:              Recovery (Max at Slow Process Corner)
  Requirement:            64.000ns  (clk_out1_clk_mmcm_a rise@64.000ns - clk_out1_clk_mmcm_a rise@0.000ns)
  Data Path Delay:        9.256ns  (logic 0.241ns (2.604%)  route 9.015ns (97.396%))
  Logic Levels:           2  (BUFGCE=1 LUT2=1)
  Clock Path Skew:        -0.315ns (DCD - SCD + CPR)
    Destination Clock Delay (DCD):    9.599ns = ( 73.599 - 64.000 ) 
    Source Clock Delay      (SCD):    9.220ns
    Clock Pessimism Removal (CPR):    -0.695ns
  Clock Uncertainty:      0.095ns  ((TSJ^2 + DJ^2)^1/2) / 2 + PE
    Total System Jitter     (TSJ):    0.071ns
    Discrete Jitter          (DJ):    0.176ns
    Phase Error              (PE):    0.000ns
  Clock Net Delay (Source):      3.077ns (routing 1.226ns, distribution 1.851ns)
  Clock Net Delay (Destination): 2.644ns (routing 1.112ns, distribution 1.532ns)

    Location             Delay type                Incr(ns)  Path(ns)    Partition      PBlock               Netlist Resource(s)
  -------------------------------------------------------------------    -------------------------------------------------------
                         (clock clk_out1_clk_mmcm_a rise edge)
                                                      0.000     0.000 r                                      
    BJ4                                               0.000     0.000 r  static                              <hidden>
                         net (fo=0)                   0.100     0.100    static                              <hidden>/<hidden>/<hidden>/<hidden>
    HPIOBDIFFINBUF_X0Y130.DIFF_IN_P
                                                                      r  static                              <hidden>/<hidden>/<hidden>/<hidden>
    HPIOBDIFFINBUF_X0Y130.O
                         DIFFINBUF (Prop_DIFFINBUF_HPIOBDIFFINBUF_DIFF_IN_P_O)
                                                      0.863     0.963 r  static                              <hidden>/<hidden>/<hidden>/<hidden>
                         net (fo=1, routed)           0.050     1.013    static                              <hidden>/<hidden>/<hidden>/<hidden>
    BJ4.I                                                             r  static                              <hidden>/<hidden>/<hidden>/<hidden>
    BJ4.O                IBUFCTRL (Prop_IBUFCTRL_HPIOB_M_I_O)
                                                      0.000     1.013 r  static                              <hidden>/<hidden>/<hidden>/<hidden>
                         net (fo=1, routed)           0.348     1.361    static                              <hidden>/<hidden>/<hidden>
    BUFGCE_X0Y122.I                                                   r  static                              <hidden>/<hidden>/<hidden>
    BUFGCE_X0Y122.O      BUFGCE (Prop_BUFCE_BUFGCE_I_O)
                                                      0.028     1.389 r  static                              <hidden>/<hidden>/<hidden>
                         net (fo=3, routed)           1.811     3.200    static                              <hidden>/<hidden>/<hidden>/<hidden>/<hidden>
    SLR Crossing[1->0]   
    MMCM_X0Y2.CLKIN1                                                  r  static                              <hidden>/<hidden>/<hidden>/<hidden>/<hidden>
    MMCM_X0Y2.CLKOUT0    MMCME4_ADV (Prop_MMCM_CLKIN1_CLKOUT0)
                                                     -0.127     3.073 r  static                              <hidden>/<hidden>/<hidden>/<hidden>/<hidden>
                         net (fo=2, routed)           0.245     3.318    static                              <hidden>/<hidden>/<hidden>
    BUFGCE_X0Y70.I                                                    r  static                              <hidden>/<hidden>/<hidden>
    BUFGCE_X0Y70.O       BUFGCE (Prop_BUFCE_BUFGCE_I_O)
                                                      0.028     3.346 r  static                              <hidden>/<hidden>/<hidden>
                         net (fo=2363, routed)        2.651     5.997    boundary                            WRAPPER/CL/AWS_CLK_GEN/CLK_GRP_A_EN_I.CLK_MMCM_A_I/inst/CLK_CORE_DRP_I/clk_inst/s_axi_aclk
    MMCM_X0Y3.CLKIN1                                                  r  reconfigurable pblock_CL            WRAPPER/CL/AWS_CLK_GEN/CLK_GRP_A_EN_I.CLK_MMCM_A_I/inst/CLK_CORE_DRP_I/clk_inst/mmcme4_adv_inst/CLKIN1
    MMCM_X0Y3.CLKOUT0    MMCME4_ADV (Prop_MMCM_CLKIN1_CLKOUT0)
                                                     -0.127     5.870 r  reconfigurable pblock_CL            WRAPPER/CL/AWS_CLK_GEN/CLK_GRP_A_EN_I.CLK_MMCM_A_I/inst/CLK_CORE_DRP_I/clk_inst/mmcme4_adv_inst/CLKOUT0
                         net (fo=1, routed)           0.245     6.115    reconfigurable                      WRAPPER/CL/AWS_CLK_GEN/CLK_GRP_A_EN_I.CLK_MMCM_A_I/inst/CLK_CORE_DRP_I/clk_inst/clk_out1_clk_mmcm_a
    BUFGCE_X0Y73.I                                                    r  reconfigurable pblock_CL            WRAPPER/CL/AWS_CLK_GEN/CLK_GRP_A_EN_I.CLK_MMCM_A_I/inst/CLK_CORE_DRP_I/clk_inst/clkout1_buf/I
    BUFGCE_X0Y73.O       BUFGCE (Prop_BUFCE_BUFGCE_I_O)
                                                      0.028     6.143 r  reconfigurable pblock_CL            WRAPPER/CL/AWS_CLK_GEN/CLK_GRP_A_EN_I.CLK_MMCM_A_I/inst/CLK_CORE_DRP_I/clk_inst/clkout1_buf/O
    X3Y6 (CLOCK_ROOT)    net (fo=189343, routed)      3.077     9.220    reconfigurable                      <hidden>/<hidden>/<hidden>
    SLR Crossing[0->1]   
    SLICE_X175Y391.CLK   FDRE                                         r  reconfigurable pblock_CL            <hidden>/<hidden>/<hidden>
  -------------------------------------------------------------------    -------------------------------------------------------
    SLICE_X175Y391.Q     FDRE (Prop_DFF2_SLICEM_C_Q)
                                                      0.080     9.300 r  reconfigurable pblock_CL            <hidden>/<hidden>/<hidden>
                         net (fo=312, routed)         4.322    13.622    reconfigurable                      WRAPPER/CL/u_tile/u_rms/rst_tile_n
    SLR Crossing[1->0]   
    SLICE_X110Y234.A2                                                 r  reconfigurable pblock_CL            WRAPPER/CL/u_tile/u_rms/tier_rdata_q[0]_i_1_lopt_replica/I0
    SLICE_X110Y234.O5    LUT2 (Prop_D5LUT_SLICEL_I0_O)
                                                      0.133    13.755 r  reconfigurable pblock_CL            WRAPPER/CL/u_tile/u_rms/tier_rdata_q[0]_i_1_lopt_replica/O
                         net (fo=1, routed)           2.561    16.316    reconfigurable                      WRAPPER/CL/u_tile/u_rms/O_replN
    SLR Crossing[0->1]   
    BUFGCE_X0Y167.I                                                   r  reconfigurable pblock_CL            WRAPPER/CL/u_tile/u_rms/rst_tile_n_reg_BUFG_inst/I
    BUFGCE_X0Y167.O      BUFGCE (Prop_BUFCE_BUFGCE_I_O)
                                                      0.028    16.344 r  reconfigurable pblock_CL            WRAPPER/CL/u_tile/u_rms/rst_tile_n_reg_BUFG_inst/O
                         net (fo=57884, routed)       2.132    18.476    reconfigurable                      WRAPPER/CL/u_tile/g_kvq_gqa.u_kvq/g_eng[2].u_eng/q_r_reg[12]
    SLICE_X65Y287.SR     FDCE                                         f  reconfigurable pblock_CL            WRAPPER/CL/u_tile/g_kvq_gqa.u_kvq/g_eng[2].u_eng/sram_wr_data_reg[883]/CLR  (IS_INVERTED)
  -------------------------------------------------------------------    -------------------------------------------------------

                         (clock clk_out1_clk_mmcm_a rise edge)
                                                     64.000    64.000 r                                      
    BJ4                                               0.000    64.000 r  static                              <hidden>
                         net (fo=0)                   0.079    64.079    static                              <hidden>/<hidden>/<hidden>/<hidden>
    HPIOBDIFFINBUF_X0Y130.DIFF_IN_P
                                                                      r  static                              <hidden>/<hidden>/<hidden>/<hidden>
    HPIOBDIFFINBUF_X0Y130.O
                         DIFFINBUF (Prop_DIFFINBUF_HPIOBDIFFINBUF_DIFF_IN_P_O)
                                                      0.750    64.829 r  static                              <hidden>/<hidden>/<hidden>/<hidden>
                         net (fo=1, routed)           0.040    64.869    static                              <hidden>/<hidden>/<hidden>/<hidden>
    BJ4.I                                                             r  static                              <hidden>/<hidden>/<hidden>/<hidden>
    BJ4.O                IBUFCTRL (Prop_IBUFCTRL_HPIOB_M_I_O)
                                                      0.000    64.869 r  static                              <hidden>/<hidden>/<hidden>/<hidden>
                         net (fo=1, routed)           0.309    65.178    static                              <hidden>/<hidden>/<hidden>
    BUFGCE_X0Y122.I                                                   r  static                              <hidden>/<hidden>/<hidden>
    BUFGCE_X0Y122.O      BUFGCE (Prop_BUFCE_BUFGCE_I_O)
                                                      0.024    65.202 r  static                              <hidden>/<hidden>/<hidden>
                         net (fo=3, routed)           1.624    66.826    static                              <hidden>/<hidden>/<hidden>/<hidden>/<hidden>
    SLR Crossing[1->0]   
    MMCM_X0Y2.CLKIN1                                                  r  static                              <hidden>/<hidden>/<hidden>/<hidden>/<hidden>
    MMCM_X0Y2.CLKOUT0    MMCME4_ADV (Prop_MMCM_CLKIN1_CLKOUT0)
                                                      0.630    67.456 r  static                              <hidden>/<hidden>/<hidden>/<hidden>/<hidden>
                         net (fo=2, routed)           0.215    67.671    static                              <hidden>/<hidden>/<hidden>
    BUFGCE_X0Y70.I                                                    r  static                              <hidden>/<hidden>/<hidden>
    BUFGCE_X0Y70.O       BUFGCE (Prop_BUFCE_BUFGCE_I_O)
                                                      0.024    67.695 r  static                              <hidden>/<hidden>/<hidden>
                         net (fo=2363, routed)        2.391    70.086    boundary                            WRAPPER/CL/AWS_CLK_GEN/CLK_GRP_A_EN_I.CLK_MMCM_A_I/inst/CLK_CORE_DRP_I/clk_inst/s_axi_aclk
    MMCM_X0Y3.CLKIN1                                                  r  reconfigurable pblock_CL            WRAPPER/CL/AWS_CLK_GEN/CLK_GRP_A_EN_I.CLK_MMCM_A_I/inst/CLK_CORE_DRP_I/clk_inst/mmcme4_adv_inst/CLKIN1
    MMCM_X0Y3.CLKOUT0    MMCME4_ADV (Prop_MMCM_CLKIN1_CLKOUT0)
                                                      0.630    70.716 r  reconfigurable pblock_CL            WRAPPER/CL/AWS_CLK_GEN/CLK_GRP_A_EN_I.CLK_MMCM_A_I/inst/CLK_CORE_DRP_I/clk_inst/mmcme4_adv_inst/CLKOUT0
                         net (fo=1, routed)           0.215    70.931    reconfigurable                      WRAPPER/CL/AWS_CLK_GEN/CLK_GRP_A_EN_I.CLK_MMCM_A_I/inst/CLK_CORE_DRP_I/clk_inst/clk_out1_clk_mmcm_a
    BUFGCE_X0Y73.I                                                    r  reconfigurable pblock_CL            WRAPPER/CL/AWS_CLK_GEN/CLK_GRP_A_EN_I.CLK_MMCM_A_I/inst/CLK_CORE_DRP_I/clk_inst/clkout1_buf/I
    BUFGCE_X0Y73.O       BUFGCE (Prop_BUFCE_BUFGCE_I_O)
                                                      0.024    70.955 r  reconfigurable pblock_CL            WRAPPER/CL/AWS_CLK_GEN/CLK_GRP_A_EN_I.CLK_MMCM_A_I/inst/CLK_CORE_DRP_I/clk_inst/clkout1_buf/O
    X3Y6 (CLOCK_ROOT)    net (fo=189343, routed)      2.644    73.599    reconfigurable                      WRAPPER/CL/u_tile/g_kvq_gqa.u_kvq/g_eng[2].u_eng/o_clk_extra_a1
    SLR Crossing[0->1]   
    SLICE_X65Y287.CLK    FDCE                                         r  reconfigurable pblock_CL            WRAPPER/CL/u_tile/g_kvq_gqa.u_kvq/g_eng[2].u_eng/sram_wr_data_reg[883]/C
                         clock pessimism             -0.695    72.904                                            
                         clock uncertainty           -0.095    72.809                                            
    SLICE_X65Y287        FDCE (Recov_DFF2_SLICEM_C_CLR)
                                                     -0.066    72.743    reconfigurable   pblock_CL              WRAPPER/CL/u_tile/g_kvq_gqa.u_kvq/g_eng[2].u_eng/sram_wr_data_reg[883]
  -------------------------------------------------------------------
                         required time                         72.743                                            
                         arrival time                         -18.476                                            
  -------------------------------------------------------------------
                         slack                                 54.267                                            




