make: Entering directory '/home/ubuntu/apex/verif/kvq'
make -C smoke smoke
make[1]: Entering directory '/home/ubuntu/apex/verif/kvq/smoke'
/opt/homebrew/bin/verilator --lint-only -Wall --timing lint_waivers.vlt \
  --top-module kvq_engine ../../../rtl/kvq/kvq_engine.sv ../../../rtl/kvq/cores/cq_fp_pkg.sv ../../../rtl/kvq/cores/cq_scale_unit.sv ../../../rtl/kvq/cores/cq_quant_unit.sv ../../../rtl/kvq/cores/cq_dequant_unit.sv ../../../rtl/kvq/cores/scale_bank.sv ../../../rtl/kvq/cores/scale_bank_store.sv ../../../rtl/kvq/cores/cq_rne_div_pipe.sv ../../../rtl/kvq/cores/cq_quant_pipe.sv ../../../rtl/kvq/cores/cq_scale_pipe.sv ../../../rtl/kvq/cores/residual_buffer.sv ../../../rtl/kvq/cores/sram_controller.sv ../../../rtl/kvq/cores/cq_value_path.sv ../../../rtl/kvq/cores/cq_key_path.sv 2>&1 | tee logs/lint.log
- V e r i l a t i o n   R e p o r t: Verilator 5.044 2026-01-01 rev v5.044
- Verilator: Built from 0.938 MB sources in 15 modules, into 0.546 MB in 3 C++ files needing 0.000 MB
- Verilator: Walltime 0.087 s (elab=0.011, cvt=0.054, bld=0.000); cpu 0.087 s on 1 threads; alloced 26.801 MB
LINT CLEAN (-Wall; waivers scoped per-line to rtl/kvq/cores/* only)
python3 gen_kvq_vectors.py build/gen_t70 2>&1 | tee logs/gen.log
gen_kvq_vectors: T=70 D=64 G=64 CQ-4 -> 2 groups (full 64 + partial 6), 128 scales, 2240 payload bytes, 4480 khat words, 70x40B records (ssids [0, 1]), 2x64 bank rows -> build/gen_t70
GEN SELF-CHECK: python-golden output is bit-identical to the frozen d64_T70_G64__CQ4 set (incl. the partial g=6 tail group and the D-026 record/scale-bank images)
=== [p_d64_cq8] verilate + build (kvq_engine, -Wall + SVA) ===
/opt/homebrew/bin/verilator --binary --timing --assert -j 0 --timescale 1ns/1ps +define+USE_SVA -Wall lint_waivers.vlt --Mdir build/p_d64_cq8 -o sim --top-module tb_kvq_top -GD=64 -GT=128 -GTIER=0 -GG=128 -GK_OUT=0 -GDEPTH=256 -GKEY_NGRP=0 -GPARTIAL_DEMO=0 -GVECDIR='"../../../golden/vectors/d64_T128_G64__CQ8"' -GKEYDIR='"../../../golden/vectors/d64_T128_G64__CQ8"' -GCFGNAME='"d64_cq8"' tb_kvq_top.sv ../../../rtl/kvq/kvq_engine.sv ../../../rtl/kvq/cores/cq_fp_pkg.sv ../../../rtl/kvq/cores/cq_scale_unit.sv ../../../rtl/kvq/cores/cq_quant_unit.sv ../../../rtl/kvq/cores/cq_dequant_unit.sv ../../../rtl/kvq/cores/scale_bank.sv ../../../rtl/kvq/cores/scale_bank_store.sv ../../../rtl/kvq/cores/cq_rne_div_pipe.sv ../../../rtl/kvq/cores/cq_quant_pipe.sv ../../../rtl/kvq/cores/cq_scale_pipe.sv ../../../rtl/kvq/cores/residual_buffer.sv ../../../rtl/kvq/cores/sram_controller.sv ../../../rtl/kvq/cores/cq_value_path.sv ../../../rtl/kvq/cores/cq_key_path.sv kvq_axis_sva.sv 2>&1 | tee logs/build_p_d64_cq8.log
make[2]: Entering directory '/home/ubuntu/apex/verif/kvq/smoke/build/p_d64_cq8'
make[2]: Nothing to be done for 'default'.
make[2]: Leaving directory '/home/ubuntu/apex/verif/kvq/smoke/build/p_d64_cq8'
- V e r i l a t i o n   R e p o r t: Verilator 5.044 2026-01-01 rev v5.044
- Verilator: Built from 0.000 MB sources in 0 modules, into 0.000 MB in 0 C++ files needing 0.000 MB
- Verilator: Walltime 0.012 s (elab=0.000, cvt=0.000, bld=0.011); cpu 0.001 s on 4 threads; alloced 18.379 MB
=== [p_d64_cq8] simulate ===
./build/p_d64_cq8/sim 2>&1 | tee logs/run_p_d64_cq8.log
==== tb_kvq_top config=d64_cq8 D=64 T=128 TIER=0 G=128 K=0 NGRP=0 partial=0 stall=0 expect_bug=0
     VECDIR=../../../golden/vectors/d64_T128_G64__CQ8
     KEYDIR=../../../golden/vectors/d64_T128_G64__CQ8
[V] streaming 128 value tokens
[V] compress side-effects: checking 128 SRAM value records
[V] decompress: reading back 128 tokens (fp32)
[K] CQ-8 per-token keys: streaming 128 key tokens
[K] compress side-effects: checking 128 SRAM key records
[K] decompress: reading back 128 key tokens (fp32)
============================================================
CONFIG d64_cq8: checks=49923 fails=0
KVQ PARITY [d64_cq8]: PASS (bit-exact records + fp32 readback, irq=0)
- tb_kvq_top.sv:540: Verilog $finish
- S i m u l a t i o n   R e p o r t: Verilator 5.044 2026-01-01
- Verilator: $finish at 776us; walltime 0.109 s; speed 7.095 ms/s
- Verilator: cpu 0.109 s on 1 threads; alloced 7 MB
=== [p_d64_cq4] verilate + build (kvq_engine, -Wall + SVA) ===
/opt/homebrew/bin/verilator --binary --timing --assert -j 0 --timescale 1ns/1ps +define+USE_SVA -Wall lint_waivers.vlt --Mdir build/p_d64_cq4 -o sim --top-module tb_kvq_top -GD=64 -GT=128 -GTIER=1 -GG=64 -GK_OUT=0 -GDEPTH=256 -GKEY_NGRP=2 -GPARTIAL_DEMO=0 -GVECDIR='"../../../golden/vectors/d64_T128_G64__CQ4"' -GKEYDIR='"../../../golden/vectors/d64_T128_G64__CQ4"' -GCFGNAME='"d64_cq4"' tb_kvq_top.sv ../../../rtl/kvq/kvq_engine.sv ../../../rtl/kvq/cores/cq_fp_pkg.sv ../../../rtl/kvq/cores/cq_scale_unit.sv ../../../rtl/kvq/cores/cq_quant_unit.sv ../../../rtl/kvq/cores/cq_dequant_unit.sv ../../../rtl/kvq/cores/scale_bank.sv ../../../rtl/kvq/cores/scale_bank_store.sv ../../../rtl/kvq/cores/cq_rne_div_pipe.sv ../../../rtl/kvq/cores/cq_quant_pipe.sv ../../../rtl/kvq/cores/cq_scale_pipe.sv ../../../rtl/kvq/cores/residual_buffer.sv ../../../rtl/kvq/cores/sram_controller.sv ../../../rtl/kvq/cores/cq_value_path.sv ../../../rtl/kvq/cores/cq_key_path.sv kvq_axis_sva.sv 2>&1 | tee logs/build_p_d64_cq4.log
make[2]: Entering directory '/home/ubuntu/apex/verif/kvq/smoke/build/p_d64_cq4'
make[2]: Nothing to be done for 'default'.
make[2]: Leaving directory '/home/ubuntu/apex/verif/kvq/smoke/build/p_d64_cq4'
- V e r i l a t i o n   R e p o r t: Verilator 5.044 2026-01-01 rev v5.044
- Verilator: Built from 0.000 MB sources in 0 modules, into 0.000 MB in 0 C++ files needing 0.000 MB
- Verilator: Walltime 0.012 s (elab=0.000, cvt=0.000, bld=0.011); cpu 0.001 s on 4 threads; alloced 18.379 MB
=== [p_d64_cq4] simulate ===
./build/p_d64_cq4/sim 2>&1 | tee logs/run_p_d64_cq4.log
==== tb_kvq_top config=d64_cq4 D=64 T=128 TIER=1 G=64 K=0 NGRP=2 partial=0 stall=0 expect_bug=0
     VECDIR=../../../golden/vectors/d64_T128_G64__CQ4
     KEYDIR=../../../golden/vectors/d64_T128_G64__CQ4
[V] streaming 128 value tokens
[V] compress side-effects: checking 128 SRAM value records
[V] decompress: reading back 128 tokens (fp32)
[K] streaming key group 0 (G=64 tokens) at base 128
[K] group 0 flushed (commit seq 0 -> ssid 0); checking 64 D-026 key records + bank row + readback
[K] streaming key group 1 (G=64 tokens) at base 192
[K] group 1 flushed (commit seq 1 -> ssid 1); checking 64 D-026 key records + bank row + readback
============================================================
CONFIG d64_cq4: checks=46084 fails=0
KVQ PARITY [d64_cq4]: PASS (bit-exact records + fp32 readback, irq=0)
- tb_kvq_top.sv:540: Verilog $finish
- S i m u l a t i o n   R e p o r t: Verilator 5.044 2026-01-01
- Verilator: $finish at 674us; walltime 0.180 s; speed 3.748 ms/s
- Verilator: cpu 0.180 s on 1 threads; alloced 7 MB
=== [p_d64_cq4p] verilate + build (kvq_engine, -Wall + SVA) ===
/opt/homebrew/bin/verilator --binary --timing --assert -j 0 --timescale 1ns/1ps +define+USE_SVA -Wall lint_waivers.vlt --Mdir build/p_d64_cq4p -o sim --top-module tb_kvq_top -GD=64 -GT=128 -GTIER=2 -GG=64 -GK_OUT=2 -GDEPTH=256 -GKEY_NGRP=2 -GPARTIAL_DEMO=0 -GVECDIR='"../../../golden/vectors/d64_T128_G64__CQ4plus"' -GKEYDIR='"../../../golden/vectors/d64_T128_G64__CQ4plus"' -GMASKFILE='"../../../golden/vectors/d64_T128_G64__CQ4plus/outlier_mask.u8.hex"' -GCFGNAME='"d64_cq4p"' tb_kvq_top.sv ../../../rtl/kvq/kvq_engine.sv ../../../rtl/kvq/cores/cq_fp_pkg.sv ../../../rtl/kvq/cores/cq_scale_unit.sv ../../../rtl/kvq/cores/cq_quant_unit.sv ../../../rtl/kvq/cores/cq_dequant_unit.sv ../../../rtl/kvq/cores/scale_bank.sv ../../../rtl/kvq/cores/scale_bank_store.sv ../../../rtl/kvq/cores/cq_rne_div_pipe.sv ../../../rtl/kvq/cores/cq_quant_pipe.sv ../../../rtl/kvq/cores/cq_scale_pipe.sv ../../../rtl/kvq/cores/residual_buffer.sv ../../../rtl/kvq/cores/sram_controller.sv ../../../rtl/kvq/cores/cq_value_path.sv ../../../rtl/kvq/cores/cq_key_path.sv kvq_axis_sva.sv 2>&1 | tee logs/build_p_d64_cq4p.log
make[2]: Entering directory '/home/ubuntu/apex/verif/kvq/smoke/build/p_d64_cq4p'
make[2]: Nothing to be done for 'default'.
make[2]: Leaving directory '/home/ubuntu/apex/verif/kvq/smoke/build/p_d64_cq4p'
- V e r i l a t i o n   R e p o r t: Verilator 5.044 2026-01-01 rev v5.044
- Verilator: Built from 0.000 MB sources in 0 modules, into 0.000 MB in 0 C++ files needing 0.000 MB
- Verilator: Walltime 0.012 s (elab=0.000, cvt=0.000, bld=0.011); cpu 0.001 s on 4 threads; alloced 18.379 MB
=== [p_d64_cq4p] simulate ===
./build/p_d64_cq4p/sim 2>&1 | tee logs/run_p_d64_cq4p.log
==== tb_kvq_top config=d64_cq4p D=64 T=128 TIER=2 G=64 K=2 NGRP=2 partial=0 stall=0 expect_bug=0
     VECDIR=../../../golden/vectors/d64_T128_G64__CQ4plus
     KEYDIR=../../../golden/vectors/d64_T128_G64__CQ4plus
[V] streaming 128 value tokens
[V] compress side-effects: checking 128 SRAM value records
[V] decompress: reading back 128 tokens (fp32)
[K] streaming key group 0 (G=64 tokens) at base 128
[K] group 0 flushed (commit seq 0 -> ssid 0); checking 64 D-026 key records + bank row + readback
[K] streaming key group 1 (G=64 tokens) at base 192
[K] group 1 flushed (commit seq 1 -> ssid 1); checking 64 D-026 key records + bank row + readback
============================================================
CONFIG d64_cq4p: checks=46340 fails=0
KVQ PARITY [d64_cq4p]: PASS (bit-exact records + fp32 readback, irq=0)
- tb_kvq_top.sv:540: Verilog $finish
- S i m u l a t i o n   R e p o r t: Verilator 5.044 2026-01-01
- Verilator: $finish at 674us; walltime 0.189 s; speed 3.563 ms/s
- Verilator: cpu 0.189 s on 1 threads; alloced 7 MB
=== [p_d64_t70] verilate + build (kvq_engine, -Wall + SVA) ===
/opt/homebrew/bin/verilator --binary --timing --assert -j 0 --timescale 1ns/1ps +define+USE_SVA -Wall lint_waivers.vlt --Mdir build/p_d64_t70 -o sim --top-module tb_kvq_top -GD=64 -GT=70 -GTIER=1 -GG=64 -GK_OUT=0 -GDEPTH=256 -GKEY_NGRP=1 -GPARTIAL_DEMO=1 -GVECDIR='"../../../golden/vectors/d64_T70_G64__CQ4"' -GKEYDIR='"../../../golden/vectors/d64_T70_G64__CQ4"' -GCFGNAME='"d64_t70_cq4"' tb_kvq_top.sv ../../../rtl/kvq/kvq_engine.sv ../../../rtl/kvq/cores/cq_fp_pkg.sv ../../../rtl/kvq/cores/cq_scale_unit.sv ../../../rtl/kvq/cores/cq_quant_unit.sv ../../../rtl/kvq/cores/cq_dequant_unit.sv ../../../rtl/kvq/cores/scale_bank.sv ../../../rtl/kvq/cores/scale_bank_store.sv ../../../rtl/kvq/cores/cq_rne_div_pipe.sv ../../../rtl/kvq/cores/cq_quant_pipe.sv ../../../rtl/kvq/cores/cq_scale_pipe.sv ../../../rtl/kvq/cores/residual_buffer.sv ../../../rtl/kvq/cores/sram_controller.sv ../../../rtl/kvq/cores/cq_value_path.sv ../../../rtl/kvq/cores/cq_key_path.sv kvq_axis_sva.sv 2>&1 | tee logs/build_p_d64_t70.log
make[2]: Entering directory '/home/ubuntu/apex/verif/kvq/smoke/build/p_d64_t70'
make[2]: Nothing to be done for 'default'.
make[2]: Leaving directory '/home/ubuntu/apex/verif/kvq/smoke/build/p_d64_t70'
- V e r i l a t i o n   R e p o r t: Verilator 5.044 2026-01-01 rev v5.044
- Verilator: Built from 0.000 MB sources in 0 modules, into 0.000 MB in 0 C++ files needing 0.000 MB
- Verilator: Walltime 0.012 s (elab=0.000, cvt=0.000, bld=0.011); cpu 0.001 s on 4 threads; alloced 18.379 MB
=== [p_d64_t70] simulate ===
./build/p_d64_t70/sim 2>&1 | tee logs/run_p_d64_t70.log
==== tb_kvq_top config=d64_t70_cq4 D=64 T=70 TIER=1 G=64 K=0 NGRP=1 partial=1 stall=0 expect_bug=0
     VECDIR=../../../golden/vectors/d64_T70_G64__CQ4
     KEYDIR=../../../golden/vectors/d64_T70_G64__CQ4
[V] streaming 70 value tokens
[V] compress side-effects: checking 70 SRAM value records
[V] decompress: reading back 70 tokens (fp32)
[K] streaming key group 0 (G=64 tokens) at base 70
[K] group 0 flushed (commit seq 0 -> ssid 0); checking 64 D-026 key records + bank row + readback
[P] PARTIAL-GROUP DEMO: streaming 6-token tail (g<G=64) — no flush path in the top
[P] confirmed: STATUS.idle=0 — engine wedged in ST_KACCEPT waiting for 58 more tokens
[P] confirmed: OCCUPANCY unchanged (134) — the 6 tail tokens are stranded in the residual buffer
[P] confirmed: READ_ADDR write while wedged is silently dropped (0 output beats in 5000 cycles)
[P] soft reset recovers the engine (STATUS.idle=1); tail data is LOST
[P] post-recovery value round-trip OK — limitation demonstrated, engine usable again
============================================================
CONFIG d64_t70_cq4: checks=24162 fails=0
KVQ PARITY [d64_t70_cq4]: PASS (bit-exact records + fp32 readback, irq=0)
- tb_kvq_top.sv:540: Verilog $finish
- S i m u l a t i o n   R e p o r t: Verilator 5.044 2026-01-01
- Verilator: $finish at 612us; walltime 0.157 s; speed 3.907 ms/s
- Verilator: cpu 0.157 s on 1 threads; alloced 7 MB
=== [p_d128_cq8] verilate + build (kvq_engine, -Wall + SVA) ===
/opt/homebrew/bin/verilator --binary --timing --assert -j 0 --timescale 1ns/1ps +define+USE_SVA -Wall lint_waivers.vlt --Mdir build/p_d128_cq8 -o sim --top-module tb_kvq_top -GD=128 -GT=100 -GTIER=0 -GG=128 -GK_OUT=0 -GDEPTH=256 -GKEY_NGRP=0 -GPARTIAL_DEMO=0 -GVECDIR='"../../../golden/vectors/d128_T100_G128__CQ8"' -GKEYDIR='"../../../golden/vectors/d128_T100_G128__CQ8"' -GCFGNAME='"d128_cq8"' tb_kvq_top.sv ../../../rtl/kvq/kvq_engine.sv ../../../rtl/kvq/cores/cq_fp_pkg.sv ../../../rtl/kvq/cores/cq_scale_unit.sv ../../../rtl/kvq/cores/cq_quant_unit.sv ../../../rtl/kvq/cores/cq_dequant_unit.sv ../../../rtl/kvq/cores/scale_bank.sv ../../../rtl/kvq/cores/scale_bank_store.sv ../../../rtl/kvq/cores/cq_rne_div_pipe.sv ../../../rtl/kvq/cores/cq_quant_pipe.sv ../../../rtl/kvq/cores/cq_scale_pipe.sv ../../../rtl/kvq/cores/residual_buffer.sv ../../../rtl/kvq/cores/sram_controller.sv ../../../rtl/kvq/cores/cq_value_path.sv ../../../rtl/kvq/cores/cq_key_path.sv kvq_axis_sva.sv 2>&1 | tee logs/build_p_d128_cq8.log
make[2]: Entering directory '/home/ubuntu/apex/verif/kvq/smoke/build/p_d128_cq8'
make[2]: Nothing to be done for 'default'.
make[2]: Leaving directory '/home/ubuntu/apex/verif/kvq/smoke/build/p_d128_cq8'
- V e r i l a t i o n   R e p o r t: Verilator 5.044 2026-01-01 rev v5.044
- Verilator: Built from 0.000 MB sources in 0 modules, into 0.000 MB in 0 C++ files needing 0.000 MB
- Verilator: Walltime 0.011 s (elab=0.000, cvt=0.000, bld=0.010); cpu 0.001 s on 4 threads; alloced 18.379 MB
=== [p_d128_cq8] simulate ===
./build/p_d128_cq8/sim 2>&1 | tee logs/run_p_d128_cq8.log
==== tb_kvq_top config=d128_cq8 D=128 T=100 TIER=0 G=128 K=0 NGRP=0 partial=0 stall=0 expect_bug=0
     VECDIR=../../../golden/vectors/d128_T100_G128__CQ8
     KEYDIR=../../../golden/vectors/d128_T100_G128__CQ8
[V] streaming 100 value tokens
[V] compress side-effects: checking 100 SRAM value records
[V] decompress: reading back 100 tokens (fp32)
[K] CQ-8 per-token keys: streaming 100 key tokens
[K] compress side-effects: checking 100 SRAM key records
[K] decompress: reading back 100 key tokens (fp32)
============================================================
CONFIG d128_cq8: checks=77403 fails=0
KVQ PARITY [d128_cq8]: PASS (bit-exact records + fp32 readback, irq=0)
- tb_kvq_top.sv:540: Verilog $finish
- S i m u l a t i o n   R e p o r t: Verilator 5.044 2026-01-01
- Verilator: $finish at 1ms; walltime 0.160 s; speed 7.000 ms/s
- Verilator: cpu 0.160 s on 1 threads; alloced 7 MB
=== [p_d128_cq4] verilate + build (kvq_engine, -Wall + SVA) ===
/opt/homebrew/bin/verilator --binary --timing --assert -j 0 --timescale 1ns/1ps +define+USE_SVA -Wall lint_waivers.vlt --Mdir build/p_d128_cq4 -o sim --top-module tb_kvq_top -GD=128 -GT=100 -GTIER=1 -GG=128 -GK_OUT=0 -GDEPTH=256 -GKEY_NGRP=0 -GPARTIAL_DEMO=1 -GVECDIR='"../../../golden/vectors/d128_T100_G128__CQ4"' -GKEYDIR='"../../../golden/vectors/d128_T100_G128__CQ4"' -GCFGNAME='"d128_cq4"' tb_kvq_top.sv ../../../rtl/kvq/kvq_engine.sv ../../../rtl/kvq/cores/cq_fp_pkg.sv ../../../rtl/kvq/cores/cq_scale_unit.sv ../../../rtl/kvq/cores/cq_quant_unit.sv ../../../rtl/kvq/cores/cq_dequant_unit.sv ../../../rtl/kvq/cores/scale_bank.sv ../../../rtl/kvq/cores/scale_bank_store.sv ../../../rtl/kvq/cores/cq_rne_div_pipe.sv ../../../rtl/kvq/cores/cq_quant_pipe.sv ../../../rtl/kvq/cores/cq_scale_pipe.sv ../../../rtl/kvq/cores/residual_buffer.sv ../../../rtl/kvq/cores/sram_controller.sv ../../../rtl/kvq/cores/cq_value_path.sv ../../../rtl/kvq/cores/cq_key_path.sv kvq_axis_sva.sv 2>&1 | tee logs/build_p_d128_cq4.log
make[2]: Entering directory '/home/ubuntu/apex/verif/kvq/smoke/build/p_d128_cq4'
make[2]: Nothing to be done for 'default'.
make[2]: Leaving directory '/home/ubuntu/apex/verif/kvq/smoke/build/p_d128_cq4'
- V e r i l a t i o n   R e p o r t: Verilator 5.044 2026-01-01 rev v5.044
- Verilator: Built from 0.000 MB sources in 0 modules, into 0.000 MB in 0 C++ files needing 0.000 MB
- Verilator: Walltime 0.011 s (elab=0.000, cvt=0.000, bld=0.010); cpu 0.001 s on 4 threads; alloced 18.379 MB
=== [p_d128_cq4] simulate ===
./build/p_d128_cq4/sim 2>&1 | tee logs/run_p_d128_cq4.log
==== tb_kvq_top config=d128_cq4 D=128 T=100 TIER=1 G=128 K=0 NGRP=0 partial=1 stall=0 expect_bug=0
     VECDIR=../../../golden/vectors/d128_T100_G128__CQ4
     KEYDIR=../../../golden/vectors/d128_T100_G128__CQ4
[V] streaming 100 value tokens
[V] compress side-effects: checking 100 SRAM value records
[V] decompress: reading back 100 tokens (fp32)
[P] PARTIAL-GROUP DEMO: streaming 100-token tail (g<G=128) — no flush path in the top
[P] confirmed: STATUS.idle=0 — engine wedged in ST_KACCEPT waiting for 28 more tokens
[P] confirmed: OCCUPANCY unchanged (100) — the 100 tail tokens are stranded in the residual buffer
[P] confirmed: READ_ADDR write while wedged is silently dropped (0 output beats in 5000 cycles)
[P] soft reset recovers the engine (STATUS.idle=1); tail data is LOST
[P] post-recovery value round-trip OK — limitation demonstrated, engine usable again
============================================================
CONFIG d128_cq4: checks=32665 fails=0
KVQ PARITY [d128_cq4]: PASS (bit-exact records + fp32 readback, irq=0)
- tb_kvq_top.sv:540: Verilog $finish
- S i m u l a t i o n   R e p o r t: Verilator 5.044 2026-01-01
- Verilator: $finish at 945us; walltime 0.283 s; speed 3.337 ms/s
- Verilator: cpu 0.283 s on 1 threads; alloced 7 MB
=== [p_g128_cq4] verilate + build (kvq_engine, -Wall + SVA) ===
/opt/homebrew/bin/verilator --binary --timing --assert -j 0 --timescale 1ns/1ps +define+USE_SVA -Wall lint_waivers.vlt --Mdir build/p_g128_cq4 -o sim --top-module tb_kvq_top -GD=64 -GT=128 -GTIER=1 -GG=128 -GK_OUT=0 -GDEPTH=256 -GKEY_NGRP=1 -GPARTIAL_DEMO=0 -GVECDIR='"../../../golden/vectors/d64_T128_G64__CQ4"' -GKEYDIR='"../../../golden/vectors/d64_T128_G128__CQ4"' -GCFGNAME='"g128_cq4"' tb_kvq_top.sv ../../../rtl/kvq/kvq_engine.sv ../../../rtl/kvq/cores/cq_fp_pkg.sv ../../../rtl/kvq/cores/cq_scale_unit.sv ../../../rtl/kvq/cores/cq_quant_unit.sv ../../../rtl/kvq/cores/cq_dequant_unit.sv ../../../rtl/kvq/cores/scale_bank.sv ../../../rtl/kvq/cores/scale_bank_store.sv ../../../rtl/kvq/cores/cq_rne_div_pipe.sv ../../../rtl/kvq/cores/cq_quant_pipe.sv ../../../rtl/kvq/cores/cq_scale_pipe.sv ../../../rtl/kvq/cores/residual_buffer.sv ../../../rtl/kvq/cores/sram_controller.sv ../../../rtl/kvq/cores/cq_value_path.sv ../../../rtl/kvq/cores/cq_key_path.sv kvq_axis_sva.sv 2>&1 | tee logs/build_p_g128_cq4.log
make[2]: Entering directory '/home/ubuntu/apex/verif/kvq/smoke/build/p_g128_cq4'
make[2]: Nothing to be done for 'default'.
make[2]: Leaving directory '/home/ubuntu/apex/verif/kvq/smoke/build/p_g128_cq4'
- V e r i l a t i o n   R e p o r t: Verilator 5.044 2026-01-01 rev v5.044
- Verilator: Built from 0.000 MB sources in 0 modules, into 0.000 MB in 0 C++ files needing 0.000 MB
- Verilator: Walltime 0.012 s (elab=0.000, cvt=0.000, bld=0.011); cpu 0.001 s on 4 threads; alloced 18.379 MB
=== [p_g128_cq4] simulate ===
./build/p_g128_cq4/sim 2>&1 | tee logs/run_p_g128_cq4.log
==== tb_kvq_top config=g128_cq4 D=64 T=128 TIER=1 G=128 K=0 NGRP=1 partial=0 stall=0 expect_bug=0
     VECDIR=../../../golden/vectors/d64_T128_G64__CQ4
     KEYDIR=../../../golden/vectors/d64_T128_G128__CQ4
[V] streaming 128 value tokens
[V] compress side-effects: checking 128 SRAM value records
[V] decompress: reading back 128 tokens (fp32)
[K] streaming key group 0 (G=128 tokens) at base 128
[K] group 0 flushed (commit seq 0 -> ssid 0); checking 128 D-026 key records + bank row + readback
============================================================
CONFIG g128_cq4: checks=46019 fails=0
KVQ PARITY [g128_cq4]: PASS (bit-exact records + fp32 readback, irq=0)
- tb_kvq_top.sv:540: Verilog $finish
- S i m u l a t i o n   R e p o r t: Verilator 5.044 2026-01-01
- Verilator: $finish at 673us; walltime 0.182 s; speed 3.706 ms/s
- Verilator: cpu 0.182 s on 1 threads; alloced 7 MB
=== [p_stall] verilate + build (kvq_engine, -Wall + SVA) ===
/opt/homebrew/bin/verilator --binary --timing --assert -j 0 --timescale 1ns/1ps +define+USE_SVA -Wall lint_waivers.vlt --Mdir build/p_stall -o sim --top-module tb_kvq_top \
  -GD=64 -GT=128 -GTIER=1 -GG=64 -GK_OUT=0 -GDEPTH=128 -GKEY_NGRP=1 -GSTALL_MODE=1 -GSTALL_NV=8 -GSTALL_ROUNDS=3 -GEXPECT_BUG=0 -GVECDIR='"../../../golden/vectors/d64_T128_G64__CQ4"' -GKEYDIR='"../../../golden/vectors/d64_T128_G64__CQ4"' -GCFGNAME='"stall_kvq"' tb_kvq_top.sv ../../../rtl/kvq/kvq_engine.sv ../../../rtl/kvq/cores/cq_fp_pkg.sv ../../../rtl/kvq/cores/cq_scale_unit.sv ../../../rtl/kvq/cores/cq_quant_unit.sv ../../../rtl/kvq/cores/cq_dequant_unit.sv ../../../rtl/kvq/cores/scale_bank.sv ../../../rtl/kvq/cores/scale_bank_store.sv ../../../rtl/kvq/cores/cq_rne_div_pipe.sv ../../../rtl/kvq/cores/cq_quant_pipe.sv ../../../rtl/kvq/cores/cq_scale_pipe.sv ../../../rtl/kvq/cores/residual_buffer.sv ../../../rtl/kvq/cores/sram_controller.sv ../../../rtl/kvq/cores/cq_value_path.sv ../../../rtl/kvq/cores/cq_key_path.sv kvq_axis_sva.sv 2>&1 | tee logs/build_p_stall.log
make[2]: Entering directory '/home/ubuntu/apex/verif/kvq/smoke/build/p_stall'
make[2]: Nothing to be done for 'default'.
make[2]: Leaving directory '/home/ubuntu/apex/verif/kvq/smoke/build/p_stall'
- V e r i l a t i o n   R e p o r t: Verilator 5.044 2026-01-01 rev v5.044
- Verilator: Built from 0.000 MB sources in 0 modules, into 0.000 MB in 0 C++ files needing 0.000 MB
- Verilator: Walltime 0.011 s (elab=0.000, cvt=0.000, bld=0.010); cpu 0.001 s on 4 threads; alloced 18.379 MB
=== [p_stall] simulate ===
./build/p_stall/sim 2>&1 | tee logs/run_p_stall.log
==== tb_kvq_top config=stall_kvq D=64 T=128 TIER=1 G=64 K=0 NGRP=1 partial=0 stall=1 expect_bug=0
     VECDIR=../../../golden/vectors/d64_T128_G64__CQ4
     KEYDIR=../../../golden/vectors/d64_T128_G64__CQ4
[S] writing 8 value tokens
[S] writing one key group (G=64) at base 8
[S] read bursts under random tready stalls (1..8-cycle stretches, ~50% duty)
  burst[0] addr=0: beats_accepted=64/64 tlast_seen=1
  burst[1] addr=1: beats_accepted=64/64 tlast_seen=1
  burst[2] addr=2: beats_accepted=64/64 tlast_seen=1
============================================================
STALL: bursts=216 beats_expected=13824 beats_accepted=13824 beats_dropped=0
STALL: data_mismatches_on_accepted=0 bursts_missing_tlast=0
STALL: stability_violations proc=0 sva=0
KVQ STALL [stall_kvq]: PASS — all beats delivered bit-exact under backpressure (irq=0)
- tb_kvq_top.sv:591: Verilog $finish
- S i m u l a t i o n   R e p o r t: Verilator 5.044 2026-01-01
- Verilator: $finish at 414us; walltime 0.102 s; speed 4.055 ms/s
- Verilator: cpu 0.102 s on 1 threads; alloced 7 MB
=== [r_alias] verilate + build (clean-room residual_buffer, -Wall) ===
/opt/homebrew/bin/verilator --binary --timing --assert -j 0 --timescale 1ns/1ps +define+USE_SVA -Wall --Mdir build/r_alias -o sim \
  --top-module tb_residual_alias -GEXPECT_BUG=0 \
  tb_residual_alias.sv ../../../rtl/kvq/cores/residual_buffer.sv 2>&1 | tee logs/build_r_alias.log
make[2]: Entering directory '/home/ubuntu/apex/verif/kvq/smoke/build/r_alias'
make[2]: Nothing to be done for 'default'.
make[2]: Leaving directory '/home/ubuntu/apex/verif/kvq/smoke/build/r_alias'
- V e r i l a t i o n   R e p o r t: Verilator 5.044 2026-01-01 rev v5.044
- Verilator: Built from 0.000 MB sources in 0 modules, into 0.000 MB in 0 C++ files needing 0.000 MB
- Verilator: Walltime 0.007 s (elab=0.000, cvt=0.000, bld=0.006); cpu 0.001 s on 4 threads; alloced 18.379 MB
=== [r_alias] simulate ===
./build/r_alias/sim 2>&1 | tee logs/run_r_alias.log
==== tb_residual_alias G=64 expect_bug=0 (D-016c: cnt==G write alias)
============================================================
CONFIG resid_alias: checks=4 fails=0
D-016c RESULT [resid_alias]: PASS — overflow write dropped, mem[0..G-1] and fill intact
- tb_residual_alias.sv:124: Verilog $finish
- S i m u l a t i o n   R e p o r t: Verilator 5.044 2026-01-01
- Verilator: $finish at 765ns; walltime 0.000 s; speed 11.411 ms/s
- Verilator: cpu 0.000 s on 1 threads; alloced 6 MB
=== [r_rwait] verilate + build (kvq_engine, -Wall + SVA) ===
/opt/homebrew/bin/verilator --binary --timing --assert -j 0 --timescale 1ns/1ps +define+USE_SVA -Wall lint_waivers.vlt --Mdir build/r_rwait -o sim --top-module tb_kvq_rwait -GEXPECT_BUG=0 -GVECDIR='"../../../golden/vectors/d64_T128_G64__CQ4"' tb_kvq_rwait.sv ../../../rtl/kvq/kvq_engine.sv ../../../rtl/kvq/cores/cq_fp_pkg.sv ../../../rtl/kvq/cores/cq_scale_unit.sv ../../../rtl/kvq/cores/cq_quant_unit.sv ../../../rtl/kvq/cores/cq_dequant_unit.sv ../../../rtl/kvq/cores/scale_bank.sv ../../../rtl/kvq/cores/scale_bank_store.sv ../../../rtl/kvq/cores/cq_rne_div_pipe.sv ../../../rtl/kvq/cores/cq_quant_pipe.sv ../../../rtl/kvq/cores/cq_scale_pipe.sv ../../../rtl/kvq/cores/residual_buffer.sv ../../../rtl/kvq/cores/sram_controller.sv ../../../rtl/kvq/cores/cq_value_path.sv ../../../rtl/kvq/cores/cq_key_path.sv kvq_axis_sva.sv 2>&1 | tee logs/build_r_rwait.log
make[2]: Entering directory '/home/ubuntu/apex/verif/kvq/smoke/build/r_rwait'
make[2]: Nothing to be done for 'default'.
make[2]: Leaving directory '/home/ubuntu/apex/verif/kvq/smoke/build/r_rwait'
- V e r i l a t i o n   R e p o r t: Verilator 5.044 2026-01-01 rev v5.044
- Verilator: Built from 0.000 MB sources in 0 modules, into 0.000 MB in 0 C++ files needing 0.000 MB
- Verilator: Walltime 0.011 s (elab=0.000, cvt=0.000, bld=0.010); cpu 0.001 s on 4 threads; alloced 18.379 MB
=== [r_rwait] simulate ===
./build/r_rwait/sim 2>&1 | tee logs/run_r_rwait.log
==== tb_kvq_rwait config=rwait expect_bug=0 (D-016a: unwritten-address read)
[R] sanity round-trip at addr 0 OK (checks=65 fails=0)
============================================================
CONFIG rwait: checks=137 fails=0
D-016a RESULT [rwait]: PASS — bounded RWAIT, clean drop, RD_ERR irq + W1C, engine usable
- tb_kvq_rwait.sv:234: Verilog $finish
- S i m u l a t i o n   R e p o r t: Verilator 5.044 2026-01-01
- Verilator: $finish at 4us; walltime 0.004 s; speed 1.096 ms/s
- Verilator: cpu 0.004 s on 1 threads; alloced 7 MB
=== [r_collide] verilate + build (kvq_engine, -Wall + SVA) ===
/opt/homebrew/bin/verilator --binary --timing --assert -j 0 --timescale 1ns/1ps +define+USE_SVA -Wall lint_waivers.vlt --Mdir build/r_collide -o sim --top-module tb_kvq_collide -GEXPECT_BUG=0 -GVECDIR='"../../../golden/vectors/d64_T128_G64__CQ4"' tb_kvq_collide.sv ../../../rtl/kvq/kvq_engine.sv ../../../rtl/kvq/cores/cq_fp_pkg.sv ../../../rtl/kvq/cores/cq_scale_unit.sv ../../../rtl/kvq/cores/cq_quant_unit.sv ../../../rtl/kvq/cores/cq_dequant_unit.sv ../../../rtl/kvq/cores/scale_bank.sv ../../../rtl/kvq/cores/scale_bank_store.sv ../../../rtl/kvq/cores/cq_rne_div_pipe.sv ../../../rtl/kvq/cores/cq_quant_pipe.sv ../../../rtl/kvq/cores/cq_scale_pipe.sv ../../../rtl/kvq/cores/residual_buffer.sv ../../../rtl/kvq/cores/sram_controller.sv ../../../rtl/kvq/cores/cq_value_path.sv ../../../rtl/kvq/cores/cq_key_path.sv kvq_axis_sva.sv 2>&1 | tee logs/build_r_collide.log
make[2]: Entering directory '/home/ubuntu/apex/verif/kvq/smoke/build/r_collide'
make[2]: Nothing to be done for 'default'.
make[2]: Leaving directory '/home/ubuntu/apex/verif/kvq/smoke/build/r_collide'
- V e r i l a t i o n   R e p o r t: Verilator 5.044 2026-01-01 rev v5.044
- Verilator: Built from 0.000 MB sources in 0 modules, into 0.000 MB in 0 C++ files needing 0.000 MB
- Verilator: Walltime 0.011 s (elab=0.000, cvt=0.000, bld=0.010); cpu 0.001 s on 4 threads; alloced 18.379 MB
=== [r_collide] simulate ===
./build/r_collide/sim 2>&1 | tee logs/run_r_collide.log
==== tb_kvq_collide config=collide expect_bug=0 (D-016b: read_req vs accepted beat)
[C] token 0 stored at addr 0; arming the collision
============================================================
CONFIG collide: checks=166 fails=0 (irq=0)
D-016b RESULT [collide]: PASS — accepted beat wins, token stored bit-exact, read deferred not dropped
- tb_kvq_collide.sv:282: Verilog $finish
- S i m u l a t i o n   R e p o r t: Verilator 5.044 2026-01-01
- Verilator: $finish at 6us; walltime 0.005 s; speed 1.327 ms/s
- Verilator: cpu 0.005 s on 1 threads; alloced 7 MB
=== [r_flush] verilate + build (kvq_engine, -Wall + SVA) ===
/opt/homebrew/bin/verilator --binary --timing --assert -j 0 --timescale 1ns/1ps +define+USE_SVA -Wall lint_waivers.vlt --Mdir build/r_flush -o sim --top-module tb_kvq_flush -GEXPECT_BUG=0 -GVECDIR='"../../../golden/vectors/d64_T70_G64__CQ4"' -GKEYDIR='"build/gen_t70"' tb_kvq_flush.sv ../../../rtl/kvq/kvq_engine.sv ../../../rtl/kvq/cores/cq_fp_pkg.sv ../../../rtl/kvq/cores/cq_scale_unit.sv ../../../rtl/kvq/cores/cq_quant_unit.sv ../../../rtl/kvq/cores/cq_dequant_unit.sv ../../../rtl/kvq/cores/scale_bank.sv ../../../rtl/kvq/cores/scale_bank_store.sv ../../../rtl/kvq/cores/cq_rne_div_pipe.sv ../../../rtl/kvq/cores/cq_quant_pipe.sv ../../../rtl/kvq/cores/cq_scale_pipe.sv ../../../rtl/kvq/cores/residual_buffer.sv ../../../rtl/kvq/cores/sram_controller.sv ../../../rtl/kvq/cores/cq_value_path.sv ../../../rtl/kvq/cores/cq_key_path.sv kvq_axis_sva.sv 2>&1 | tee logs/build_r_flush.log
make[2]: Entering directory '/home/ubuntu/apex/verif/kvq/smoke/build/r_flush'
make[2]: Nothing to be done for 'default'.
make[2]: Leaving directory '/home/ubuntu/apex/verif/kvq/smoke/build/r_flush'
- V e r i l a t i o n   R e p o r t: Verilator 5.044 2026-01-01 rev v5.044
- Verilator: Built from 0.000 MB sources in 0 modules, into 0.000 MB in 0 C++ files needing 0.000 MB
- Verilator: Walltime 0.013 s (elab=0.000, cvt=0.000, bld=0.011); cpu 0.001 s on 4 threads; alloced 18.379 MB
=== [r_flush] simulate ===
./build/r_flush/sim 2>&1 | tee logs/run_r_flush.log
==== tb_kvq_flush config=flush expect_bug=0 (D-008: partial-group flush, T=70 G=64 tail g=6)
[F] streaming full key group 0 (G=64) at base 0
[F] streaming partial tail (g=6) at base 64
[F] confirmed: engine parked waiting for 58 more tokens (STATUS.idle=0)
[F] pulsing flush_req
[F] flush emitted the tail: OCCUPANCY 64 -> 70
[F] checking 70 unified D-026 key records (full group + flushed tail) vs python golden
[F] checking persistent scale-bank rows (commit seq 0 -> set 0; the flushed partial group consumed ssid 1)
[F] reading back ALL 70 tokens (fp32) vs python golden
============================================================
CONFIG flush: checks=13714 fails=0 (irq=0)
D-008 RESULT [flush]: PASS — partial group (g=6) flushed, all 70 tokens bit-exact vs python golden
- tb_kvq_flush.sv:316: Verilog $finish
- S i m u l a t i o n   R e p o r t: Verilator 5.044 2026-01-01
- Verilator: $finish at 160us; walltime 0.039 s; speed 4.100 ms/s
- Verilator: cpu 0.039 s on 1 threads; alloced 9 MB

==================== KVQ SMOKE SUMMARY ====================
--- logs/run_p_d128_cq4.log
    [P] confirmed: STATUS.idle=0 — engine wedged in ST_KACCEPT waiting for 28 more tokens
    [P] confirmed: OCCUPANCY unchanged (100) — the 100 tail tokens are stranded in the residual buffer
    [P] confirmed: READ_ADDR write while wedged is silently dropped (0 output beats in 5000 cycles)
    CONFIG d128_cq4: checks=32665 fails=0
    KVQ PARITY [d128_cq4]: PASS (bit-exact records + fp32 readback, irq=0)
--- logs/run_p_d128_cq8.log
    CONFIG d128_cq8: checks=77403 fails=0
    KVQ PARITY [d128_cq8]: PASS (bit-exact records + fp32 readback, irq=0)
--- logs/run_p_d64_cq4.log
    CONFIG d64_cq4: checks=46084 fails=0
    KVQ PARITY [d64_cq4]: PASS (bit-exact records + fp32 readback, irq=0)
--- logs/run_p_d64_cq4p.log
    CONFIG d64_cq4p: checks=46340 fails=0
    KVQ PARITY [d64_cq4p]: PASS (bit-exact records + fp32 readback, irq=0)
--- logs/run_p_d64_cq8.log
    CONFIG d64_cq8: checks=49923 fails=0
    KVQ PARITY [d64_cq8]: PASS (bit-exact records + fp32 readback, irq=0)
--- logs/run_p_d64_t70.log
    [P] confirmed: STATUS.idle=0 — engine wedged in ST_KACCEPT waiting for 58 more tokens
    [P] confirmed: OCCUPANCY unchanged (134) — the 6 tail tokens are stranded in the residual buffer
    [P] confirmed: READ_ADDR write while wedged is silently dropped (0 output beats in 5000 cycles)
    CONFIG d64_t70_cq4: checks=24162 fails=0
    KVQ PARITY [d64_t70_cq4]: PASS (bit-exact records + fp32 readback, irq=0)
--- logs/run_p_g128_cq4.log
    CONFIG g128_cq4: checks=46019 fails=0
    KVQ PARITY [g128_cq4]: PASS (bit-exact records + fp32 readback, irq=0)
--- logs/run_p_stall.log
    KVQ STALL [stall_kvq]: PASS — all beats delivered bit-exact under backpressure (irq=0)
--- logs/run_r_alias.log
    CONFIG resid_alias: checks=4 fails=0
    D-016c RESULT [resid_alias]: PASS — overflow write dropped, mem[0..G-1] and fill intact
--- logs/run_r_collide.log
    CONFIG collide: checks=166 fails=0 (irq=0)
    D-016b RESULT [collide]: PASS — accepted beat wins, token stored bit-exact, read deferred not dropped
--- logs/run_r_flush.log
    [F] confirmed: engine parked waiting for 58 more tokens (STATUS.idle=0)
    CONFIG flush: checks=13714 fails=0 (irq=0)
    D-008 RESULT [flush]: PASS — partial group (g=6) flushed, all 70 tokens bit-exact vs python golden
--- logs/run_r_rwait.log
    [R] sanity round-trip at addr 0 OK (checks=65 fails=0)
    CONFIG rwait: checks=137 fails=0
    D-016a RESULT [rwait]: PASS — bounded RWAIT, clean drop, RD_ERR irq + W1C, engine usable
===========================================================
make[1]: Leaving directory '/home/ubuntu/apex/verif/kvq/smoke'
make -C sb all
make[1]: Entering directory '/home/ubuntu/apex/verif/kvq/sb'
/opt/homebrew/bin/verilator --lint-only -Wall --timing \
  --top-module kvq_engine ../../../rtl/kvq/kvq_engine.sv ../../../rtl/kvq/cores/cq_fp_pkg.sv ../../../rtl/kvq/cores/cq_scale_unit.sv ../../../rtl/kvq/cores/cq_quant_unit.sv ../../../rtl/kvq/cores/cq_dequant_unit.sv ../../../rtl/kvq/cores/scale_bank.sv ../../../rtl/kvq/cores/scale_bank_store.sv ../../../rtl/kvq/cores/cq_rne_div_pipe.sv ../../../rtl/kvq/cores/cq_quant_pipe.sv ../../../rtl/kvq/cores/cq_scale_pipe.sv ../../../rtl/kvq/cores/residual_buffer.sv ../../../rtl/kvq/cores/sram_controller.sv ../../../rtl/kvq/cores/cq_value_path.sv ../../../rtl/kvq/cores/cq_key_path.sv
- V e r i l a t i o n   R e p o r t: Verilator 5.044 2026-01-01 rev v5.044
- Verilator: Built from 0.930 MB sources in 15 modules, into 0.546 MB in 3 C++ files needing 0.000 MB
- Verilator: Walltime 0.086 s (elab=0.011, cvt=0.054, bld=0.000); cpu 0.086 s on 1 threads; alloced 26.793 MB
LINT CLEAN (-Wall; rtl/kvq/cores is clean with NO waivers)
mkdir -p build
python3 gen_kvq_sb_vectors.py build | tee build/gen.log
[cq4] toks=207 recs=202 banks=12 txn: V=65 K=109 R=118 SRAMW=128 outliers=[]
[cq8] toks=185 recs=185 banks=0 txn: V=125 K=60 R=132 SRAMW=192 outliers=[]
[cq4p] toks=60 recs=58 banks=5 txn: V=23 K=35 R=41 SRAMW=128 outliers=[4, 10]
[d64] toks=31 recs=29 banks=7 txn: V=11 K=18 R=28 SRAMW=320 outliers=[]
[k5] toks=67 recs=65 banks=7 txn: V=13 K=52 R=46 SRAMW=384 outliers=[7, 27, 45, 58, 60]
REACHABILITY: exhaustive fp16 amax sweep (2x31743 values): rne(x/s) never exceeds +/-qmax with engine-computed scales -> saturation clamp and qmin are UNREACHABLE through kvq_engine
TOTAL randomized/directed transactions: V=237 K=274 R=365 -> 876
GEN OK
mkdir -p build/obj_cq4
/opt/homebrew/bin/verilator --binary --timing --assert -j 0 -Wall --timescale 1ns/1ps --top-module tb_kvq_sb -Mdir build/obj_cq4 -o sim -GD=16 -GTIER=1 -GG=4 -GK_OUT=0 -GDEPTH=64 -GCFGNAME='"cq4"' ../../../rtl/kvq/kvq_engine.sv ../../../rtl/kvq/cores/cq_fp_pkg.sv ../../../rtl/kvq/cores/cq_scale_unit.sv ../../../rtl/kvq/cores/cq_quant_unit.sv ../../../rtl/kvq/cores/cq_dequant_unit.sv ../../../rtl/kvq/cores/scale_bank.sv ../../../rtl/kvq/cores/scale_bank_store.sv ../../../rtl/kvq/cores/cq_rne_div_pipe.sv ../../../rtl/kvq/cores/cq_quant_pipe.sv ../../../rtl/kvq/cores/cq_scale_pipe.sv ../../../rtl/kvq/cores/residual_buffer.sv ../../../rtl/kvq/cores/sram_controller.sv ../../../rtl/kvq/cores/cq_value_path.sv ../../../rtl/kvq/cores/cq_key_path.sv tb_kvq_sb.sv kvq_sb_sva.sv
make[2]: Entering directory '/home/ubuntu/apex/verif/kvq/sb/build/obj_cq4'
make[2]: Nothing to be done for 'default'.
make[2]: Leaving directory '/home/ubuntu/apex/verif/kvq/sb/build/obj_cq4'
- V e r i l a t i o n   R e p o r t: Verilator 5.044 2026-01-01 rev v5.044
- Verilator: Built from 0.000 MB sources in 0 modules, into 0.000 MB in 0 C++ files needing 0.000 MB
- Verilator: Walltime 0.012 s (elab=0.000, cvt=0.000, bld=0.011); cpu 0.001 s on 4 threads; alloced 18.379 MB
mkdir -p build/obj_cq8
/opt/homebrew/bin/verilator --binary --timing --assert -j 0 -Wall --timescale 1ns/1ps --top-module tb_kvq_sb -Mdir build/obj_cq8 -o sim -GD=16 -GTIER=0 -GG=2 -GK_OUT=0 -GDEPTH=64 -GCFGNAME='"cq8"' ../../../rtl/kvq/kvq_engine.sv ../../../rtl/kvq/cores/cq_fp_pkg.sv ../../../rtl/kvq/cores/cq_scale_unit.sv ../../../rtl/kvq/cores/cq_quant_unit.sv ../../../rtl/kvq/cores/cq_dequant_unit.sv ../../../rtl/kvq/cores/scale_bank.sv ../../../rtl/kvq/cores/scale_bank_store.sv ../../../rtl/kvq/cores/cq_rne_div_pipe.sv ../../../rtl/kvq/cores/cq_quant_pipe.sv ../../../rtl/kvq/cores/cq_scale_pipe.sv ../../../rtl/kvq/cores/residual_buffer.sv ../../../rtl/kvq/cores/sram_controller.sv ../../../rtl/kvq/cores/cq_value_path.sv ../../../rtl/kvq/cores/cq_key_path.sv tb_kvq_sb.sv kvq_sb_sva.sv
make[2]: Entering directory '/home/ubuntu/apex/verif/kvq/sb/build/obj_cq8'
make[2]: Nothing to be done for 'default'.
make[2]: Leaving directory '/home/ubuntu/apex/verif/kvq/sb/build/obj_cq8'
- V e r i l a t i o n   R e p o r t: Verilator 5.044 2026-01-01 rev v5.044
- Verilator: Built from 0.000 MB sources in 0 modules, into 0.000 MB in 0 C++ files needing 0.000 MB
- Verilator: Walltime 0.011 s (elab=0.000, cvt=0.000, bld=0.010); cpu 0.001 s on 4 threads; alloced 18.379 MB
mkdir -p build/obj_cq4p
/opt/homebrew/bin/verilator --binary --timing --assert -j 0 -Wall --timescale 1ns/1ps --top-module tb_kvq_sb -Mdir build/obj_cq4p -o sim -GD=16 -GTIER=2 -GG=4 -GK_OUT=2 -GDEPTH=64 -GCFGNAME='"cq4p"' -GMASKFILE='"build/vec_cq4p/mask.u8.hex"' ../../../rtl/kvq/kvq_engine.sv ../../../rtl/kvq/cores/cq_fp_pkg.sv ../../../rtl/kvq/cores/cq_scale_unit.sv ../../../rtl/kvq/cores/cq_quant_unit.sv ../../../rtl/kvq/cores/cq_dequant_unit.sv ../../../rtl/kvq/cores/scale_bank.sv ../../../rtl/kvq/cores/scale_bank_store.sv ../../../rtl/kvq/cores/cq_rne_div_pipe.sv ../../../rtl/kvq/cores/cq_quant_pipe.sv ../../../rtl/kvq/cores/cq_scale_pipe.sv ../../../rtl/kvq/cores/residual_buffer.sv ../../../rtl/kvq/cores/sram_controller.sv ../../../rtl/kvq/cores/cq_value_path.sv ../../../rtl/kvq/cores/cq_key_path.sv tb_kvq_sb.sv kvq_sb_sva.sv
make[2]: Entering directory '/home/ubuntu/apex/verif/kvq/sb/build/obj_cq4p'
make[2]: Nothing to be done for 'default'.
make[2]: Leaving directory '/home/ubuntu/apex/verif/kvq/sb/build/obj_cq4p'
- V e r i l a t i o n   R e p o r t: Verilator 5.044 2026-01-01 rev v5.044
- Verilator: Built from 0.000 MB sources in 0 modules, into 0.000 MB in 0 C++ files needing 0.000 MB
- Verilator: Walltime 0.011 s (elab=0.000, cvt=0.000, bld=0.010); cpu 0.001 s on 4 threads; alloced 18.379 MB
mkdir -p build/obj_d64
/opt/homebrew/bin/verilator --binary --timing --assert -j 0 -Wall --timescale 1ns/1ps --top-module tb_kvq_sb -Mdir build/obj_d64 -o sim -GD=64 -GTIER=1 -GG=8 -GK_OUT=0 -GDEPTH=32 -GCFGNAME='"d64"' ../../../rtl/kvq/kvq_engine.sv ../../../rtl/kvq/cores/cq_fp_pkg.sv ../../../rtl/kvq/cores/cq_scale_unit.sv ../../../rtl/kvq/cores/cq_quant_unit.sv ../../../rtl/kvq/cores/cq_dequant_unit.sv ../../../rtl/kvq/cores/scale_bank.sv ../../../rtl/kvq/cores/scale_bank_store.sv ../../../rtl/kvq/cores/cq_rne_div_pipe.sv ../../../rtl/kvq/cores/cq_quant_pipe.sv ../../../rtl/kvq/cores/cq_scale_pipe.sv ../../../rtl/kvq/cores/residual_buffer.sv ../../../rtl/kvq/cores/sram_controller.sv ../../../rtl/kvq/cores/cq_value_path.sv ../../../rtl/kvq/cores/cq_key_path.sv tb_kvq_sb.sv kvq_sb_sva.sv
make[2]: Entering directory '/home/ubuntu/apex/verif/kvq/sb/build/obj_d64'
make[2]: Nothing to be done for 'default'.
make[2]: Leaving directory '/home/ubuntu/apex/verif/kvq/sb/build/obj_d64'
- V e r i l a t i o n   R e p o r t: Verilator 5.044 2026-01-01 rev v5.044
- Verilator: Built from 0.000 MB sources in 0 modules, into 0.000 MB in 0 C++ files needing 0.000 MB
- Verilator: Walltime 0.011 s (elab=0.000, cvt=0.000, bld=0.010); cpu 0.001 s on 4 threads; alloced 18.379 MB
mkdir -p build/obj_k5
/opt/homebrew/bin/verilator --binary --timing --assert -j 0 -Wall --timescale 1ns/1ps --top-module tb_kvq_sb -Mdir build/obj_k5 -o sim -GD=64 -GTIER=2 -GG=8 -GK_OUT=5 -GDEPTH=32 -GCFGNAME='"k5"' -GMASKFILE='"build/vec_k5/mask.u8.hex"' ../../../rtl/kvq/kvq_engine.sv ../../../rtl/kvq/cores/cq_fp_pkg.sv ../../../rtl/kvq/cores/cq_scale_unit.sv ../../../rtl/kvq/cores/cq_quant_unit.sv ../../../rtl/kvq/cores/cq_dequant_unit.sv ../../../rtl/kvq/cores/scale_bank.sv ../../../rtl/kvq/cores/scale_bank_store.sv ../../../rtl/kvq/cores/cq_rne_div_pipe.sv ../../../rtl/kvq/cores/cq_quant_pipe.sv ../../../rtl/kvq/cores/cq_scale_pipe.sv ../../../rtl/kvq/cores/residual_buffer.sv ../../../rtl/kvq/cores/sram_controller.sv ../../../rtl/kvq/cores/cq_value_path.sv ../../../rtl/kvq/cores/cq_key_path.sv tb_kvq_sb.sv kvq_sb_sva.sv
make[2]: Entering directory '/home/ubuntu/apex/verif/kvq/sb/build/obj_k5'
make[2]: Nothing to be done for 'default'.
make[2]: Leaving directory '/home/ubuntu/apex/verif/kvq/sb/build/obj_k5'
- V e r i l a t i o n   R e p o r t: Verilator 5.044 2026-01-01 rev v5.044
- Verilator: Built from 0.000 MB sources in 0 modules, into 0.000 MB in 0 C++ files needing 0.000 MB
- Verilator: Walltime 0.012 s (elab=0.000, cvt=0.000, bld=0.011); cpu 0.001 s on 4 threads; alloced 18.379 MB
==== tb_kvq_sb cfg=cq4 D=16 TIER=1 G=4 K_OUT=0 DEPTH=64 bp=1 stall=1 seed=11
     vecdir=build/vec_cq4 script=build/vec_cq4/script_main.txt
COV v_tok 65
COV k_tok 109
COV reads 118
COV peeks 79
COV rderr 2
COV w1c 2
COV irq_masked 1
COV occ_check 3
COV sram_full_seen 1
COV flush_pulse 26
COV bank_check 11
COV sb_ovwr_check 4
COV sb_ovwr_w1c 1
COV bp_mode_0 0
COV bp_mode_1 1
COV bp_mode_2 0
COV stall_mode_0 0
COV stall_mode_1 1
COV stall_mode_2 0
COV rst_hard_p1 0
COV rst_hard_p2 0
COV rst_hard_p3 0
COV rst_hard_p4 0
COV rst_hard_p5 0
COV rst_hard_p6 0
COV rst_hard_p7 0
COV rst_hard_p8 0
COV rst_hard_p9 0
COV rst_hard_p10 0
COV rst_hard_p11 0
COV rst_soft_p1 0
COV rst_soft_p2 0
COV rst_soft_p3 0
COV rst_soft_p4 0
COV rst_soft_p5 0
COV rst_soft_p6 0
COV rst_soft_p7 0
COV rst_soft_p8 0
COV rst_soft_p9 0
COV rst_soft_p10 0
COV rst_soft_p11 0
COV rst_collide_kfeed 0
COV rst_collide_rload 0
COV rst_kemit_probe 0
COV framing_early 0
COV framing_notlast 0
COV framing_late 0
CONFIG cq4: checks=4324 fails=0
TB PASS [cq4]: v=65 k=109 reads=118 peeks=79 (bp=1 stall=1 seed=11)
- tb_kvq_sb.sv:1145: Verilog $finish
- S i m u l a t i o n   R e p o r t: Verilator 5.044 2026-01-01
- Verilator: $finish at 217us; walltime 0.051 s; speed 4.235 ms/s
- Verilator: cpu 0.051 s on 1 threads; alloced 7 MB
==== tb_kvq_sb cfg=cq4 D=16 TIER=1 G=4 K_OUT=0 DEPTH=64 bp=0 stall=0 seed=12
     vecdir=build/vec_cq4 script=build/vec_cq4/script_main.txt
COV v_tok 65
COV k_tok 109
COV reads 118
COV peeks 79
COV rderr 2
COV w1c 2
COV irq_masked 1
COV occ_check 3
COV sram_full_seen 1
COV flush_pulse 26
COV bank_check 11
COV sb_ovwr_check 4
COV sb_ovwr_w1c 1
COV bp_mode_0 1
COV bp_mode_1 0
COV bp_mode_2 0
COV stall_mode_0 1
COV stall_mode_1 0
COV stall_mode_2 0
COV rst_hard_p1 0
COV rst_hard_p2 0
COV rst_hard_p3 0
COV rst_hard_p4 0
COV rst_hard_p5 0
COV rst_hard_p6 0
COV rst_hard_p7 0
COV rst_hard_p8 0
COV rst_hard_p9 0
COV rst_hard_p10 0
COV rst_hard_p11 0
COV rst_soft_p1 0
COV rst_soft_p2 0
COV rst_soft_p3 0
COV rst_soft_p4 0
COV rst_soft_p5 0
COV rst_soft_p6 0
COV rst_soft_p7 0
COV rst_soft_p8 0
COV rst_soft_p9 0
COV rst_soft_p10 0
COV rst_soft_p11 0
COV rst_collide_kfeed 0
COV rst_collide_rload 0
COV rst_kemit_probe 0
COV framing_early 0
COV framing_notlast 0
COV framing_late 0
CONFIG cq4: checks=4324 fails=0
TB PASS [cq4]: v=65 k=109 reads=118 peeks=79 (bp=0 stall=0 seed=12)
- tb_kvq_sb.sv:1145: Verilog $finish
- S i m u l a t i o n   R e p o r t: Verilator 5.044 2026-01-01
- Verilator: $finish at 171us; walltime 0.042 s; speed 4.088 ms/s
- Verilator: cpu 0.042 s on 1 threads; alloced 7 MB
==== tb_kvq_sb cfg=cq4 D=16 TIER=1 G=4 K_OUT=0 DEPTH=64 bp=2 stall=2 seed=13
     vecdir=build/vec_cq4 script=build/vec_cq4/script_main.txt
COV v_tok 65
COV k_tok 109
COV reads 118
COV peeks 79
COV rderr 2
COV w1c 2
COV irq_masked 1
COV occ_check 3
COV sram_full_seen 1
COV flush_pulse 26
COV bank_check 11
COV sb_ovwr_check 4
COV sb_ovwr_w1c 1
COV bp_mode_0 0
COV bp_mode_1 0
COV bp_mode_2 1
COV stall_mode_0 0
COV stall_mode_1 0
COV stall_mode_2 1
COV rst_hard_p1 0
COV rst_hard_p2 0
COV rst_hard_p3 0
COV rst_hard_p4 0
COV rst_hard_p5 0
COV rst_hard_p6 0
COV rst_hard_p7 0
COV rst_hard_p8 0
COV rst_hard_p9 0
COV rst_hard_p10 0
COV rst_hard_p11 0
COV rst_soft_p1 0
COV rst_soft_p2 0
COV rst_soft_p3 0
COV rst_soft_p4 0
COV rst_soft_p5 0
COV rst_soft_p6 0
COV rst_soft_p7 0
COV rst_soft_p8 0
COV rst_soft_p9 0
COV rst_soft_p10 0
COV rst_soft_p11 0
COV rst_collide_kfeed 0
COV rst_collide_rload 0
COV rst_kemit_probe 0
COV framing_early 0
COV framing_notlast 0
COV framing_late 0
CONFIG cq4: checks=4324 fails=0
TB PASS [cq4]: v=65 k=109 reads=118 peeks=79 (bp=2 stall=2 seed=13)
- tb_kvq_sb.sv:1145: Verilog $finish
- S i m u l a t i o n   R e p o r t: Verilator 5.044 2026-01-01
- Verilator: $finish at 525us; walltime 0.122 s; speed 4.288 ms/s
- Verilator: cpu 0.122 s on 1 threads; alloced 7 MB
==== tb_kvq_sb cfg=cq8 D=16 TIER=0 G=2 K_OUT=0 DEPTH=64 bp=1 stall=1 seed=14
     vecdir=build/vec_cq8 script=build/vec_cq8/script_main.txt
COV v_tok 125
COV k_tok 60
COV reads 132
COV peeks 62
COV rderr 0
COV w1c 0
COV irq_masked 0
COV occ_check 1
COV sram_full_seen 0
COV flush_pulse 0
COV bank_check 0
COV sb_ovwr_check 0
COV sb_ovwr_w1c 0
COV bp_mode_0 0
COV bp_mode_1 1
COV bp_mode_2 0
COV stall_mode_0 0
COV stall_mode_1 1
COV stall_mode_2 0
COV rst_hard_p1 0
COV rst_hard_p2 0
COV rst_hard_p3 0
COV rst_hard_p4 0
COV rst_hard_p5 0
COV rst_hard_p6 0
COV rst_hard_p7 0
COV rst_hard_p8 0
COV rst_hard_p9 0
COV rst_hard_p10 0
COV rst_hard_p11 0
COV rst_soft_p1 0
COV rst_soft_p2 0
COV rst_soft_p3 0
COV rst_soft_p4 0
COV rst_soft_p5 0
COV rst_soft_p6 0
COV rst_soft_p7 0
COV rst_soft_p8 0
COV rst_soft_p9 0
COV rst_soft_p10 0
COV rst_soft_p11 0
COV rst_collide_kfeed 0
COV rst_collide_rload 0
COV rst_kemit_probe 0
COV framing_early 0
COV framing_notlast 0
COV framing_late 0
CONFIG cq8: checks=4737 fails=0
TB PASS [cq8]: v=125 k=60 reads=132 peeks=62 (bp=1 stall=1 seed=14)
- tb_kvq_sb.sv:1145: Verilog $finish
- S i m u l a t i o n   R e p o r t: Verilator 5.044 2026-01-01
- Verilator: $finish at 255us; walltime 0.038 s; speed 6.723 ms/s
- Verilator: cpu 0.038 s on 1 threads; alloced 7 MB
==== tb_kvq_sb cfg=cq4p D=16 TIER=2 G=4 K_OUT=2 DEPTH=64 bp=1 stall=1 seed=15
     vecdir=build/vec_cq4p script=build/vec_cq4p/script_main.txt
COV v_tok 23
COV k_tok 35
COV reads 41
COV peeks 41
COV rderr 0
COV w1c 0
COV irq_masked 0
COV occ_check 0
COV sram_full_seen 0
COV flush_pulse 3
COV bank_check 5
COV sb_ovwr_check 0
COV sb_ovwr_w1c 0
COV bp_mode_0 0
COV bp_mode_1 1
COV bp_mode_2 0
COV stall_mode_0 0
COV stall_mode_1 1
COV stall_mode_2 0
COV rst_hard_p1 0
COV rst_hard_p2 0
COV rst_hard_p3 0
COV rst_hard_p4 0
COV rst_hard_p5 0
COV rst_hard_p6 0
COV rst_hard_p7 0
COV rst_hard_p8 0
COV rst_hard_p9 0
COV rst_hard_p10 0
COV rst_hard_p11 0
COV rst_soft_p1 0
COV rst_soft_p2 0
COV rst_soft_p3 0
COV rst_soft_p4 0
COV rst_soft_p5 0
COV rst_soft_p6 0
COV rst_soft_p7 0
COV rst_soft_p8 0
COV rst_soft_p9 0
COV rst_soft_p10 0
COV rst_soft_p11 0
COV rst_collide_kfeed 0
COV rst_collide_rload 0
COV rst_kemit_probe 0
COV framing_early 0
COV framing_notlast 0
COV framing_late 0
CONFIG cq4p: checks=1502 fails=0
TB PASS [cq4p]: v=23 k=35 reads=41 peeks=41 (bp=1 stall=1 seed=15)
- tb_kvq_sb.sv:1145: Verilog $finish
- S i m u l a t i o n   R e p o r t: Verilator 5.044 2026-01-01
- Verilator: $finish at 71us; walltime 0.018 s; speed 3.981 ms/s
- Verilator: cpu 0.018 s on 1 threads; alloced 7 MB
==== tb_kvq_sb cfg=d64 D=64 TIER=1 G=8 K_OUT=0 DEPTH=32 bp=1 stall=2 seed=16
     vecdir=build/vec_d64 script=build/vec_d64/script_main.txt
COV v_tok 11
COV k_tok 18
COV reads 28
COV peeks 28
COV rderr 1
COV w1c 1
COV irq_masked 0
COV occ_check 0
COV sram_full_seen 0
COV flush_pulse 2
COV bank_check 7
COV sb_ovwr_check 0
COV sb_ovwr_w1c 0
COV bp_mode_0 0
COV bp_mode_1 1
COV bp_mode_2 0
COV stall_mode_0 0
COV stall_mode_1 0
COV stall_mode_2 1
COV rst_hard_p1 0
COV rst_hard_p2 0
COV rst_hard_p3 0
COV rst_hard_p4 0
COV rst_hard_p5 0
COV rst_hard_p6 0
COV rst_hard_p7 0
COV rst_hard_p8 0
COV rst_hard_p9 0
COV rst_hard_p10 0
COV rst_hard_p11 0
COV rst_soft_p1 0
COV rst_soft_p2 0
COV rst_soft_p3 0
COV rst_soft_p4 0
COV rst_soft_p5 0
COV rst_soft_p6 0
COV rst_soft_p7 0
COV rst_soft_p8 0
COV rst_soft_p9 0
COV rst_soft_p10 0
COV rst_soft_p11 0
COV rst_collide_kfeed 0
COV rst_collide_rload 0
COV rst_kemit_probe 0
COV framing_early 0
COV framing_notlast 0
COV framing_late 0
CONFIG d64: checks=3715 fails=0
TB PASS [d64]: v=11 k=18 reads=28 peeks=28 (bp=1 stall=2 seed=16)
- tb_kvq_sb.sv:1145: Verilog $finish
- S i m u l a t i o n   R e p o r t: Verilator 5.044 2026-01-01
- Verilator: $finish at 181us; walltime 0.044 s; speed 4.090 ms/s
- Verilator: cpu 0.044 s on 1 threads; alloced 8 MB
==== tb_kvq_sb cfg=k5 D=64 TIER=2 G=8 K_OUT=5 DEPTH=32 bp=1 stall=1 seed=19
     vecdir=build/vec_k5 script=build/vec_k5/script_main.txt
COV v_tok 13
COV k_tok 52
COV reads 46
COV peeks 46
COV rderr 1
COV w1c 1
COV irq_masked 0
COV occ_check 0
COV sram_full_seen 0
COV flush_pulse 5
COV bank_check 7
COV sb_ovwr_check 0
COV sb_ovwr_w1c 0
COV bp_mode_0 0
COV bp_mode_1 1
COV bp_mode_2 0
COV stall_mode_0 0
COV stall_mode_1 1
COV stall_mode_2 0
COV rst_hard_p1 0
COV rst_hard_p2 0
COV rst_hard_p3 0
COV rst_hard_p4 0
COV rst_hard_p5 0
COV rst_hard_p6 0
COV rst_hard_p7 0
COV rst_hard_p8 0
COV rst_hard_p9 0
COV rst_hard_p10 0
COV rst_hard_p11 0
COV rst_soft_p1 0
COV rst_soft_p2 0
COV rst_soft_p3 0
COV rst_soft_p4 0
COV rst_soft_p5 0
COV rst_soft_p6 0
COV rst_soft_p7 0
COV rst_soft_p8 0
COV rst_soft_p9 0
COV rst_soft_p10 0
COV rst_soft_p11 0
COV rst_collide_kfeed 0
COV rst_collide_rload 0
COV rst_kemit_probe 0
COV framing_early 0
COV framing_notlast 0
COV framing_late 0
CONFIG k5: checks=6112 fails=0
TB PASS [k5]: v=13 k=52 reads=46 peeks=46 (bp=1 stall=1 seed=19)
- tb_kvq_sb.sv:1145: Verilog $finish
- S i m u l a t i o n   R e p o r t: Verilator 5.044 2026-01-01
- Verilator: $finish at 224us; walltime 0.061 s; speed 3.703 ms/s
- Verilator: cpu 0.061 s on 1 threads; alloced 8 MB
==== tb_kvq_sb cfg=cq4 D=16 TIER=1 G=4 K_OUT=0 DEPTH=64 bp=0 stall=0 seed=17
     vecdir=build/vec_cq4 script=build/vec_cq4/script_framing.txt
OBSERVED [M mode=3] cyc=3070: framing desync — engine parked mid-phantom-token (STATUS.idle=0), as expected for malformed input
COV v_tok 3
COV k_tok 0
COV reads 4
COV peeks 4
COV rderr 0
COV w1c 0
COV irq_masked 0
COV occ_check 0
COV sram_full_seen 0
COV flush_pulse 0
COV bank_check 0
COV sb_ovwr_check 0
COV sb_ovwr_w1c 0
COV bp_mode_0 1
COV bp_mode_1 0
COV bp_mode_2 0
COV stall_mode_0 1
COV stall_mode_1 0
COV stall_mode_2 0
COV rst_hard_p1 0
COV rst_hard_p2 0
COV rst_hard_p3 0
COV rst_hard_p4 0
COV rst_hard_p5 0
COV rst_hard_p6 0
COV rst_hard_p7 0
COV rst_hard_p8 0
COV rst_hard_p9 0
COV rst_hard_p10 0
COV rst_hard_p11 0
COV rst_soft_p1 0
COV rst_soft_p2 0
COV rst_soft_p3 0
COV rst_soft_p4 0
COV rst_soft_p5 0
COV rst_soft_p6 0
COV rst_soft_p7 0
COV rst_soft_p8 0
COV rst_soft_p9 0
COV rst_soft_p10 0
COV rst_soft_p11 0
COV rst_collide_kfeed 0
COV rst_collide_rload 0
COV rst_kemit_probe 0
COV framing_early 1
COV framing_notlast 1
COV framing_late 1
CONFIG cq4: checks=148 fails=0
TB PASS [cq4]: v=3 k=0 reads=4 peeks=4 (bp=0 stall=0 seed=17)
- tb_kvq_sb.sv:1145: Verilog $finish
- S i m u l a t i o n   R e p o r t: Verilator 5.044 2026-01-01
- Verilator: $finish at 33us; walltime 0.009 s; speed 3.648 ms/s
- Verilator: cpu 0.009 s on 1 threads; alloced 7 MB
==== tb_kvq_sb cfg=cq4 D=16 TIER=1 G=4 K_OUT=0 DEPTH=64 bp=0 stall=0 seed=18
     vecdir=build/vec_cq4 script=build/vec_cq4/script_reset.txt
RESET [X k=0 p=1] cyc=33: hard reset in FSM phase 1 (target 1)
RESET [X k=0 p=2] cyc=198: hard reset in FSM phase 2 (target 2)
RESET [X k=0 p=3] cyc=431: hard reset in FSM phase 3 (target 3)
RESET [X k=0 p=4] cyc=671: hard reset in FSM phase 4 (target 4)
RESET [X k=0 p=5] cyc=912: hard reset in FSM phase 5 (target 5)
RESET [X k=0 p=6] cyc=1155: hard reset in FSM phase 6 (target 6)
RESET [X k=0 p=7] cyc=1307: hard reset in FSM phase 7 (target 7)
RESET [X k=0 p=8] cyc=1472: hard reset in FSM phase 8 (target 8)
RESET [X k=0 p=9] cyc=1638: hard reset in FSM phase 9 (target 9)
RESET [X k=0 p=10] cyc=1858: hard reset in FSM phase 10 (target 10)
RESET [X k=0 p=11] cyc=2117: hard reset in FSM phase 11 (target 11)
RESET [X k=1 p=1] cyc=2269: soft reset in FSM phase 1 (target 1)
RESET [X k=1 p=2] cyc=2433: soft reset in FSM phase 2 (target 2)
RESET [X k=1 p=6] cyc=2675: soft reset in FSM phase 6 (target 6)
RESET [X k=1 p=7] cyc=2845: soft reset in FSM phase 7 (target 7)
RESET [X k=1 p=9] cyc=3010: soft reset in FSM phase 9 (target 9)
RESET [X k=1 p=11] cyc=3268: soft reset in FSM phase 11 (target 11)
RESET [X k=4 p=10] cyc=3897: soft reset in FSM phase 10 (target 10)
COV v_tok 19
COV k_tok 4
COV reads 23
COV peeks 23
COV rderr 0
COV w1c 0
COV irq_masked 0
COV occ_check 0
COV sram_full_seen 0
COV flush_pulse 0
COV bank_check 1
COV sb_ovwr_check 0
COV sb_ovwr_w1c 0
COV bp_mode_0 1
COV bp_mode_1 0
COV bp_mode_2 0
COV stall_mode_0 1
COV stall_mode_1 0
COV stall_mode_2 0
COV rst_hard_p1 1
COV rst_hard_p2 1
COV rst_hard_p3 1
COV rst_hard_p4 1
COV rst_hard_p5 1
COV rst_hard_p6 1
COV rst_hard_p7 1
COV rst_hard_p8 1
COV rst_hard_p9 1
COV rst_hard_p10 1
COV rst_hard_p11 1
COV rst_soft_p1 1
COV rst_soft_p2 1
COV rst_soft_p3 0
COV rst_soft_p4 0
COV rst_soft_p5 0
COV rst_soft_p6 1
COV rst_soft_p7 1
COV rst_soft_p8 0
COV rst_soft_p9 1
COV rst_soft_p10 1
COV rst_soft_p11 1
COV rst_collide_kfeed 1
COV rst_collide_rload 1
COV rst_kemit_probe 1
COV framing_early 0
COV framing_notlast 0
COV framing_late 0
CONFIG cq4: checks=980 fails=0
TB PASS [cq4]: v=19 k=4 reads=23 peeks=23 (bp=0 stall=0 seed=18)
- tb_kvq_sb.sv:1145: Verilog $finish
- S i m u l a t i o n   R e p o r t: Verilator 5.044 2026-01-01
- Verilator: $finish at 43us; walltime 0.012 s; speed 3.728 ms/s
- Verilator: cpu 0.012 s on 1 threads; alloced 7 MB
==== KVQ SB coverage (16 inputs) ====
  [OK ] bank_check                       64 (min 20)
  [OK ] bp_mode_0                         4 (min 1)
  [OK ] bp_mode_1                         5 (min 1)
  [OK ] bp_mode_2                         1 (min 1)
  [OK ] eps_clamp                        45 (min 2)
  [OK ] flush_during_emit                 1 (min 1)
  [OK ] flush_midtoken                    1 (min 1)
  [OK ] flush_noop_idle                   1 (min 1)
  [OK ] flush_on_full                     1 (min 1)
  [OK ] flush_pulse                     114 (min 5)
  [OK ] framing_early                     2 (min 1)
  [OK ] framing_late                      2 (min 1)
  [OK ] framing_notlast                   2 (min 1)
  [OK ] irq_masked                        5 (min 1)
  [OK ] k_flush_g1                       11 (min 1)
  [OK ] k_flush_gm1                       9 (min 2)
  [OK ] k_flush_mid                      12 (min 1)
  [OK ] k_group_full                     27 (min 3)
  [OK ] k_tok                           605 (min 150)
  [OK ] maxnorm_tok                       5 (min 2)
  [OK ] neg_amax_winner                 169 (min 3)
  [OK ] negzero_outlier                   2 (min 1)
  [OK ] occ_check                        16 (min 3)
  [OK ] outlier_lanes5                    1 (min 1)
  [OK ] overwrite                       300 (min 5)
  [OK ] peeks                           520 (min 200)
  [OK ] qmin_unreachable_proof            1 (min 1)
  [OK ] rand_k                          108 (min 80)
  [OK ] rand_v                          205 (min 150)
  [OK ] rderr                            14 (min 3)
  [OK ] reads                           746 (min 250)
  [OK ] rst_collide_kfeed                 1 (min 1)
  [OK ] rst_collide_rload                 1 (min 1)
  [OK ] rst_hard_p1                       1 (min 1)
  [OK ] rst_hard_p10                      1 (min 1)
  [OK ] rst_hard_p11                      1 (min 1)
  [OK ] rst_hard_p2                       1 (min 1)
  [OK ] rst_hard_p3                       1 (min 1)
  [OK ] rst_hard_p4                       1 (min 1)
  [OK ] rst_hard_p5                       1 (min 1)
  [OK ] rst_hard_p6                       1 (min 1)
  [OK ] rst_hard_p7                       1 (min 1)
  [OK ] rst_hard_p8                       1 (min 1)
  [OK ] rst_hard_p9                       1 (min 1)
  [OK ] rst_kemit_probe                   1 (min 1)
  [OK ] rst_soft_p1                       1 (min 1)
  [OK ] rst_soft_p10                      1 (min 1)
  [OK ] rst_soft_p11                      1 (min 1)
  [OK ] rst_soft_p2                       1 (min 1)
  [----] rst_soft_p3                       0 (min 0)
  [----] rst_soft_p4                       0 (min 0)
  [----] rst_soft_p5                       0 (min 0)
  [OK ] rst_soft_p6                       1 (min 1)
  [OK ] rst_soft_p7                       1 (min 1)
  [----] rst_soft_p8                       0 (min 0)
  [OK ] rst_soft_p9                       1 (min 1)
  [OK ] satpos_unreachable_proof          1 (min 1)
  [OK ] sb_ovwr_check                    16 (min 4)
  [OK ] sb_ovwr_w1c                       4 (min 1)
  [OK ] sram_full_seen                    5 (min 1)
  [OK ] stale_key_read                   55 (min 3)
  [OK ] stall_mode_0                      4 (min 1)
  [OK ] stall_mode_1                      4 (min 1)
  [OK ] stall_mode_2                      2 (min 1)
  [OK ] subnormal_tok                     5 (min 1)
  [OK ] tie_hits                        174 (min 8)
  [OK ] v_tok                           454 (min 200)
  [OK ] w1c                              14 (min 3)
  [OK ] zero_tok                          5 (min 2)
---- reachability notes ----
  sat_pos / qmin(-8): unreachable through the top (exhaustive fp16 sweep)
  rst_soft_p3/p4/p5/p8: single-cycle states — covered by the deterministic
    collision tests (rst_collide_rload / rst_collide_kfeed) instead
COVERAGE GATE: PASS — all required buckets closed
MUTATION CAUGHT [data]
    FAIL cyc=105: P addr=0 ridx=0: record mismatch
    FAIL cyc=128: R addr=0 beat=0: got 38800000 exp 00000000 (hidx=0)
    FAIL cyc=225: P addr=1 ridx=1: record mismatch
MUTATION CAUGHT [round]
    FAIL cyc=465: P addr=3 ridx=3: record mismatch
    FAIL cyc=488: R addr=3 beat=1: got 40400000 exp 40000000 (hidx=3)
    FAIL cyc=488: R addr=3 beat=3: got c0400000 exp c0000000 (hidx=3)
MUTATION CAUGHT [last]
    SVA-VIOL [ap_m_last_pos] tlast=1 on beat 1 of a 16-beat burst
    SVA-VIOL [ap_m_last_pos] tlast=1 on beat 13 of a 16-beat burst
    FAIL cyc=128: R addr=0 beat=1: tlast=1 wrong
MUTATION CAUGHT [ssid]
    FAIL cyc=1219: P addr=12 ridx=10: record mismatch
    FAIL cyc=1249: B set=1 bidx=1: bank row mismatch
    FAIL cyc=1399: P addr=14 ridx=11: record mismatch
MUTATION CAUGHT [bank]
    FAIL cyc=1058: R addr=9 beat=0: got c6b92800 exp c6b91000 (hidx=7)
    FAIL cyc=1088: R addr=10 beat=0: got 45f6e000 exp 45f6c000 (hidx=8)
    FAIL cyc=1118: R addr=11 beat=0: got c7580400 exp c757e800 (hidx=9)

==================== KVQ SB GATE ====================
--- build/run_cq4.log
    CONFIG cq4: checks=4324 fails=0
    TB PASS [cq4]: v=65 k=109 reads=118 peeks=79 (bp=1 stall=1 seed=11)
--- build/run_cq4_fast.log
    CONFIG cq4: checks=4324 fails=0
    TB PASS [cq4]: v=65 k=109 reads=118 peeks=79 (bp=0 stall=0 seed=12)
--- build/run_cq4_storm.log
    CONFIG cq4: checks=4324 fails=0
    TB PASS [cq4]: v=65 k=109 reads=118 peeks=79 (bp=2 stall=2 seed=13)
--- build/run_cq4p.log
    CONFIG cq4p: checks=1502 fails=0
    TB PASS [cq4p]: v=23 k=35 reads=41 peeks=41 (bp=1 stall=1 seed=15)
--- build/run_cq8.log
    CONFIG cq8: checks=4737 fails=0
    TB PASS [cq8]: v=125 k=60 reads=132 peeks=62 (bp=1 stall=1 seed=14)
--- build/run_d64.log
    CONFIG d64: checks=3715 fails=0
    TB PASS [d64]: v=11 k=18 reads=28 peeks=28 (bp=1 stall=2 seed=16)
--- build/run_framing.log
    CONFIG cq4: checks=148 fails=0
    TB PASS [cq4]: v=3 k=0 reads=4 peeks=4 (bp=0 stall=0 seed=17)
--- build/run_k5.log
    CONFIG k5: checks=6112 fails=0
    TB PASS [k5]: v=13 k=52 reads=46 peeks=46 (bp=1 stall=1 seed=19)
--- build/run_mut_bank.log
    CONFIG cq4: checks=4324 fails=51
    TB FAIL [cq4]: 51 fail(s) across 4324 checks
--- build/run_mut_data.log
    CONFIG cq4: checks=4324 fails=61
    TB FAIL [cq4]: 61 fail(s) across 4324 checks
--- build/run_mut_last.log
    CONFIG cq4: checks=4324 fails=118
    TB FAIL [cq4]: 118 fail(s) across 4324 checks
--- build/run_mut_round.log
    CONFIG cq4: checks=4324 fails=10
    TB FAIL [cq4]: 10 fail(s) across 4324 checks
--- build/run_mut_ssid.log
    CONFIG cq4: checks=4324 fails=452
    TB FAIL [cq4]: 452 fail(s) across 4324 checks
--- build/run_reset.log
    CONFIG cq4: checks=980 fails=0
    TB PASS [cq4]: v=19 k=4 reads=23 peeks=23 (bp=0 stall=0 seed=18)
    COVERAGE GATE: PASS — all required buckets closed
GATE: PASS — all runs, coverage and mutation checks clean
make[1]: Leaving directory '/home/ubuntu/apex/verif/kvq/sb'
make: Leaving directory '/home/ubuntu/apex/verif/kvq'
make: Entering directory '/home/ubuntu/apex/verif/kvq/audit'
/opt/homebrew/bin/verilator --lint-only -Wall --timing ../../../verif/kvq/smoke/lint_waivers.vlt \
  --top-module kvq_engine ../../../rtl/kvq/kvq_engine.sv ../../../rtl/kvq/cores/cq_fp_pkg.sv ../../../rtl/kvq/cores/cq_scale_unit.sv ../../../rtl/kvq/cores/cq_quant_unit.sv ../../../rtl/kvq/cores/cq_dequant_unit.sv ../../../rtl/kvq/cores/scale_bank.sv ../../../rtl/kvq/cores/scale_bank_store.sv ../../../rtl/kvq/cores/cq_rne_div_pipe.sv ../../../rtl/kvq/cores/cq_quant_pipe.sv ../../../rtl/kvq/cores/cq_scale_pipe.sv ../../../rtl/kvq/cores/residual_buffer.sv ../../../rtl/kvq/cores/sram_controller.sv ../../../rtl/kvq/cores/cq_value_path.sv ../../../rtl/kvq/cores/cq_key_path.sv
- V e r i l a t i o n   R e p o r t: Verilator 5.044 2026-01-01 rev v5.044
- Verilator: Built from 0.941 MB sources in 15 modules, into 0.546 MB in 3 C++ files needing 0.000 MB
- Verilator: Walltime 0.086 s (elab=0.011, cvt=0.054, bld=0.000); cpu 0.086 s on 1 threads; alloced 26.805 MB
LINT CLEAN (-Wall; waivers scoped per-line to rtl/kvq/vendor only)
mkdir -p build
python3 gen_audit_vectors.py build | tee build/gen.log
[rst_cq4] NV=24 NK=8 toks=61 recs=57 banks=8 SRAMW=128 outliers=[]
[rst_cq4p] NV=12 NK=8 toks=49 recs=45 banks=8 SRAMW=128 outliers=[4, 11]
[rst_d64] NV=8 NK=4 toks=49 recs=41 banks=4 SRAMW=320 outliers=[]
[rst_cq8] NV=12 NK=0 toks=15 recs=13 banks=0 SRAMW=192 outliers=[]
[negz_d64p] NV=6 NK=4 toks=47 recs=39 banks=4 SRAMW=384 outliers=[1, 9, 32, 44]
GEN OK
mkdir -p build/obj_rst_cq4
/opt/homebrew/bin/verilator --binary --timing --assert -j 0 -Wall --timescale 1ns/1ps ../../../verif/kvq/smoke/lint_waivers.vlt --top-module tb_kvq_audit -Mdir build/obj_rst_cq4 -o sim -GD=16 -GTIER=1 -GG=4 -GK_OUT=0 -GDEPTH=64 -GNV=24 -GNK=8 -GCFGNAME='"rst_cq4"' ../../../rtl/kvq/kvq_engine.sv ../../../rtl/kvq/cores/cq_fp_pkg.sv ../../../rtl/kvq/cores/cq_scale_unit.sv ../../../rtl/kvq/cores/cq_quant_unit.sv ../../../rtl/kvq/cores/cq_dequant_unit.sv ../../../rtl/kvq/cores/scale_bank.sv ../../../rtl/kvq/cores/scale_bank_store.sv ../../../rtl/kvq/cores/cq_rne_div_pipe.sv ../../../rtl/kvq/cores/cq_quant_pipe.sv ../../../rtl/kvq/cores/cq_scale_pipe.sv ../../../rtl/kvq/cores/residual_buffer.sv ../../../rtl/kvq/cores/sram_controller.sv ../../../rtl/kvq/cores/cq_value_path.sv ../../../rtl/kvq/cores/cq_key_path.sv tb_kvq_audit.sv ../sb/kvq_sb_sva.sv
make[1]: Entering directory '/home/ubuntu/apex/verif/kvq/audit/build/obj_rst_cq4'
g++ -Os  -I.  -MMD -I/usr/local/share/verilator/include -I/usr/local/share/verilator/include/vltstd -DVERILATOR=1 -DVM_COVERAGE=0 -DVM_SC=0 -DVM_TIMING=1 -DVM_TRACE=0 -DVM_TRACE_FST=0 -DVM_TRACE_VCD=0 -DVM_TRACE_SAIF=0 -faligned-new -fcf-protection=none -Wno-bool-operation -Wno-int-in-bool-context -Wno-shadow -Wno-sign-compare -Wno-subobject-linkage -Wno-tautological-compare -Wno-uninitialized -Wno-unused-but-set-parameter -Wno-unused-but-set-variable -Wno-unused-parameter -Wno-unused-variable    -DVL_TIME_CONTEXT   -fcoroutines -c -o verilated.o /usr/local/share/verilator/include/verilated.cpp
g++ -Os  -I.  -MMD -I/usr/local/share/verilator/include -I/usr/local/share/verilator/include/vltstd -DVERILATOR=1 -DVM_COVERAGE=0 -DVM_SC=0 -DVM_TIMING=1 -DVM_TRACE=0 -DVM_TRACE_FST=0 -DVM_TRACE_VCD=0 -DVM_TRACE_SAIF=0 -faligned-new -fcf-protection=none -Wno-bool-operation -Wno-int-in-bool-context -Wno-shadow -Wno-sign-compare -Wno-subobject-linkage -Wno-tautological-compare -Wno-uninitialized -Wno-unused-but-set-parameter -Wno-unused-but-set-variable -Wno-unused-parameter -Wno-unused-variable    -DVL_TIME_CONTEXT   -fcoroutines -c -o verilated_timing.o /usr/local/share/verilator/include/verilated_timing.cpp
g++ -Os  -I.  -MMD -I/usr/local/share/verilator/include -I/usr/local/share/verilator/include/vltstd -DVERILATOR=1 -DVM_COVERAGE=0 -DVM_SC=0 -DVM_TIMING=1 -DVM_TRACE=0 -DVM_TRACE_FST=0 -DVM_TRACE_VCD=0 -DVM_TRACE_SAIF=0 -faligned-new -fcf-protection=none -Wno-bool-operation -Wno-int-in-bool-context -Wno-shadow -Wno-sign-compare -Wno-subobject-linkage -Wno-tautological-compare -Wno-uninitialized -Wno-unused-but-set-parameter -Wno-unused-but-set-variable -Wno-unused-parameter -Wno-unused-variable    -DVL_TIME_CONTEXT   -fcoroutines -c -o verilated_threads.o /usr/local/share/verilator/include/verilated_threads.cpp
g++ -Os  -I.  -MMD -I/usr/local/share/verilator/include -I/usr/local/share/verilator/include/vltstd -DVERILATOR=1 -DVM_COVERAGE=0 -DVM_SC=0 -DVM_TIMING=1 -DVM_TRACE=0 -DVM_TRACE_FST=0 -DVM_TRACE_VCD=0 -DVM_TRACE_SAIF=0 -faligned-new -fcf-protection=none -Wno-bool-operation -Wno-int-in-bool-context -Wno-shadow -Wno-sign-compare -Wno-subobject-linkage -Wno-tautological-compare -Wno-uninitialized -Wno-unused-but-set-parameter -Wno-unused-but-set-variable -Wno-unused-parameter -Wno-unused-variable    -DVL_TIME_CONTEXT   -fcoroutines -x c++-header Vtb_kvq_audit__pch.h -o Vtb_kvq_audit__pch.h.fast.gch
g++   -I.  -MMD -I/usr/local/share/verilator/include -I/usr/local/share/verilator/include/vltstd -DVERILATOR=1 -DVM_COVERAGE=0 -DVM_SC=0 -DVM_TIMING=1 -DVM_TRACE=0 -DVM_TRACE_FST=0 -DVM_TRACE_VCD=0 -DVM_TRACE_SAIF=0 -faligned-new -fcf-protection=none -Wno-bool-operation -Wno-int-in-bool-context -Wno-shadow -Wno-sign-compare -Wno-subobject-linkage -Wno-tautological-compare -Wno-uninitialized -Wno-unused-but-set-parameter -Wno-unused-but-set-variable -Wno-unused-parameter -Wno-unused-variable    -DVL_TIME_CONTEXT   -fcoroutines -x c++-header Vtb_kvq_audit__pch.h -o Vtb_kvq_audit__pch.h.slow.gch
g++ -Os  -I.  -MMD -I/usr/local/share/verilator/include -I/usr/local/share/verilator/include/vltstd -DVERILATOR=1 -DVM_COVERAGE=0 -DVM_SC=0 -DVM_TIMING=1 -DVM_TRACE=0 -DVM_TRACE_FST=0 -DVM_TRACE_VCD=0 -DVM_TRACE_SAIF=0 -faligned-new -fcf-protection=none -Wno-bool-operation -Wno-int-in-bool-context -Wno-shadow -Wno-sign-compare -Wno-subobject-linkage -Wno-tautological-compare -Wno-uninitialized -Wno-unused-but-set-parameter -Wno-unused-but-set-variable -Wno-unused-parameter -Wno-unused-variable    -DVL_TIME_CONTEXT   -fcoroutines -include Vtb_kvq_audit__pch.h.fast -c -o Vtb_kvq_audit.o Vtb_kvq_audit.cpp
g++ -Os  -I.  -MMD -I/usr/local/share/verilator/include -I/usr/local/share/verilator/include/vltstd -DVERILATOR=1 -DVM_COVERAGE=0 -DVM_SC=0 -DVM_TIMING=1 -DVM_TRACE=0 -DVM_TRACE_FST=0 -DVM_TRACE_VCD=0 -DVM_TRACE_SAIF=0 -faligned-new -fcf-protection=none -Wno-bool-operation -Wno-int-in-bool-context -Wno-shadow -Wno-sign-compare -Wno-subobject-linkage -Wno-tautological-compare -Wno-uninitialized -Wno-unused-but-set-parameter -Wno-unused-but-set-variable -Wno-unused-parameter -Wno-unused-variable    -DVL_TIME_CONTEXT   -fcoroutines -include Vtb_kvq_audit__pch.h.fast -c -o Vtb_kvq_audit___024root__0.o Vtb_kvq_audit___024root__0.cpp
g++ -Os  -I.  -MMD -I/usr/local/share/verilator/include -I/usr/local/share/verilator/include/vltstd -DVERILATOR=1 -DVM_COVERAGE=0 -DVM_SC=0 -DVM_TIMING=1 -DVM_TRACE=0 -DVM_TRACE_FST=0 -DVM_TRACE_VCD=0 -DVM_TRACE_SAIF=0 -faligned-new -fcf-protection=none -Wno-bool-operation -Wno-int-in-bool-context -Wno-shadow -Wno-sign-compare -Wno-subobject-linkage -Wno-tautological-compare -Wno-uninitialized -Wno-unused-but-set-parameter -Wno-unused-but-set-variable -Wno-unused-parameter -Wno-unused-variable    -DVL_TIME_CONTEXT   -fcoroutines -include Vtb_kvq_audit__pch.h.fast -c -o Vtb_kvq_audit___024root__1.o Vtb_kvq_audit___024root__1.cpp
g++ -Os  -I.  -MMD -I/usr/local/share/verilator/include -I/usr/local/share/verilator/include/vltstd -DVERILATOR=1 -DVM_COVERAGE=0 -DVM_SC=0 -DVM_TIMING=1 -DVM_TRACE=0 -DVM_TRACE_FST=0 -DVM_TRACE_VCD=0 -DVM_TRACE_SAIF=0 -faligned-new -fcf-protection=none -Wno-bool-operation -Wno-int-in-bool-context -Wno-shadow -Wno-sign-compare -Wno-subobject-linkage -Wno-tautological-compare -Wno-uninitialized -Wno-unused-but-set-parameter -Wno-unused-but-set-variable -Wno-unused-parameter -Wno-unused-variable    -DVL_TIME_CONTEXT   -fcoroutines -include Vtb_kvq_audit__pch.h.fast -c -o Vtb_kvq_audit___024root__2.o Vtb_kvq_audit___024root__2.cpp
g++ -Os  -I.  -MMD -I/usr/local/share/verilator/include -I/usr/local/share/verilator/include/vltstd -DVERILATOR=1 -DVM_COVERAGE=0 -DVM_SC=0 -DVM_TIMING=1 -DVM_TRACE=0 -DVM_TRACE_FST=0 -DVM_TRACE_VCD=0 -DVM_TRACE_SAIF=0 -faligned-new -fcf-protection=none -Wno-bool-operation -Wno-int-in-bool-context -Wno-shadow -Wno-sign-compare -Wno-subobject-linkage -Wno-tautological-compare -Wno-uninitialized -Wno-unused-but-set-parameter -Wno-unused-but-set-variable -Wno-unused-parameter -Wno-unused-variable    -DVL_TIME_CONTEXT   -fcoroutines -include Vtb_kvq_audit__pch.h.fast -c -o Vtb_kvq_audit__main.o Vtb_kvq_audit__main.cpp
g++   -I.  -MMD -I/usr/local/share/verilator/include -I/usr/local/share/verilator/include/vltstd -DVERILATOR=1 -DVM_COVERAGE=0 -DVM_SC=0 -DVM_TIMING=1 -DVM_TRACE=0 -DVM_TRACE_FST=0 -DVM_TRACE_VCD=0 -DVM_TRACE_SAIF=0 -faligned-new -fcf-protection=none -Wno-bool-operation -Wno-int-in-bool-context -Wno-shadow -Wno-sign-compare -Wno-subobject-linkage -Wno-tautological-compare -Wno-uninitialized -Wno-unused-but-set-parameter -Wno-unused-but-set-variable -Wno-unused-parameter -Wno-unused-variable    -DVL_TIME_CONTEXT   -fcoroutines -include Vtb_kvq_audit__pch.h.slow -c -o Vtb_kvq_audit__ConstPool__0__Slow.o Vtb_kvq_audit__ConstPool__0__Slow.cpp
g++   -I.  -MMD -I/usr/local/share/verilator/include -I/usr/local/share/verilator/include/vltstd -DVERILATOR=1 -DVM_COVERAGE=0 -DVM_SC=0 -DVM_TIMING=1 -DVM_TRACE=0 -DVM_TRACE_FST=0 -DVM_TRACE_VCD=0 -DVM_TRACE_SAIF=0 -faligned-new -fcf-protection=none -Wno-bool-operation -Wno-int-in-bool-context -Wno-shadow -Wno-sign-compare -Wno-subobject-linkage -Wno-tautological-compare -Wno-uninitialized -Wno-unused-but-set-parameter -Wno-unused-but-set-variable -Wno-unused-parameter -Wno-unused-variable    -DVL_TIME_CONTEXT   -fcoroutines -include Vtb_kvq_audit__pch.h.slow -c -o Vtb_kvq_audit___024root__Slow.o Vtb_kvq_audit___024root__Slow.cpp
g++   -I.  -MMD -I/usr/local/share/verilator/include -I/usr/local/share/verilator/include/vltstd -DVERILATOR=1 -DVM_COVERAGE=0 -DVM_SC=0 -DVM_TIMING=1 -DVM_TRACE=0 -DVM_TRACE_FST=0 -DVM_TRACE_VCD=0 -DVM_TRACE_SAIF=0 -faligned-new -fcf-protection=none -Wno-bool-operation -Wno-int-in-bool-context -Wno-shadow -Wno-sign-compare -Wno-subobject-linkage -Wno-tautological-compare -Wno-uninitialized -Wno-unused-but-set-parameter -Wno-unused-but-set-variable -Wno-unused-parameter -Wno-unused-variable    -DVL_TIME_CONTEXT   -fcoroutines -include Vtb_kvq_audit__pch.h.slow -c -o Vtb_kvq_audit___024root__0__Slow.o Vtb_kvq_audit___024root__0__Slow.cpp
g++   -I.  -MMD -I/usr/local/share/verilator/include -I/usr/local/share/verilator/include/vltstd -DVERILATOR=1 -DVM_COVERAGE=0 -DVM_SC=0 -DVM_TIMING=1 -DVM_TRACE=0 -DVM_TRACE_FST=0 -DVM_TRACE_VCD=0 -DVM_TRACE_SAIF=0 -faligned-new -fcf-protection=none -Wno-bool-operation -Wno-int-in-bool-context -Wno-shadow -Wno-sign-compare -Wno-subobject-linkage -Wno-tautological-compare -Wno-uninitialized -Wno-unused-but-set-parameter -Wno-unused-but-set-variable -Wno-unused-parameter -Wno-unused-variable    -DVL_TIME_CONTEXT   -fcoroutines -include Vtb_kvq_audit__pch.h.slow -c -o Vtb_kvq_audit___024unit__Slow.o Vtb_kvq_audit___024unit__Slow.cpp
g++   -I.  -MMD -I/usr/local/share/verilator/include -I/usr/local/share/verilator/include/vltstd -DVERILATOR=1 -DVM_COVERAGE=0 -DVM_SC=0 -DVM_TIMING=1 -DVM_TRACE=0 -DVM_TRACE_FST=0 -DVM_TRACE_VCD=0 -DVM_TRACE_SAIF=0 -faligned-new -fcf-protection=none -Wno-bool-operation -Wno-int-in-bool-context -Wno-shadow -Wno-sign-compare -Wno-subobject-linkage -Wno-tautological-compare -Wno-uninitialized -Wno-unused-but-set-parameter -Wno-unused-but-set-variable -Wno-unused-parameter -Wno-unused-variable    -DVL_TIME_CONTEXT   -fcoroutines -include Vtb_kvq_audit__pch.h.slow -c -o Vtb_kvq_audit___024unit__0__Slow.o Vtb_kvq_audit___024unit__0__Slow.cpp
g++   -I.  -MMD -I/usr/local/share/verilator/include -I/usr/local/share/verilator/include/vltstd -DVERILATOR=1 -DVM_COVERAGE=0 -DVM_SC=0 -DVM_TIMING=1 -DVM_TRACE=0 -DVM_TRACE_FST=0 -DVM_TRACE_VCD=0 -DVM_TRACE_SAIF=0 -faligned-new -fcf-protection=none -Wno-bool-operation -Wno-int-in-bool-context -Wno-shadow -Wno-sign-compare -Wno-subobject-linkage -Wno-tautological-compare -Wno-uninitialized -Wno-unused-but-set-parameter -Wno-unused-but-set-variable -Wno-unused-parameter -Wno-unused-variable    -DVL_TIME_CONTEXT   -fcoroutines -include Vtb_kvq_audit__pch.h.slow -c -o Vtb_kvq_audit__Syms__Slow.o Vtb_kvq_audit__Syms__Slow.cpp
g++    verilated.o verilated_timing.o verilated_threads.o Vtb_kvq_audit__ALL.a    -pthread -lpthread -latomic   -o sim
rm Vtb_kvq_audit__ALL.verilator_deplist.tmp
make[1]: Leaving directory '/home/ubuntu/apex/verif/kvq/audit/build/obj_rst_cq4'
- V e r i l a t i o n   R e p o r t: Verilator 5.044 2026-01-01 rev v5.044
- Verilator: Built from 1.188 MB sources in 18 modules, into 2.963 MB in 11 C++ files needing 0.005 MB
- Verilator: Walltime 22.465 s (elab=0.017, cvt=0.204, bld=22.180); cpu 0.324 s on 4 threads; alloced 370.531 MB
mkdir -p build/obj_rst_cq4p
/opt/homebrew/bin/verilator --binary --timing --assert -j 0 -Wall --timescale 1ns/1ps ../../../verif/kvq/smoke/lint_waivers.vlt --top-module tb_kvq_audit -Mdir build/obj_rst_cq4p -o sim -GD=16 -GTIER=2 -GG=4 -GK_OUT=2 -GDEPTH=64 -GNV=12 -GNK=8 -GCFGNAME='"rst_cq4p"' -GMASKFILE='"build/vec_rst_cq4p/mask.u8.hex"' ../../../rtl/kvq/kvq_engine.sv ../../../rtl/kvq/cores/cq_fp_pkg.sv ../../../rtl/kvq/cores/cq_scale_unit.sv ../../../rtl/kvq/cores/cq_quant_unit.sv ../../../rtl/kvq/cores/cq_dequant_unit.sv ../../../rtl/kvq/cores/scale_bank.sv ../../../rtl/kvq/cores/scale_bank_store.sv ../../../rtl/kvq/cores/cq_rne_div_pipe.sv ../../../rtl/kvq/cores/cq_quant_pipe.sv ../../../rtl/kvq/cores/cq_scale_pipe.sv ../../../rtl/kvq/cores/residual_buffer.sv ../../../rtl/kvq/cores/sram_controller.sv ../../../rtl/kvq/cores/cq_value_path.sv ../../../rtl/kvq/cores/cq_key_path.sv tb_kvq_audit.sv ../sb/kvq_sb_sva.sv
make[1]: Entering directory '/home/ubuntu/apex/verif/kvq/audit/build/obj_rst_cq4p'
g++ -Os  -I.  -MMD -I/usr/local/share/verilator/include -I/usr/local/share/verilator/include/vltstd -DVERILATOR=1 -DVM_COVERAGE=0 -DVM_SC=0 -DVM_TIMING=1 -DVM_TRACE=0 -DVM_TRACE_FST=0 -DVM_TRACE_VCD=0 -DVM_TRACE_SAIF=0 -faligned-new -fcf-protection=none -Wno-bool-operation -Wno-int-in-bool-context -Wno-shadow -Wno-sign-compare -Wno-subobject-linkage -Wno-tautological-compare -Wno-uninitialized -Wno-unused-but-set-parameter -Wno-unused-but-set-variable -Wno-unused-parameter -Wno-unused-variable    -DVL_TIME_CONTEXT   -fcoroutines -c -o verilated.o /usr/local/share/verilator/include/verilated.cpp
g++ -Os  -I.  -MMD -I/usr/local/share/verilator/include -I/usr/local/share/verilator/include/vltstd -DVERILATOR=1 -DVM_COVERAGE=0 -DVM_SC=0 -DVM_TIMING=1 -DVM_TRACE=0 -DVM_TRACE_FST=0 -DVM_TRACE_VCD=0 -DVM_TRACE_SAIF=0 -faligned-new -fcf-protection=none -Wno-bool-operation -Wno-int-in-bool-context -Wno-shadow -Wno-sign-compare -Wno-subobject-linkage -Wno-tautological-compare -Wno-uninitialized -Wno-unused-but-set-parameter -Wno-unused-but-set-variable -Wno-unused-parameter -Wno-unused-variable    -DVL_TIME_CONTEXT   -fcoroutines -c -o verilated_timing.o /usr/local/share/verilator/include/verilated_timing.cpp
g++ -Os  -I.  -MMD -I/usr/local/share/verilator/include -I/usr/local/share/verilator/include/vltstd -DVERILATOR=1 -DVM_COVERAGE=0 -DVM_SC=0 -DVM_TIMING=1 -DVM_TRACE=0 -DVM_TRACE_FST=0 -DVM_TRACE_VCD=0 -DVM_TRACE_SAIF=0 -faligned-new -fcf-protection=none -Wno-bool-operation -Wno-int-in-bool-context -Wno-shadow -Wno-sign-compare -Wno-subobject-linkage -Wno-tautological-compare -Wno-uninitialized -Wno-unused-but-set-parameter -Wno-unused-but-set-variable -Wno-unused-parameter -Wno-unused-variable    -DVL_TIME_CONTEXT   -fcoroutines -c -o verilated_threads.o /usr/local/share/verilator/include/verilated_threads.cpp
g++ -Os  -I.  -MMD -I/usr/local/share/verilator/include -I/usr/local/share/verilator/include/vltstd -DVERILATOR=1 -DVM_COVERAGE=0 -DVM_SC=0 -DVM_TIMING=1 -DVM_TRACE=0 -DVM_TRACE_FST=0 -DVM_TRACE_VCD=0 -DVM_TRACE_SAIF=0 -faligned-new -fcf-protection=none -Wno-bool-operation -Wno-int-in-bool-context -Wno-shadow -Wno-sign-compare -Wno-subobject-linkage -Wno-tautological-compare -Wno-uninitialized -Wno-unused-but-set-parameter -Wno-unused-but-set-variable -Wno-unused-parameter -Wno-unused-variable    -DVL_TIME_CONTEXT   -fcoroutines -x c++-header Vtb_kvq_audit__pch.h -o Vtb_kvq_audit__pch.h.fast.gch
g++   -I.  -MMD -I/usr/local/share/verilator/include -I/usr/local/share/verilator/include/vltstd -DVERILATOR=1 -DVM_COVERAGE=0 -DVM_SC=0 -DVM_TIMING=1 -DVM_TRACE=0 -DVM_TRACE_FST=0 -DVM_TRACE_VCD=0 -DVM_TRACE_SAIF=0 -faligned-new -fcf-protection=none -Wno-bool-operation -Wno-int-in-bool-context -Wno-shadow -Wno-sign-compare -Wno-subobject-linkage -Wno-tautological-compare -Wno-uninitialized -Wno-unused-but-set-parameter -Wno-unused-but-set-variable -Wno-unused-parameter -Wno-unused-variable    -DVL_TIME_CONTEXT   -fcoroutines -x c++-header Vtb_kvq_audit__pch.h -o Vtb_kvq_audit__pch.h.slow.gch
g++ -Os  -I.  -MMD -I/usr/local/share/verilator/include -I/usr/local/share/verilator/include/vltstd -DVERILATOR=1 -DVM_COVERAGE=0 -DVM_SC=0 -DVM_TIMING=1 -DVM_TRACE=0 -DVM_TRACE_FST=0 -DVM_TRACE_VCD=0 -DVM_TRACE_SAIF=0 -faligned-new -fcf-protection=none -Wno-bool-operation -Wno-int-in-bool-context -Wno-shadow -Wno-sign-compare -Wno-subobject-linkage -Wno-tautological-compare -Wno-uninitialized -Wno-unused-but-set-parameter -Wno-unused-but-set-variable -Wno-unused-parameter -Wno-unused-variable    -DVL_TIME_CONTEXT   -fcoroutines -include Vtb_kvq_audit__pch.h.fast -c -o Vtb_kvq_audit.o Vtb_kvq_audit.cpp
g++ -Os  -I.  -MMD -I/usr/local/share/verilator/include -I/usr/local/share/verilator/include/vltstd -DVERILATOR=1 -DVM_COVERAGE=0 -DVM_SC=0 -DVM_TIMING=1 -DVM_TRACE=0 -DVM_TRACE_FST=0 -DVM_TRACE_VCD=0 -DVM_TRACE_SAIF=0 -faligned-new -fcf-protection=none -Wno-bool-operation -Wno-int-in-bool-context -Wno-shadow -Wno-sign-compare -Wno-subobject-linkage -Wno-tautological-compare -Wno-uninitialized -Wno-unused-but-set-parameter -Wno-unused-but-set-variable -Wno-unused-parameter -Wno-unused-variable    -DVL_TIME_CONTEXT   -fcoroutines -include Vtb_kvq_audit__pch.h.fast -c -o Vtb_kvq_audit___024root__0.o Vtb_kvq_audit___024root__0.cpp
g++ -Os  -I.  -MMD -I/usr/local/share/verilator/include -I/usr/local/share/verilator/include/vltstd -DVERILATOR=1 -DVM_COVERAGE=0 -DVM_SC=0 -DVM_TIMING=1 -DVM_TRACE=0 -DVM_TRACE_FST=0 -DVM_TRACE_VCD=0 -DVM_TRACE_SAIF=0 -faligned-new -fcf-protection=none -Wno-bool-operation -Wno-int-in-bool-context -Wno-shadow -Wno-sign-compare -Wno-subobject-linkage -Wno-tautological-compare -Wno-uninitialized -Wno-unused-but-set-parameter -Wno-unused-but-set-variable -Wno-unused-parameter -Wno-unused-variable    -DVL_TIME_CONTEXT   -fcoroutines -include Vtb_kvq_audit__pch.h.fast -c -o Vtb_kvq_audit___024root__1.o Vtb_kvq_audit___024root__1.cpp
g++ -Os  -I.  -MMD -I/usr/local/share/verilator/include -I/usr/local/share/verilator/include/vltstd -DVERILATOR=1 -DVM_COVERAGE=0 -DVM_SC=0 -DVM_TIMING=1 -DVM_TRACE=0 -DVM_TRACE_FST=0 -DVM_TRACE_VCD=0 -DVM_TRACE_SAIF=0 -faligned-new -fcf-protection=none -Wno-bool-operation -Wno-int-in-bool-context -Wno-shadow -Wno-sign-compare -Wno-subobject-linkage -Wno-tautological-compare -Wno-uninitialized -Wno-unused-but-set-parameter -Wno-unused-but-set-variable -Wno-unused-parameter -Wno-unused-variable    -DVL_TIME_CONTEXT   -fcoroutines -include Vtb_kvq_audit__pch.h.fast -c -o Vtb_kvq_audit___024root__2.o Vtb_kvq_audit___024root__2.cpp
g++ -Os  -I.  -MMD -I/usr/local/share/verilator/include -I/usr/local/share/verilator/include/vltstd -DVERILATOR=1 -DVM_COVERAGE=0 -DVM_SC=0 -DVM_TIMING=1 -DVM_TRACE=0 -DVM_TRACE_FST=0 -DVM_TRACE_VCD=0 -DVM_TRACE_SAIF=0 -faligned-new -fcf-protection=none -Wno-bool-operation -Wno-int-in-bool-context -Wno-shadow -Wno-sign-compare -Wno-subobject-linkage -Wno-tautological-compare -Wno-uninitialized -Wno-unused-but-set-parameter -Wno-unused-but-set-variable -Wno-unused-parameter -Wno-unused-variable    -DVL_TIME_CONTEXT   -fcoroutines -include Vtb_kvq_audit__pch.h.fast -c -o Vtb_kvq_audit__main.o Vtb_kvq_audit__main.cpp
g++   -I.  -MMD -I/usr/local/share/verilator/include -I/usr/local/share/verilator/include/vltstd -DVERILATOR=1 -DVM_COVERAGE=0 -DVM_SC=0 -DVM_TIMING=1 -DVM_TRACE=0 -DVM_TRACE_FST=0 -DVM_TRACE_VCD=0 -DVM_TRACE_SAIF=0 -faligned-new -fcf-protection=none -Wno-bool-operation -Wno-int-in-bool-context -Wno-shadow -Wno-sign-compare -Wno-subobject-linkage -Wno-tautological-compare -Wno-uninitialized -Wno-unused-but-set-parameter -Wno-unused-but-set-variable -Wno-unused-parameter -Wno-unused-variable    -DVL_TIME_CONTEXT   -fcoroutines -include Vtb_kvq_audit__pch.h.slow -c -o Vtb_kvq_audit__ConstPool__0__Slow.o Vtb_kvq_audit__ConstPool__0__Slow.cpp
g++   -I.  -MMD -I/usr/local/share/verilator/include -I/usr/local/share/verilator/include/vltstd -DVERILATOR=1 -DVM_COVERAGE=0 -DVM_SC=0 -DVM_TIMING=1 -DVM_TRACE=0 -DVM_TRACE_FST=0 -DVM_TRACE_VCD=0 -DVM_TRACE_SAIF=0 -faligned-new -fcf-protection=none -Wno-bool-operation -Wno-int-in-bool-context -Wno-shadow -Wno-sign-compare -Wno-subobject-linkage -Wno-tautological-compare -Wno-uninitialized -Wno-unused-but-set-parameter -Wno-unused-but-set-variable -Wno-unused-parameter -Wno-unused-variable    -DVL_TIME_CONTEXT   -fcoroutines -include Vtb_kvq_audit__pch.h.slow -c -o Vtb_kvq_audit___024root__Slow.o Vtb_kvq_audit___024root__Slow.cpp
g++   -I.  -MMD -I/usr/local/share/verilator/include -I/usr/local/share/verilator/include/vltstd -DVERILATOR=1 -DVM_COVERAGE=0 -DVM_SC=0 -DVM_TIMING=1 -DVM_TRACE=0 -DVM_TRACE_FST=0 -DVM_TRACE_VCD=0 -DVM_TRACE_SAIF=0 -faligned-new -fcf-protection=none -Wno-bool-operation -Wno-int-in-bool-context -Wno-shadow -Wno-sign-compare -Wno-subobject-linkage -Wno-tautological-compare -Wno-uninitialized -Wno-unused-but-set-parameter -Wno-unused-but-set-variable -Wno-unused-parameter -Wno-unused-variable    -DVL_TIME_CONTEXT   -fcoroutines -include Vtb_kvq_audit__pch.h.slow -c -o Vtb_kvq_audit___024root__0__Slow.o Vtb_kvq_audit___024root__0__Slow.cpp
g++   -I.  -MMD -I/usr/local/share/verilator/include -I/usr/local/share/verilator/include/vltstd -DVERILATOR=1 -DVM_COVERAGE=0 -DVM_SC=0 -DVM_TIMING=1 -DVM_TRACE=0 -DVM_TRACE_FST=0 -DVM_TRACE_VCD=0 -DVM_TRACE_SAIF=0 -faligned-new -fcf-protection=none -Wno-bool-operation -Wno-int-in-bool-context -Wno-shadow -Wno-sign-compare -Wno-subobject-linkage -Wno-tautological-compare -Wno-uninitialized -Wno-unused-but-set-parameter -Wno-unused-but-set-variable -Wno-unused-parameter -Wno-unused-variable    -DVL_TIME_CONTEXT   -fcoroutines -include Vtb_kvq_audit__pch.h.slow -c -o Vtb_kvq_audit___024unit__Slow.o Vtb_kvq_audit___024unit__Slow.cpp
g++   -I.  -MMD -I/usr/local/share/verilator/include -I/usr/local/share/verilator/include/vltstd -DVERILATOR=1 -DVM_COVERAGE=0 -DVM_SC=0 -DVM_TIMING=1 -DVM_TRACE=0 -DVM_TRACE_FST=0 -DVM_TRACE_VCD=0 -DVM_TRACE_SAIF=0 -faligned-new -fcf-protection=none -Wno-bool-operation -Wno-int-in-bool-context -Wno-shadow -Wno-sign-compare -Wno-subobject-linkage -Wno-tautological-compare -Wno-uninitialized -Wno-unused-but-set-parameter -Wno-unused-but-set-variable -Wno-unused-parameter -Wno-unused-variable    -DVL_TIME_CONTEXT   -fcoroutines -include Vtb_kvq_audit__pch.h.slow -c -o Vtb_kvq_audit___024unit__0__Slow.o Vtb_kvq_audit___024unit__0__Slow.cpp
g++   -I.  -MMD -I/usr/local/share/verilator/include -I/usr/local/share/verilator/include/vltstd -DVERILATOR=1 -DVM_COVERAGE=0 -DVM_SC=0 -DVM_TIMING=1 -DVM_TRACE=0 -DVM_TRACE_FST=0 -DVM_TRACE_VCD=0 -DVM_TRACE_SAIF=0 -faligned-new -fcf-protection=none -Wno-bool-operation -Wno-int-in-bool-context -Wno-shadow -Wno-sign-compare -Wno-subobject-linkage -Wno-tautological-compare -Wno-uninitialized -Wno-unused-but-set-parameter -Wno-unused-but-set-variable -Wno-unused-parameter -Wno-unused-variable    -DVL_TIME_CONTEXT   -fcoroutines -include Vtb_kvq_audit__pch.h.slow -c -o Vtb_kvq_audit__Syms__Slow.o Vtb_kvq_audit__Syms__Slow.cpp
g++    verilated.o verilated_timing.o verilated_threads.o Vtb_kvq_audit__ALL.a    -pthread -lpthread -latomic   -o sim
rm Vtb_kvq_audit__ALL.verilator_deplist.tmp
make[1]: Leaving directory '/home/ubuntu/apex/verif/kvq/audit/build/obj_rst_cq4p'
- V e r i l a t i o n   R e p o r t: Verilator 5.044 2026-01-01 rev v5.044
- Verilator: Built from 1.188 MB sources in 18 modules, into 3.098 MB in 11 C++ files needing 0.005 MB
- Verilator: Walltime 22.802 s (elab=0.017, cvt=0.218, bld=22.498); cpu 0.349 s on 4 threads; alloced 371.398 MB
mkdir -p build/obj_rst_d64
/opt/homebrew/bin/verilator --binary --timing --assert -j 0 -Wall --timescale 1ns/1ps ../../../verif/kvq/smoke/lint_waivers.vlt --top-module tb_kvq_audit -Mdir build/obj_rst_d64 -o sim -GD=64 -GTIER=1 -GG=8 -GK_OUT=0 -GDEPTH=32 -GNV=8 -GNK=4 -GCFGNAME='"rst_d64"' ../../../rtl/kvq/kvq_engine.sv ../../../rtl/kvq/cores/cq_fp_pkg.sv ../../../rtl/kvq/cores/cq_scale_unit.sv ../../../rtl/kvq/cores/cq_quant_unit.sv ../../../rtl/kvq/cores/cq_dequant_unit.sv ../../../rtl/kvq/cores/scale_bank.sv ../../../rtl/kvq/cores/scale_bank_store.sv ../../../rtl/kvq/cores/cq_rne_div_pipe.sv ../../../rtl/kvq/cores/cq_quant_pipe.sv ../../../rtl/kvq/cores/cq_scale_pipe.sv ../../../rtl/kvq/cores/residual_buffer.sv ../../../rtl/kvq/cores/sram_controller.sv ../../../rtl/kvq/cores/cq_value_path.sv ../../../rtl/kvq/cores/cq_key_path.sv tb_kvq_audit.sv ../sb/kvq_sb_sva.sv
make[1]: Entering directory '/home/ubuntu/apex/verif/kvq/audit/build/obj_rst_d64'
g++ -Os  -I.  -MMD -I/usr/local/share/verilator/include -I/usr/local/share/verilator/include/vltstd -DVERILATOR=1 -DVM_COVERAGE=0 -DVM_SC=0 -DVM_TIMING=1 -DVM_TRACE=0 -DVM_TRACE_FST=0 -DVM_TRACE_VCD=0 -DVM_TRACE_SAIF=0 -faligned-new -fcf-protection=none -Wno-bool-operation -Wno-int-in-bool-context -Wno-shadow -Wno-sign-compare -Wno-subobject-linkage -Wno-tautological-compare -Wno-uninitialized -Wno-unused-but-set-parameter -Wno-unused-but-set-variable -Wno-unused-parameter -Wno-unused-variable    -DVL_TIME_CONTEXT   -fcoroutines -c -o verilated.o /usr/local/share/verilator/include/verilated.cpp
g++ -Os  -I.  -MMD -I/usr/local/share/verilator/include -I/usr/local/share/verilator/include/vltstd -DVERILATOR=1 -DVM_COVERAGE=0 -DVM_SC=0 -DVM_TIMING=1 -DVM_TRACE=0 -DVM_TRACE_FST=0 -DVM_TRACE_VCD=0 -DVM_TRACE_SAIF=0 -faligned-new -fcf-protection=none -Wno-bool-operation -Wno-int-in-bool-context -Wno-shadow -Wno-sign-compare -Wno-subobject-linkage -Wno-tautological-compare -Wno-uninitialized -Wno-unused-but-set-parameter -Wno-unused-but-set-variable -Wno-unused-parameter -Wno-unused-variable    -DVL_TIME_CONTEXT   -fcoroutines -c -o verilated_timing.o /usr/local/share/verilator/include/verilated_timing.cpp
g++ -Os  -I.  -MMD -I/usr/local/share/verilator/include -I/usr/local/share/verilator/include/vltstd -DVERILATOR=1 -DVM_COVERAGE=0 -DVM_SC=0 -DVM_TIMING=1 -DVM_TRACE=0 -DVM_TRACE_FST=0 -DVM_TRACE_VCD=0 -DVM_TRACE_SAIF=0 -faligned-new -fcf-protection=none -Wno-bool-operation -Wno-int-in-bool-context -Wno-shadow -Wno-sign-compare -Wno-subobject-linkage -Wno-tautological-compare -Wno-uninitialized -Wno-unused-but-set-parameter -Wno-unused-but-set-variable -Wno-unused-parameter -Wno-unused-variable    -DVL_TIME_CONTEXT   -fcoroutines -c -o verilated_threads.o /usr/local/share/verilator/include/verilated_threads.cpp
g++ -Os  -I.  -MMD -I/usr/local/share/verilator/include -I/usr/local/share/verilator/include/vltstd -DVERILATOR=1 -DVM_COVERAGE=0 -DVM_SC=0 -DVM_TIMING=1 -DVM_TRACE=0 -DVM_TRACE_FST=0 -DVM_TRACE_VCD=0 -DVM_TRACE_SAIF=0 -faligned-new -fcf-protection=none -Wno-bool-operation -Wno-int-in-bool-context -Wno-shadow -Wno-sign-compare -Wno-subobject-linkage -Wno-tautological-compare -Wno-uninitialized -Wno-unused-but-set-parameter -Wno-unused-but-set-variable -Wno-unused-parameter -Wno-unused-variable    -DVL_TIME_CONTEXT   -fcoroutines -x c++-header Vtb_kvq_audit__pch.h -o Vtb_kvq_audit__pch.h.fast.gch
g++   -I.  -MMD -I/usr/local/share/verilator/include -I/usr/local/share/verilator/include/vltstd -DVERILATOR=1 -DVM_COVERAGE=0 -DVM_SC=0 -DVM_TIMING=1 -DVM_TRACE=0 -DVM_TRACE_FST=0 -DVM_TRACE_VCD=0 -DVM_TRACE_SAIF=0 -faligned-new -fcf-protection=none -Wno-bool-operation -Wno-int-in-bool-context -Wno-shadow -Wno-sign-compare -Wno-subobject-linkage -Wno-tautological-compare -Wno-uninitialized -Wno-unused-but-set-parameter -Wno-unused-but-set-variable -Wno-unused-parameter -Wno-unused-variable    -DVL_TIME_CONTEXT   -fcoroutines -x c++-header Vtb_kvq_audit__pch.h -o Vtb_kvq_audit__pch.h.slow.gch
g++ -Os  -I.  -MMD -I/usr/local/share/verilator/include -I/usr/local/share/verilator/include/vltstd -DVERILATOR=1 -DVM_COVERAGE=0 -DVM_SC=0 -DVM_TIMING=1 -DVM_TRACE=0 -DVM_TRACE_FST=0 -DVM_TRACE_VCD=0 -DVM_TRACE_SAIF=0 -faligned-new -fcf-protection=none -Wno-bool-operation -Wno-int-in-bool-context -Wno-shadow -Wno-sign-compare -Wno-subobject-linkage -Wno-tautological-compare -Wno-uninitialized -Wno-unused-but-set-parameter -Wno-unused-but-set-variable -Wno-unused-parameter -Wno-unused-variable    -DVL_TIME_CONTEXT   -fcoroutines -include Vtb_kvq_audit__pch.h.fast -c -o Vtb_kvq_audit.o Vtb_kvq_audit.cpp
g++ -Os  -I.  -MMD -I/usr/local/share/verilator/include -I/usr/local/share/verilator/include/vltstd -DVERILATOR=1 -DVM_COVERAGE=0 -DVM_SC=0 -DVM_TIMING=1 -DVM_TRACE=0 -DVM_TRACE_FST=0 -DVM_TRACE_VCD=0 -DVM_TRACE_SAIF=0 -faligned-new -fcf-protection=none -Wno-bool-operation -Wno-int-in-bool-context -Wno-shadow -Wno-sign-compare -Wno-subobject-linkage -Wno-tautological-compare -Wno-uninitialized -Wno-unused-but-set-parameter -Wno-unused-but-set-variable -Wno-unused-parameter -Wno-unused-variable    -DVL_TIME_CONTEXT   -fcoroutines -include Vtb_kvq_audit__pch.h.fast -c -o Vtb_kvq_audit___024root__0.o Vtb_kvq_audit___024root__0.cpp
g++ -Os  -I.  -MMD -I/usr/local/share/verilator/include -I/usr/local/share/verilator/include/vltstd -DVERILATOR=1 -DVM_COVERAGE=0 -DVM_SC=0 -DVM_TIMING=1 -DVM_TRACE=0 -DVM_TRACE_FST=0 -DVM_TRACE_VCD=0 -DVM_TRACE_SAIF=0 -faligned-new -fcf-protection=none -Wno-bool-operation -Wno-int-in-bool-context -Wno-shadow -Wno-sign-compare -Wno-subobject-linkage -Wno-tautological-compare -Wno-uninitialized -Wno-unused-but-set-parameter -Wno-unused-but-set-variable -Wno-unused-parameter -Wno-unused-variable    -DVL_TIME_CONTEXT   -fcoroutines -include Vtb_kvq_audit__pch.h.fast -c -o Vtb_kvq_audit___024root__1.o Vtb_kvq_audit___024root__1.cpp
g++ -Os  -I.  -MMD -I/usr/local/share/verilator/include -I/usr/local/share/verilator/include/vltstd -DVERILATOR=1 -DVM_COVERAGE=0 -DVM_SC=0 -DVM_TIMING=1 -DVM_TRACE=0 -DVM_TRACE_FST=0 -DVM_TRACE_VCD=0 -DVM_TRACE_SAIF=0 -faligned-new -fcf-protection=none -Wno-bool-operation -Wno-int-in-bool-context -Wno-shadow -Wno-sign-compare -Wno-subobject-linkage -Wno-tautological-compare -Wno-uninitialized -Wno-unused-but-set-parameter -Wno-unused-but-set-variable -Wno-unused-parameter -Wno-unused-variable    -DVL_TIME_CONTEXT   -fcoroutines -include Vtb_kvq_audit__pch.h.fast -c -o Vtb_kvq_audit___024root__2.o Vtb_kvq_audit___024root__2.cpp
g++ -Os  -I.  -MMD -I/usr/local/share/verilator/include -I/usr/local/share/verilator/include/vltstd -DVERILATOR=1 -DVM_COVERAGE=0 -DVM_SC=0 -DVM_TIMING=1 -DVM_TRACE=0 -DVM_TRACE_FST=0 -DVM_TRACE_VCD=0 -DVM_TRACE_SAIF=0 -faligned-new -fcf-protection=none -Wno-bool-operation -Wno-int-in-bool-context -Wno-shadow -Wno-sign-compare -Wno-subobject-linkage -Wno-tautological-compare -Wno-uninitialized -Wno-unused-but-set-parameter -Wno-unused-but-set-variable -Wno-unused-parameter -Wno-unused-variable    -DVL_TIME_CONTEXT   -fcoroutines -include Vtb_kvq_audit__pch.h.fast -c -o Vtb_kvq_audit__main.o Vtb_kvq_audit__main.cpp
g++   -I.  -MMD -I/usr/local/share/verilator/include -I/usr/local/share/verilator/include/vltstd -DVERILATOR=1 -DVM_COVERAGE=0 -DVM_SC=0 -DVM_TIMING=1 -DVM_TRACE=0 -DVM_TRACE_FST=0 -DVM_TRACE_VCD=0 -DVM_TRACE_SAIF=0 -faligned-new -fcf-protection=none -Wno-bool-operation -Wno-int-in-bool-context -Wno-shadow -Wno-sign-compare -Wno-subobject-linkage -Wno-tautological-compare -Wno-uninitialized -Wno-unused-but-set-parameter -Wno-unused-but-set-variable -Wno-unused-parameter -Wno-unused-variable    -DVL_TIME_CONTEXT   -fcoroutines -include Vtb_kvq_audit__pch.h.slow -c -o Vtb_kvq_audit__ConstPool__0__Slow.o Vtb_kvq_audit__ConstPool__0__Slow.cpp
g++   -I.  -MMD -I/usr/local/share/verilator/include -I/usr/local/share/verilator/include/vltstd -DVERILATOR=1 -DVM_COVERAGE=0 -DVM_SC=0 -DVM_TIMING=1 -DVM_TRACE=0 -DVM_TRACE_FST=0 -DVM_TRACE_VCD=0 -DVM_TRACE_SAIF=0 -faligned-new -fcf-protection=none -Wno-bool-operation -Wno-int-in-bool-context -Wno-shadow -Wno-sign-compare -Wno-subobject-linkage -Wno-tautological-compare -Wno-uninitialized -Wno-unused-but-set-parameter -Wno-unused-but-set-variable -Wno-unused-parameter -Wno-unused-variable    -DVL_TIME_CONTEXT   -fcoroutines -include Vtb_kvq_audit__pch.h.slow -c -o Vtb_kvq_audit___024root__Slow.o Vtb_kvq_audit___024root__Slow.cpp
g++   -I.  -MMD -I/usr/local/share/verilator/include -I/usr/local/share/verilator/include/vltstd -DVERILATOR=1 -DVM_COVERAGE=0 -DVM_SC=0 -DVM_TIMING=1 -DVM_TRACE=0 -DVM_TRACE_FST=0 -DVM_TRACE_VCD=0 -DVM_TRACE_SAIF=0 -faligned-new -fcf-protection=none -Wno-bool-operation -Wno-int-in-bool-context -Wno-shadow -Wno-sign-compare -Wno-subobject-linkage -Wno-tautological-compare -Wno-uninitialized -Wno-unused-but-set-parameter -Wno-unused-but-set-variable -Wno-unused-parameter -Wno-unused-variable    -DVL_TIME_CONTEXT   -fcoroutines -include Vtb_kvq_audit__pch.h.slow -c -o Vtb_kvq_audit___024root__0__Slow.o Vtb_kvq_audit___024root__0__Slow.cpp
g++   -I.  -MMD -I/usr/local/share/verilator/include -I/usr/local/share/verilator/include/vltstd -DVERILATOR=1 -DVM_COVERAGE=0 -DVM_SC=0 -DVM_TIMING=1 -DVM_TRACE=0 -DVM_TRACE_FST=0 -DVM_TRACE_VCD=0 -DVM_TRACE_SAIF=0 -faligned-new -fcf-protection=none -Wno-bool-operation -Wno-int-in-bool-context -Wno-shadow -Wno-sign-compare -Wno-subobject-linkage -Wno-tautological-compare -Wno-uninitialized -Wno-unused-but-set-parameter -Wno-unused-but-set-variable -Wno-unused-parameter -Wno-unused-variable    -DVL_TIME_CONTEXT   -fcoroutines -include Vtb_kvq_audit__pch.h.slow -c -o Vtb_kvq_audit___024unit__Slow.o Vtb_kvq_audit___024unit__Slow.cpp
g++   -I.  -MMD -I/usr/local/share/verilator/include -I/usr/local/share/verilator/include/vltstd -DVERILATOR=1 -DVM_COVERAGE=0 -DVM_SC=0 -DVM_TIMING=1 -DVM_TRACE=0 -DVM_TRACE_FST=0 -DVM_TRACE_VCD=0 -DVM_TRACE_SAIF=0 -faligned-new -fcf-protection=none -Wno-bool-operation -Wno-int-in-bool-context -Wno-shadow -Wno-sign-compare -Wno-subobject-linkage -Wno-tautological-compare -Wno-uninitialized -Wno-unused-but-set-parameter -Wno-unused-but-set-variable -Wno-unused-parameter -Wno-unused-variable    -DVL_TIME_CONTEXT   -fcoroutines -include Vtb_kvq_audit__pch.h.slow -c -o Vtb_kvq_audit___024unit__0__Slow.o Vtb_kvq_audit___024unit__0__Slow.cpp
g++   -I.  -MMD -I/usr/local/share/verilator/include -I/usr/local/share/verilator/include/vltstd -DVERILATOR=1 -DVM_COVERAGE=0 -DVM_SC=0 -DVM_TIMING=1 -DVM_TRACE=0 -DVM_TRACE_FST=0 -DVM_TRACE_VCD=0 -DVM_TRACE_SAIF=0 -faligned-new -fcf-protection=none -Wno-bool-operation -Wno-int-in-bool-context -Wno-shadow -Wno-sign-compare -Wno-subobject-linkage -Wno-tautological-compare -Wno-uninitialized -Wno-unused-but-set-parameter -Wno-unused-but-set-variable -Wno-unused-parameter -Wno-unused-variable    -DVL_TIME_CONTEXT   -fcoroutines -include Vtb_kvq_audit__pch.h.slow -c -o Vtb_kvq_audit__Syms__Slow.o Vtb_kvq_audit__Syms__Slow.cpp
g++    verilated.o verilated_timing.o verilated_threads.o Vtb_kvq_audit__ALL.a    -pthread -lpthread -latomic   -o sim
rm Vtb_kvq_audit__ALL.verilator_deplist.tmp
make[1]: Leaving directory '/home/ubuntu/apex/verif/kvq/audit/build/obj_rst_d64'
- V e r i l a t i o n   R e p o r t: Verilator 5.044 2026-01-01 rev v5.044
- Verilator: Built from 1.188 MB sources in 18 modules, into 5.870 MB in 11 C++ files needing 0.007 MB
- Verilator: Walltime 133.188 s (elab=0.023, cvt=0.514, bld=132.530); cpu 0.746 s on 4 threads; alloced 392.566 MB
mkdir -p build/obj_rst_cq8
/opt/homebrew/bin/verilator --binary --timing --assert -j 0 -Wall --timescale 1ns/1ps ../../../verif/kvq/smoke/lint_waivers.vlt --top-module tb_kvq_audit -Mdir build/obj_rst_cq8 -o sim -GD=16 -GTIER=0 -GG=2 -GK_OUT=0 -GDEPTH=64 -GNV=12 -GNK=0 -GCFGNAME='"rst_cq8"' ../../../rtl/kvq/kvq_engine.sv ../../../rtl/kvq/cores/cq_fp_pkg.sv ../../../rtl/kvq/cores/cq_scale_unit.sv ../../../rtl/kvq/cores/cq_quant_unit.sv ../../../rtl/kvq/cores/cq_dequant_unit.sv ../../../rtl/kvq/cores/scale_bank.sv ../../../rtl/kvq/cores/scale_bank_store.sv ../../../rtl/kvq/cores/cq_rne_div_pipe.sv ../../../rtl/kvq/cores/cq_quant_pipe.sv ../../../rtl/kvq/cores/cq_scale_pipe.sv ../../../rtl/kvq/cores/residual_buffer.sv ../../../rtl/kvq/cores/sram_controller.sv ../../../rtl/kvq/cores/cq_value_path.sv ../../../rtl/kvq/cores/cq_key_path.sv tb_kvq_audit.sv ../sb/kvq_sb_sva.sv
make[1]: Entering directory '/home/ubuntu/apex/verif/kvq/audit/build/obj_rst_cq8'
g++ -Os  -I.  -MMD -I/usr/local/share/verilator/include -I/usr/local/share/verilator/include/vltstd -DVERILATOR=1 -DVM_COVERAGE=0 -DVM_SC=0 -DVM_TIMING=1 -DVM_TRACE=0 -DVM_TRACE_FST=0 -DVM_TRACE_VCD=0 -DVM_TRACE_SAIF=0 -faligned-new -fcf-protection=none -Wno-bool-operation -Wno-int-in-bool-context -Wno-shadow -Wno-sign-compare -Wno-subobject-linkage -Wno-tautological-compare -Wno-uninitialized -Wno-unused-but-set-parameter -Wno-unused-but-set-variable -Wno-unused-parameter -Wno-unused-variable    -DVL_TIME_CONTEXT   -fcoroutines -c -o verilated.o /usr/local/share/verilator/include/verilated.cpp
g++ -Os  -I.  -MMD -I/usr/local/share/verilator/include -I/usr/local/share/verilator/include/vltstd -DVERILATOR=1 -DVM_COVERAGE=0 -DVM_SC=0 -DVM_TIMING=1 -DVM_TRACE=0 -DVM_TRACE_FST=0 -DVM_TRACE_VCD=0 -DVM_TRACE_SAIF=0 -faligned-new -fcf-protection=none -Wno-bool-operation -Wno-int-in-bool-context -Wno-shadow -Wno-sign-compare -Wno-subobject-linkage -Wno-tautological-compare -Wno-uninitialized -Wno-unused-but-set-parameter -Wno-unused-but-set-variable -Wno-unused-parameter -Wno-unused-variable    -DVL_TIME_CONTEXT   -fcoroutines -c -o verilated_timing.o /usr/local/share/verilator/include/verilated_timing.cpp
g++ -Os  -I.  -MMD -I/usr/local/share/verilator/include -I/usr/local/share/verilator/include/vltstd -DVERILATOR=1 -DVM_COVERAGE=0 -DVM_SC=0 -DVM_TIMING=1 -DVM_TRACE=0 -DVM_TRACE_FST=0 -DVM_TRACE_VCD=0 -DVM_TRACE_SAIF=0 -faligned-new -fcf-protection=none -Wno-bool-operation -Wno-int-in-bool-context -Wno-shadow -Wno-sign-compare -Wno-subobject-linkage -Wno-tautological-compare -Wno-uninitialized -Wno-unused-but-set-parameter -Wno-unused-but-set-variable -Wno-unused-parameter -Wno-unused-variable    -DVL_TIME_CONTEXT   -fcoroutines -c -o verilated_threads.o /usr/local/share/verilator/include/verilated_threads.cpp
g++ -Os  -I.  -MMD -I/usr/local/share/verilator/include -I/usr/local/share/verilator/include/vltstd -DVERILATOR=1 -DVM_COVERAGE=0 -DVM_SC=0 -DVM_TIMING=1 -DVM_TRACE=0 -DVM_TRACE_FST=0 -DVM_TRACE_VCD=0 -DVM_TRACE_SAIF=0 -faligned-new -fcf-protection=none -Wno-bool-operation -Wno-int-in-bool-context -Wno-shadow -Wno-sign-compare -Wno-subobject-linkage -Wno-tautological-compare -Wno-uninitialized -Wno-unused-but-set-parameter -Wno-unused-but-set-variable -Wno-unused-parameter -Wno-unused-variable    -DVL_TIME_CONTEXT   -fcoroutines -x c++-header Vtb_kvq_audit__pch.h -o Vtb_kvq_audit__pch.h.fast.gch
g++   -I.  -MMD -I/usr/local/share/verilator/include -I/usr/local/share/verilator/include/vltstd -DVERILATOR=1 -DVM_COVERAGE=0 -DVM_SC=0 -DVM_TIMING=1 -DVM_TRACE=0 -DVM_TRACE_FST=0 -DVM_TRACE_VCD=0 -DVM_TRACE_SAIF=0 -faligned-new -fcf-protection=none -Wno-bool-operation -Wno-int-in-bool-context -Wno-shadow -Wno-sign-compare -Wno-subobject-linkage -Wno-tautological-compare -Wno-uninitialized -Wno-unused-but-set-parameter -Wno-unused-but-set-variable -Wno-unused-parameter -Wno-unused-variable    -DVL_TIME_CONTEXT   -fcoroutines -x c++-header Vtb_kvq_audit__pch.h -o Vtb_kvq_audit__pch.h.slow.gch
g++ -Os  -I.  -MMD -I/usr/local/share/verilator/include -I/usr/local/share/verilator/include/vltstd -DVERILATOR=1 -DVM_COVERAGE=0 -DVM_SC=0 -DVM_TIMING=1 -DVM_TRACE=0 -DVM_TRACE_FST=0 -DVM_TRACE_VCD=0 -DVM_TRACE_SAIF=0 -faligned-new -fcf-protection=none -Wno-bool-operation -Wno-int-in-bool-context -Wno-shadow -Wno-sign-compare -Wno-subobject-linkage -Wno-tautological-compare -Wno-uninitialized -Wno-unused-but-set-parameter -Wno-unused-but-set-variable -Wno-unused-parameter -Wno-unused-variable    -DVL_TIME_CONTEXT   -fcoroutines -include Vtb_kvq_audit__pch.h.fast -c -o Vtb_kvq_audit.o Vtb_kvq_audit.cpp
g++ -Os  -I.  -MMD -I/usr/local/share/verilator/include -I/usr/local/share/verilator/include/vltstd -DVERILATOR=1 -DVM_COVERAGE=0 -DVM_SC=0 -DVM_TIMING=1 -DVM_TRACE=0 -DVM_TRACE_FST=0 -DVM_TRACE_VCD=0 -DVM_TRACE_SAIF=0 -faligned-new -fcf-protection=none -Wno-bool-operation -Wno-int-in-bool-context -Wno-shadow -Wno-sign-compare -Wno-subobject-linkage -Wno-tautological-compare -Wno-uninitialized -Wno-unused-but-set-parameter -Wno-unused-but-set-variable -Wno-unused-parameter -Wno-unused-variable    -DVL_TIME_CONTEXT   -fcoroutines -include Vtb_kvq_audit__pch.h.fast -c -o Vtb_kvq_audit___024root__0.o Vtb_kvq_audit___024root__0.cpp
g++ -Os  -I.  -MMD -I/usr/local/share/verilator/include -I/usr/local/share/verilator/include/vltstd -DVERILATOR=1 -DVM_COVERAGE=0 -DVM_SC=0 -DVM_TIMING=1 -DVM_TRACE=0 -DVM_TRACE_FST=0 -DVM_TRACE_VCD=0 -DVM_TRACE_SAIF=0 -faligned-new -fcf-protection=none -Wno-bool-operation -Wno-int-in-bool-context -Wno-shadow -Wno-sign-compare -Wno-subobject-linkage -Wno-tautological-compare -Wno-uninitialized -Wno-unused-but-set-parameter -Wno-unused-but-set-variable -Wno-unused-parameter -Wno-unused-variable    -DVL_TIME_CONTEXT   -fcoroutines -include Vtb_kvq_audit__pch.h.fast -c -o Vtb_kvq_audit___024root__1.o Vtb_kvq_audit___024root__1.cpp
g++ -Os  -I.  -MMD -I/usr/local/share/verilator/include -I/usr/local/share/verilator/include/vltstd -DVERILATOR=1 -DVM_COVERAGE=0 -DVM_SC=0 -DVM_TIMING=1 -DVM_TRACE=0 -DVM_TRACE_FST=0 -DVM_TRACE_VCD=0 -DVM_TRACE_SAIF=0 -faligned-new -fcf-protection=none -Wno-bool-operation -Wno-int-in-bool-context -Wno-shadow -Wno-sign-compare -Wno-subobject-linkage -Wno-tautological-compare -Wno-uninitialized -Wno-unused-but-set-parameter -Wno-unused-but-set-variable -Wno-unused-parameter -Wno-unused-variable    -DVL_TIME_CONTEXT   -fcoroutines -include Vtb_kvq_audit__pch.h.fast -c -o Vtb_kvq_audit___024root__2.o Vtb_kvq_audit___024root__2.cpp
g++ -Os  -I.  -MMD -I/usr/local/share/verilator/include -I/usr/local/share/verilator/include/vltstd -DVERILATOR=1 -DVM_COVERAGE=0 -DVM_SC=0 -DVM_TIMING=1 -DVM_TRACE=0 -DVM_TRACE_FST=0 -DVM_TRACE_VCD=0 -DVM_TRACE_SAIF=0 -faligned-new -fcf-protection=none -Wno-bool-operation -Wno-int-in-bool-context -Wno-shadow -Wno-sign-compare -Wno-subobject-linkage -Wno-tautological-compare -Wno-uninitialized -Wno-unused-but-set-parameter -Wno-unused-but-set-variable -Wno-unused-parameter -Wno-unused-variable    -DVL_TIME_CONTEXT   -fcoroutines -include Vtb_kvq_audit__pch.h.fast -c -o Vtb_kvq_audit__main.o Vtb_kvq_audit__main.cpp
g++   -I.  -MMD -I/usr/local/share/verilator/include -I/usr/local/share/verilator/include/vltstd -DVERILATOR=1 -DVM_COVERAGE=0 -DVM_SC=0 -DVM_TIMING=1 -DVM_TRACE=0 -DVM_TRACE_FST=0 -DVM_TRACE_VCD=0 -DVM_TRACE_SAIF=0 -faligned-new -fcf-protection=none -Wno-bool-operation -Wno-int-in-bool-context -Wno-shadow -Wno-sign-compare -Wno-subobject-linkage -Wno-tautological-compare -Wno-uninitialized -Wno-unused-but-set-parameter -Wno-unused-but-set-variable -Wno-unused-parameter -Wno-unused-variable    -DVL_TIME_CONTEXT   -fcoroutines -include Vtb_kvq_audit__pch.h.slow -c -o Vtb_kvq_audit__ConstPool__0__Slow.o Vtb_kvq_audit__ConstPool__0__Slow.cpp
g++   -I.  -MMD -I/usr/local/share/verilator/include -I/usr/local/share/verilator/include/vltstd -DVERILATOR=1 -DVM_COVERAGE=0 -DVM_SC=0 -DVM_TIMING=1 -DVM_TRACE=0 -DVM_TRACE_FST=0 -DVM_TRACE_VCD=0 -DVM_TRACE_SAIF=0 -faligned-new -fcf-protection=none -Wno-bool-operation -Wno-int-in-bool-context -Wno-shadow -Wno-sign-compare -Wno-subobject-linkage -Wno-tautological-compare -Wno-uninitialized -Wno-unused-but-set-parameter -Wno-unused-but-set-variable -Wno-unused-parameter -Wno-unused-variable    -DVL_TIME_CONTEXT   -fcoroutines -include Vtb_kvq_audit__pch.h.slow -c -o Vtb_kvq_audit___024root__Slow.o Vtb_kvq_audit___024root__Slow.cpp
g++   -I.  -MMD -I/usr/local/share/verilator/include -I/usr/local/share/verilator/include/vltstd -DVERILATOR=1 -DVM_COVERAGE=0 -DVM_SC=0 -DVM_TIMING=1 -DVM_TRACE=0 -DVM_TRACE_FST=0 -DVM_TRACE_VCD=0 -DVM_TRACE_SAIF=0 -faligned-new -fcf-protection=none -Wno-bool-operation -Wno-int-in-bool-context -Wno-shadow -Wno-sign-compare -Wno-subobject-linkage -Wno-tautological-compare -Wno-uninitialized -Wno-unused-but-set-parameter -Wno-unused-but-set-variable -Wno-unused-parameter -Wno-unused-variable    -DVL_TIME_CONTEXT   -fcoroutines -include Vtb_kvq_audit__pch.h.slow -c -o Vtb_kvq_audit___024root__0__Slow.o Vtb_kvq_audit___024root__0__Slow.cpp
g++   -I.  -MMD -I/usr/local/share/verilator/include -I/usr/local/share/verilator/include/vltstd -DVERILATOR=1 -DVM_COVERAGE=0 -DVM_SC=0 -DVM_TIMING=1 -DVM_TRACE=0 -DVM_TRACE_FST=0 -DVM_TRACE_VCD=0 -DVM_TRACE_SAIF=0 -faligned-new -fcf-protection=none -Wno-bool-operation -Wno-int-in-bool-context -Wno-shadow -Wno-sign-compare -Wno-subobject-linkage -Wno-tautological-compare -Wno-uninitialized -Wno-unused-but-set-parameter -Wno-unused-but-set-variable -Wno-unused-parameter -Wno-unused-variable    -DVL_TIME_CONTEXT   -fcoroutines -include Vtb_kvq_audit__pch.h.slow -c -o Vtb_kvq_audit___024unit__Slow.o Vtb_kvq_audit___024unit__Slow.cpp
g++   -I.  -MMD -I/usr/local/share/verilator/include -I/usr/local/share/verilator/include/vltstd -DVERILATOR=1 -DVM_COVERAGE=0 -DVM_SC=0 -DVM_TIMING=1 -DVM_TRACE=0 -DVM_TRACE_FST=0 -DVM_TRACE_VCD=0 -DVM_TRACE_SAIF=0 -faligned-new -fcf-protection=none -Wno-bool-operation -Wno-int-in-bool-context -Wno-shadow -Wno-sign-compare -Wno-subobject-linkage -Wno-tautological-compare -Wno-uninitialized -Wno-unused-but-set-parameter -Wno-unused-but-set-variable -Wno-unused-parameter -Wno-unused-variable    -DVL_TIME_CONTEXT   -fcoroutines -include Vtb_kvq_audit__pch.h.slow -c -o Vtb_kvq_audit___024unit__0__Slow.o Vtb_kvq_audit___024unit__0__Slow.cpp
g++   -I.  -MMD -I/usr/local/share/verilator/include -I/usr/local/share/verilator/include/vltstd -DVERILATOR=1 -DVM_COVERAGE=0 -DVM_SC=0 -DVM_TIMING=1 -DVM_TRACE=0 -DVM_TRACE_FST=0 -DVM_TRACE_VCD=0 -DVM_TRACE_SAIF=0 -faligned-new -fcf-protection=none -Wno-bool-operation -Wno-int-in-bool-context -Wno-shadow -Wno-sign-compare -Wno-subobject-linkage -Wno-tautological-compare -Wno-uninitialized -Wno-unused-but-set-parameter -Wno-unused-but-set-variable -Wno-unused-parameter -Wno-unused-variable    -DVL_TIME_CONTEXT   -fcoroutines -include Vtb_kvq_audit__pch.h.slow -c -o Vtb_kvq_audit__Syms__Slow.o Vtb_kvq_audit__Syms__Slow.cpp
g++    verilated.o verilated_timing.o verilated_threads.o Vtb_kvq_audit__ALL.a    -pthread -lpthread -latomic   -o sim
rm Vtb_kvq_audit__ALL.verilator_deplist.tmp
make[1]: Leaving directory '/home/ubuntu/apex/verif/kvq/audit/build/obj_rst_cq8'
- V e r i l a t i o n   R e p o r t: Verilator 5.044 2026-01-01 rev v5.044
- Verilator: Built from 1.188 MB sources in 18 modules, into 1.553 MB in 11 C++ files needing 0.003 MB
- Verilator: Walltime 10.230 s (elab=0.015, cvt=0.101, bld=10.068); cpu 0.187 s on 4 threads; alloced 360.352 MB
mkdir -p build/obj_negz_d64p
/opt/homebrew/bin/verilator --binary --timing --assert -j 0 -Wall --timescale 1ns/1ps ../../../verif/kvq/smoke/lint_waivers.vlt --top-module tb_kvq_audit -Mdir build/obj_negz_d64p -o sim -GD=64 -GTIER=2 -GG=8 -GK_OUT=4 -GDEPTH=32 -GNV=6 -GNK=4 -GCFGNAME='"negz_d64p"' -GMASKFILE='"build/vec_negz_d64p/mask.u8.hex"' ../../../rtl/kvq/kvq_engine.sv ../../../rtl/kvq/cores/cq_fp_pkg.sv ../../../rtl/kvq/cores/cq_scale_unit.sv ../../../rtl/kvq/cores/cq_quant_unit.sv ../../../rtl/kvq/cores/cq_dequant_unit.sv ../../../rtl/kvq/cores/scale_bank.sv ../../../rtl/kvq/cores/scale_bank_store.sv ../../../rtl/kvq/cores/cq_rne_div_pipe.sv ../../../rtl/kvq/cores/cq_quant_pipe.sv ../../../rtl/kvq/cores/cq_scale_pipe.sv ../../../rtl/kvq/cores/residual_buffer.sv ../../../rtl/kvq/cores/sram_controller.sv ../../../rtl/kvq/cores/cq_value_path.sv ../../../rtl/kvq/cores/cq_key_path.sv tb_kvq_audit.sv ../sb/kvq_sb_sva.sv
make[1]: Entering directory '/home/ubuntu/apex/verif/kvq/audit/build/obj_negz_d64p'
g++ -Os  -I.  -MMD -I/usr/local/share/verilator/include -I/usr/local/share/verilator/include/vltstd -DVERILATOR=1 -DVM_COVERAGE=0 -DVM_SC=0 -DVM_TIMING=1 -DVM_TRACE=0 -DVM_TRACE_FST=0 -DVM_TRACE_VCD=0 -DVM_TRACE_SAIF=0 -faligned-new -fcf-protection=none -Wno-bool-operation -Wno-int-in-bool-context -Wno-shadow -Wno-sign-compare -Wno-subobject-linkage -Wno-tautological-compare -Wno-uninitialized -Wno-unused-but-set-parameter -Wno-unused-but-set-variable -Wno-unused-parameter -Wno-unused-variable    -DVL_TIME_CONTEXT   -fcoroutines -c -o verilated.o /usr/local/share/verilator/include/verilated.cpp
g++ -Os  -I.  -MMD -I/usr/local/share/verilator/include -I/usr/local/share/verilator/include/vltstd -DVERILATOR=1 -DVM_COVERAGE=0 -DVM_SC=0 -DVM_TIMING=1 -DVM_TRACE=0 -DVM_TRACE_FST=0 -DVM_TRACE_VCD=0 -DVM_TRACE_SAIF=0 -faligned-new -fcf-protection=none -Wno-bool-operation -Wno-int-in-bool-context -Wno-shadow -Wno-sign-compare -Wno-subobject-linkage -Wno-tautological-compare -Wno-uninitialized -Wno-unused-but-set-parameter -Wno-unused-but-set-variable -Wno-unused-parameter -Wno-unused-variable    -DVL_TIME_CONTEXT   -fcoroutines -c -o verilated_timing.o /usr/local/share/verilator/include/verilated_timing.cpp
g++ -Os  -I.  -MMD -I/usr/local/share/verilator/include -I/usr/local/share/verilator/include/vltstd -DVERILATOR=1 -DVM_COVERAGE=0 -DVM_SC=0 -DVM_TIMING=1 -DVM_TRACE=0 -DVM_TRACE_FST=0 -DVM_TRACE_VCD=0 -DVM_TRACE_SAIF=0 -faligned-new -fcf-protection=none -Wno-bool-operation -Wno-int-in-bool-context -Wno-shadow -Wno-sign-compare -Wno-subobject-linkage -Wno-tautological-compare -Wno-uninitialized -Wno-unused-but-set-parameter -Wno-unused-but-set-variable -Wno-unused-parameter -Wno-unused-variable    -DVL_TIME_CONTEXT   -fcoroutines -c -o verilated_threads.o /usr/local/share/verilator/include/verilated_threads.cpp
g++ -Os  -I.  -MMD -I/usr/local/share/verilator/include -I/usr/local/share/verilator/include/vltstd -DVERILATOR=1 -DVM_COVERAGE=0 -DVM_SC=0 -DVM_TIMING=1 -DVM_TRACE=0 -DVM_TRACE_FST=0 -DVM_TRACE_VCD=0 -DVM_TRACE_SAIF=0 -faligned-new -fcf-protection=none -Wno-bool-operation -Wno-int-in-bool-context -Wno-shadow -Wno-sign-compare -Wno-subobject-linkage -Wno-tautological-compare -Wno-uninitialized -Wno-unused-but-set-parameter -Wno-unused-but-set-variable -Wno-unused-parameter -Wno-unused-variable    -DVL_TIME_CONTEXT   -fcoroutines -x c++-header Vtb_kvq_audit__pch.h -o Vtb_kvq_audit__pch.h.fast.gch
g++   -I.  -MMD -I/usr/local/share/verilator/include -I/usr/local/share/verilator/include/vltstd -DVERILATOR=1 -DVM_COVERAGE=0 -DVM_SC=0 -DVM_TIMING=1 -DVM_TRACE=0 -DVM_TRACE_FST=0 -DVM_TRACE_VCD=0 -DVM_TRACE_SAIF=0 -faligned-new -fcf-protection=none -Wno-bool-operation -Wno-int-in-bool-context -Wno-shadow -Wno-sign-compare -Wno-subobject-linkage -Wno-tautological-compare -Wno-uninitialized -Wno-unused-but-set-parameter -Wno-unused-but-set-variable -Wno-unused-parameter -Wno-unused-variable    -DVL_TIME_CONTEXT   -fcoroutines -x c++-header Vtb_kvq_audit__pch.h -o Vtb_kvq_audit__pch.h.slow.gch
g++ -Os  -I.  -MMD -I/usr/local/share/verilator/include -I/usr/local/share/verilator/include/vltstd -DVERILATOR=1 -DVM_COVERAGE=0 -DVM_SC=0 -DVM_TIMING=1 -DVM_TRACE=0 -DVM_TRACE_FST=0 -DVM_TRACE_VCD=0 -DVM_TRACE_SAIF=0 -faligned-new -fcf-protection=none -Wno-bool-operation -Wno-int-in-bool-context -Wno-shadow -Wno-sign-compare -Wno-subobject-linkage -Wno-tautological-compare -Wno-uninitialized -Wno-unused-but-set-parameter -Wno-unused-but-set-variable -Wno-unused-parameter -Wno-unused-variable    -DVL_TIME_CONTEXT   -fcoroutines -include Vtb_kvq_audit__pch.h.fast -c -o Vtb_kvq_audit.o Vtb_kvq_audit.cpp
g++ -Os  -I.  -MMD -I/usr/local/share/verilator/include -I/usr/local/share/verilator/include/vltstd -DVERILATOR=1 -DVM_COVERAGE=0 -DVM_SC=0 -DVM_TIMING=1 -DVM_TRACE=0 -DVM_TRACE_FST=0 -DVM_TRACE_VCD=0 -DVM_TRACE_SAIF=0 -faligned-new -fcf-protection=none -Wno-bool-operation -Wno-int-in-bool-context -Wno-shadow -Wno-sign-compare -Wno-subobject-linkage -Wno-tautological-compare -Wno-uninitialized -Wno-unused-but-set-parameter -Wno-unused-but-set-variable -Wno-unused-parameter -Wno-unused-variable    -DVL_TIME_CONTEXT   -fcoroutines -include Vtb_kvq_audit__pch.h.fast -c -o Vtb_kvq_audit___024root__0.o Vtb_kvq_audit___024root__0.cpp
g++ -Os  -I.  -MMD -I/usr/local/share/verilator/include -I/usr/local/share/verilator/include/vltstd -DVERILATOR=1 -DVM_COVERAGE=0 -DVM_SC=0 -DVM_TIMING=1 -DVM_TRACE=0 -DVM_TRACE_FST=0 -DVM_TRACE_VCD=0 -DVM_TRACE_SAIF=0 -faligned-new -fcf-protection=none -Wno-bool-operation -Wno-int-in-bool-context -Wno-shadow -Wno-sign-compare -Wno-subobject-linkage -Wno-tautological-compare -Wno-uninitialized -Wno-unused-but-set-parameter -Wno-unused-but-set-variable -Wno-unused-parameter -Wno-unused-variable    -DVL_TIME_CONTEXT   -fcoroutines -include Vtb_kvq_audit__pch.h.fast -c -o Vtb_kvq_audit___024root__1.o Vtb_kvq_audit___024root__1.cpp
g++ -Os  -I.  -MMD -I/usr/local/share/verilator/include -I/usr/local/share/verilator/include/vltstd -DVERILATOR=1 -DVM_COVERAGE=0 -DVM_SC=0 -DVM_TIMING=1 -DVM_TRACE=0 -DVM_TRACE_FST=0 -DVM_TRACE_VCD=0 -DVM_TRACE_SAIF=0 -faligned-new -fcf-protection=none -Wno-bool-operation -Wno-int-in-bool-context -Wno-shadow -Wno-sign-compare -Wno-subobject-linkage -Wno-tautological-compare -Wno-uninitialized -Wno-unused-but-set-parameter -Wno-unused-but-set-variable -Wno-unused-parameter -Wno-unused-variable    -DVL_TIME_CONTEXT   -fcoroutines -include Vtb_kvq_audit__pch.h.fast -c -o Vtb_kvq_audit___024root__2.o Vtb_kvq_audit___024root__2.cpp
g++ -Os  -I.  -MMD -I/usr/local/share/verilator/include -I/usr/local/share/verilator/include/vltstd -DVERILATOR=1 -DVM_COVERAGE=0 -DVM_SC=0 -DVM_TIMING=1 -DVM_TRACE=0 -DVM_TRACE_FST=0 -DVM_TRACE_VCD=0 -DVM_TRACE_SAIF=0 -faligned-new -fcf-protection=none -Wno-bool-operation -Wno-int-in-bool-context -Wno-shadow -Wno-sign-compare -Wno-subobject-linkage -Wno-tautological-compare -Wno-uninitialized -Wno-unused-but-set-parameter -Wno-unused-but-set-variable -Wno-unused-parameter -Wno-unused-variable    -DVL_TIME_CONTEXT   -fcoroutines -include Vtb_kvq_audit__pch.h.fast -c -o Vtb_kvq_audit__main.o Vtb_kvq_audit__main.cpp
g++   -I.  -MMD -I/usr/local/share/verilator/include -I/usr/local/share/verilator/include/vltstd -DVERILATOR=1 -DVM_COVERAGE=0 -DVM_SC=0 -DVM_TIMING=1 -DVM_TRACE=0 -DVM_TRACE_FST=0 -DVM_TRACE_VCD=0 -DVM_TRACE_SAIF=0 -faligned-new -fcf-protection=none -Wno-bool-operation -Wno-int-in-bool-context -Wno-shadow -Wno-sign-compare -Wno-subobject-linkage -Wno-tautological-compare -Wno-uninitialized -Wno-unused-but-set-parameter -Wno-unused-but-set-variable -Wno-unused-parameter -Wno-unused-variable    -DVL_TIME_CONTEXT   -fcoroutines -include Vtb_kvq_audit__pch.h.slow -c -o Vtb_kvq_audit__ConstPool__0__Slow.o Vtb_kvq_audit__ConstPool__0__Slow.cpp
g++   -I.  -MMD -I/usr/local/share/verilator/include -I/usr/local/share/verilator/include/vltstd -DVERILATOR=1 -DVM_COVERAGE=0 -DVM_SC=0 -DVM_TIMING=1 -DVM_TRACE=0 -DVM_TRACE_FST=0 -DVM_TRACE_VCD=0 -DVM_TRACE_SAIF=0 -faligned-new -fcf-protection=none -Wno-bool-operation -Wno-int-in-bool-context -Wno-shadow -Wno-sign-compare -Wno-subobject-linkage -Wno-tautological-compare -Wno-uninitialized -Wno-unused-but-set-parameter -Wno-unused-but-set-variable -Wno-unused-parameter -Wno-unused-variable    -DVL_TIME_CONTEXT   -fcoroutines -include Vtb_kvq_audit__pch.h.slow -c -o Vtb_kvq_audit___024root__Slow.o Vtb_kvq_audit___024root__Slow.cpp
g++   -I.  -MMD -I/usr/local/share/verilator/include -I/usr/local/share/verilator/include/vltstd -DVERILATOR=1 -DVM_COVERAGE=0 -DVM_SC=0 -DVM_TIMING=1 -DVM_TRACE=0 -DVM_TRACE_FST=0 -DVM_TRACE_VCD=0 -DVM_TRACE_SAIF=0 -faligned-new -fcf-protection=none -Wno-bool-operation -Wno-int-in-bool-context -Wno-shadow -Wno-sign-compare -Wno-subobject-linkage -Wno-tautological-compare -Wno-uninitialized -Wno-unused-but-set-parameter -Wno-unused-but-set-variable -Wno-unused-parameter -Wno-unused-variable    -DVL_TIME_CONTEXT   -fcoroutines -include Vtb_kvq_audit__pch.h.slow -c -o Vtb_kvq_audit___024root__0__Slow.o Vtb_kvq_audit___024root__0__Slow.cpp
g++   -I.  -MMD -I/usr/local/share/verilator/include -I/usr/local/share/verilator/include/vltstd -DVERILATOR=1 -DVM_COVERAGE=0 -DVM_SC=0 -DVM_TIMING=1 -DVM_TRACE=0 -DVM_TRACE_FST=0 -DVM_TRACE_VCD=0 -DVM_TRACE_SAIF=0 -faligned-new -fcf-protection=none -Wno-bool-operation -Wno-int-in-bool-context -Wno-shadow -Wno-sign-compare -Wno-subobject-linkage -Wno-tautological-compare -Wno-uninitialized -Wno-unused-but-set-parameter -Wno-unused-but-set-variable -Wno-unused-parameter -Wno-unused-variable    -DVL_TIME_CONTEXT   -fcoroutines -include Vtb_kvq_audit__pch.h.slow -c -o Vtb_kvq_audit___024unit__Slow.o Vtb_kvq_audit___024unit__Slow.cpp
g++   -I.  -MMD -I/usr/local/share/verilator/include -I/usr/local/share/verilator/include/vltstd -DVERILATOR=1 -DVM_COVERAGE=0 -DVM_SC=0 -DVM_TIMING=1 -DVM_TRACE=0 -DVM_TRACE_FST=0 -DVM_TRACE_VCD=0 -DVM_TRACE_SAIF=0 -faligned-new -fcf-protection=none -Wno-bool-operation -Wno-int-in-bool-context -Wno-shadow -Wno-sign-compare -Wno-subobject-linkage -Wno-tautological-compare -Wno-uninitialized -Wno-unused-but-set-parameter -Wno-unused-but-set-variable -Wno-unused-parameter -Wno-unused-variable    -DVL_TIME_CONTEXT   -fcoroutines -include Vtb_kvq_audit__pch.h.slow -c -o Vtb_kvq_audit___024unit__0__Slow.o Vtb_kvq_audit___024unit__0__Slow.cpp
g++   -I.  -MMD -I/usr/local/share/verilator/include -I/usr/local/share/verilator/include/vltstd -DVERILATOR=1 -DVM_COVERAGE=0 -DVM_SC=0 -DVM_TIMING=1 -DVM_TRACE=0 -DVM_TRACE_FST=0 -DVM_TRACE_VCD=0 -DVM_TRACE_SAIF=0 -faligned-new -fcf-protection=none -Wno-bool-operation -Wno-int-in-bool-context -Wno-shadow -Wno-sign-compare -Wno-subobject-linkage -Wno-tautological-compare -Wno-uninitialized -Wno-unused-but-set-parameter -Wno-unused-but-set-variable -Wno-unused-parameter -Wno-unused-variable    -DVL_TIME_CONTEXT   -fcoroutines -include Vtb_kvq_audit__pch.h.slow -c -o Vtb_kvq_audit__Syms__Slow.o Vtb_kvq_audit__Syms__Slow.cpp
g++    verilated.o verilated_timing.o verilated_threads.o Vtb_kvq_audit__ALL.a    -pthread -lpthread -latomic   -o sim
rm Vtb_kvq_audit__ALL.verilator_deplist.tmp
make[1]: Leaving directory '/home/ubuntu/apex/verif/kvq/audit/build/obj_negz_d64p'
- V e r i l a t i o n   R e p o r t: Verilator 5.044 2026-01-01 rev v5.044
- Verilator: Built from 1.188 MB sources in 18 modules, into 6.306 MB in 11 C++ files needing 0.007 MB
- Verilator: Walltime 135.722 s (elab=0.024, cvt=0.591, bld=134.990); cpu 0.824 s on 4 threads; alloced 331.680 MB
==== tb_kvq_audit cfg=rst_cq4 D=16 TIER=1 G=4 K_OUT=0 DEPTH=64 NV=24 NK=8 mode=0 n_rst=140 bp=1 stall=1 seed=21
COV rst_total 146
COV rst_land_p0 35
COV rst_land_p1 13
COV rst_land_p2 5
COV rst_land_p3 12
COV rst_land_p4 8
COV rst_land_p5 11
COV rst_land_p6 10
COV rst_land_p7 17
COV rst_land_p8 12
COV rst_land_p9 8
COV rst_land_p10 8
COV rst_land_p11 7
COV rst_pending_beat 11
COV rst_mid_token 30
COV rst_mid_group 33
COV rst_beat_collide 14
COV rst_collide_store 12
COV rst_collide_rload 8
COV rst_collide_rwait 11
COV rst_collide_kfeed 12
COV rst_drain_exact 17
COV rst_miss 0
COV clean_v_jobs 140
COV clean_k_jobs 81
COV audit_reads 514
COV audit_peeks 514
COV audit_bank_peeks 93
COV rst_bank_survive 6
COV sb_ovwr_sticky 1
COV sb_ovwr_w1c 1
COV idle_lie_mon_armed 1
CONFIG rst_cq4: checks=21443 fails=0
TB PASS [rst_cq4]: resets=146 clean_v=140 clean_k=81 reads=514 peeks=514 bank_peeks=93 bank_rst=6
- tb_kvq_audit.sv:1129: Verilog $finish
- S i m u l a t i o n   R e p o r t: Verilator 5.044 2026-01-01
- Verilator: $finish at 758us; walltime 0.172 s; speed 4.414 ms/s
- Verilator: cpu 0.172 s on 1 threads; alloced 7 MB
==== tb_kvq_audit cfg=rst_cq4p D=16 TIER=2 G=4 K_OUT=2 DEPTH=64 NV=12 NK=8 mode=0 n_rst=40 bp=1 stall=1 seed=22
COV rst_total 46
COV rst_land_p0 11
COV rst_land_p1 6
COV rst_land_p2 1
COV rst_land_p3 2
COV rst_land_p4 2
COV rst_land_p5 2
COV rst_land_p6 5
COV rst_land_p7 7
COV rst_land_p8 3
COV rst_land_p9 3
COV rst_land_p10 1
COV rst_land_p11 3
COV rst_pending_beat 6
COV rst_mid_token 13
COV rst_mid_group 10
COV rst_beat_collide 7
COV rst_collide_store 2
COV rst_collide_rload 2
COV rst_collide_rwait 2
COV rst_collide_kfeed 3
COV rst_drain_exact 8
COV rst_miss 0
COV clean_v_jobs 40
COV clean_k_jobs 27
COV audit_reads 198
COV audit_peeks 198
COV audit_bank_peeks 39
COV rst_bank_survive 6
COV sb_ovwr_sticky 1
COV sb_ovwr_w1c 1
COV idle_lie_mon_armed 1
CONFIG rst_cq4p: checks=8253 fails=0
TB PASS [rst_cq4p]: resets=46 clean_v=40 clean_k=27 reads=198 peeks=198 bank_peeks=39 bank_rst=6
- tb_kvq_audit.sv:1129: Verilog $finish
- S i m u l a t i o n   R e p o r t: Verilator 5.044 2026-01-01
- Verilator: $finish at 265us; walltime 0.060 s; speed 4.374 ms/s
- Verilator: cpu 0.060 s on 1 threads; alloced 7 MB
==== tb_kvq_audit cfg=rst_d64 D=64 TIER=1 G=8 K_OUT=0 DEPTH=32 NV=8 NK=4 mode=0 n_rst=40 bp=1 stall=1 seed=24
COV rst_total 46
COV rst_land_p0 13
COV rst_land_p1 6
COV rst_land_p2 0
COV rst_land_p3 2
COV rst_land_p4 3
COV rst_land_p5 3
COV rst_land_p6 5
COV rst_land_p7 6
COV rst_land_p8 4
COV rst_land_p9 2
COV rst_land_p10 0
COV rst_land_p11 2
COV rst_pending_beat 2
COV rst_mid_token 12
COV rst_mid_group 8
COV rst_beat_collide 5
COV rst_collide_store 2
COV rst_collide_rload 3
COV rst_collide_rwait 3
COV rst_collide_kfeed 4
COV rst_drain_exact 7
COV rst_miss 0
COV clean_v_jobs 40
COV clean_k_jobs 25
COV audit_reads 338
COV audit_peeks 338
COV audit_bank_peeks 37
COV rst_bank_survive 6
COV sb_ovwr_sticky 1
COV sb_ovwr_w1c 1
COV idle_lie_mon_armed 1
CONFIG rst_d64: checks=48138 fails=0
TB PASS [rst_d64]: resets=46 clean_v=40 clean_k=25 reads=338 peeks=338 bank_peeks=37 bank_rst=6
- tb_kvq_audit.sv:1129: Verilog $finish
- S i m u l a t i o n   R e p o r t: Verilator 5.044 2026-01-01
- Verilator: $finish at 1ms; walltime 0.289 s; speed 4.283 ms/s
- Verilator: cpu 0.289 s on 1 threads; alloced 8 MB
==== tb_kvq_audit cfg=rst_cq8 D=16 TIER=0 G=2 K_OUT=0 DEPTH=64 NV=12 NK=0 mode=0 n_rst=20 bp=1 stall=1 seed=25
COV rst_total 20
COV rst_land_p0 4
COV rst_land_p1 4
COV rst_land_p2 0
COV rst_land_p3 2
COV rst_land_p4 2
COV rst_land_p5 2
COV rst_land_p6 4
COV rst_land_p7 0
COV rst_land_p8 0
COV rst_land_p9 0
COV rst_land_p10 0
COV rst_land_p11 2
COV rst_pending_beat 5
COV rst_mid_token 4
COV rst_mid_group 0
COV rst_beat_collide 2
COV rst_collide_store 2
COV rst_collide_rload 2
COV rst_collide_rwait 2
COV rst_collide_kfeed 0
COV rst_drain_exact 6
COV rst_miss 0
COV clean_v_jobs 20
COV clean_k_jobs 0
COV audit_reads 22
COV audit_peeks 22
COV audit_bank_peeks 0
COV rst_bank_survive 0
COV sb_ovwr_sticky 0
COV sb_ovwr_w1c 0
COV idle_lie_mon_armed 1
CONFIG rst_cq8: checks=1073 fails=0
TB PASS [rst_cq8]: resets=20 clean_v=20 clean_k=0 reads=22 peeks=22 bank_peeks=0 bank_rst=0
- tb_kvq_audit.sv:1129: Verilog $finish
- S i m u l a t i o n   R e p o r t: Verilator 5.044 2026-01-01
- Verilator: $finish at 43us; walltime 0.006 s; speed 7.092 ms/s
- Verilator: cpu 0.006 s on 1 threads; alloced 7 MB
==== tb_kvq_audit cfg=negz_d64p D=64 TIER=2 G=8 K_OUT=4 DEPTH=32 NV=6 NK=4 mode=0 n_rst=20 bp=2 stall=1 seed=27
COV rst_total 26
COV rst_land_p0 9
COV rst_land_p1 3
COV rst_land_p2 1
COV rst_land_p3 2
COV rst_land_p4 2
COV rst_land_p5 1
COV rst_land_p6 2
COV rst_land_p7 2
COV rst_land_p8 1
COV rst_land_p9 1
COV rst_land_p10 1
COV rst_land_p11 1
COV rst_pending_beat 3
COV rst_mid_token 5
COV rst_mid_group 4
COV rst_beat_collide 2
COV rst_collide_store 2
COV rst_collide_rload 2
COV rst_collide_rwait 1
COV rst_collide_kfeed 1
COV rst_drain_exact 3
COV rst_miss 0
COV clean_v_jobs 20
COV clean_k_jobs 11
COV audit_reads 206
COV audit_peeks 206
COV audit_bank_peeks 23
COV rst_bank_survive 6
COV sb_ovwr_sticky 1
COV sb_ovwr_w1c 1
COV idle_lie_mon_armed 1
CONFIG negz_d64p: checks=29184 fails=0
TB PASS [negz_d64p]: resets=26 clean_v=20 clean_k=11 reads=206 peeks=206 bank_peeks=23 bank_rst=6
- tb_kvq_audit.sv:1129: Verilog $finish
- S i m u l a t i o n   R e p o r t: Verilator 5.044 2026-01-01
- Verilator: $finish at 3ms; walltime 0.696 s; speed 3.868 ms/s
- Verilator: cpu 0.696 s on 1 threads; alloced 8 MB
==== tb_kvq_audit cfg=rst_cq4p D=16 TIER=2 G=4 K_OUT=2 DEPTH=64 NV=12 NK=8 mode=1 n_rst=0 bp=1 stall=1 seed=23
COV rst_total 0
COV rst_land_p0 0
COV rst_land_p1 0
COV rst_land_p2 0
COV rst_land_p3 0
COV rst_land_p4 0
COV rst_land_p5 0
COV rst_land_p6 0
COV rst_land_p7 0
COV rst_land_p8 0
COV rst_land_p9 0
COV rst_land_p10 0
COV rst_land_p11 0
COV rst_pending_beat 0
COV rst_mid_token 0
COV rst_mid_group 0
COV rst_beat_collide 0
COV rst_collide_store 0
COV rst_collide_rload 0
COV rst_collide_rwait 0
COV rst_collide_kfeed 0
COV rst_drain_exact 0
COV rst_miss 0
COV clean_v_jobs 12
COV clean_k_jobs 8
COV audit_reads 45
COV audit_peeks 45
COV audit_bank_peeks 8
COV rst_bank_survive 0
COV sb_ovwr_sticky 0
COV sb_ovwr_w1c 0
COV idle_lie_mon_armed 1
CONFIG rst_cq4p: checks=1758 fails=0
TB PASS [rst_cq4p]: resets=0 clean_v=12 clean_k=8 reads=45 peeks=45 bank_peeks=8 bank_rst=0
- tb_kvq_audit.sv:1129: Verilog $finish
- S i m u l a t i o n   R e p o r t: Verilator 5.044 2026-01-01
- Verilator: $finish at 59us; walltime 0.014 s; speed 4.263 ms/s
- Verilator: cpu 0.014 s on 1 threads; alloced 7 MB
==== tb_kvq_audit cfg=negz_d64p D=64 TIER=2 G=8 K_OUT=4 DEPTH=32 NV=6 NK=4 mode=1 n_rst=0 bp=1 stall=1 seed=26
COV rst_total 0
COV rst_land_p0 0
COV rst_land_p1 0
COV rst_land_p2 0
COV rst_land_p3 0
COV rst_land_p4 0
COV rst_land_p5 0
COV rst_land_p6 0
COV rst_land_p7 0
COV rst_land_p8 0
COV rst_land_p9 0
COV rst_land_p10 0
COV rst_land_p11 0
COV rst_pending_beat 0
COV rst_mid_token 0
COV rst_mid_group 0
COV rst_beat_collide 0
COV rst_collide_store 0
COV rst_collide_rload 0
COV rst_collide_rwait 0
COV rst_collide_kfeed 0
COV rst_drain_exact 0
COV rst_miss 0
COV clean_v_jobs 6
COV clean_k_jobs 4
COV audit_reads 39
COV audit_peeks 39
COV audit_bank_peeks 4
COV rst_bank_survive 0
COV sb_ovwr_sticky 0
COV sb_ovwr_w1c 0
COV idle_lie_mon_armed 1
CONFIG negz_d64p: checks=5410 fails=0
TB PASS [negz_d64p]: resets=0 clean_v=6 clean_k=4 reads=39 peeks=39 bank_peeks=4 bank_rst=0
- tb_kvq_audit.sv:1129: Verilog $finish
- S i m u l a t i o n   R e p o r t: Verilator 5.044 2026-01-01
- Verilator: $finish at 144us; walltime 0.039 s; speed 3.750 ms/s
- Verilator: cpu 0.039 s on 1 threads; alloced 8 MB
==== KVQ AUDIT coverage (12 inputs) ====
  [OK ] audit_bank_peeks                204 (min 98)
  [OK ] audit_peeks                    1362 (min 300)
  [OK ] audit_reads                    1362 (min 300)
  [OK ] clean_k_jobs                    156 (min 50)
  [OK ] clean_v_jobs                    278 (min 200)
  [OK ] idle_lie_mon_armed                7 (min 1)
  [OK ] negsub_outlier_d16                1 (min 1)
  [OK ] negsub_outlier_d64                1 (min 1)
  [OK ] negz_col_all_zero_d16             2 (min 1)
  [OK ] negz_col_all_zero_d64             2 (min 1)
  [OK ] negz_key_nonoutlier_d16           2 (min 1)
  [OK ] negz_key_nonoutlier_d64           2 (min 1)
  [OK ] negz_outlier_d16                  7 (min 1)
  [OK ] negz_outlier_d64                 13 (min 1)
  [OK ] negz_value_all_d16                3 (min 1)
  [OK ] negz_value_all_d64                2 (min 1)
  [OK ] negz_value_d16                    3 (min 1)
  [OK ] negz_value_d64                    2 (min 1)
  [OK ] negz_value_mix_d16                3 (min 1)
  [OK ] negz_value_mix_d64                2 (min 1)
  [OK ] posz_outlier_d16                  1 (min 1)
  [OK ] posz_outlier_d64                  1 (min 1)
  [OK ] rst_bank_survive                 24 (min 24)
  [OK ] rst_beat_collide                 30 (min 3)
  [OK ] rst_collide_kfeed                20 (min 2)
  [OK ] rst_collide_rload                17 (min 2)
  [OK ] rst_collide_rwait                19 (min 2)
  [OK ] rst_collide_store                20 (min 2)
  [OK ] rst_drain_exact                  41 (min 15)
  [----] rst_land_p0                      72 (min 0)
  [OK ] rst_land_p1                      32 (min 3)
  [OK ] rst_land_p10                     10 (min 3)
  [OK ] rst_land_p11                     15 (min 3)
  [OK ] rst_land_p2                       7 (min 3)
  [OK ] rst_land_p3                      20 (min 2)
  [OK ] rst_land_p4                      17 (min 2)
  [OK ] rst_land_p5                      19 (min 2)
  [OK ] rst_land_p6                      26 (min 3)
  [OK ] rst_land_p7                      32 (min 3)
  [OK ] rst_land_p8                      20 (min 2)
  [OK ] rst_land_p9                      14 (min 3)
  [OK ] rst_mid_group                    55 (min 15)
  [OK ] rst_mid_token                    64 (min 25)
  [----] rst_miss                          0 (min 0)
  [OK ] rst_pending_beat                 27 (min 15)
  [OK ] rst_total                       284 (min 200)
  [OK ] sb_ovwr_sticky                    4 (min 4)
  [OK ] sb_ovwr_w1c                       4 (min 4)
COVERAGE GATE: PASS — all required buckets closed
MUTATION CAUGHT [b1]
    IDLE-LIE cyc=2167: STATUS-visible idle while FSM state=5 m_tvalid=0
    IDLE-LIE cyc=2168: STATUS-visible idle while FSM state=5 m_tvalid=0
    IDLE-LIE cyc=2169: STATUS-visible idle while FSM state=6 m_tvalid=0
MUTATION CAUGHT [b2]
    FAIL cyc=4165: E10 t10: datapath still walking after soft reset (cqv_busy=0 kp_busy=1) — D-020 same-cycle abort violated
    FAIL cyc=4168: E10 t10: STATUS.idle=0 immediately after the reset settled (aborted work still in flight?)
    FAIL cyc=184210: E10 t10 vjob: STATUS.idle never set after 60000 polls
MUTATION CAUGHT [b4]
    FAIL cyc=2310: directed R addr=0 beat=4: got 00000000 exp 80000000 (hidx=12)
    FAIL cyc=2378: directed R addr=2 beat=11: got 00000000 exp 80000000 (hidx=14)
    FAIL cyc=2791: directed R addr=4 beat=11: got 00000000 exp 80000000 (hidx=16)

==================== KVQ AUDIT GATE ====================
--- build/run_mut_b1.log
    CONFIG rst_cq4: checks=7949 fails=10
    TB FAIL [rst_cq4]: 10 fail(s) across 7949 checks
--- build/run_mut_b2.log
    CONFIG rst_cq4: checks=7918 fails=30
    TB FAIL [rst_cq4]: 30 fail(s) across 7918 checks
--- build/run_mut_b4.log
    CONFIG rst_cq4p: checks=1758 fails=8
    TB FAIL [rst_cq4p]: 8 fail(s) across 1758 checks
--- build/run_negz_cq4p.log
    CONFIG rst_cq4p: checks=1758 fails=0
    TB PASS [rst_cq4p]: resets=0 clean_v=12 clean_k=8 reads=45 peeks=45 bank_peeks=8 bank_rst=0
--- build/run_negz_d64p.log
    CONFIG negz_d64p: checks=5410 fails=0
    TB PASS [negz_d64p]: resets=0 clean_v=6 clean_k=4 reads=39 peeks=39 bank_peeks=4 bank_rst=0
--- build/run_rst_cq4.log
    CONFIG rst_cq4: checks=21443 fails=0
    TB PASS [rst_cq4]: resets=146 clean_v=140 clean_k=81 reads=514 peeks=514 bank_peeks=93 bank_rst=6
--- build/run_rst_cq4p.log
    CONFIG rst_cq4p: checks=8253 fails=0
    TB PASS [rst_cq4p]: resets=46 clean_v=40 clean_k=27 reads=198 peeks=198 bank_peeks=39 bank_rst=6
--- build/run_rst_cq8.log
    CONFIG rst_cq8: checks=1073 fails=0
    TB PASS [rst_cq8]: resets=20 clean_v=20 clean_k=0 reads=22 peeks=22 bank_peeks=0 bank_rst=0
--- build/run_rst_d64.log
    CONFIG rst_d64: checks=48138 fails=0
    TB PASS [rst_d64]: resets=46 clean_v=40 clean_k=25 reads=338 peeks=338 bank_peeks=37 bank_rst=6
--- build/run_rst_d64p.log
    CONFIG negz_d64p: checks=29184 fails=0
    TB PASS [negz_d64p]: resets=26 clean_v=20 clean_k=11 reads=206 peeks=206 bank_peeks=23 bank_rst=6
    COVERAGE GATE: PASS — all required buckets closed
GATE: PASS — all runs, coverage and fix-revert mutations clean
make: Leaving directory '/home/ubuntu/apex/verif/kvq/audit'
make: Entering directory '/home/ubuntu/apex/verif/kvq/fparith'
python3 prove.py 2>&1 | tee build/prove.log
  PASS  scale_from_amax bits=4 (exhaustive 63488)
  PASS  scale_from_amax bits=8 (exhaustive 63488)
  distinct scales bits=4: 24833
  distinct scales bits=8: 23385
  PASS  dequant_one bits=4 (codes x 24833 scales)
  PASS  dequant_one bits=8 (codes x 23385 scales)
  PASS  widen f16->f32 (exhaustive 63488 finite)
  PASS  quant vector==scalar cross-check
  PASS  quant_one bits=4 (63488 x  x 24833 scales)
  PASS  quant_one bits=8 (63488 x  x 23385 scales)

DATAPATH INTEGER-MODEL PROOF: ALL PASS
python3 gen_fparith_vectors.py 2>&1 | tee build/gen.log
  wrote scale_exp_b4.hex: 63488 words
  wrote scale_exp_b8.hex: 63488 words
  wrote widen_exp.hex: 63488 words
  wrote qscale_b4.hex: 24833 words
  wrote qsum_b4.hex: 24833 words
  quant bits=4: 24833 scales x 63488 x-values
  wrote qscale_b8.hex: 23385 words
  wrote qsum_b8.hex: 23385 words
  quant bits=8: 23385 scales x 63488 x-values
  wrote dsum.hex: 63488 words
  dequant: 63488 scales x 512 codes
  wrote fparith_sizes.svh
GEN OK
/opt/homebrew/bin/verilator --binary --timing --assert -j 0 --timescale 1ns/1ps -Wall +incdir+build/vec --Mdir build/obj_fparith --top-module tb_fparith \
    ../../../rtl/kvq/cores/cq_fp_pkg.sv ../../../rtl/kvq/cores/cq_scale_unit.sv ../../../rtl/kvq/cores/cq_quant_unit.sv ../../../rtl/kvq/cores/cq_dequant_unit.sv tb_fparith.sv
make[1]: Entering directory '/home/ubuntu/apex/verif/kvq/fparith/build/obj_fparith'
g++ -Os  -I.  -MMD -I/usr/local/share/verilator/include -I/usr/local/share/verilator/include/vltstd -DVERILATOR=1 -DVM_COVERAGE=0 -DVM_SC=0 -DVM_TIMING=1 -DVM_TRACE=0 -DVM_TRACE_FST=0 -DVM_TRACE_VCD=0 -DVM_TRACE_SAIF=0 -faligned-new -fcf-protection=none -Wno-bool-operation -Wno-int-in-bool-context -Wno-shadow -Wno-sign-compare -Wno-subobject-linkage -Wno-tautological-compare -Wno-uninitialized -Wno-unused-but-set-parameter -Wno-unused-but-set-variable -Wno-unused-parameter -Wno-unused-variable    -DVL_TIME_CONTEXT   -fcoroutines -c -o verilated.o /usr/local/share/verilator/include/verilated.cpp
g++ -Os  -I.  -MMD -I/usr/local/share/verilator/include -I/usr/local/share/verilator/include/vltstd -DVERILATOR=1 -DVM_COVERAGE=0 -DVM_SC=0 -DVM_TIMING=1 -DVM_TRACE=0 -DVM_TRACE_FST=0 -DVM_TRACE_VCD=0 -DVM_TRACE_SAIF=0 -faligned-new -fcf-protection=none -Wno-bool-operation -Wno-int-in-bool-context -Wno-shadow -Wno-sign-compare -Wno-subobject-linkage -Wno-tautological-compare -Wno-uninitialized -Wno-unused-but-set-parameter -Wno-unused-but-set-variable -Wno-unused-parameter -Wno-unused-variable    -DVL_TIME_CONTEXT   -fcoroutines -c -o verilated_timing.o /usr/local/share/verilator/include/verilated_timing.cpp
g++ -Os  -I.  -MMD -I/usr/local/share/verilator/include -I/usr/local/share/verilator/include/vltstd -DVERILATOR=1 -DVM_COVERAGE=0 -DVM_SC=0 -DVM_TIMING=1 -DVM_TRACE=0 -DVM_TRACE_FST=0 -DVM_TRACE_VCD=0 -DVM_TRACE_SAIF=0 -faligned-new -fcf-protection=none -Wno-bool-operation -Wno-int-in-bool-context -Wno-shadow -Wno-sign-compare -Wno-subobject-linkage -Wno-tautological-compare -Wno-uninitialized -Wno-unused-but-set-parameter -Wno-unused-but-set-variable -Wno-unused-parameter -Wno-unused-variable    -DVL_TIME_CONTEXT   -fcoroutines -c -o verilated_threads.o /usr/local/share/verilator/include/verilated_threads.cpp
g++ -Os  -I.  -MMD -I/usr/local/share/verilator/include -I/usr/local/share/verilator/include/vltstd -DVERILATOR=1 -DVM_COVERAGE=0 -DVM_SC=0 -DVM_TIMING=1 -DVM_TRACE=0 -DVM_TRACE_FST=0 -DVM_TRACE_VCD=0 -DVM_TRACE_SAIF=0 -faligned-new -fcf-protection=none -Wno-bool-operation -Wno-int-in-bool-context -Wno-shadow -Wno-sign-compare -Wno-subobject-linkage -Wno-tautological-compare -Wno-uninitialized -Wno-unused-but-set-parameter -Wno-unused-but-set-variable -Wno-unused-parameter -Wno-unused-variable    -DVL_TIME_CONTEXT   -fcoroutines -x c++-header Vtb_fparith__pch.h -o Vtb_fparith__pch.h.fast.gch
g++   -I.  -MMD -I/usr/local/share/verilator/include -I/usr/local/share/verilator/include/vltstd -DVERILATOR=1 -DVM_COVERAGE=0 -DVM_SC=0 -DVM_TIMING=1 -DVM_TRACE=0 -DVM_TRACE_FST=0 -DVM_TRACE_VCD=0 -DVM_TRACE_SAIF=0 -faligned-new -fcf-protection=none -Wno-bool-operation -Wno-int-in-bool-context -Wno-shadow -Wno-sign-compare -Wno-subobject-linkage -Wno-tautological-compare -Wno-uninitialized -Wno-unused-but-set-parameter -Wno-unused-but-set-variable -Wno-unused-parameter -Wno-unused-variable    -DVL_TIME_CONTEXT   -fcoroutines -x c++-header Vtb_fparith__pch.h -o Vtb_fparith__pch.h.slow.gch
g++ -Os  -I.  -MMD -I/usr/local/share/verilator/include -I/usr/local/share/verilator/include/vltstd -DVERILATOR=1 -DVM_COVERAGE=0 -DVM_SC=0 -DVM_TIMING=1 -DVM_TRACE=0 -DVM_TRACE_FST=0 -DVM_TRACE_VCD=0 -DVM_TRACE_SAIF=0 -faligned-new -fcf-protection=none -Wno-bool-operation -Wno-int-in-bool-context -Wno-shadow -Wno-sign-compare -Wno-subobject-linkage -Wno-tautological-compare -Wno-uninitialized -Wno-unused-but-set-parameter -Wno-unused-but-set-variable -Wno-unused-parameter -Wno-unused-variable    -DVL_TIME_CONTEXT   -fcoroutines -include Vtb_fparith__pch.h.fast -c -o Vtb_fparith.o Vtb_fparith.cpp
g++ -Os  -I.  -MMD -I/usr/local/share/verilator/include -I/usr/local/share/verilator/include/vltstd -DVERILATOR=1 -DVM_COVERAGE=0 -DVM_SC=0 -DVM_TIMING=1 -DVM_TRACE=0 -DVM_TRACE_FST=0 -DVM_TRACE_VCD=0 -DVM_TRACE_SAIF=0 -faligned-new -fcf-protection=none -Wno-bool-operation -Wno-int-in-bool-context -Wno-shadow -Wno-sign-compare -Wno-subobject-linkage -Wno-tautological-compare -Wno-uninitialized -Wno-unused-but-set-parameter -Wno-unused-but-set-variable -Wno-unused-parameter -Wno-unused-variable    -DVL_TIME_CONTEXT   -fcoroutines -include Vtb_fparith__pch.h.fast -c -o Vtb_fparith___024root__0.o Vtb_fparith___024root__0.cpp
g++ -Os  -I.  -MMD -I/usr/local/share/verilator/include -I/usr/local/share/verilator/include/vltstd -DVERILATOR=1 -DVM_COVERAGE=0 -DVM_SC=0 -DVM_TIMING=1 -DVM_TRACE=0 -DVM_TRACE_FST=0 -DVM_TRACE_VCD=0 -DVM_TRACE_SAIF=0 -faligned-new -fcf-protection=none -Wno-bool-operation -Wno-int-in-bool-context -Wno-shadow -Wno-sign-compare -Wno-subobject-linkage -Wno-tautological-compare -Wno-uninitialized -Wno-unused-but-set-parameter -Wno-unused-but-set-variable -Wno-unused-parameter -Wno-unused-variable    -DVL_TIME_CONTEXT   -fcoroutines -include Vtb_fparith__pch.h.fast -c -o Vtb_fparith___024root__1.o Vtb_fparith___024root__1.cpp
g++ -Os  -I.  -MMD -I/usr/local/share/verilator/include -I/usr/local/share/verilator/include/vltstd -DVERILATOR=1 -DVM_COVERAGE=0 -DVM_SC=0 -DVM_TIMING=1 -DVM_TRACE=0 -DVM_TRACE_FST=0 -DVM_TRACE_VCD=0 -DVM_TRACE_SAIF=0 -faligned-new -fcf-protection=none -Wno-bool-operation -Wno-int-in-bool-context -Wno-shadow -Wno-sign-compare -Wno-subobject-linkage -Wno-tautological-compare -Wno-uninitialized -Wno-unused-but-set-parameter -Wno-unused-but-set-variable -Wno-unused-parameter -Wno-unused-variable    -DVL_TIME_CONTEXT   -fcoroutines -include Vtb_fparith__pch.h.fast -c -o Vtb_fparith__main.o Vtb_fparith__main.cpp
g++   -I.  -MMD -I/usr/local/share/verilator/include -I/usr/local/share/verilator/include/vltstd -DVERILATOR=1 -DVM_COVERAGE=0 -DVM_SC=0 -DVM_TIMING=1 -DVM_TRACE=0 -DVM_TRACE_FST=0 -DVM_TRACE_VCD=0 -DVM_TRACE_SAIF=0 -faligned-new -fcf-protection=none -Wno-bool-operation -Wno-int-in-bool-context -Wno-shadow -Wno-sign-compare -Wno-subobject-linkage -Wno-tautological-compare -Wno-uninitialized -Wno-unused-but-set-parameter -Wno-unused-but-set-variable -Wno-unused-parameter -Wno-unused-variable    -DVL_TIME_CONTEXT   -fcoroutines -include Vtb_fparith__pch.h.slow -c -o Vtb_fparith___024root__Slow.o Vtb_fparith___024root__Slow.cpp
g++   -I.  -MMD -I/usr/local/share/verilator/include -I/usr/local/share/verilator/include/vltstd -DVERILATOR=1 -DVM_COVERAGE=0 -DVM_SC=0 -DVM_TIMING=1 -DVM_TRACE=0 -DVM_TRACE_FST=0 -DVM_TRACE_VCD=0 -DVM_TRACE_SAIF=0 -faligned-new -fcf-protection=none -Wno-bool-operation -Wno-int-in-bool-context -Wno-shadow -Wno-sign-compare -Wno-subobject-linkage -Wno-tautological-compare -Wno-uninitialized -Wno-unused-but-set-parameter -Wno-unused-but-set-variable -Wno-unused-parameter -Wno-unused-variable    -DVL_TIME_CONTEXT   -fcoroutines -include Vtb_fparith__pch.h.slow -c -o Vtb_fparith___024root__0__Slow.o Vtb_fparith___024root__0__Slow.cpp
g++   -I.  -MMD -I/usr/local/share/verilator/include -I/usr/local/share/verilator/include/vltstd -DVERILATOR=1 -DVM_COVERAGE=0 -DVM_SC=0 -DVM_TIMING=1 -DVM_TRACE=0 -DVM_TRACE_FST=0 -DVM_TRACE_VCD=0 -DVM_TRACE_SAIF=0 -faligned-new -fcf-protection=none -Wno-bool-operation -Wno-int-in-bool-context -Wno-shadow -Wno-sign-compare -Wno-subobject-linkage -Wno-tautological-compare -Wno-uninitialized -Wno-unused-but-set-parameter -Wno-unused-but-set-variable -Wno-unused-parameter -Wno-unused-variable    -DVL_TIME_CONTEXT   -fcoroutines -include Vtb_fparith__pch.h.slow -c -o Vtb_fparith__Syms__Slow.o Vtb_fparith__Syms__Slow.cpp
g++    verilated.o verilated_timing.o verilated_threads.o Vtb_fparith__ALL.a    -pthread -lpthread -latomic   -o Vtb_fparith
rm Vtb_fparith__ALL.verilator_deplist.tmp
make[1]: Leaving directory '/home/ubuntu/apex/verif/kvq/fparith/build/obj_fparith'
- V e r i l a t i o n   R e p o r t: Verilator 5.044 2026-01-01 rev v5.044
- Verilator: Built from 0.136 MB sources in 6 modules, into 1.462 MB in 7 C++ files needing 0.004 MB
- Verilator: Walltime 5.251 s (elab=0.003, cvt=0.076, bld=5.141); cpu 0.133 s on 4 threads; alloced 358.336 MB
./build/obj_fparith/Vtb_fparith 2>&1 | tee build/run.log
Read from remote host 44.244.19.128: Connection reset by peer
client_loop: send disconnect: Broken pipe
