bea63800
3f378880
be8a8400
3fdbe4c0
be341200
3f4c4f80
3f4c4f80
3f611680
be4fc600
3fb41200
3f802080
3fb943c0
be917100
3faee040
3f7cca80
3e0a8400
bfad2500
bf795400
bf309b80
bf070d80
bf41ec00
3c5da000
bf117100
3f0dfa80
3e0a8400
3f3e7580
3ec8d900
bc5da000
00000000
be41ec00
bf185e00
be41ec00
bedda000
3dc1ec00
3f726700
3e839700
bddda000
3f1bd480
3e4fc600
3cdda000
becfc600
bed6b300
bf5a2980
3f56b300
3e41ec00
be985e00
3f263800
3ebaff00
bf29ae80
3eb41200
bf611680
bec8d900
be6b7a00
bd5da000
bf4c4f80
beeb7a00
3fbe7580
bebaff00
bf41ec00
bef26700
3f2d2500
bea63800
3e917100
3f2d2500
3d5da000
3eb41200
3ec1ec00
3f378880
3ebaff00
bf263800
bda63800
3ef95400
bed6b300
3f309b80
3f726700
3e917100
bf855240
3e185e00
bf4c4f80
3e341200
3e6b7a00
bf5da000
3e341200
be6b7a00
bcdda000
3e985e00
be41ec00
3f7cca80
3ebaff00
be985e00
bf002080
bf726700
3ef95400
3fc8d900
3dc1ec00
bf795400
bf1f4b00
3f985e00
bf870d80
bd5da000
bf1f4b00
3f6ef080
3d263800
3e4fc600
3e4fc600
be839700
bedda000
bed6b300
3ef26700
becfc600
bfa7f340
bf1bd480
bee48d00
3ea63800
3f611680
beeb7a00
be795400
3f94e780
3f378880
3fab69c0
bd5da000
bdc1ec00
3f070d80
be41ec00
3d8a8400
be5da000
be839700
3e263800
3e9e6000
beb22c00
bf59c400
bf3c1200
bdc5f800
3eed9000
3fa0d980
be0a9400
3f0f8700
be0a9400
3f9e6000
3f322c00
bd6d9000
3f00ae00
3e322c00
bded9000
3d6d9000
3e6d9000
3f63aa00
be947a00
3f322c00
3f284600
3f996d00
3eb22c00
3e947a00
3d1e6000
be59c400
bea84600
3ebc1200
be80ae00
beed9000
3fbe8b80
bed9c400
3e8a9400
3ebc1200
3f45f800
3ed9c400
3c9e6000
bf54d100
3e1e6000
bea84600
3eed9000
3e6d9000
3e6d9000
bded9000
3dc5f800
bded9000
bf4aeb00
3d9e6000
be45f800
bff28300
3ea84600
3f410500
3fb71f00
bd6d9000
bc9e6000
3f05a100
bc9e6000
bf8d0d80
3fa5cc80
3eb22c00
bf59c400
bf947a00
bf4fde00
becfde00
3ecfde00
be80ae00
bf689d00
3dc5f800
beb22c00
3eb22c00
00000000
bf0a9400
bc9e6000
3c9e6000
3ee3aa00
bf0f8700
bf2d3900
be9e6000
3d6d9000
be45f800
3f0a9400
bfa5cc80
3d1e6000
bef77600
bf284600
bf05a100
3ecfde00
401d2340
bf4fde00
3ecfde00
bf371f00
3dc5f800
bded9000
bee3aa00
3f8a9400
beed9000
3ed9c400
3ef77600
3f996d00
bf0a9400
bf371f00
3f2d3900
bf0f8700
bee3aa00
be8a9400
3ebc1200
3d1e6000
3f371f00
be0a9400
3f6d9000
bf4fde00
00000000
bf00ae00
bf5eb700
bf147a00
3eed9000
3eb22c00
3ecfde00
3ea84600
be45f800
3ecfde00
00000000
bf80ae00
3f147a00
bea84600
bf4aeb00
bea84600
3e03a000
bf498d00
3e34fc00
bda48800
3f206b00
beacc200
3f9c4e00
bf183100
bf7f0600
3f6a7500
becdaa00
3dc57000
be141400
beb4fc00
bf4daa00
3ecdaa00
be941400
3eb4fc00
bd457000
00000000
beb4fc00
bf183100
3e34fc00
bf72af00
3f0bda00
bf5e1e00
be248800
bed5e400
bf665800
3f03a000
3f0bda00
3e55e400
3f183100
3ebd3600
bf665800
be665800
be34fc00
beff0600
bf07bd00
3fda0100
bf1c4e00
bf89cb80
bc83a000
3e665800
3f28a500
400298c0
3f3d3600
bd03a000
3f85ae80
bd03a000
bfa06b00
3f5a0100
beff0600
bf51c700
bede1e00
bf141400
bea48800
bfbd3600
becdaa00
bed5e400
be83a000
3f141400
be8bda00
3e03a000
bdc57000
bf9c4e00
be8bda00
3ede1e00
bf85ae80
bf5e1e00
3eacc200
3f2cc200
bf30df00
bec57000
bf6a7500
bd83a000
3ee65800
3fa8a500
bed5e400
3f183100
3d03a000
3facc200
bf2cc200
beff0600
3ede1e00
bd03a000
3f5a0100
bde65800
bebd3600
bea48800
be03a000
bd457000
3f0ff700
bf498d00
3e34fc00
bf391900
be8bda00
3d83a000
bf941400
be83a000
be03a000
3d457000
bf85ae80
3e55e400
3f141400
be665800
bf34fc00
3ee65800
be941400
3f2cc200
bf72af00
3f72af00
bf6a7500
3ef6cc00
be665800
bdc57000
3e941400
3d457000
bf2cc200
3dc57000
3ede1e00
bf415300
3c83a000
3eacc200
3d03a000
3f5a0100
3f5a0100
3d457000
3f6b8c00
3e235000
3f686800
3ee86800
bf2cbc00
3f03e800
3e6eb000
bf5efc00
3f857a00
3ecf4800
3f99e400
3e559000
bf9d0800
3f939c00
3f8bc200
be9d0800
3f3c7000
3f0d5400
3dc90000
be235000
bfb94c00
3c490000
3eb62800
3f7b4000
be6eb000
3f8bc200
bec90000
bf4f4800
bfab2a00
be0a3000
bf920a00
3dc90000
be2fe000
bf0d5400
bfacbc00
3dafe000
3f83e800
bd16c000
bf0d5400
3f107800
3e8a3000
bfae4e00
3f070c00
3f6b8c00
3f0a3000
befb4000
3f71d400
3dc90000
bfa35000
bfa4e200
bf202c00
3f1d0800
bf857a00
bf070c00
3f9d0800
bf139c00
3f202c00
bee86800
3d96c000
bf2cbc00
3ec2b800
3dfb4000
3ed59000
3eeeb000
bf781c00
3f00c400
bdafe000
bf362800
3e96c000
bec2b800
be235000
3d490000
3e0a3000
be235000
3ec2b800
bf03e800
3f3c7000
3e622000
bd96c000
3f8bc200
3fc76e00
bf19e400
be96c000
3f1d0800
bc490000
3f0d5400
bf03e800
bf985200
bf235000
3f83e800
bed59000
3fa80600
bdc90000
be96c000
3fa35000
3d490000
3ea99800
3ee86800
bea99800
3ee86800
3dafe000
3f8bc200
bf907800
bf107800
bf0d5400
bf8bc200
bf394c00
be16c000
3dfb4000
be83e800
bedbd800
bedbd800
be907800
bedbd800
3f907800
bdfb4000
bf6b8c00
3e559000
3f3f9400
bf5bd800
bf8bc200
bf070c00
3f070c00
bf1d0800
bee22000
bc490000
be8a3000
be2fe000
bf349080
3ea90a00
be290a00
bf668200
3e47c600
bed72400
3ec01700
3f349080
3d386800
3e0a4e00
bf6e3100
3f901140
beb0b900
bf4f7500
3f0a4e00
bfc3ee80
3c75e000
3ea90a00
bed72400
3db86800
3f11fd00
3f30b900
3f720880
3e386800
bdf5e000
3ec01700
bfa53280
3db86800
beb86800
3ec7c600
3eb0b900
3ef5e000
3ea90a00
3f668200
3f15d480
3faaf5c0
3f0a4e00
3e19ac00
bf029f00
be19ac00
be91fd00
be0a4e00
3df5e000
bf886240
befd8f00
be668200
bfb49080
beded300
3e290a00
be290a00
3d99ac00
3f0a4e00
bdf5e000
bfbc3f80
3df5e000
bef5e000
bf43ee80
3ec01700
bf5ed300
3e572400
3f534c80
bf215b00
3f47c600
bfe86dc0
3f4b9d80
3e0a4e00
bf386800
bec01700
bf30b900
bf215b00
3f6a5980
bf067680
bf30b900
be47c600
3f19ac00
3e290a00
3f5ed300
3dd72400
bdb86800
be290a00
3e91fd00
3f62aa80
3e572400
bf720880
bd386800
3f290a00
bef5e000
bea90a00
3c75e000
bf829f00
beee3100
3f30b900
3e19ac00
3ecf7500
3f290a00
3f43ee80
becf7500
bd99ac00
3f253280
3f3c3f80
bfb86800
3f8e2580
bfc9b1c0
00000000
3ea90a00
bea15b00
3f290a00
3fa346c0
bf867680
3d75e000
be386800
3fa71e40
00000000
bff3f440
00000000
3efd8f00
bcf5e000
3ea90a00
3f7d8f00
3f668200
bec01700
bd75e000
3ee68200
bf15d480
bdf5e000
bef5e000
beee3100
3f1d8380
3efa3800
00000000
bf8dab00
3f7de600
bfd74300
3eb7fc00
3e047800
3f46b400
be133000
3f1a8c00
bf0bd400
beb0a000
bef2dc00
3ea1e800
3f72dc00
bc6b8000
be21e800
be9a8c00
bece1000
3dce1000
be30a000
3e7a3800
beeb8000
bf21e800
3f30a000
3e4e1000
3e21e800
3ceb8000
3efa3800
bf67d200
3f082600
3e9a8c00
bdeb8000
bfe9a900
3f047800
3ec6b400
bf607600
3e9a8c00
3f7a3800
3dce1000
3fe07600
00000000
3f46b400
bfb44e00
be30a000
3c6b8000
3f3f5800
3eb7fc00
3f96de00
3e933000
3f21e800
3e4e1000
be933000
3f4a6200
3f642400
bf3baa00
bf3baa00
bef2dc00
bf642400
bd6b8000
3ea1e800
3d30a000
bf1e3a00
3f98b500
3f7de600
3f133000
beb0a000
bf933000
3f72dc00
bedcc800
be3f5800
be21e800
3dce1000
bf344e00
bf950700
be847800
3e4e1000
bf607600
3f80ca00
3dce1000
3e5cc800
3f047800
3f0f8200
bfb44e00
3f30a000
bdce1000
3f80ca00
be9a8c00
bf89fd00
3f72dc00
beeb8000
bea94400
beb0a000
3fbd8100
3e8bd400
3f430600
bf082600
3dce1000
3ed56c00
bf1e3a00
be047800
bf98b500
3f37fc00
3f3baa00
bf21e800
bf4e1000
3f430600
3eeb8000
bf556c00
3ef2dc00
3f1e3a00
3f00ca00
3e5cc800
be3f5800
3ea1e800
3f0bd400
bceb8000
3efa3800
3f4a6200
3ec6b400
3c6b8000
3e133000
3f46b400
3f72dc00
bea1e800
3e8bd400
bf556c00
3c6b8000
be8e0e00
00000000
3ea7e200
3f8fab40
bdb4cc00
3dcea000
bf319180
3ea7e200
3c4ea000
3fa30a40
be948300
3f114880
be8e0e00
bfaff440
3f41b600
3f995ac0
3f8c70c0
bf0ad380
3f9e3280
bf61ff00
3e0e0e00
3facb9c0
be012400
be5b8a00
3f812400
3e012400
3e879900
bf8e0e00
beae5700
bf1af800
3e1af800
bed51500
3d1af800
bf9af800
bf6bae80
bfb32ec0
3edb8a00
3e948300
bd4ea000
bf995ac0
be012400
be812400
3db4cc00
3e41b600
3e687400
3f0e0e00
be012400
3dcea000
3d9af800
3e27e200
3eb4cc00
3f012400
bde87400
bec82b00
3ee87400
3e755e00
bccea000
3e948300
bd4ea000
3f812400
3f380680
bf1af800
bdb4cc00
3f2e5700
3fa4a780
bf879900
3e41b600
bfa644c0
3ebb4100
be27e200
bf8c70c0
bea16d00
3f216d00
bf1af800
3d812400
bf148300
3f3b4100
be41b600
be41b600
be27e200
3f845e80
bf012400
3d4ea000
3f9fcfc0
bfc68dc0
bedb8a00
be41b600
bf482b00
be9af800
be5b8a00
bee87400
bf2b1c80
bf148300
3e755e00
bf61ff00
3f2b1c80
3ea7e200
bfcd02c0
bf995ac0
becea000
3ee1ff00
bec1b600
be41b600
be879900
bfa4a780
3d4ea000
3f045e80
bf148300
3eae5700
3f914880
3d9af800
bdb4cc00
bd9af800
3e755e00
bfb66940
3d9af800
bed51500
bedb8a00
be879900
be687400
bf551500
3f584f80
3e9af800
3f2b1c80
3f114880
3eae5700
bf2e5700
bf34cc00
3e602e00
be513c00
3e6f2000
3ebad100
bf02c580
bd335800
3f7a5580
bebad100
be6f2000
be424a00
bf72dc80
3f2f9b80
3f602e00
be6f2000
3f3ad100
3dd13c00
bf460680
3dd13c00
bf2bdf00
3f72dc80
bf193080
be068200
3f3e8d80
bd6f2000
be7e1200
bf20a980
bf9ced00
bf3ad100
3cef2000
bdef2000
3e335800
be9ced00
00000000
be335800
bfc06bc0
bf49c300
be957400
bef69900
3e8dfb00
3f068200
3dd13c00
be8dfb00
3e068200
3f193080
be602e00
bf2bdf00
bf84a3c0
3ec9c300
bc6f2000
3e9ced00
beef2000
3e157400
bf460680
bf82c580
be8dfb00
bf8dfb00
bf460680
3e602e00
bf67a700
3e068200
3f886040
3f157400
3f4d7f80
bdef2000
3f282280
3ebad100
3fc42840
bc6f2000
3ebad100
3e602e00
bf1ced00
3eef2000
00000000
3f068200
bf7e1200
be602e00
3e7e1200
be7e1200
bdef2000
bf8c1cc0
bf3e8d80
bfed41c0
bef69900
3f3e8d80
3e424a00
3d335800
3ee02e00
3db35800
beef2000
3e957400
3c6f2000
bf5c7180
3f0a3e80
be335800
3f72dc80
3f7a5580
3f0a3e80
3c6f2000
3e246600
bf4d7f80
3e9ced00
be6f2000
bf424a00
3f0a3e80
be7e1200
3e157400
bec24a00
3f157400
bec9c300
3ebad100
3fa0a980
3f602e00
3f3e8d80
3ec9c300
be424a00
bf82c580
3d6f2000
bef69900
3f068200
3efe1200
beef2000
bfa46600
bee02e00
3f157400
bc6f2000
3fc9c300
bf246600
3f424a00
bfd2afc0
3e8b4c00
bcdee000
beae1f00
3e5ee000
3cdee000
bf0b4c00
bf5b6480
3d272800
be7abc00
3f045500
bea72800
bf430400
bec9fb00
befabc00
bf774080
bed7e900
3f0ec780
bf95be80
3f625b80
3dc30400
3d5ee000
3f23ac80
bfc83d40
3f9400c0
3e351600
3f908540
bdc30400
3f546d80
3f57e900
bea72800
3e924300
be272800
3f1cb580
3e7abc00
be272800
3e6cce00
bddee000
bf272800
be924300
bf272800
3e924300
bf467f80
3f1cb580
bfd7e900
be351600
bebc0d00
be50f200
bf3c0d00
bd5ee000
3f124300
bf9e7340
be924300
3ea03100
3f15be80
bf4d7680
3ddee000
3ef3c500
3dc30400
3f7e3780
3f7e3780
3e351600
3f07d080
bf50f200
3f5ee000
bd8b4c00
bf467f80
bf87d080
3f193a00
3e5ee000
00000000
bf3f8880
3e924300
3dc30400
3f5ee000
3d8b4c00
bfdd2240
be7abc00
bdc30400
3f73c500
bef3c500
3eb51600
3d8b4c00
3f65d700
bf467f80
bf3f8880
00000000
be193a00
bf7abc00
3e272800
bf351600
be430400
bdfabc00
bf124300
bf1cb580
3f1cb580
bf704980
bedee000
3d272800
3e50f200
3d272800
be845500
bf124300
bf3c0d00
3f15be80
3eae1f00
bf045500
bdc30400
bf193a00
be0b4c00
3e50f200
3e351600
3f124300
3f5ee000
bec9fb00
bf3c0d00
3f351600
3fc4c1c0
bf193a00
3e845500
be0b4c00
be50f200
bf6cce00
3e0b4c00
bda72800
3ec9fb00
bd272800
3e351600
bf8c6280
be3b2e00
3fc7c740
bf499400
3e3b2e00
3f08c900
3fa1fb80
3f9ac880
be019600
3e57fa00
3f499400
be972f00
beb3fb00
bfb3fb00
3ea59500
bf1e6200
bf259500
3ed7fa00
3e1e6200
bd666000
be819600
bf62c680
3e9e6200
bf6d9300
bdacc800
bf0c6280
3f139580
3f052f80
3c666000
3f0ffc00
bfc42dc0
bfc09440
bf50c700
bce66000
3f69f980
bfb06180
be499400
3f0ffc00
be8ffc00
bec26100
3e972f00
be8ffc00
3e819600
3ec99400
bf57fa00
be819600
3fa761c0
bf139580
bf9c9540
be819600
3f3b2e00
bf785f80
bf259500
3ed7fa00
3eacc800
bfa761c0
be8ffc00
bf57fa00
3f50c700
3ce66000
bebb2e00
bf62c680
bde66000
bf306180
3f5b9380
bebb2e00
3e9e6200
3f1ac880
3e1e6200
bef4c600
bf785f80
bf33fb00
bf852f80
bf3ec780
bf88c900
bfb5c7c0
3e499400
bfc99400
3f5f2d00
3f8362c0
bf33fb00
3c666000
3f5b9380
3ec99400
bf546080
3e819600
bfd0c700
bf6d9300
3ebb2e00
3f499400
be2cc800
bf45fa80
bebb2e00
bec99400
3de66000
3f019600
bce66000
be0ffc00
bee66000
3f33fb00
be57fa00
3fc99400
bf259500
3f57fa00
bea59500
3ed7fa00
3ed7fa00
3f0c6280
3f0ffc00
3e3b2e00
be9e6200
3e57fa00
3e972f00
3f1e6200
3f08c900
beed9300
be0ffc00
3e2cc800
befbf900
be8ffc00
bfa761c0
bfe49340
bd666000
3c666000
3d2cc800
3e88c900
be3b2e00
3ec99400
3f1cae00
bf153800
3f54a300
bf846e80
be5fd400
3f36cb00
be6ec000
3f064c00
bf331000
bf971580
bed85e00
bf585e00
bf6b0500
3f331000
3f27df00
3c6ec000
be5fd400
3f45b700
bf80b380
3f829100
3ee74a00
bfa60180
bf029100
bf242400
3e242400
3d6ec000
3ea42400
3f54a300
bf41fc00
3eab9a00
3f0dc200
be953800
3e153800
bf4d2d00
3deec000
bc6ec000
3e331000
3e153800
3f064c00
be50e800
beab9a00
3ec1fc00
3f50e800
3f331000
bf153800
bc6ec000
be242400
bfa60180
3f0a0700
bf117d00
bdd0e800
3f029100
be9cae00
bf4d2d00
bdeec000
3ec1fc00
be064c00
3ceec000
3ed0e800
3fb13280
3f585e00
3f6b0500
bfd68080
bf3a8600
3f9cae00
bec97200
bee74a00
3ed85e00
bf029100
bdd0e800
3fece280
bdb31000
3ec97200
3e7dac00
3fa42400
be953800
bf2b9a00
3f36cb00
3d6ec000
befdac00
be8dc200
3dd0e800
3f1cae00
3f846e80
3f0dc200
bf674a00
3f117d00
bd331000
3e8dc200
3f864c00
3c6ec000
bd6ec000
beeec000
3e6ec000
3e50e800
3e8dc200
3e8dc200
3dd0e800
3f029100
be153800
3f18f300
bedfd400
bf2f5500
be50e800
3e7dac00
bdb31000
3f1cae00
3f029100
bceec000
bdb31000
bf829100
3f497200
3e242400
3ee74a00
bf50e800
bf242400
00000000
3f638f00
bdd0e800
3fbe4100
be7dac00
3f638f00
bf54a300
bfc97200
3f54a300
bf0a0700
bed0e800
3f2b9a00
3f6d0000
3ef6e000
bf142000
be594000
be942000
bebba000
be594000
3f458000
bed94000
3ed94000
3f4a7000
3f632000
bf0f3000
bdc58000
00000000
bee32000
00000000
3dc58000
bf191000
bf681000
3ebba000
3d9e0000
be458000
bd9e0000
be942000
3ea7e000
be1e0000
3f1e0000
be0a4000
bf82d800
3ecf6000
3eed0000
3f5e3000
bf2cd000
bd9e0000
be6d0000
3d6d0000
beed0000
3ec58000
3e0a4000
be6d0000
bd6d0000
bff95800
bc9e0000
3f191000
3ed94000
be458000
3f1e0000
be9e0000
bf71f000
be0a4000
bf0f3000
bebba000
be6d0000
bf006000
bd9e0000
3ea7e000
be458000
bebba000
3e942000
3dc58000
3f681000
c01cc400
3f87c800
be0a4000
bfb43800
3fc7f800
be594000
bc9e0000
3ded0000
bf76e000
bf681000
bded0000
3ecf6000
3f7bd000
3ee32000
3f006000
bfaf4800
3f1e0000
be6d0000
3f87c800
be458000
bf27e000
bfbba000
3e0a4000
bea7e000
bf31c000
bea7e000
be942000
3fa2f000
3eb1c000
3f71f000
bff1f000
3f76e000
3f806000
3dc58000
3fe81000
3f8cb800
be594000
bd6d0000
bebba000
00000000
3f4a7000
bf191000
3f006000
3e9e0000
3d6d0000
3f055000
3e1e0000
be6d0000
3ec58000
3f594000
bef6e000
3ed94000
be6d0000
bded0000
3f27e000
3fa07800
bd1e0000
bf681000
3f22f000
3e6d0000
3ebba000
bf22f000
3f91a800
bf36b000
be594000
3ed94000
bf440400
3f78ca00
3f87b400
bf130300
beb4f000
bdf14000
3fb30d80
bfb8b500
3df14000
3f002a00
3db4f000
bf4f5300
3eb4f000
3f03ef00
bee9b600
be802a00
3fad6600
be96c800
bf622c00
bdd31800
becb8e00
3dd31800
3e34f000
be531800
be34f000
bed31800
bf002a00
3f2d6600
3d714000
3fcd7080
bf0f3e00
be440400
bf622c00
bf403f00
3f130300
3d714000
bdf14000
3f69b600
bfef5d80
3e622c00
bdd31800
be8f3e00
be07b400
00000000
bf750500
bdd31800
3ea5dc00
bf0b7900
bf221700
bd34f000
bf4f5300
bfe9b600
bec40400
3cf14000
be714000
be87b400
bdd31800
bfed7b00
bf94e580
3fe9b600
3d96c800
bf531800
be96c800
3f34f000
be96c800
bf002a00
bef8ca00
bf130300
bf714000
bf69b600
bf25dc00
3ef8ca00
bf002a00
3ef14000
3c714000
3f440400
3d714000
3f56dd00
3f87b400
3edaa200
bf03ef00
bfa21700
bec40400
be622c00
bdf14000
bf96c800
3e96c800
bf38b500
bf312b00
3ea5dc00
3e531800
3ed31800
be87b400
be802a00
3f0b7900
3e34f000
bfad6600
3f03ef00
3f03ef00
3cf14000
3f0b7900
bf8f3e00
bf1e5200
3e440400
3e25dc00
3d714000
3f3c7a00
00000000
bf1a8d00
3f912080
3f07b400
3ed31800
bf3c7a00
3f403f00
bf8f3e00
3ee22c00
bd34f000
3ef8ca00
bf7c8f00
3e16c800
3e16c800
bc714000
3ef8ca00
bf8d5b80
be8f3e00
be34f000
3f34f000
bf9e5200
bf00b680
3f049d00
3f661f80
3cf9a000
bff7acc0
bf46eb80
3f1c0400
3eda6c00
be9c0400
3fbd2b40
3f568580
3f375180
be1c0400
beb36b00
bf888380
3ef1d300
3f79a000
3e79a000
3f9df740
3eea0600
bea3d100
3f6dec80
3dbb3800
bf7d8680
3ea3d100
3f661f80
bfb944c0
3d9c0400
3ed29f00
bf3f1e80
beda6c00
bc79a000
bf9a10c0
3fab9e00
3f088380
be849d00
3e4ad200
bd3b3800
be8c6a00
3d3b3800
3eea0600
bf430500
3e2b9e00
bf23d100
bebb3800
bf6a0600
3f9243c0
bf1fea80
be3b3800
3e9c0400
be0c6a00
bd9c0400
bf336b00
3e5a6c00
3f9c0400
3eda6c00
bf1fea80
3e6a0600
bf430500
bf3f1e80
bf1fea80
bf049d00
be3b3800
bf105080
bf7d8680
be5a6c00
3f0c6a00
bebb3800
bec30500
3dbb3800
bdf9a000
bf869040
bc79a000
beab9e00
bf6dec80
beea0600
be943700
bf00b680
be849d00
be3b3800
bd3b3800
be943700
bf181d80
3c79a000
3c79a000
be9c0400
bcf9a000
bfbb3800
bf46eb80
bdbb3800
3e5a6c00
3d3b3800
3fa9aac0
3fceb880
be943700
3d79a000
3e9c0400
be0c6a00
3f1fea80
3ef1d300
3f46eb80
3ec30500
bf2b9e00
bf2b9e00
3d79a000
3ef1d300
3ef1d300
bfb55e40
3f088380
3f336b00
bf869040
bea3d100
3e5a6c00
3f181d80
bee23900
3f6dec80
3e5a6c00
bf623900
3f8c6a00
3ebb3800
3ee23900
bdbb3800
bea3d100
bec30500
bf3f1e80
be4ad200
bc79a000
bef9a000
be4b5400
bf236380
3f59da00
3ebcce00
bf865780
00000000
3fa70500
beb58b00
bf611d00
3f113c00
3d2e4800
3f2aa680
be2e4800
3f2e4800
befe2900
bfcef580
3dcb5400
bf5d7b80
bfaaa680
3f7a8780
3f9fc200
be913c00
3e76e600
be82b600
be913c00
bf8486c0
3f7a8780
be02b600
bf4b5400
3ef6e600
bf47b280
bed29700
bf7a8780
3e4b5400
bf686000
3e686000
be3cce00
3fb75bc0
bc686000
3d686000
3ee86000
bf1fc200
3dae4800
bfc7b280
bde86000
3f8f6b40
bf529700
3fb3ba40
bf2aa680
bce86000
bf59da00
3f1c2080
3ef6e600
bce86000
be59da00
be113c00
be987f00
bf4ef580
3f5d7b80
bf47b280
3e3cce00
3e3cce00
3e82b600
3f1fc200
bf2e4800
bf865780
be686000
bfae4800
bdcb5400
3f065780
3f734480
3ebcce00
becb5400
3fe68f40
bed9da00
bdae4800
3eefa300
3f7a8780
3ebcce00
be987f00
bed29700
3ef6e600
3ea70500
3d913c00
bde86000
3f9a4fc0
bf1c2080
3e4b5400
bf31e980
bec41100
bfc06f80
3e4b5400
3f7e2900
be1fc200
3ed29700
bf09f900
3f2aa680
bf686000
bf236380
bed29700
bdae4800
3e1fc200
bd2e4800
be82b600
bf2aa680
3e82b600
bce86000
3de86000
bf09f900
bf1fc200
3c686000
3dae4800
3ce86000
beefa300
3f6fa300
3f7e2900
3e987f00
bf8bc9c0
3dae4800
3ee11d00
3fd467c0
bf1c2080
bee86000
bf113c00
3f6c0180
3d686000
bf113c00
3fb92c80
bf013c00
3f218b00
bf132f00
bef41c00
bed03600
bede9200
3e8f9800
bea52200
be490800
3e576400
3d8f9800
3eac5000
3eb37e00
bf0c0100
3eac5000
bf218b00
bf28b900
bf96c600
bf65c000
bf086a00
bf1a5d00
be9df400
be886a00
bf6cee00
bf53cd00
3d65c000
3f5afb00
be96c600
3e013c00
3f3e4300
3ed76400
3f252200
bf576400
be1df400
beecee00
bef41c00
3fbaac00
3e96c600
3e3aac00
bdc90800
bed03600
beb37e00
bf6cee00
bed03600
3f252200
bede9200
3f2c5000
3e813c00
3f132f00
3f086a00
beac5000
3e9df400
00000000
3f5afb00
bd65c000
3ed76400
3efb4a00
3f013c00
3f086a00
bf086a00
3ef41c00
bf4c9f00
3efb4a00
bdac5000
be490800
3e013c00
bf503600
bf132f00
3ec90800
bed03600
3fe22900
3f576400
bd2c5000
bfae1b80
3fe3f480
3ed76400
3ed76400
3e8f9800
3f337e00
bf8a3580
be013c00
bf503600
bf5afb00
be741c00
be0f9800
bf457100
bf1a5d00
beb37e00
3f695700
bf886a00
be2c5000
3e576400
3f2c5000
3e741c00
bf84d300
bf869e80
3e813c00
bede9200
bf28b900
bd2c5000
bd2c5000
be3aac00
3f16c600
be3aac00
bf5e9200
bf916380
3e490800
bdc90800
3f252200
bf252200
bf3e4300
3f622900
bf813c00
3f503600
3e813c00
bed03600
3e813c00
3ed76400
bf16c600
be96c600
3ec1da00
beb37e00
3f132f00
3f916380
bf708500
be9df400
3e741c00
3f04d300
3daaf000
3c88c000
3f5e3800
3f516600
bdcd2000
3f936f00
3f7c2200
3eef5000
3d4d2000
bdaaf000
bdcd2000
bf047a00
bdcd2000
3d08c000
3f66c400
3f936f00
bdaaf000
3e5e3800
3ff7dc00
bee6c400
be2af000
3f337c00
3fd5ac00
bdcd2000
bdcd2000
3d08c000
bf8ae300
3f337c00
3ecd2000
be3c0800
bdcd2000
bf08c000
bf3c0800
bed5ac00
3ef7dc00
bf159200
3dcd2000
3eb37c00
3d08c000
bf48da00
3eaaf000
beaaf000
bf1e1e00
3e19d800
3f7c2200
3e99d800
bdaaf000
3d4d2000
bef7dc00
3eb37c00
bf337c00
3d4d2000
be914c00
3ed5ac00
3f2f3600
bc88c000
bede3800
be6f5000
bd88c000
3f6f5000
bf08c000
bf847a00
3ebc0800
3e88c000
bf0d0600
3f003400
bf003400
bf0d0600
3c88c000
bf159200
bf08c000
3f159200
3d88c000
3c88c000
bf4d2000
becd2000
bec49400
3ede3800
3ee6c400
3e4d2000
3f0d0600
bd88c000
be2af000
bf803400
3c88c000
bf37c200
bd88c000
bf3c0800
beaaf000
bf08c000
3ec49400
bf803400
bd88c000
3ed5ac00
bf4d2000
3f08c000
bf847a00
be99d800
3f88c000
3d4d2000
3f59f200
be6f5000
3e3c0800
3f99d800
bf936f00
3ebc0800
3ea26400
3f2af000
be914c00
3e5e3800
3f88c000
bfeb0a00
bf6b0a00
3eb37c00
bebc0800
3e99d800
3e3c0800
3d4d2000
4007ae80
3f59f200
be88c000
3f7c2200
bdcd2000
bed5ac00
3def5000
bf8d0600
be4d2000
be3c0800
be7e6000
bed83800
bf124400
bd4b8000
be71a800
bf957200
bf71a800
bf872300
bf5b6600
bf550a00
3f71a800
3f4eae00
3eabb400
3f957200
bed83800
bd18a000
bd18a000
be4b8000
00000000
3de4f000
3d7e6000
befe6000
00000000
bede9400
3f6e7a00
bfaee200
bf583800
3ec52400
bf4eae00
bf08ba00
be583800
bef1a800
3eabb400
bccb8000
3e98a000
3f9d6500
bd18a000
be98a000
3eabb400
3efe6000
beabb400
3f452400
bf2bb400
3ed1dc00
bdb21000
bc4b8000
bfc9e900
3f3b9a00
3f2bb400
bede9400
be64f000
be924400
bed1dc00
3f780400
3e255800
3f4b8000
3eabb400
bf83f500
bf80c700
be98a000
3de4f000
bede9400
3ecb8000
beb86c00
bdfe6000
bfaee200
3d18a000
3eb21000
be4b8000
3e9efc00
bf80c700
3eabb400
bf3ec800
bf74d600
3ea55800
bf8be800
bf222a00
bc4b8000
3f1efc00
3d18a000
3ede9400
bde4f000
3f4b8000
3f550a00
3f957200
bfa55800
3d98a000
3e7e6000
3e18a000
bf583800
3e9efc00
3f386c00
3e9efc00
3e583800
3ed83800
3f321000
bf924400
bed83800
3db21000
bccb8000
3d4b8000
bfc52400
bd18a000
bf1bce00
3f288600
3e64f000
be858c00
3f222a00
3e7e6000
bc4b8000
be9efc00
beabb400
3e9efc00
beabb400
3f255800
00000000
3e858c00
3f025e00
bed1dc00
becb8000
3f1bce00
3fba0300
beabb400
be4b8000
3f825e00
bccb8000
bfba0300
3f8be800
bf32f700
bc504000
be88aa00
bfb7d880
bfa11180
3e88aa00
3f88aa00
3f95ae00
3e0f2c00
bc504000
bfa45280
bf397900
bf0f2c00
bd9c3000
00000000
bf22b200
be95ae00
3efdce00
3f856900
be1c3000
be88aa00
3ee3c600
3f7a8d00
beea4800
bf15ae00
be95ae00
3f3ffb00
bf6d8900
3f504000
bf2c7500
bfa93400
bf774c00
3f9f7100
3e022800
bfb15680
be9c3000
3ef74c00
bfb63800
bfa79380
3f1f7100
bf056900
bed04000
3f3ffb00
bc504000
bdd04000
3ec9be00
be363800
3ed6c200
3f608500
bd822800
be5d4400
3d504000
3fa2b200
00000000
bef74c00
bfb49780
be95ae00
bf0f2c00
3e433c00
3f504000
3db63800
3e0f2c00
bd9c3000
3e774c00
bf7a8d00
3e504000
3f022800
3eafb600
bf467d00
3db63800
3f08aa00
3ec9be00
3f08aa00
bebcba00
3e6a4800
3fce9f80
be433c00
bcd04000
3dd04000
3ed6c200
bf856900
3eafb600
3cd04000
bf2c7500
bdb63800
bdb63800
bf15ae00
bf88aa00
3f3ffb00
beb63800
bf467d00
00000000
3e5d4400
3f740b00
bebcba00
3f0beb00
3ef0ca00
bf9f7100
3e504000
3ed04000
be5d4400
3f056900
3f8f2c00
3e88aa00
3d9c3000
bf25f300
3f8beb00
be9c3000
bf3cba00
3f15ae00
bf022800
3f856900
3d504000
00000000
bfbcba00
3f6d8900
3e95ae00
3ef0ca00
3e9c3000
bf6d8900
3fa93400
bf8d8b80
3d9c3000
3fbb1980
be022800
3fb63800
bedd4400
3e9c3000
3e78c200
bf5b7e00
bf4cdc00
3f892ec0
3f83b200
bf075a80
3e3e3a00
3e925400
bf8b0300
bea84700
3e78c200
3f8cd740
bf667780
bf000980
bf542d00
3f800980
3e3e3a00
bfe84bc0
bf508480
bdccdc00
3f075a80
be5b7e00
3f6dc880
bdea2000
be925400
3f751980
3e99a500
bf0b0300
3f15fc80
3eb6e900
3cea2000
3e3e3a00
3f03b200
be5b7e00
bdea2000
bc6a2000
bf334080
bed42d00
3f334080
bd925400
beea2000
3f249e80
3c6a2000
bf03b200
be99a500
3f6a2000
3f2bef80
3f717100
bf20f600
beaf9800
be925400
3f8cd740
3e99a500
bf03b200
bea0f600
bf334080
3e925400
bfba9180
3d925400
bf284700
3f20f600
bea84700
bf800980
3daf9800
3f7c6a80
bec58b00
3e99a500
bea0f600
3f6a2000
3ef17100
bf8eab80
bdaf9800
3f075a80
3fccdc00
bf000980
bf2bef80
bdea2000
3ee2cf00
be125400
be125400
3f800980
3eccdc00
3d925400
beaf9800
beb6e900
bebe3a00
bf5b7e00
bf15fc80
3f78c200
bf78c200
3cea2000
3ea0f600
3e78c200
3e99a500
3ea84700
3e925400
3f000980
bf19a500
3fc1e280
bf542d00
3eccdc00
3f751980
3edb7e00
bc6a2000
3fa49e80
be83b200
bd925400
bdccdc00
3f667780
bebe3a00
bf892ec0
3f6a2000
3f15fc80
3f8cd740
bdea2000
be2f9800
3fba9180
be125400
3e20f600
3f667780
be20f600
bf03b200
bd2f9800
3ef8c200
3dea2000
beb6e900
3f57d580
3ee2cf00
3f163600
be4ffc00
3f04e100
3cb8e000
bec46e00
3e8aa800
bdcffc00
bfa4a780
3eca3500
3e4ffc00
3f72a600
3f0aa800
be21c400
3d38e000
beb31900
be7e3400
3f21c400
bf6fc280
bf07c480
bf5e6d80
be9bfd00
bf1bfd00
3ef2a600
bf2a6e80
3f6cdf00
3c38e000
bead5200
3f97a7c0
be21c400
bdb8e000
bf671800
be84e100
bee15100
bc38e000
beb8e000
3dfe3400
bf8c19c0
bf0d8b80
bdb8e000
bf615100
bfb48ac0
bdfe3400
be963600
bf758980
3e0aa800
be0aa800
3ead5200
3f4a3500
3f475180
beb31900
bf2d5200
3f8efd40
3f906f00
3ea1c400
bf303580
bf475180
bfabe040
3ee71800
3cb8e000
3ebea700
3efe3400
3f135280
3f6cdf00
3f1ee080
3f4a3500
be906f00
bee15100
3f163600
bd671800
3e163600
bf1ee080
bf0aa800
be21c400
3e21c400
3ee71800
3f91e0c0
bedb8a00
3f4a3500
3eb31900
bea1c400
bf69fb80
bf7b5080
bdfe3400
beca3500
3ea1c400
be446e00
be446e00
bf4ffc00
3f9d6ec0
bf9d6ec0
bf278b00
3f475180
3d671800
bdb8e000
bfa61940
3e906f00
3f1ee080
3e963600
3f3ea700
bed5c300
bf1bfd00
3f9d6ec0
bde71800
3d8aa800
3d0aa800
3f2a6e80
beca3500
be963600
bf72a600
3f446e00
bf135280
3f07c480
be163600
bf8c19c0
3ed5c300
be963600
3d671800
3fa335c0
bf278b00
3e5b8a00
3fa335c0
3eb31900
3ea78b00
3d0aa800
bfb76e40
3ef86d00
3de71800
bf2a6e80
bee34800
bf1e4900
be01e000
be89fe00
3e9a3a00
3f4aee00
bf162b00
3f2a7600
3de34800
be738400
3e01e000
3ebab200
3ee34800
3f162b00
bde34800
beaa7600
bf225800
3e921c00
bebab200
bf1a3a00
3f83e780
3f5b2a00
bf225800
3fa66700
3ebab200
bf1a3a00
bd81e000
bd01e000
3fb08c80
bf9e4900
3f3ec100
3f9a3a00
3f266700
3e530c00
3f5f3900
bec2d000
bf7fb100
bf89fe00
3e42d000
3f0e0d00
3ebab200
3de34800
bfb49b80
3edb2a00
3fbcb980
3eaa7600
3e89fe00
3da25800
3e42d000
bf5b2a00
3f09fe00
3fcaee00
bf329400
3f942380
3e01e000
3ebab200
3de34800
3fa05080
3f2a7600
3ea25800
bf329400
3f85ef00
bec2d000
bda25800
3d81e000
3ec2d000
3fae8500
bf962b00
3e121c00
bf8c0580
beaa7600
3e634800
bf530c00
be121c00
3ebab200
3ecaee00
bf162b00
3f121c00
bff17c80
bebab200
3eeb6600
3fa45f80
3f09fe00
be530c00
3fa05080
be121c00
bd42d000
3f8c0580
be42d000
bf1e4900
3f675700
beb29400
3e738400
bde34800
beb29400
3f05ef00
bf46df00
bd42d000
4000dc40
3de34800
bf09fe00
bf36a300
bf571b00
3e121c00
bf87f680
3f266700
3ebab200
bfa66700
be42d000
3e121c00
3fb08c80
3f266700
3f6b6600
bde34800
3f3ec100
bec2d000
be738400
bee34800
bf36a300
3e81e000
bdc2d000
3f530c00
3e81e000
3f266700
be738400
3da25800
3e921c00
bf42d000
3f9d8600
bef37200
3ec87c00
3f982740
3e9d8600
3f737200
beddf700
bfa2e4c0
3fcc1080
3de52000
bce52000
bf6c4900
beddf700
3e880b00
3f00e200
bed6ce00
3f0f3400
3f770680
3e3a2a00
bf00e200
bf44e780
be737200
bfca4640
be737200
3c652000
bf2bd800
bf3dbe80
3eec4900
be3a2a00
be56ce00
3f330100
3f92c880
3e8f3400
3fe355c0
bf5df700
3d8f3400
3e3a2a00
bf165d00
3f1d8600
3f2bd800
bee52000
3dabd800
3f211a80
3ed6ce00
bf89d540
be2bd800
bec87c00
bf165d00
be9d8600
3e1d8600
3de52000
3d652000
beba2a00
3f3dbe80
3f284380
becfa500
beb30100
3f56ce00
be8f3400
bed6ce00
be880b00
be2bd800
be56ce00
bdabd800
3e80e200
bdabd800
be80e200
be2bd800
3e965d00
bf3dbe80
bf618b80
3f2bd800
bfa67940
3f3dbe80
3e1d8600
3f080b00
bf487c00
3f2f6c80
beba2a00
3eabd800
be3a2a00
3f618b80
3f82ac40
befa9b00
bf415300
3eba2a00
3d2bd800
bf5df700
3eb30100
3f165d00
be00e200
be652000
3ed6ce00
be487c00
3fc6b1c0
bec15300
bf00e200
3e965d00
3f080b00
bf2bd800
bf047680
3ce52000
3f0b9f80
bf4c1080
3eec4900
3eb30100
beb30100
3e652000
bef37200
3f415300
3ef37200
3f770680
3ed6ce00
beba2a00
bf8f3400
be0f3400
bf5a6280
be737200
bf89d540
3e652000
3f00e200
3e0f3400
be8f3400
3f369580
bf211a80
3f00e200
3f3a2a00
bef37200
3eb84000
bf01d000
bee22000
3f1af000
bd490000
3ec90000
3f1f2000
00000000
bf2bb000
be860000
3e384000
3fa78000
3ed9c000
3e490000
bf907800
bfb1f800
3eea8000
3f0a3000
bef2e000
3f516000
bc860000
3f44d000
bdea8000
bec90000
bf235000
bf81d000
3f6eb000
3ec0a000
3f2fe000
3eea8000
3f4d3000
bda78000
bee22000
3f1af000
3f5df000
3dc90000
be490000
be060000
3eea8000
bf665000
bf516000
3f7b4000
3e8e6000
3f7f7000
bf83e800
3fd37800
be59c000
3d860000
bfa78000
3f9d0800
3da78000
bf559000
3dc90000
bf3c7000
bf94a800
bda78000
3f5df000
bf0e6000
beafe000
bf3c7000
3f40a000
3d490000
3f3c7000
bf2fe000
bf384000
3d060000
bef2e000
3da78000
3f060000
3f278000
3e8e6000
3e7b4000
3ed9c000
3f01d000
3eea8000
3f516000
3fc0a000
beea8000
3f4d3000
bf01d000
bed9c000
3ec90000
bdea8000
3e278000
3dea8000
bf2fe000
3f3c7000
bdc90000
3f7b4000
bf98d800
bdc90000
3e060000
bd060000
bf6a8000
3f1af000
bf235000
bd860000
3f771000
3e8e6000
bd060000
3ec90000
3f341000
3f44d000
bec90000
c004f400
be860000
bf0a3000
bf44d000
bfa99800
beafe000
3e8e6000
bf01d000
3f235000
3e8e6000
3ec0a000
3da78000
3e9f2000
be6a8000
beafe000
bf4d3000
3f278000
3d860000
bf8c4800
bf7f7000
bf2fe000
bdc90000
3da78000
bf341000
bebd6400
3f81b100
be9c7400
3f28ce00
bebd6400
3e9c7400
3e9c7400
3f6aae00
bfc9be00
3eacec00
be943800
3ebd6400
bfbb5500
3c83c000
beff4400
3f81b100
bec5a000
3ed61800
c002b880
becddc00
3ed61800
3d83c000
beacec00
3f310a00
be770800
3da4b000
bd83c000
bffb2600
bf901a00
3f901a00
3f901a00
bf7f4400
bc83c000
3d45a000
00000000
bf7f4400
3f83c000
00000000
3eacec00
3f394600
3f87de00
bfb94600
bf24b000
bef70800
bf28ce00
3f49be00
be45a000
3c83c000
be943800
bef70800
be03c000
bc83c000
be669000
3e45a000
3f45a000
3fd61800
bdc5a000
3d45a000
3ede5400
3eff4400
bde69000
3f101a00
be9c7400
bf418200
3ee69000
3d03c000
3fbb5500
bfa09200
3eff4400
bf101a00
bd45a000
bf5a3600
bdc5a000
beeecc00
be770800
bfa8ce00
bd45a000
3f669000
3da4b000
3f310a00
3ea4b000
bea4b000
3e943800
bf310a00
3fa09200
3f143800
bf143800
3e24b000
bed61800
bf6ecc00
3fcddc00
3e143800
bd03c000
3e83c000
bfe48100
3f669000
bf394600
bf2cec00
bff2ea00
3e8bfc00
bd03c000
3ec5a000
be669000
bf83c000
3d83c000
3e24b000
be45a000
bebd6400
3ecddc00
3e83c000
3dc5a000
bda4b000
be9c7400
3dc5a000
3fc39100
bede5400
bd03c000
bebd6400
3eeecc00
3f28ce00
00000000
3f89ed00
bc83c000
3e669000
bf2cec00
3f627200
be8bfc00
bf310a00
bf62c780
bf8fda40
3fa27800
bedf6500
3e809f00
3ebd8c00
3fb36480
3eb6c700
3e8e2900
3fc60240
3f825040
bf553d80
bf3a2980
3ea93d00
bf825040
bf227800
3e8e2900
beb00200
3f0ac680
bf73b400
3f8c77c0
bee62a00
3f118b80
be3d8c00
be3d8c00
bf876400
be9bb300
bedf6500
3f8e2900
bdd8a000
3f40ee80
bf47b380
bf662a00
3e300200
be3d8c00
bf36c700
be227800
bfa27800
3e94ee00
bf293d00
3f918b80
3ecb1600
3c58a000
3d227800
be227800
3fd6eec0
3f553d80
be3d8c00
bdbd8c00
be076400
bd58a000
3e9bb300
bebd8c00
bea27800
bf6cef00
3f0ac680
3f891540
be662a00
be3d8c00
beb6c700
bf0ac680
3f009f00
3e4b1600
3e662a00
3f771680
3e3d8c00
3e3d8c00
3cd8a000
be73b400
bf185080
3f9a01c0
3f7a7900
be73b400
befa7900
3dd8a000
3dbd8c00
bf1f1580
bea93d00
3e876400
bedf6500
3e662a00
beecef00
be8e2900
bebd8c00
bed1db00
3d58a000
be076400
3edf6500
bf293d00
3f1bb300
bd227800
3edf6500
3ebd8c00
bed1db00
bf85b2c0
00000000
3f85b2c0
3f58a000
3e876400
3f771680
3ed1db00
be809f00
3e9bb300
3e876400
be662a00
3f6cef00
3f553d80
beb6c700
bf771680
3fbf3d40
bcd8a000
3f36c700
bf8c77c0
3ebd8c00
3f1f1580
3f705180
3e3d8c00
3eb6c700
bd58a000
3d227800
3ecb1600
be4b1600
3f5c0280
3ecb1600
bfa93d00
bed8a000
3da27800
be300200
bf66c800
3f28f700
bf28f700
bec5d000
be355400
bf1c9a00
3f03e000
3c83e000
be774400
bf313500
3d45d000
3eb55400
3fcbfe80
bfc3c080
be145c00
be774400
bece0e00
bebd9200
bda4d800
3f62a900
bf8a0e80
00000000
beff8200
3e03e000
3e83e000
3f49ef00
3de6c800
3ede8a00
be564c00
3f9ea980
3e945c00
3f966b80
3f3d9200
3e24d800
3f03e000
bf28f700
be774400
bf103d00
bf187b00
00000000
bed64c00
beef0600
bf8a0e80
3f07ff00
3ede8a00
3d83e000
3ea4d800
bec5d000
bf20b900
bf5e8a00
bf774400
3f0c1e00
3f07ff00
3e45d000
bd03e000
beef0600
c002d840
bed64c00
be83e000
3e564c00
bf187b00
be145c00
3f03e000
3da4d800
3e9c9a00
bf07ff00
be355400
3ede8a00
bf987b00
3f8a0e80
00000000
bd45d000
bead1600
3ede8a00
3f41b100
be8c1e00
3ed64c00
3ea4d800
bf397300
bf87ff00
3e355400
bf6f0600
beb55400
bf0c1e00
bde6c800
3e774400
3ede8a00
3f8e2d80
bf0c1e00
3e45d000
00000000
3e145c00
bea4d800
bfab0680
3e945c00
bf145c00
bf07ff00
3fb76380
bf9a8a80
bc83e000
bde6c800
bd03e000
3ef74400
3f9c9a00
be03e000
bf85ef80
3f41b100
bf41b100
bd03e000
bf2d1600
3d03e000
3f0c1e00
3dc5d000
3f522d00
3e774400
3f0c1e00
3f4e0e00
bdc5d000
bd83e000
be45d000
3f7f8200
bf83e000
3f20b900
be45d000
3da4d800
bf07ff00
bea4d800
3d83e000
be122c00
3e3e0600
3f073580
bf197b00
3f873580
3f247180
bd922c00
bf15d380
bee29100
00000000
3ea81900
3f038e00
3f36b700
3eb6b700
3f69e000
bf97a740
3f922c00
bf69e000
be69e000
3ef12f00
3ed3f300
3effcd00
3e2f6800
3f6d8780
3f579a80
3e122c00
bd69e000
beaf6800
3eaf6800
bee29100
3ea0ca00
3fabc080
be922c00
bee29100
3f922c00
3ce9e000
3daf6800
3e4ca400
bee29100
be122c00
3f504b80
bd2f6800
be69e000
bf0add00
bfa81900
bf247180
bf122c00
3e4ca400
3e038e00
3de9e000
bfb88ac0
bf3e0600
bf122c00
be69e000
bf504b80
bf5ee980
3e2f6800
3f038e00
beaf6800
bee29100
3ef12f00
3f2f6800
3eb6b700
bf997b00
be2f6800
be2f6800
3f504b80
bf2f6800
bee29100
3f663880
bf41ad80
3f74d680
3f455500
3f93ffc0
3f9b4ec0
be2f6800
3e922c00
bfe80c40
3f1d2280
3e038e00
3ea0ca00
bf504b80
bfd04b80
bf038e00
3ea81900
3f712f00
3edb4200
bc69e000
3e8add00
00000000
3c69e000
bf122c00
3e038e00
bf0add00
be8add00
bf9ef640
3ef12f00
3f997b00
bf2bc080
3e3e0600
3f93ffc0
3f455500
be038e00
3ea81900
bf281900
3e8add00
bedb4200
bf3e0600
bf3a5e80
3f0add00
be787e00
bf2f6800
be3e0600
bfad9440
3f7c2580
bfa29dc0
3ea81900
bf629100
3e787e00
be122c00
3ec55500
bf2bc080
be69e000
bf873580
3d2f6800
be922c00
3f69e000
bfba5e80
bf3d3800
bfb87d00
bf0dea00
bec6ae00
3ec6ae00
3eb3c200
3d976000
bd176000
be502400
3ee31000
bef5fc00
3e847400
3e75fc00
bf2f0700
3d176000
bd976000
3ebd3800
3e176000
bc976000
bfcdc680
3d176000
3f0dea00
00000000
3f99bd80
3c976000
3d976000
be3d3800
3f9c1b00
3faa4c00
3eb3c200
bef5fc00
3de31000
3e847400
bf176000
3c976000
3e047400
3f33c200
3e502400
3eff7200
3eff7200
beaa4c00
3c976000
bf714100
3f259100
bfbd3800
bd176000
be847400
bee31000
bee31000
bf1c1b00
bf2a4c00
3ed02400
be8dea00
3e976000
bd976000
3de31000
be75fc00
be8dea00
be502400
bdbd3800
be047400
be75fc00
3ef5fc00
bf4b6900
3c976000
be3d3800
3eb3c200
3eff7200
bf6c8600
3de31000
bfd4df00
bf892f00
bde31000
3f047400
3d976000
3d631000
bfb3c200
3e847400
3e75fc00
be631000
3ebd3800
3eaa4c00
3f976000
3e2a4c00
bee31000
bf599a00
3f75fc00
3f2f0700
3f2a4c00
bf714100
bec6ae00
bf904780
bf176000
3e976000
beaa4c00
3ed99a00
bed99a00
3d631000
3eb3c200
bf047400
3f092f00
beec8600
c0163140
3f502400
3f387d00
3e631000
be047400
bf33c200
be8dea00
be2a4c00
bf54df00
3e75fc00
3d176000
bf3d3800
be176000
bf20d600
3f259100
bf8b8c80
bf5e5500
3f714100
3e75fc00
bf047400
3de31000
be176000
3f46ae00
bf3d3800
3de31000
3eaa4c00
3f7f5000
3eff5000
bf12ce00
bef8ee00
bf22c300
3d193000
bf590400
bebf7c00
3ebf7c00
3f82d900
3f2f8700
3f292500
3ed90400
3eff5000
3f391a00
3ef28c00
3f45de00
3e25f400
bd7f5000
bf42ad00
be590400
3eb91a00
beac5600
3de5c800
3d7f5000
3e193000
3f1c6100
bfc77680
bf7f5000
3f2f8700
3f4f7100
be3f7c00
bf8f9d00
3ea5f400
be590400
bdff5000
3dcc4000
beac5600
beac5600
3f82d900
3f78ee00
beb91a00
beec2a00
bf2f8700
be0c6c00
bc4c4000
3e590400
3f1f9200
3f12ce00
3fb45080
3f02d900
3f2f8700
3f979780
3e9f9200
3e0c6c00
3e193000
bef28c00
3dff5000
beb91a00
bf9f9200
3fa12a80
bf590400
bf093b00
3c4c4000
be0c6c00
bd7f5000
be32b800
bea5f400
3dff5000
bf5c3500
3f65c800
3ccc4000
3ebf7c00
3ec5de00
be32b800
3f15ff00
3f490f00
3dcc4000
bd993000
3dff5000
3f093b00
be4c4000
3f060a00
3d193000
bf82d900
be860a00
3f35e900
bfa5f400
3f1f9200
bfa12a80
be728c00
bf9f9200
3e8c6c00
3f9df980
bee5c800
bec5de00
bef28c00
3f87a280
beb91a00
bed90400
bee5c800
3e3f7c00
bd7f5000
bf3f7c00
bf7f5000
3f95ff00
3f060a00
bf35e900
bf1c6100
3f32b800
bf1f9200
3ed90400
bf1c6100
3f25f400
3ef28c00
3f22c300
3eff5000
be92ce00
be993000
bfcaa780
3f728c00
bed2a200
be193000
be8c6c00
3eff5000
3e7f5000
bf75bd00
3f3c4b00
3e412000
3eb10800
3f1cea00
3e10d800
3f14de00
be716800
3f08cc00
bf00c000
be716800
bf00c000
3c80c000
bf594400
be90d800
3f0cd200
3e310800
be90d800
bf88cc00
3de15000
3dc12000
3f20f000
3f553e00
3ee95c00
3e88cc00
bf716800
3e513800
3faaff00
3f452600
3e615000
bef16800
be98e400
bda0f000
3f86c900
bf00c000
3ec92c00
bef97400
bf594400
3dc12000
3f0cd200
bd412000
be716800
bf10d800
bf88cc00
3d412000
bf9ae700
3fb30b00
3ef97400
3f92db00
3f18e400
bde15000
bf2d0200
3ec12000
be98e400
3e10d800
3f14de00
3f412000
3f1cea00
3f80c000
bf716800
bf350e00
be716800
be716800
3e615000
3ec92c00
be88cc00
3e20f000
bf18e400
be00c000
3e615000
bf18e400
3f492c00
bfff7d00
bf3d1a00
bec12000
bf86c900
bf92db00
3f04c600
bda0f000
3f756e00
bee95c00
3f553e00
3fa2f300
be80c000
be716800
3f615000
be88cc00
3e20f000
3eb10800
bee15000
bf20f000
bea8fc00
bec92c00
beb91400
3f1cea00
be412000
bf0cd200
3ed13800
3f797400
3f8cd200
3f310800
bf9eed00
bf5d4a00
3f9cea00
3d00c000
bf04c600
bf695c00
bf96e100
3eb10800
bf452600
bf18e400
be716800
bd412000
be10d800
bd412000
3f412000
3ed13800
3fc52600
3f350e00
3ff36b00
3ed13800
00000000
be10d800
3e513800
bd80c000
bf594400
3f18e400
bf1cea00
beb10800
be98e400
3f0eb300
3ec6ea00
bee98200
bee0dc00
bdacf800
be8a6000
beface00
c0094b40
3f314b00
bd8a6000
3e9bac00
3f39f100
3f175900
3f3e4400
be8a6000
3e8a6000
bf8a6000
bf8a6000
3ef22800
bf8c8980
bf359e00
bf1bac00
beb59e00
bf998280
bd4f9000
bf4b3d00
3f3e4400
be81ba00
3ed83600
3fa8a500
3ee0dc00
bd0a6000
3f4f9000
bd4f9000
3e0a6000
bf39f100
bf5c8900
3d4f9000
3f90dc80
3f39f100
beb59e00
3f060d00
bf8a6000
3e60dc00
3ef22800
00000000
3e4f9000
bc8a6000
bef22800
3ef22800
3f6dd500
bf0a6000
be1bac00
3e0a6000
be930600
3e9bac00
3e3e4400
bfb59e00
3f4b3d00
bd0a6000
3f060d00
3e3e4400
3f767b00
be8a6000
bec6ea00
bf7ace00
3f53e300
3eacf800
bf998280
3f8c8980
be4f9000
bf39f100
3e3e4400
bf359e00
bf722800
3e722800
3f060d00
3e1bac00
be2cf800
3f4b3d00
be8a6000
be8a6000
becf9000
bf359e00
be8a6000
3ee0dc00
3ee0dc00
bf130600
3e2cf800
3dcf9000
3e60dc00
3c8a6000
3d8a6000
3f28a500
3f2cf800
3f6dd500
bec6ea00
3f60dc00
bef22800
bf1bac00
3f359e00
3e1bac00
bfc06d80
bf0eb300
3e8a6000
3ed83600
3f883680
be60dc00
bf90dc80
bfc4c080
be722800
be9bac00
bf60dc00
bdf22800
bec6ea00
3e0a6000
be9bac00
3e9bac00
bf130600
be0a6000
3eface00
bf5c8900
3f698200
bebe4400
3ecf9000
3f1fff00
bf314b00
bf767b00
be2de000
bec8a000
3da08000
3ef77000
bda08000
bfcf5000
3e7e2000
3d85c000
becf5000
bf313800
bf600800
bfa73000
3d560000
3ec1f000
3f70c000
be3b4000
3f23d800
3e932000
3e85c000
3e7e2000
bf9d2800
3e85c000
3f560000
be8c7000
bec1f000
bf349000
3f4bf800
3ee36000
3f313800
3eade000
bf595800
3ef0c000
3e208000
bc560000
beade000
be48a000
3e208000
3f6a1000
be05c000
3f05c000
3e3b4000
bf3b4000
3d208000
beb49000
3f777000
3f982400
bf37e800
bda08000
bebb4000
be2de000
befe2000
bf1d2800
bf8e1c00
bdbb4000
bda08000
3f41f000
be560000
bf826800
3f1d2800
bdd60000
3df0c000
3f7e2000
3df0c000
be05c000
3e85c000
3ef0c000
3d85c000
bf6a1000
3fbe9800
bf2de000
3e208000
bdf0c000
bd560000
bf8c7000
3f0fc800
bcd60000
3e3b4000
bf37e800
beade000
bcd60000
3f273000
3dbb4000
bfa22c00
bf8c7000
bf7ac800
be208000
bf0fc800
3f741800
be8c7000
bf19d000
00000000
3f41f000
becf5000
3f4f5000
3d208000
be05c000
3efe2000
bf600800
bd208000
bf41f000
3e70c000
3e636000
be3b4000
3ebb4000
3e3b4000
3ef0c000
3f273000
bdf0c000
3f0c7000
bf600800
be70c000
3df0c000
be2de000
3e208000
bec8a000
3e932000
be05c000
3e8c7000
bfa22c00
3f208000
3f273000
bf66b800
bfd45400
bfa3d800
3dbb4000
be70c000
3f0fc800
3e48a000
3efa5000
bf8dd800
bf815400
3f441400
3e379000
bee9a000
3e379000
3f8bc200
3f58f000
3f3bbc00
3d858000
bebfe800
3c858000
bf509800
bf336400
bf015400
3e69a000
bfbdd200
3e9e8800
bf1e8800
be9e8800
bee9a000
3de9a000
3f614800
3e963000
bd858000
bf69a000
3de9a000
bd858000
bf3fe800
3f71f800
3da6e000
bfa2b400
be379000
3e058000
3e858000
3e58f000
be9e8800
3ed8f000
be26e000
3e163000
3ebfe800
3f163000
bdc84000
bd484000
bf5d1c00
bf484000
3f4c6c00
3f963000
bf7a5000
beaf3800
bdc84000
be69a000
3da6e000
bf7a5000
bf441400
3ed8f000
3f441400
bf509800
bf09ac00
bda6e000
bf058000
bfd2ae00
3eb79000
3e69a000
bd484000
bf815400
bda6e000
3e8dd800
3eb79000
bf4c6c00
3efa5000
3e26e000
3e058000
bef1f800
3ee9a000
be69a000
be58f000
3f9e8800
3f614800
bf163000
3de9a000
3c858000
3dc84000
bfa09e00
bd858000
3e9e8800
3e9e8800
3ee9a000
3f0dd800
bf058000
3ec84000
3e26e000
3da6e000
3f0dd800
be8dd800
3f163000
3eb79000
3f8fee00
bf8dd800
3ea6e000
bf015400
3e9e8800
bf22b400
3e8dd800
3eaf3800
3e484000
bf09ac00
bdc84000
bf815400
bf3bbc00
bf3bbc00
3eaf3800
3de9a000
3e163000
c0047500
bed8f000
be858000
bf163000
3f379000
bf0dd800
be58f000
bda6e000
3f920400
3e379000
3f836a00
bd058000
3e58f000
3e15f600
be95f600
3dbedc00
3e818300
3e085400
bf5d8880
3e4c7e00
3e818300
3ed34f00
3f645980
bf424480
bf1cc700
bf085400
beaa6900
be5a2000
be3edc00
3f202f80
3e67c200
3ee7c200
3df56400
3e5a2000
bfd86bc0
bda39800
bf885400
3f04eb80
3e885400
3fb80b00
3fb656c0
3c5a2000
bfadd180
3e885400
3e239800
3f195e80
be818300
bf645980
3f239800
bf7f9d80
bc5a2000
be756400
bf313a00
bf78cc80
bd239800
3fb656c0
bf8bbc80
3e8f2500
3f9cc700
3ecc7e00
befc3500
3dbedc00
3e313a00
3fd86bc0
bea39800
3fd86bc0
bfa8b4c0
bf2a6900
3faf85c0
3c5a2000
bd885400
bf128d80
3f818300
bec5ad00
3f9e7b40
3e313a00
be95f600
3e15f600
bd239800
be818300
3f239800
3cda2000
be3edc00
3f085400
be15f600
bf4fe680
3eda2000
bf313a00
00000000
3fce3240
3df56400
bf756400
3e885400
3e8f2500
3f885400
bd5a2000
3d5a2000
3f0bbc80
bdbedc00
3eb80b00
3f202f80
3e239800
3f84eb80
bd5a2000
3c5a2000
bf3b7380
3d5a2000
3cda2000
3dda2000
be4c7e00
bfbd27c0
3ea39800
3c5a2000
3ef56400
be313a00
3f0f2500
be4c7e00
00000000
3f756400
bf018300
be67c200
3dda2000
bf0f2500
bf1cc700
bf270080
be95f600
bf5a2000
bf8d70c0
3eb80b00
be15f600
be15f600
3e756400
be085400
bfa8b4c0
be95f600
bf2a6900
3f885400
3f756400
3e4c7e00
bd239800
bf5a2000
3f124000
bf575000
be638000
3e124000
bf2eb000
3e924000
be020000
be020000
bec30000
3f679000
3f638000
3e534000
3f36d000
bdc30000
3ea28000
3eb2c000
3f6ba000
bfa07800
bf7be000
3fcb2000
bec30000
3e638000
bef3c000
bfa69000
bf2eb000
bedb6000
bf269000
3f124000
be73c000
bf7be000
3f0a2000
be924000
3e924000
3e124000
3e020000
bf269000
bfbce800
be430000
be820000
bf881800
bf534000
beaaa000
bf9a6000
3ea28000
bf534000
3f840800
bda28000
bf638000
3f73c000
3e228000
3dc30000
00000000
bf32c000
3ed34000
be73c000
3e534000
3e228000
3f903800
3e924000
beb2c000
be73c000
be9a6000
bf228000
beaaa000
3e73c000
3f7ff000
bf881800
bebae000
3f944800
bd020000
bdc30000
bfcb2000
3f228000
3eb2c000
bdc30000
3f924000
c000fc00
3e534000
be228000
3f5b6000
00000000
bea28000
be638000
bd430000
3fb6d000
be820000
3da28000
3f4b2000
3f638000
3ec30000
3f269000
3f32c000
bf881800
3da28000
bf944800
bf0a2000
3f965000
bc820000
bd020000
be638000
3fc91800
3e638000
3d430000
be228000
bf228000
bf5b6000
bda28000
3f7be000
3f4b2000
bf3ae000
bf0e3000
bf73c000
3f638000
3f5f7000
bf165000
3f228000
bfa69000
3fc91800
3ea28000
beaaa000
bfb0b800
bf6ba000
be9a6000
beeba000
3faaa000
bf985800
beb2c000
bf165000
bd863800
bf9a5a00
3ea7c600
bf02dd00
3f211000
be495400
3fab2100
bebbe800
3d56c000
bef19800
bfa2bd80
3ed00a00
3f063800
bdf19800
bf642c00
3f3be800
3fd51280
3ef19800
3f904900
bf863800
bf4caf00
bd211000
3e9a5a00
3fa61880
be863800
bfa46b00
bf3be800
bda11000
3fb88d00
3fa46b00
bdbbe800
3fb1d700
3d56c000
bee42c00
3eae7c00
bfacce80
be9a5a00
bf495400
3f848a80
3f104900
bc56c000
be3be800
be13a400
bea11000
bf812f80
bf56c000
be642c00
bf1a5a00
3f02dd00
3df19800
bf93a400
3ed00a00
3ef84e00
bfbd9580
3e13a400
bee42c00
be9a5a00
bfc5f900
3e642c00
3f91f680
be93a400
3f246b00
bee42c00
bf3be800
3ebbe800
3d863800
3ec29e00
bec95400
3f863800
bed00a00
3f93a400
bdbbe800
3d211000
bf904900
3e642c00
3f3f4300
3e56c000
bcd6c000
3ed6c000
bf429e00
be9a5a00
3f784e00
be2e7c00
be9a5a00
bf87e580
bd863800
bedd7600
bea11000
3d211000
be2e7c00
3f27c600
3f3f4300
3f9c0780
3f1a5a00
be863800
3e13a400
bedd7600
3ee42c00
3edd7600
bf5d7600
bfc29e00
bef19800
3e93a400
3e8cee00
bfae7c00
3e56c000
bdd6c000
bf1a5a00
3f784e00
bf429e00
3ea7c600
bf02dd00
bdbbe800
3e7f0400
3cd6c000
bf495400
00000000
bf27c600
beff0400
3e2e7c00
bcd6c000
3fb38480
3f8e9b80
3f31d700
3f678700
bf3be800
3c56c000
bf812f80
bea02c00
3ef04200
3f559000
bf1bb900
be675c00
3e0e6000
3f950c80
bfa6d880
bf174600
3ee75c00
3ef04200
be0e6000
bf6bcf00
3f057a00
bfa49f00
3ede7600
3f249f00
3eb1f800
3eccaa00
bea91200
bf010700
bfbd1780
3f202c00
3f1bb900
beccaa00
3f010700
3f174600
bf09ed00
bea91200
bfe0af80
3f9bb900
3e792800
3e792800
3f3ade00
bf4caa00
bf010700
bd8e6000
3f7d9b00
3fa91200
bc8e6000
bf291200
bfb66b00
bed59000
bf3ade00
3e792800
3f857a00
bf74b500
bd0e6000
be0e6000
3f2d8500
3f3f5100
bf6bcf00
bef04200
bf12d300
3df92800
3f291200
bfafbe80
3f997f80
be43c400
3f74b500
3d559000
bdb1f800
3db1f800
3f202c00
bee75c00
3d0e6000
3ea91200
3eb1f800
3f8e6000
be675c00
bea91200
bf09ed00
3f559000
3f291200
bf31f800
bebade00
3fad8500
3e0e6000
bf010700
3ec3c400
bebade00
3f511d00
beb1f800
bfcee380
3dd59000
3f249f00
3fafbe80
3ee75c00
3f857a00
3f010700
3ede7600
bf74b500
bd8e6000
bf5e7600
3f62e900
bfafbe80
3ed59000
bf09ed00
bf174600
3c8e6000
3f1bb900
bee75c00
bdb1f800
bef92800
bef04200
bf2d8500
bee75c00
3eccaa00
bf9bb900
beb1f800
bdb1f800
3f857a00
bed59000
bed59000
bf010700
bf249f00
3f675c00
bfa6d880
3d559000
bea02c00
400d4340
bf3ade00
3ef04200
3f997f80
bd8e6000
3e792800
bf997f80
3ebade00
bef84800
3ecbf200
bf3a3600
3f3a3600
bf6f6a00
bf8ba880
be850200
bea87a00
bf050200
bdf84800
bf009300
3fbc6d80
bf1b2d00
3f897100
bd54d000
3e0de000
3f1f9c00
3f3ea500
bec31400
bf240b00
3f009300
3ef84800
3fd70780
bec31400
be96be00
3e668c00
3db15800
3c8de000
be9f9c00
be431400
bf1b2d00
beddae00
be54d000
3dd4d000
3f431400
3f240b00
3f82ca80
bf240b00
bdb15800
bf097100
3f1b2d00
3f901780
bef84800
3e96be00
beba3600
be96be00
3f1f9c00
bf809300
3f478300
3ec31400
3e8de000
bf54d000
be431400
3f35c700
3fd4d000
bf6f6a00
3eba3600
3e1f9c00
bf924f00
3e96be00
bf82ca80
3f240b00
3f124f00
bf009300
bf009300
3eba3600
be9f9c00
3f5dae00
3df84800
3ec31400
be0de000
bf7cb700
bf621d00
3dd4d000
bea87a00
3f097100
3df84800
bf050200
3dd4d000
3ec31400
be850200
bf621d00
3faf2080
3df84800
beb15800
3ee68c00
be431400
3d8de000
3ea87a00
3f901780
3df84800
be431400
c00cc440
bf124f00
3fb5c700
3f050200
be96be00
bd8de000
3e1f9c00
3f668c00
3e668c00
bf873980
bdb15800
00000000
3f873980
bf668c00
3f16be00
3f7cb700
bf8de000
3f873980
3f3a3600
3f784800
be8de000
3d0de000
3ecbf200
3e96be00
bfa1d380
bee68c00
3f948680
bf478300
bf9d6480
bf1b2d00
beef6a00
00000000
bf9d6480
3ec31400
beddae00
c001aec0
bfc6b700
3ec6b700
3fc51cc0
bfa04100
bf8502c0
3f337c00
3d99d800
3eed2d00
bf304780
3e26aa00
3fab78c0
3f81ce40
bf036880
3ef39600
bed9f200
bfb1e1c0
3e99d800
3d99d800
be66c400
be404e00
bf6d2d00
bee6c400
bf1d0c80
3ef9ff00
bf2d1300
3f3d1980
bee6c400
3fbd1980
be337c00
3d19d800
bccd2000
3ef39600
bf404e00
bee05b00
bf19d800
3f505480
3f46b700
3f337c00
3f638f80
bd19d800
3ec6b700
bef9ff00
3f438280
3dcd2000
bd19d800
3f438280
bf5d2680
3f237580
3f76ca80
3f869d00
3f46b700
3f56bd80
bccd2000
3e936f00
3f99d800
3f46b700
bc4d2000
bf8502c0
3e59f200
3f036880
3f0d0600
bfb51640
beed2d00
bd99d800
3f605b00
bee05b00
be4d2000
bee6c400
bed9f200
bee6c400
3f36b080
3ecd2000
be803400
3ea6aa00
3f438280
3ec04e00
3f983dc0
bf304780
bec04e00
3f81ce40
bead1300
bf79ff00
3f903a80
3f66c400
3e59f200
bf739600
3ee6c400
3d803400
3ec6b700
3f836880
bf505480
3de6c400
3e869d00
3f869d00
3ec6b700
3f883740
bfcb85c0
3c4d2000
bf16a380
bf1d0c80
3e0d0600
3e4d2000
bdcd2000
bf883740
bf4d2000
bdb37c00
bf069d00
be803400
3f304780
3ea6aa00
bf803400
3f3d1980
bf9ea6c0
3f304780
3f983dc0
bed9f200
bdcd2000
bf638f80
bed38900
be936f00
3f438280
3e936f00
bf036880
3ef39600
3d99d800
3eb37c00
be4d2000
3e803400
bf2eba00
3d852000
3f052000
bf4bd900
3f919b00
bea66800
be370c00
3de8f800
3f3f5e00
be9e1600
3f15c400
be370c00
bf95c400
c00415c0
be9e1600
3e585400
3c852000
bef99c00
3f852000
3eb70c00
bf223f00
bdc7b000
3ed85400
c00415c0
3f799c00
3ee0a600
bda66800
3fb0ce80
3e585400
bef14a00
bee8f800
3f438700
bf8f8680
bf266800
bef14a00
3f00f700
bf0d7200
3f3f5e00
3e95c400
be266800
3f64cf00
bf3b3500
bf799c00
3e68f800
bf585400
bed00200
3f32e300
bfb2e300
bd052000
bf223f00
3eaeba00
be9e1600
bf266800
3e47b000
be266800
3f93af80
bf2eba00
bf1e1600
3f500200
bf7dc500
bf0d7200
bc852000
be585400
bde8f800
3de8f800
bee8f800
bf00f700
bf266800
bf830b80
3d852000
3f47b000
bf585400
3f542b00
3f852000
bf438700
bf585400
bf094900
bed00200
bf00f700
3c852000
3e9e1600
bda66800
bc852000
bf542b00
bef14a00
bebf5e00
bf68f800
3dc7b000
3f60a600
bdc7b000
3f873480
be8d7200
3e15c400
bda66800
3f119b00
00000000
3ee0a600
bf99ed00
bf894900
be266800
be852000
3e799c00
bf9e1600
bf052000
bee8f800
3f19ed00
bebf5e00
3dc7b000
bf3b3500
3f8f8680
be585400
3f9c0180
3ed00200
3f119b00
bed00200
bf00f700
bf0d7200
bc852000
bda66800
bf438700
3f4bd900
3f9e1600
be370c00
be799c00
bf370c00
bf5c7d00
3f094900
be266800
bf263380
bf563700
bf73c300
bc6c6000
3d93bc00
3e314800
3ea28200
be04f600
bf64fd00
3f528580
bee4fd00
bcec6000
bf5d9a00
bf29e500
3d314800
bf014480
3f5d9a00
3f563700
bfa63380
bedd9a00
3e9b1f00
3ef3c300
3f13bc00
3e7b2600
be6c6000
3fced400
3f976d80
be6c6000
bf38ab00
3f8a8040
3dced400
3f0c5900
bec77100
bf04f600
bf528580
bf228200
3ea9e500
beb8ab00
3edd9a00
3eced400
bf59e880
bfb4f980
3f831d40
3ef3c300
bf5d9a00
bea9e500
bd314800
bf100a80
3f73c300
3dced400
3d6c6000
3f93bc00
3ea28200
bdb14800
bf29e500
bf777480
bec00e00
bd314800
bf13bc00
bf88a780
3e04f600
3ed63700
bf04f600
3f64fd00
bd93bc00
3eced400
3e93bc00
bfba83c0
3ec00e00
bf6c6000
3f7ed780
bf7ed780
bf900a80
3ec77100
3e228200
bf5d9a00
bf29e500
3f38ab00
be228200
3f994640
3ea9e500
bf13bc00
3fd0acc0
3f1b1f00
be93bc00
3e9b1f00
3e13bc00
bfea8740
bd6c6000
bf8c5900
bfe8ae80
bd93bc00
be4ed400
bf563700
be6c6000
3d6c6000
3dec6000
3d93bc00
bf64fd00
3eced400
3e314800
3eb8ab00
3f477100
bc6c6000
bfa28200
bf314800
be13bc00
3f014480
bdced400
3f014480
bdced400
3e314800
3f831d40
be8c5900
3fc3bf80
bec77100
3ed63700
3f263380
bdec6000
3f0c5900
bfa80c40
bf014480
3e04f600
3fc00e00
bf8e31c0
3f7ed780
3ed63700
bf7b2600
bf93d000
bea29800
bd93d000
3d316000
bf351200
3e4ef000
bf3c7600
bf52a200
3f13d000
bea9fc00
bed65400
bf101e00
3ee51c00
bdb16000
bf73e400
bf703200
bf13d000
be8c6c00
bf050800
3f08ba00
be050800
3ecef000
3ed65400
3ee51c00
be402800
3ea29800
3f901e00
3f402800
3f779600
3ecef000
3efb4800
bf050800
3f178200
3fc20100
3ed65400
bf1b3400
3f7efa00
3c6c8000
3ed65400
3f229800
3eb8c400
3f91f700
befb4800
3d316000
3ed65400
bf178200
3f616a00
beb8c400
bf2dae00
3f7efa00
bf832f00
3db16000
bd316000
bfddb800
bd316000
bed65400
becef000
00000000
3f38c400
3f8c6c00
bf316000
3f478c00
bf91f700
bfadae00
3f264a00
be5db800
beb8c400
bf015600
3f88ba00
bf015600
3f52a200
3f68ce00
3f995b00
bf832f00
3f4ef000
bf978200
bf13d000
becef000
bf178200
bf68ce00
3ee51c00
00000000
be316000
3f38c400
3eec8000
bf52a200
3f4b3e00
3f86e100
3feaa700
3e6c8000
3fb16000
3f229800
be93d000
bdb16000
bef3e400
00000000
bc6c8000
3ecef000
bf316000
3f050800
3e4ef000
3eb8c400
3e402800
3ef3e400
bf050800
bf13d000
bea9fc00
3f68ce00
bf88ba00
3c6c8000
be316000
bf38c400
be402800
bf565400
3eec8000
3e13d000
3cec8000
3ee51c00
3eddb800
3f8c6c00
3f13d000
bf0c6c00
be5db800
bef3e400
bf52a200
bf7b4800
3d93d000
3e6c8000
bf803d00
3f571c00
bdc69000
3f7c5700
3f088300
3f52f900
3fafcf80
be9d3200
bf190f00
be9d3200
bd846000
bd046000
bedf6200
3d469000
beefee00
bed71c00
bf10c900
3f10c900
3f426d00
bf1d3200
3e94ec00
3e469000
bedf6200
3eced600
40024e80
be8ca600
bf14ec00
3f8ca600
bed71c00
be846000
3dc69000
be360400
3f8eb780
bf1d3200
3f046000
00000000
bdc69000
bf003d00
3da57800
bfb81580
3f9d3200
3eb60400
bf0ca600
3e257800
be94ec00
3e571c00
be046000
3f10c900
3eb60400
3f299b00
3e846000
3ef83400
3f0ca600
3edf6200
bf741100
bf6bcb00
be571c00
be846000
be8ca600
3f5b3f00
3f8ca600
3f783400
beadbe00
bc846000
3f257800
3f31e100
bebe4a00
bf9f4380
3eced600
bf257800
3f469000
be8ca600
bf003d00
bf190f00
beb60400
3fc69000
3f360400
bf0ca600
3f1d3200
3f360400
bf5b3f00
3f003d00
3e14ec00
3ebe4a00
3de7a800
be9d3200
3f046000
3f469000
bf360400
bd469000
3f299b00
3e360400
3e9d3200
3e14ec00
bd046000
3f638500
bf088300
bf867180
bc846000
bf003d00
3f4ed600
bebe4a00
beadbe00
bf867180
bda57800
3f0ca600
3f31e100
bf4ab300
3f0ca600
bf5f6200
bf7c5700
3eefee00
00000000
3f2dbe00
3d046000
bd046000
bf3e4a00
3f003d00
3f92da80
c0035740
bea57800
beb60400
bf52f900
bef83400
3f638500
bf67a800
3ee7a800
3eced600
bd926000
3ef70200
bfc94400
bf001400
3f401e00
bf326500
3d5b9000
bed26a00
3fb6f800
3d926000
3c926000
bfc94400
3f5b9000
3eadd200
c0113b40
be24ac00
3f926000
3eb6f800
bf24ac00
be24ac00
bf44b100
bd126000
bfc6fa80
3f8b8380
bf24ac00
3f8b8380
bf24ac00
3f001400
3e5b9000
3f0dcd00
be001400
40025d80
3ec01e00
3e001400
bf16f300
3fa01900
00000000
bf1b8600
bee4b600
beb6f800
3e801400
bddb9000
bf494400
bf201900
bedb9000
3d5b9000
3f726f00
3e36f800
bfbdd480
3f9b8600
bfc26780
3fadd200
bd5b9000
3ef70200
3e494400
bf093a00
3f1b8600
bfbb8b00
beadd200
3e126000
3e6ddc00
c006f080
be5b9000
be9b8600
bf9b8600
bf770200
3f602300
bdb6f800
3f24ac00
bfd6fd00
be36f800
3f801400
beeddc00
3ee4b600
bfd26a00
3eb6f800
bf04a700
bd5b9000
bd926000
3f694900
3ea4ac00
3ddb9000
be926000
3fc6fa80
3f7b9500
bf0dcd00
bec94400
3f2dd200
be494400
bed26a00
bf602300
be6ddc00
be801400
bf1b8600
bf494400
3d5b9000
c0081540
be926000
bed26a00
3ddb9000
3e6ddc00
3f16f300
bf770200
3e494400
3eb6f800
bdb6f800
be893a00
3e126000
3f494400
3f96f300
3db6f800
be801400
3f326500
bf901680
3db6f800
beeddc00
3e24ac00
bf126000
3f093a00
bf56fd00
bdb6f800
bf726f00
3f001400
bedb9000
bd926000
3d926000
bf201900
be494400
3ceae000
beb77f00
3f7d3980
3f041e00
3e041e00
be841e00
3f377f00
bd302800
3ec62d00
3fb1fdc0
3ecd8400
3f9a2300
be217a00
bf5fdd80
3e841e00
3f512f80
bec62d00
be841e00
3f1a2300
be5c3200
bc6ae000
bf85f3c0
be841e00
bc6ae000
bd302800
be302800
3e6ae000
3e6ae000
bf252580
be6ae000
3f0b7500
3f5fdd80
be5c3200
bf302800
be841e00
beb77f00
3f638900
3f673480
bf6ae000
bef98e00
bf85f3c0
3e6ae000
bef98e00
beeae000
bef98e00
bf4d8400
bea8d100
be5c3200
3ee38900
bd302800
bc6ae000
3c6ae000
3eb02800
3dcd8400
be798e00
3ebed600
bdb02800
beeae000
3ea17a00
be4d8400
be4d8400
3e12cc00
3e302800
3f638900
bf841e00
3fe90a40
bd92cc00
3f302800
be12cc00
bf824840
3e041e00
bed4db00
bf798e00
bf3ed600
3f5fdd80
bf6e8b80
bfbed600
bef23700
bf75e280
3f28d100
bd302800
3f5c3200
bf167780
3f5fdd80
bfa8d100
bebed600
3e4d8400
3f302800
3f85f3c0
bf0b7500
bf5c3200
bf94a1c0
3f2c7c80
bceae000
3e041e00
3ea17a00
bfc9d880
3deae000
3f1a2300
bf899f40
3f638900
3d302800
3eeae000
3e798e00
3eb02800
be5c3200
bf377f00
bceae000
3deae000
3ea8d100
3e841e00
3ee38900
be8b7500
bf1dce80
3f673480
bf462d00
3f0f2080
bef98e00
3ef23700
3f28d100
3e3ed600
3f377f00
bf5fdd80
bec62d00
bf4d8400
beb02800
3f12cc00
3ed4db00
bdd89000
3fa02a80
be589000
bf6f1f00
3f02d700
bf347800
3f540d00
bc906000
bd906000
3f468400
3f196600
3fdad180
3e6a9c00
bf196600
3f2ff500
3dfca800
3f906000
bd589000
3c906000
bebd7e00
beb47800
bf7ca800
3e226c00
3e906000
3e906000
3f14e300
3e106000
be906000
bf92a180
3eb47800
bed89000
bdd89000
3f619600
bf4f8a00
3fc8c580
bf468400
bd589000
bf2b7200
bf2b7200
3efca800
400f3f40
bdfca800
bf226c00
00000000
bc906000
3f14e300
00000000
bd106000
3f02d700
3db47800
bfd89000
bebd7e00
3dd89000
3ebd7e00
3f106000
3f2b7200
bf075a00
3f5d1300
bf589000
3f589000
bdd89000
3f851880
3c906000
bf0bdd00
bf420100
bebd7e00
3f4f8a00
be875a00
beab7200
3f6a9c00
3e906000
bf540d00
3e347800
bf851880
bf106000
be347800
bdd89000
bef3a200
3ef3a200
bdd89000
3f26ef00
3c906000
bf6a9c00
be996600
bfa6ef00
3f226c00
c00f3f40
3f619600
3efca800
3f1de900
bf6f1f00
3fbfbf80
be906000
3dd89000
bf906000
bdb47800
bfb23680
3fb23680
3f0bdd00
beab7200
bd106000
3f589000
3f14e300
bf875a00
bf468400
be226c00
3fab7200
bdd89000
3fc8c580
3f02d700
3f0bdd00
bf4f8a00
bea26c00
bef3a200
bf2b7200
3f3d7e00
3ef3a200
3f14e300
3fdf5480
bf0bdd00
bf26ef00
bf2ff500
3e106000
bed89000
3d106000
bdfca800
3e226c00
be226c00
be6d3400
3e79b000
3d47c000
3f1f2d00
bfa56b00
bf3b4400
3f4dfe00
3f095400
3d47c000
be47c000
beaec800
bf12b100
3ec18200
bf350600
3f7ccf00
be95d000
bef37200
bea88a00
3d79b000
3e831600
00000000
bf863500
3e6d3400
3e79b000
be224c00
bea24c00
bf818680
be6d3400
3c47c000
be2ec800
bea88a00
3fbe6300
bdaec800
3e9c0e00
beaec800
be895400
00000000
bd47c000
3e543c00
3e15d000
3e79b000
3f0f9200
3f6a1500
bf095400
3f511d00
bdc7c000
3f256b00
3f87c480
be2ec800
bd79b000
3f84a580
3e47c000
3e95d000
bd15d000
bf1f2d00
3f350600
3f6d3400
3fc63080
be543c00
3f0c7300
3ec18200
bc47c000
bdaec800
beaec800
3e3b4400
bed43c00
3effee00
3f6d3400
3f543c00
bde0b800
be224c00
be095400
3e95d000
3f350600
3e095400
be95d000
bf84a580
3e095400
be8f9200
3f0f9200
3f063500
3f8c7300
be2ec800
3ec7c000
3df9b000
bf224c00
3e831600
3f3e6300
3e895400
3ec18200
3f818680
3f256b00
3f543c00
3ed43c00
3f224c00
3ebb4400
be543c00
be15d000
bf769100
3ec7c000
3ecdfe00
3f18ef00
be224c00
3f84a580
3f18ef00
3fbb4400
3f031600
3dc7c000
bec18200
3fb37680
be831600
bfa3db80
bf063500
be6d3400
3e47c000
be8f9200
bd47c000
be9c0e00
bfbcd380
3f5a7a00
be95d000
beaec800
3f63d700
bf66f600
3f15d000
3e831600
bf12b100
3ea24c00
3f68b800
3fc10d00
bf098400
bf043a00
3e9eac00
3ea94000
3f636e00
bf7de000
3d294000
bf6e0200
3f196200
3e898400
be294000
be898400
3dfde000
3da94000
3fa94000
3f68b800
3e3e6800
3f96bd00
3e9eac00
3f2e8a00
3f2e8a00
bf23f600
3f043a00
be7de000
3f1eac00
3ede2400
bebe6800
3f43b200
be9eac00
3efde000
3ebe6800
3f33d400
be941800
3ef34c00
bda94000
bf8c2900
bf141800
3f23f600
3f4e4600
3fa3f600
bf819500
3efde000
bed39000
3f1eac00
bf819500
bd7de000
4027ed80
3ebe6800
00000000
beb3d400
3fa3f600
be539000
bf6e0200
3e3e6800
3fe36e00
bdfde000
be68b800
3dd39000
be68b800
3eb3d400
3f23f600
bfe0c900
bf141800
3e7de000
bd294000
3e9eac00
3fdb7f00
be941800
be3e6800
3e941800
3fbbc300
bf68b800
bf917300
bf0ece00
3f539000
bf996200
be898400
bf1eac00
bea94000
3e539000
3e7de000
3f391e00
3f043a00
bf098400
3efde000
3f9eac00
00000000
3f3e6800
bdd39000
bea94000
3f196200
3f141800
3f141800
bda94000
bea94000
3efde000
3d7de000
bf1eac00
bf9c0700
3ef34c00
bda94000
bf6e0200
3f1eac00
bca94000
3e68b800
00000000
be68b800
be539000
3f5e2400
3fb12f00
bf5e2400
bebe6800
3f8ece00
3ea94000
be7de000
bea94000
3f843a00
bdfde000
be294000
bed39000
be294000
3f898400
bf6e0200
3e539000
3fe61300
be141800
3dba6000
3f07e600
be840400
bee13400
bfb29c00
bcf88000
3f1f3200
3e68f800
bf8bc800
bf040400
bd9b5000
3e938c00
3f749e00
be8bc800
3ed1ac00
3fa12300
3e0bc800
bf51ac00
bea31400
3f422400
3e2ad800
3eb29c00
bef0bc00
3f422400
bf329c00
3ec22400
beaad800
3f976e00
3fb48d00
3ff68f00
3f0faa00
bf70bc00
3f329c00
bdba6000
3f329c00
bfacc900
bf0bc800
be0bc800
bf040400
3e2ad800
be49e800
3f0bc800
bdba6000
3f976e00
3cf88000
beba6000
3f4dca00
3e49e800
3e68f800
3f938c00
bf68f800
bdba6000
3ed97000
bf51ac00
3f002200
bdf88000
3f68f800
3e9b5000
3eb29c00
3f040400
3c788000
3f651600
beb29c00
3d788000
bf957d00
3e68f800
be49e800
3eb29c00
3f3a6000
3f3e4200
3e9b5000
bef88000
3e840400
3f0faa00
bf597000
3c788000
bf613400
be3a6000
00000000
bf0bc800
bcf88000
bcf88000
3dba6000
bf0bc800
bf802200
bf89d700
bea31400
3e8bc800
3f9b5000
3e9b5000
bf1b5000
3dba6000
bf9b5000
3e938c00
bf1f3200
bea31400
bf3a6000
bf49e800
3e938c00
bf26f600
3d9b5000
bdf88000
3ee13400
be8bc800
3f176e00
bf040400
3f422400
3cf88000
3eaad800
bf651600
bf1f3200
3eba6000
bf68f800
3e597000
bf3e4200
3f1b5000
bfecda00
be840400
bf1b5000
bdf88000
bf957d00
3e9b5000
bf9d4100
3e68f800
be938c00
bf460600
beba6000
bd9b5000
3db7f000
3ec74400
3df54000
3ea0f200
3d754000
3e474400
3e37f000
3f37f000
3e754000
bcf54000
be569800
be89f400
3f957300
be289c00
bfc18480
3c754000
3f7cea00
3e994800
bf2c7100
3e754000
be194800
3e994800
3ef54000
3f194800
bf4b1900
3e65ec00
be65ec00
3e09f400
beb7f000
bf341b00
3ede4200
3ee5ec00
be824a00
bf061f00
3ea0f200
bf5a6d00
bfbf9a00
be65ec00
bf09f400
bf157300
bf09f400
bf805f80
3f37f000
3ede4200
3f0dc900
bf861f00
bd994800
3f7cea00
3e994800
3ea0f200
bf843480
be09f400
3ef54000
3d994800
bebf9a00
be474400
3f824a00
bec74400
beb04600
3ed69800
3e919e00
3f89f400
3e65ec00
bea89c00
bf304600
bf716b00
bfceee00
3d994800
bf5a6d00
3db7f000
be994800
3f5e4200
3e994800
3df54000
bf6d9600
3d37f000
be37f000
bf157300
3e824a00
be919e00
bf754000
bf843480
3f474400
3e09f400
3f8dc900
3f4eee00
3f975d80
3eed9600
bf975d80
bf9b3280
bd994800
3f1d1d00
3f119e00
bf5a6d00
3f0dc900
bf289c00
3f3f9a00
bfb60580
beb7f000
bea0f200
3f061f00
bf3bc500
bfbf9a00
3f8dc900
bf436f00
bf37f000
3d37f000
3f119e00
bdd69800
beb04600
bff35580
bf436f00
3f194800
3f69c100
bfcd0380
3eb7f000
bd754000
3f8dc900
bf805f80
3cf54000
be37f000
3ef54000
3e89f400
bdd69800
be09f400
be994800
bf3bc500
be919e00
be7f3c00
bf986e80
bf468400
bde2e000
bfb69040
3eff3c00
be468400
3ee2e000
be1bfa00
bf4d9b00
3f06b500
3dff3c00
bedbc900
3fa69c80
3f9a3440
3f032980
bdff3c00
3e54b200
bf06b500
3f1f8580
bf8f91c0
3e2a2800
3f4d9b00
3e385600
3ea31100
3ec68400
3f666b80
3f1f8580
3e86b500
3f115780
bf115780
bf5f5480
be0dcc00
bf0a4080
bf3be180
3f62e000
3f666b80
bef82500
bf186e80
3f115780
bf583d80
3f1f8580
bde2e000
3f3f6d00
bf385600
3f7f3c00
bd2a2800
bc62e000
bf3f6d00
bf62e000
be86b500
be710e00
be1bfa00
bfb85600
3eb13f00
be9bfa00
beff3c00
3f42f880
3ef10e00
3f666b80
be2a2800
bc62e000
bec68400
00000000
bd2a2800
3e1bfa00
00000000
bf3f6d00
bee2e000
3e0dcc00
bde2e000
3f06b500
3f1f8580
be62e000
3f5f5480
beb85600
3f468400
00000000
be1bfa00
3f0dcc00
3ed4b200
bed4b200
3f62e000
bf313f00
bf468400
beb85600
3e2a2800
bfcbd540
3ed4b200
beb13f00
bf4d9b00
bf8c0640
bf8f91c0
3d62e000
3f0dcc00
bdff3c00
3ef10e00
bfe11a40
3f8c0640
beaa2800
bd62e000
bf8dcc00
3e385600
be54b200
3eb85600
3f032980
3d62e000
bf186e80
3f2a2800
bee2e000
bea31100
bf7bb080
bee2e000
3eb85600
3f4d9b00
bed4b200
3fb13f00
3e8dcc00
3e2a2800
bf69f700
3e710e00
3f115780
3e54b200
3de2e000
bd62e000
3ee9f700
3d2a2800
3d62e000
be1fd800
3e1fd800
3f73c300
be97da00
be5fc800
bdbfd000
3f33d300
bf4bcd00
be8fdc00
3f0bdd00
3f0bdd00
3eefc400
bf3bd100
beefc400
3f99d980
bf7bc100
bf0bdd00
bf93db00
be5fc800
bf57ca00
3f27d600
3fa7d600
3e7fc000
3f1fd800
3cffc000
3f07de00
3f89dd80
bf73c300
bd3fd000
3c7fc000
3f93db00
3d9fd800
3e9fd800
becfcc00
3f3bd100
bf77c200
bf7bc100
bf47ce00
bffdc080
3f5fc800
3eb7d200
3f8ddc80
3f4bcd00
3fa5d680
3ecfcc00
3f07de00
3f2fd400
beb7d200
3e5fc800
3ed7ca00
3f1fd800
3d9fd800
3ef7c200
3eefc400
bdbfd000
bfafd400
bebfd000
bee7c600
bd3fd000
3ebfd000
bea7d600
3f2bd500
3e1fd800
bf47ce00
3f0fdc00
3e0fdc00
bed7ca00
3e5fc800
3d7fc000
3cffc000
becfcc00
bee7c600
3f0fdc00
bc7fc000
be7fc000
3f6fc400
3ed7ca00
bed7ca00
beefc400
3ed7ca00
bfbdd080
3f77c200
bf0bdd00
3f37d200
3f91db80
3f77c200
bd3fd000
bf4bcd00
3f13db00
be97da00
3fbfd000
bf17da00
bf1bd900
3e7fc000
bee7c600
bf6fc400
bcffc000
3f93db00
bf9fd800
be2fd400
be1fd800
3f67c600
bec7ce00
bd9fd800
be3fd000
bea7d600
be97da00
3f03df00
3f13db00
3dbfd000
bed7ca00
bf5bc900
3ef7c200
3f8bdd00
3dffc000
bf1fd800
3f81df80
3d9fd800
beefc400
be3fd000
3ebfd000
3f3bd100
3dbfd000
bf37d200
be87de00
3d9fd800
be97da00
3d9fd800
bed04800
bea14000
3f249c00
bf71e000
3f570000
be9a8800
3ef1e000
bd570000
3f356800
3f27f800
bfcb3e00
3f42d800
3f066000
bf0d1800
bd214000
3f107400
3f249c00
bc570000
3e570000
3f922200
bd214000
3e066000
be647000
3cd70000
3ed04800
be499000
beff5000
3f6b2800
3f815600
3ebc2000
bf570000
bd866000
3d570000
3fa2ee00
bf880e00
3e499000
bfc7e200
3eff5000
3ed04800
3e866000
3f53a400
bda14000
be8d1800
00000000
beeb2800
3f815600
be93d000
3fd55200
3f13d000
bfa64a00
3f463400
3f9a8800
3f38c400
bf320c00
3f249c00
bf3c2000
be066000
3fa9a600
bfccec00
3e2eb000
3ef1e000
be066000
bf880e00
bea7f800
bf066000
bd866000
3ef89800
3c570000
bf499000
bef1e000
bf066000
3ed70000
bf249c00
bec2d800
3e866000
bec2d800
bf84b200
bf09bc00
bebc2000
3eb56800
be066000
3fd3a400
bfb20c00
bcd70000
3f5db800
bee47000
3e570000
3f93d000
3d866000
bf8b6a00
bf5a5c00
3e647000
bec2d800
3f6e8400
bf030400
3e066000
bf907400
3f249c00
be499000
3ebc2000
3e570000
bf93d000
be3c2000
bfc99000
3e93d000
3cd70000
bfa2ee00
be066000
be2eb000
bea14000
3f214000
3eddb800
beff5000
3f6b2800
beff5000
bf6e8400
beaeb000
bec99000
bf907400
bed04800
beeb2800
beddb800
3cd70000
bf463400
3f356800
bf066000
3e8d1800
3fba7200
bf69a000
3c9bc000
bc9bc000
3f5fe400
3faa5a00
3e2f3800
bea57c00
3e920400
00000000
c01a8880
00000000
3d69a000
beb8f400
bf38f400
3f478e00
3ea57c00
3e562800
3d9bc000
3f16e200
3e9bc000
3e920400
3e9bc000
bf995100
3f0d2600
3c9bc000
bf2a5a00
befd1800
bde9a000
3edfe400
3f562800
3ec2b000
be084800
3eaf3800
3e562800
3e69a000
be7d1800
3de9a000
3ecc6c00
00000000
bea57c00
3fa7eb00
bde9a000
3ec2b000
3edfe400
3d69a000
3f257c00
3e920400
bfe25300
3f0d2600
3e084800
3f920400
bd9bc000
3d1bc000
bf0d2600
bd9bc000
3f80fb00
3f8ab700
3f42b000
bdc2b000
3f7d1800
bd69a000
3f16e200
3f120400
beb8f400
3f42b000
3e42b000
be7d1800
3f036a00
3f084800
3e920400
bed62800
3f5fe400
3ef35c00
bc9bc000
3f341600
3dc2b000
bf16e200
3f0d2600
3d69a000
3f1bc000
3f64c200
be920400
bed62800
bea57c00
bc9bc000
3fdb0600
be7d1800
beaf3800
3f0d2600
3f1bc000
bd1bc000
bf5b0600
3fc9fd00
3de9a000
bf084800
befd1800
3e920400
3f1bc000
bde9a000
3fdb0600
bf2a5a00
be42b000
be562800
bea57c00
bfb41600
3f42b000
3e084800
3f1bc000
3f5b0600
3d1bc000
3dc2b000
be562800
bf1bc000
bea57c00
3de9a000
00000000
bd9bc000
bed62800
3fbb6300
bf0d2600
bf5b0600
beb8f400
bc9bc000
3f036a00
bec2b000
3faa5a00
bf16e200
bf084800
3f1ac080
3f07cd80
bde36400
bed07100
bef00600
bf700600
3e700600
bf9603c0
3f1de900
bd7ca800
be3d7e00
3f797f80
bde36400
3f8e1e80
3e56c200
bf30dc00
bec3cf00
bf700600
3f8e1e80
3fc88bc0
bd179800
3db0dc00
3f8961c0
3ee9b500
3f0e1e80
3f3d7e00
3f2a8b00
bf7ca800
3ef00600
00000000
3f243a00
3e30dc00
be4a2000
bebd7e00
bf92db40
3f507100
3e84a500
3e7ca800
bf8e1e80
bf0af600
3f3d7e00
3f372d00
3e0af600
3f1ac080
bf817c80
be979800
be0af600
00000000
bf4d4880
bf0af600
bde36400
3f1ac080
3e7ca800
3c4a2000
3e7ca800
3f3a5580
3e4a2000
beca2000
3f992c40
3e8af600
3d979800
bebd7e00
3f43cf00
bf59ea80
3f276280
3cca2000
3fc56340
3e8af600
3f0af600
3e0af600
3eb0dc00
3e30dc00
bee36400
bdca2000
be243a00
be56c200
bd179800
3f979800
bebd7e00
bf817c80
3f56c200
3eb72d00
bf2a8b00
bd4a2000
3fbf1240
3e7ca800
bf765700
3f636400
3f636400
3ee9b500
bd979800
3e84a500
3d7ca800
3f979800
3e243a00
3cca2000
3f179800
3c4a2000
bd7ca800
bd179800
3f797f80
bf700600
bd4a2000
bfac1f40
bee9b500
3e700600
beb0dc00
bd179800
bf30dc00
3f372d00
3e56c200
3ee36400
bed6c200
befca800
3ef00600
be3d7e00
3eb72d00
3dca2000
3d179800
3f59ea80
be56c200
bef65700
3ed6c200
bf56c200
3eb72d00
3f8c8a40
3f3d7e00
bfa2a5c0
be45d000
3faf2580
3ef74400
3e8c1e00
bed64c00
bd45d000
3e66c800
bf85ef80
bc83e000
3f49ef00
bf24d800
3ece0e00
3e355400
bf355400
3f103d00
3e45d000
3f49ef00
3f522d00
bde6c800
bf987b00
3ead1600
be03e000
bd83e000
bda4d800
3f28f700
bf20b900
3ede8a00
be45d000
be355400
3eff8200
beef0600
beb55400
3f83e000
3f9a8a80
3da4d800
3e03e000
bebd9200
3f41b100
bf2d1600
be24d800
be145c00
bf145c00
3e24d800
bfa0b900
bede8a00
bf9ea980
bf564c00
bf187b00
3f9c9a00
bda4d800
3f313500
bf85ef80
3ebd9200
be145c00
3eff8200
bf8c1e00
3e45d000
3f5e8a00
3ece0e00
bed64c00
3d03e000
3ea4d800
bea4d800
be774400
3dc5d000
3eb55400
3f732500
be8c1e00
bf9c9a00
bf49ef00
be24d800
3fa0b900
3eff8200
00000000
3f5e8a00
bff53480
bf87ff00
3e945c00
3ebd9200
bd45d000
bf313500
bf3d9200
3da4d800
3e66c800
c002d840
bead1600
bf28f700
bf1c9a00
3da4d800
bf49ef00
3e945c00
bf187b00
bef74400
bf87ff00
bf522d00
3f313500
bf397300
3ead1600
3e774400
bf24d800
3f03e000
3ead1600
bece0e00
3dc5d000
be564c00
3f45d000
bfc5d000
bf45d000
be66c800
00000000
3f7f8200
bf87ff00
3c83e000
bf2d1600
bf85ef80
3ead1600
bf5e8a00
3fa4d800
bfc3c080
3da4d800
3d83e000
bfa4d800
3f774400
be83e000
bf41b100
be66c800
3f103d00
3f1c9a00
3fdd0280
be5ec000
bf4d5900
3f828480
bd5ec000
3f922e00
3e992400
3e6cac00
3cdec000
3e192400
bf2a8b00
bf0b3800
bf044200
bf7e1300
3e50d400
be192400
3ebbf200
bfb4fc00
3ebbf200
be42e800
3ed0d400
bec2e800
be192400
3f907080
00000000
bf42e800
3e271000
3ec9de00
3ebbf200
3ed0d400
3e271000
bf8cf580
3f87bd00
bf7e1300
3e192400
3f0b3800
3f466300
bea01a00
3d8b3800
be42e800
bedec000
3ddec000
3faa8b00
bf95a900
bed0d400
3e192400
3f466300
bf2e0600
bf87bd00
3e34fc00
be50d400
3f771d00
bf122e00
3f2a8b00
3f07bd00
be922e00
3f7a9800
3f318100
be42e800
be922e00
be7a9800
bf271000
3e7a9800
3ee5b600
3f201a00
3f4d5900
3da71000
3fa71000
bddec000
3f7a9800
3f50d400
bf65b600
bf87bd00
3f0b3800
3d271000
3f702700
3ed7ca00
3da71000
3e6cac00
bf15a900
3fb18100
3dc2e800
be192400
bf9ae180
3d271000
beb4fc00
3f15a900
bf623b00
3ef3a200
bed0d400
bfac4880
3f2a8b00
bddec000
bddec000
3f00c700
bdc2e800
be8b3800
3f0eb300
bfa01a00
bf07bd00
3ed7ca00
bea01a00
3f201a00
3f387700
be8b3800
3e8b3800
bf544f00
bf271000
3eae0600
bf4d5900
3f93eb80
3fa01a00
3d5ec000
3e34fc00
bf8b3800
bf2e0600
3f992400
3e34fc00
be50d400
3e50d400
bd5ec000
be6cac00
beae0600
bf0eb300
3f6cac00
bc5ec000
bed7ca00
be5ec000
be53ec00
bdeb7800
be3c6000
3f2ab700
bf367d00
be6b7800
bf190e00
3f818200
be24d400
be8d4800
be818200
3dbc6000
3d3c6000
3f8a5680
3cbc6000
bf2ab700
3ed3ec00
3ebc6000
3f818200
bf190e00
3f5fb200
be8d4800
3e3c6000
bf076500
3f424300
3f132b00
3ec82600
bfce0900
3ed3ec00
3f659500
bebc6000
3edfb200
bf3c6000
3d8d4800
3f424300
3f59cf00
3f367d00
3cbc6000
bdbc6000
be990e00
3e24d400
be8d4800
3f2ab700
3e818200
bf6b7800
3f2ab700
3ea4d400
bf659500
bedfb200
bcbc6000
3d3c6000
bfbc6000
be0d4800
bf367d00
3fdcc080
3e818200
be818200
bcbc6000
be0d4800
bf309a00
3f715b00
be0d4800
bd3c6000
3e24d400
3e6b7800
bf3c6000
3deb7800
3f24d400
3ec82600
3ef73e00
3f53ec00
3dbc6000
3ed3ec00
3e8d4800
3f190e00
3f018200
be990e00
bfce0900
bf1ef100
3f132b00
3ea4d400
bf018200
bd3c6000
3f076500
3ea4d400
bd8d4800
bcbc6000
bf132b00
3e53ec00
be6b7800
be24d400
bec82600
bf0d4800
3f659500
3e818200
bf59cf00
be990e00
bff15b00
bf2ab700
bf018200
be24d400
bf5fb200
bf8d4800
be24d400
3fbf5180
3d8d4800
3e3c6000
bf076500
bedfb200
bebc6000
3f0d4800
bfce0900
3e3c6000
3f961c80
3eb09a00
3f24d400
3e0d4800
bd3c6000
3ed3ec00
3ed3ec00
403ae740
3f367d00
3f2ab700
3d8d4800
3f424300
bed3ec00
3f5fb200
3f53ec00
bdd46000
3e1f4800
bf2fdf80
3f120200
bf293c80
bf8d07c0
bf4dbd00
bcd46000
bf120200
3ec07700
bd9f4800
3db9d400
bf84bc00
3db9d400
be546000
3e8b5f00
3fc3c880
bf3d2580
be1f4800
bedb0300
be120200
be04bc00
3f6eec00
bf7f8380
3fa44240
bf080d80
3eeeec00
3eac8e00
3ecdbd00
bf5b0300
bcd46000
beb33100
3ec07700
befc3200
00000000
3e471a00
3e8b5f00
be8b5f00
bf84bc00
3e39d400
3f98a500
bf5e5480
bdb9d400
becdbd00
3f333100
bf880d80
3f955380
be546000
bee1a600
beac8e00
3d84bc00
bef58f00
be8b5f00
bea5eb00
bf229980
3d546000
be6eec00
3e39d400
3deeec00
bf0eb080
3ef58f00
3e6eec00
be98a500
3fc21fc0
be920200
3fc57140
3e120200
3e1f4800
bf0b5f00
bf120200
3dd46000
3e546000
3dd46000
be120200
3f8b5f00
3db9d400
becdbd00
3ecdbd00
bf57b180
bed46000
3f880d80
bfa44240
3db9d400
3ef58f00
3f4a6b80
3f2fdf80
bf293c80
3e98a500
3f0eb080
3faae540
3e39d400
3f7f8380
3ee84900
3ea5eb00
3f4dbd00
3e120200
3f016a80
bec07700
bc546000
bf407700
3f546000
bf723d80
3fb9d400
bf4dbd00
bf333100
bf25eb00
becdbd00
bf57b180
be120200
be39d400
bf080d80
bef58f00
bf57b180
3ee84900
bf57b180
3e2c8e00
bfb68280
3d84bc00
3f25eb00
3ed46000
bf120200
3f61a600
3edb0300
3eb33100
3ea5eb00
3fd2b740
3e7c3200
bd1f4800
3fa39500
3f571480
becdfe00
befe7600
bf116800
bf7e7600
3f9a7e80
3e725800
3f7b6e80
bf208d80
3ea9a400
bf29a400
bf177700
bef86700
bf4dfe00
bf8fe440
bf1d8600
3e5a1c00
bf86cdc0
3d116800
bcc1e000
bf89d540
bc41e000
bf1d8600
befe7600
bd41e000
bf977700
bc41e000
3f92ebc0
3f946f80
3f510580
be29a400
3ea39500
3e854a00
bcc1e000
3f694180
3e854a00
3f694180
bed40d00
bea9a400
bf725800
3ea9a400
3fa08d80
bdf25800
bf602b00
3ee02b00
3f44e780
bea39500
bf239500
bef86700
3f024280
bf6f5080
3e663a00
bf9c0240
3f8cdcc0
bf35c200
3da9a400
bdf25800
3eda1c00
3dc1e000
3d916800
bf663a00
3e8b5900
bf2cab80
beda1c00
bed40d00
be7e7600
be663a00
3e663a00
3eec4900
bf1d8600
3f0b5900
bfa08d80
be1d8600
bd916800
be41e000
00000000
3ee63a00
3f694180
3d116800
be854a00
3e5a1c00
be29a400
bf80bec0
3f239500
bf694180
bed40d00
3f8cdcc0
be29a400
bda9a400
3ebbd100
bc41e000
be663a00
bfa69c80
bf1a7e80
3da9a400
bf4dfe00
3dc1e000
be854a00
be41e000
bef86700
3fa69c80
3dc1e000
3f633280
3e29a400
beec4900
bf239500
3e725800
beafb300
beda1c00
bf054a00
3e916800
3dda1c00
be29a400
bf38c980
3dc1e000
3e9d8600
3e9d8600
bd725800
bd916800
3f085180
bf6f5080
bfc05c40
3ea9a400
3f3bd100
3d916800
3f3ed880
bebbd100
bf2fb600
3dc8d000
bdc8d000
be658000
3f9a3200
3f94d100
bee58000
3f130600
bfd1c700
3ed72800
bdac2000
be1dc800
bf288a00
beb34c00
3ef3d800
3efb0400
3e3a7800
3fb18100
3fcc6600
bf4ffc00
3ecffc00
bf867900
bf48d000
3f5abe00
be572800
3e73d800
bf5e5400
befb0400
be572800
bfb34c00
bdc8d000
3ea4f400
3f61ea00
3f1a3200
3c658000
3f04ae00
3f334c00
bfdabe00
3d658000
bed72800
becffc00
bf084400
bdac2000
3f3a7800
be3a7800
3f658000
3f73d800
3f24f400
bf704200
3fb34c00
3f5e5400
3c658000
3f011800
beac2000
3f334c00
3fde5400
3e658000
bf867900
3f73d800
bf2fb600
bf011800
3d658000
3e658000
bf130600
3f04ae00
bf3a7800
bfbe0e00
bf4c6600
bf2c2000
3f4ffc00
beb34c00
3e1dc800
bc658000
bf48d000
bf2fb600
beba7800
3f084400
3d2c2000
be9dc800
bf011800
3f24f400
beecac00
be811800
beb34c00
3efb0400
3f48d000
3f811800
00000000
beba7800
be9dc800
3ee58000
bf913b00
bf334c00
3f4ffc00
3f24f400
3ef3d800
3dc8d000
3f82e300
be0f7000
3ed72800
3f73d800
3e969c00
3f7b0400
3f3a7800
be0f7000
3fe3b500
3f867900
bf169c00
be572800
bd658000
3e48d000
beac2000
3dac2000
3e2c2000
3f453a00
3f3e0e00
bf3a7800
beba7800
beb34c00
beac2000
3e48d000
bf3a7800
3d8f7000
3f5abe00
3f82e300
3f04ae00
3eac2000
be572800
3f9e2800
3e16a000
3f0b5400
3f52e000
3f16a000
beda6800
bdd2e000
3ea5b000
3f30fc00
be43d000
bf34c000
3fa97400
bcf10000
bea5b000
3df10000
3e34c000
bea5b000
3e710000
bfef1e00
bf9e2800
3ef10000
3f90fa00
3f710000
bc710000
bf697800
3f74c400
bef10000
3f52e000
3eb4c000
3f4f1c00
bee97800
3e34c000
3f479400
bf710000
3f43d000
bf6d3c00
3d96a000
bfab5600
3f0b5400
bf988200
3f1e2800
3f9a6400
bec3d000
be079000
3f94be00
be16a000
3e25b000
bef88800
bfb4c000
3dd2e000
bec3d000
bc710000
bf000800
3f52e000
3f85ae00
be710000
bf61f000
be16a000
be079000
be34c000
be52e000
bf34c000
bcf10000
3ef88800
bf25b000
3f479400
3fe3d200
be079000
3f30fc00
bf85ae00
bf85ae00
3e61f000
bdb4c000
bf710000
3f297400
3eda6800
3e43d000
bf879000
3fa3ce00
bdd2e000
3e61f000
be61f000
bef10000
3f400c00
3e710000
3f9c4600
3ed2e000
3f1a6400
3c710000
3f2d3800
be079000
3e52e000
bf1e2800
3f8f1800
bea5b000
bc710000
be52e000
3f52e000
bf52e000
bf03cc00
3ead3800
bf0f1800
3e079000
3f21ec00
bea5b000
beda6800
00000000
3ef88800
3f16a000
bf400c00
3e710000
bc710000
bf21ec00
bf30fc00
bf710000
bf16a000
3f4f1c00
3fa5b000
3eb4c000
bf1e2800
bf8b5400
3f788800
be710000
3ee97800
bf94be00
3f388400
3f388400
3fc00c00
3e352800
be83c000
3e943800
be83c000
bf561800
bfbd6400
3f143800
bf627200
bda4b000
bf07de00
3e770800
bd03c000
bf394600
3ea4b000
3f943800
bea4b000
3e561800
3f2cec00
3ec5a000
bc83c000
beff4400
3f24b000
3e352800
be143800
bc83c000
be83c000
3f143800
3e561800
3f03c000
beacec00
bd03c000
3f4ddc00
3ede5400
bf418200
3d03c000
3dc5a000
3e352800
3e770800
bef70800
bf5a3600
3ed61800
be24b000
3e03c000
3e143800
3e943800
bfa6bf00
3fb94600
3f185600
3e45a000
bf28ce00
bd83c000
3ede5400
3ea4b000
bec5a000
bfda3600
bf185600
bf03c000
bf352800
bf209200
be352800
3f6aae00
3e8bfc00
bf45a000
3eb52800
3e669000
be943800
bf394600
bd03c000
3e9c7400
beeecc00
3fe06300
3dc5a000
3d45a000
bec5a000
4002b880
bf352800
be24b000
3e45a000
3f1c7400
bf83c000
3f0bfc00
bed61800
3f5a3600
3d03c000
be143800
bde69000
3fda3600
bec5a000
bf0bfc00
bfb94600
bfe89f00
bf07de00
bfacec00
be8bfc00
bd45a000
bff0db00
3e03c000
3fd61800
bd83c000
bee69000
bda4b000
be03c000
bfcfeb00
be24b000
3f8bfc00
bf9a6500
3f943800
3eacec00
00000000
3d45a000
3d45a000
3f418200
3ed61800
be83c000
bfbf7300
3f72ea00
3f89ed00
bd83c000
be352800
be83c000
3e9c7400
be9c7400
3f669000
bf89ed00
be770800
be770800
bf143800
bf101a00
bd030000
bd448000
bf50c800
3eabf000
beccb000
3f300800
3e136000
3f448000
3f54e000
be9b9000
be54e000
be23c000
c001fa00
3e936000
3ee54000
bf50c800
3dc48000
3f489800
3e9b9000
bf23c000
3f1fa800
bf071800
be136000
beabf000
be23c000
be830000
bf177800
3f54e000
3f998400
be75a000
bf23c000
3f695800
3f1b9000
bde54000
3ebc5000
bf50c800
bf2bf000
3d448000
3d448000
3f1b9000
3ed4e000
be75a000
bfa9e400
3f23c000
3ea3c000
bf23c000
be448000
3e830000
3e23c000
3f030000
be136000
bf892400
be23c000
3ea3c000
3e23c000
bf406800
3e75a000
be448000
bf1fa800
3f0f4800
3f998400
3de54000
be136000
bebc5000
3f0f4800
3ec48000
bf4cb000
be136000
3f071800
bf79b800
3e936000
bf977800
3eccb000
3f850c00
3e936000
bf54e000
3eccb000
be654000
3fb83800
bfa3c000
3d830000
be654000
3f0f4800
3edd1000
bf9fa800
3fadfc00
bf27d800
3f830000
3d830000
bf342000
3e030000
bf136000
bf1fa800
bec48000
be75a000
3eb42000
bf54e000
bf0b3000
3de54000
be9b9000
3e54e000
3d830000
bfa1b400
00000000
3f071800
3de54000
3f300800
3f030000
bf936000
bf830000
3de54000
bf030000
be936000
bdc48000
3f177800
3f612800
3f2bf000
bea3c000
3eb42000
3edd1000
3f80f400
3e654000
bde54000
bea3c000
be936000
bf50c800
bf383800
bedd1000
3f1d6200
3e819c00
3e9d6200
bf888d80
3e942000
bf3dc900
3e019c00
bed4ee00
3f5e3000
3db92800
3fdbdf80
3eafe600
3f18c100
3ef0b400
bfd04d00
3fb6d780
3f9b1180
bdde3000
3ede3000
bf677200
3e019c00
3f863d00
bede3000
3f2b4500
bf348700
bdde3000
bf8ade00
bf83ec80
3f83ec80
bede3000
3e819c00
3f91cf80
3d142000
3f142000
bec26a00
bf1d6200
be5e3000
3e942000
bf26a400
be26a400
3f26a400
3e8ade00
be9d6200
bf063d00
bd942000
3f755500
be8ade00
3ed4ee00
beb92800
be8ade00
3f79f600
3e9d6200
3f7e9700
bd142000
3f888d80
3e019c00
bf0f7f00
c012f7c0
3ef9f600
3f18c100
3ec26a00
be26a400
3f5e3000
3f504d00
bf019c00
becbac00
bdb92800
bd142000
3fc01980
be5e3000
bf426a00
bf819c00
be26a400
3e70b400
bf598f00
bf220300
3f3dc900
3ef0b400
3e70b400
bee77200
3ec26a00
3f504d00
bf019c00
3f3dc900
3f677200
3ef0b400
3f063d00
3f2fe600
3ecbac00
be4bac00
be019c00
3f819c00
be9d6200
bf2b4500
be142000
be942000
bf70b400
3e819c00
bf7e9700
3d142000
3fab4500
bef0b400
3e8ade00
be392800
3d942000
3d5e3000
3c942000
bfc4ba80
be019c00
3e942000
3ec26a00
be942000
bf62d100
3f2b4500
3f26a400
be26a400
be70b400
3d5e3000
bd942000
3e142000
3f83ec80
3f392800
3d942000
3f70b400
3c942000
bf3dc900
3f819c00
3dde3000
3f0d1200
3f0d1200
3e8d1200
bed90800
3f023800
3e17ec00
bfbde700
3f07a500
3e2da000
be6ebc00
bf07a500
bf023800
3ece2e00
bec35400
3f023800
bf48c100
bf17ec00
3f127f00
be8d1200
3fce2e00
bdd90800
3f2da000
be023800
3f590800
bf4e2e00
bee3e200
3f97ec00
bdada000
be2da000
be2da000
be435400
3d823800
bece2e00
be17ec00
3f22c600
00000000
40298e40
be435400
be590800
3fd39b00
3eb87a00
bf823800
bf22c600
bd2da000
3f5e7500
beada000
3f8d1200
3f48c100
be590800
bf1d5900
3f2da000
3f823800
3f2da000
bfb87a00
3f539b00
3f6ebc00
3fb05680
3e435400
be97ec00
bf590800
3fbde700
3dada000
be590800
bf0d1200
bf435400
bfc60a80
3cada000
bece2e00
3e8d1200
3e590800
3e2da000
bed90800
bea2c600
3dd90800
be17ec00
3cada000
3fd90800
beb87a00
bfa00f80
3f1d5900
3e2da000
bd2da000
bf7f0300
3f539b00
bcada000
3f4e2e00
bf48c100
3dada000
3f387a00
bd823800
3f953580
3d823800
bf590800
bff99600
be17ec00
3f2da000
beb87a00
bf8d1200
3ec35400
3fa83300
3e023800
be435400
3dd90800
3ee3e200
3dada000
be435400
be590800
be8d1200
3f2da000
be023800
beada000
3f8d1200
c02c44c0
3f283300
be023800
3eada000
bec35400
bd823800
3ea2c600
3f283300
3f539b00
bcada000
3f63e200
bdada000
3ece2e00
3e023800
bf330d00
3e8d1200
becdd500
bc632000
3edc0700
3e950d00
bedc0700
beb88a00
3e8df400
be388a00
bf834e80
3f2de480
bf0df400
bf9dec40
bf34fd80
bf1fb280
00000000
beb17100
bf2a5800
bf74de80
bebfa300
bf118080
bfe159c0
bf0df400
bd8df400
3ed4ee00
3dc6bc00
3f4dd500
be7f8400
3ec6bc00
3f034e80
bf317100
bf7f8400
bef15200
bed4ee00
3f233f00
3e715200
bf5c0700
3f4a4880
bef15200
3fac1e40
3dc6bc00
3edc0700
bde32000
3dff8400
3d632000
3f7bf780
3edc0700
bf46bc00
bf3fa300
bf6dc580
bf034e80
bf189980
bebfa300
3f9a5fc0
3ed4ee00
3f74de80
3eff8400
3faa5800
bf118080
3f96d340
bf4dd500
3f46bc00
3ebfa300
bf150d00
bf1fb280
3e1c2600
3f4a4880
3f715200
3edc0700
3fd4ee00
bea33f00
bf2a5800
bf8fba40
3e2a5800
3d8df400
beb17100
3f189980
bf715200
3f26cb80
3f2de480
beb17100
bdc6bc00
bfb4fd80
bd2a5800
bedc0700
3fb17100
bfcf9b40
be715200
3eff8400
bf150d00
bf1fb280
bc632000
bf1fb280
3f46bc00
3f66ac80
3f06db00
3f5c0700
bf233f00
bec6bc00
3d8df400
bf233f00
3fc4f5c0
3de32000
3d632000
bf9346c0
3fb33740
3e8df400
bd632000
be632000
bf0df400
bef86b00
3ebfa300
beaa5800
3f2de480
3ecdd500
3ed4ee00
3f34fd80
3f2de480
3f989980
bf118080
3f0a6780
bedc0700
bf9346c0
3e8df400
3e1c2600
3e388a00
bce32000
bebfa300
3fa178c0
3e316000
3f38c400
3e402800
3f13d000
3f565400
bf995b00
3e850800
bd6c8000
3f351200
3db16000
beddb800
be402800
3d93d000
3dcef000
3eb8c400
3f832f00
3ea29800
bf565400
be402800
be9b3400
3f91f700
be402800
bd316000
be050800
bf316000
bed65400
be13d000
3f29fc00
bfeaa700
3fa0bf00
3e8c6c00
bf9d0d00
bdec8000
3f351200
3dcef000
3f264a00
3ed65400
3e850800
3d316000
beddb800
bd93d000
beb16000
3db16000
3e316000
3ee51c00
bf86e100
3eb16000
bf08ba00
bf815600
be8c6c00
bf95a900
bf5a0600
3ee51c00
be93d000
3dcef000
bed65400
3f565400
bc6c8000
3e050800
bea29800
3dec8000
3dec8000
becef000
bf88ba00
3f93d000
bf832f00
3d6c8000
3eec8000
3d93d000
3c6c8000
3d316000
bfa0bf00
3c6c8000
3ec78c00
bec78c00
3eec8000
be93d000
bf316000
3e850800
bf43da00
bf178200
3db16000
3f1b3400
3fcef000
3f9d0d00
3ea9fc00
3f9ee600
bf316000
3fa47100
bdcef000
be050800
be050800
bea29800
3f0c6c00
bcec8000
3ea9fc00
3fc02800
bee51c00
3f050800
bfa64a00
3ea9fc00
3ecef000
3f815600
3e050800
bdb16000
bf1b3400
3ec78c00
bcec8000
3fc96500
bf8c6c00
bf8c6c00
bf91f700
bf050800
bf73e400
3f264a00
bf478c00
be050800
be8c6c00
bd316000
bea9fc00
bfe6f500
3ea9fc00
3fbc7600
3ea29800
bf703200
be402800
bf402800
bf0c6c00
bed42800
3eb8c800
3f68b000
bfcd5000
3e8fb800
3f820800
3ea44000
be820800
bef66000
3fc9e400
3df66000
bf169000
3e9d6800
bc5b0000
beab1800
3e969000
3fc15600
be8fb800
3ef66000
3fae8400
bfd0bc00
bf27ac00
3e169000
3f467800
3e9d6800
be31f000
bea44000
bf020800
be766000
be68b000
bf94da00
3f932400
bf2e8400
3ddb0000
3f19fc00
bee1d800
3e9d6800
bf27ac00
befd3800
bf430c00
bf2e8400
3f3fa000
3f244000
3ee1d800
bfd0bc00
bd244000
3da44000
3c5b0000
3ddb0000
3eb1f000
3f057400
be4d5000
3f244000
bf467800
bf9d6800
3eef8800
bec67800
3ddb0000
be244000
3da44000
3e3fa000
be169000
3f3c3400
3f8e0200
bf020800
3f27ac00
3f7d3800
be969000
be8fb800
bedb0000
beab1800
bf467800
bc5b0000
3eb8c800
3f68b000
3eb1f000
3e9d6800
be169000
bf0c4c00
bf0c4c00
3fa5f600
3df66000
bf020800
3e31f000
bf430c00
beb8c800
3f5b0000
3f8e0200
3dbfa000
3eb1f000
beef8800
be244000
be08e000
3efd3800
bf79cc00
be969000
3f5b0000
bcdb0000
3efd3800
3ddb0000
bc5b0000
beef8800
3ebfa000
be4d5000
bfa96200
3ee8b000
bf9bb200
3eb1f000
bf020800
bfbc3400
becd5000
be4d5000
bebfa000
be31f000
bf0fb800
bddb0000
3dbfa000
3f2e8400
bd88e000
bf49e400
bc5b0000
3ed42800
bf83be00
3d244000
bef66000
3fd94a00
be4d5000
3f5b0000
3fdfbc00
3f912000
3d912000
bcc18000
bf295000
3efdf800
3ec18000
bf972c00
3fa95000
3e912000
be912000
3f850800
3ee5c800
bf172c00
bd912000
3f850800
bee5c800
bf295000
3d912000
bee5c800
3e295000
3e295000
3f59b000
bd418000
3e295000
bf112000
bf050800
3cc18000
3cc18000
be912000
3e71e000
bf820200
bfb26200
bf418000
3fd3a400
bf972c00
3f356800
bf3b7400
bf295000
bf77ec00
bfbe7a00
be295000
3f71e000
bed9b000
3f478c00
3f295000
bf65c800
3f172c00
bf356800
3f4d9800
3f59b000
3f8b1400
bf478c00
bd912000
3df1e000
3ef1e000
3f1d3800
3f5fbc00
3cc18000
3f65c800
bd912000
bf65c800
bdf1e000
bf65c800
bf3b7400
3e850800
be71e000
3f0b1400
3dc18000
bfbe7a00
be9d3800
bf172c00
bef1e000
3fc78c00
bf5fbc00
3e71e000
3ea95000
3dc18000
bf5fbc00
bfebd400
3cc18000
3fc78c00
beb56800
3f3b7400
3e112000
3f53a400
bf820200
be59b000
3f3b7400
3d418000
be295000
3e418000
3ed9b000
403ffd00
bfaf5c00
3f234400
bf5fbc00
bf1d3800
beb56800
be9d3800
befdf800
be112000
3f234400
bd418000
bf172c00
bd912000
bea95000
3e850800
becd9800
3f1d3800
3f850800
3ed9b000
3efdf800
3eb56800
befdf800
3f295000
bf972c00
bf912000
bf050800
3f7df800
3f4d9800
bdf1e000
3ea95000
bf2f5c00
bf0b1400
be112000
3ea95000
bec18000
3f070000
be8f7000
bf5b6000
bf93a800
3f13a800
3faf1400
bef4b000
3e17e000
3e5b6000
00000000
bf3dd800
3f63d000
3d870000
bdec4000
3f421000
3f3dd800
bf84e400
3f1c1800
3fa26c00
3f3dd800
3f4eb800
3f070000
3dec4000
bf8d5400
3eb13000
bfa6a400
3ef4b000
3e39a000
3f464800
bd4a8000
bf63d000
bf0f7000
3f2cf800
3f313000
3eca8000
be5b6000
bf070000
bec21000
befd2000
3e870000
c005f200
bf6c4000
3f0f7000
3e39a000
bf78e800
3c870000
3fc86400
3e39a000
3dca8000
3f464800
bf63d000
3e7d2000
bf0f7000
3f13a800
be39a000
3f248800
3e7d2000
bfaf1400
bf84e400
bf39a000
3da8c000
3f13a800
be28c000
bd870000
bf28c000
3d4a8000
bf070000
3f84e400
bf0b3800
bf80ac00
3f707800
3d870000
3f39a000
3dca8000
3d4a8000
3f4eb800
bdca8000
bf13a800
bda8c000
3da8c000
bf13a800
bf313000
be17e000
bea8c000
3f070000
3e5b6000
3e28c000
bc870000
3d870000
be870000
bf356800
be97e000
3ef4b000
3f39a000
be17e000
3f17e000
3f356800
3efd2000
beca8000
bd870000
bfd94400
bf870000
3ed2f000
bf8f7000
bf248800
be97e000
be97e000
be97e000
3ef4b000
bea05000
3fd2f000
bf0f7000
bfaadc00
bd870000
bf870000
be070000
bf0b3800
bc870000
3f0f7000
3f02c800
bee3d000
bec21000
be070000
bda8c000
3f17e000
3e17e000
bf680800
befd2000
3f086400
3fb51200
be83b000
3f6b2800
3f32b800
00000000
bfb9c600
beeb2800
bf585800
3f376c00
3f794400
be8d1800
be968000
3c968000
3e3c2000
3e295000
bf376c00
bf585800
3f295000
3f295000
c003b000
bf0d1800
3eeb2800
3f2e0400
3f942600
bf91cc00
bd168000
3e168000
bfb05e00
befdf800
40155300
beeb2800
3e168000
3dbc2000
3e168000
00000000
bf40d400
bfb76c00
be83b000
3c968000
3f7df800
bed85800
3dbc2000
bf0d1800
bd168000
bf32b800
3e9fe800
bf749000
be9fe800
be9fe800
bde1c000
be9fe800
3d168000
3f249c00
bf886400
3efdf800
bf0d1800
3eb2b800
bd61c000
3e9fe800
be4ef000
bf8f7200
be295000
bf6b2800
bf860a00
3dbc2000
bfa49c00
bf0d1800
3f0d1800
3e295000
becef000
beb2b800
bf168000
bd168000
3f458800
bde1c000
3ec58800
3f40d400
3d168000
3e968000
3e61c000
3ee1c000
bf03b000
bd968000
bc968000
3e968000
3e03b000
bf815600
beb2b800
3e968000
bee1c000
bf6b2800
3d168000
bd61c000
be749000
bf53a400
3f0d1800
be61c000
3dbc2000
bf168000
bf9fe800
bd968000
3ee1c000
be9fe800
3f6fdc00
3f6b2800
3f5d0c00
bf295000
3f2e0400
3f53a400
bf4a3c00
3f968000
bf376c00
bf9fe800
bd168000
be61c000
bf53a400
3f1fe800
3f03b000
3f11cc00
bf168000
bee1c000
bf4a3c00
c0028300
bebc2000
3e4ef000
bf8d1800
3e9fe800
3f354a00
3efa5a00
bf8e7100
3f64c500
be1b6400
bf423d00
bdcf3000
3eb54a00
be607400
3f285700
3eaca800
bf4f3000
be817e00
3d0a2000
bf05cf00
be3dec00
bf538100
be2ca800
be1b6400
3e4f3000
be817e00
3eaca800
3ebdec00
be71b800
3daca800
3d8a2000
bf7a5a00
3f57d200
bfc23d00
bd8a2000
3fa40600
3d0a2000
3fa1dd80
3dcf3000
3c8a2000
3e607400
3ef1b800
bc8a2000
bf3dec00
bf285700
be817e00
3f87f780
be3dec00
3e8a2000
bd0a2000
40090bc0
bf354a00
3f240600
3f85cf00
3f3dec00
bef1b800
3d0a2000
bf3dec00
3e8a2000
3e92c200
3d4f3000
be1b6400
bf30f900
3d4f3000
3eb54a00
3f017e00
3f760900
bee91600
bd0a2000
be817e00
3e71b800
3f30f900
3e4f3000
bf57d200
3f017e00
bf0e7100
3f760900
3d8a2000
3e1b6400
3eb54a00
3f909980
3f1b6400
bf691600
3f64c500
bf909980
3f423d00
3e1b6400
3f399b00
3f30f900
be71b800
bf6d6700
3c8a2000
3eaca800
3faca800
3f354a00
bfcf3000
3ebdec00
3daca800
3eaca800
3ea40600
bf83a680
3e4f3000
3e4f3000
3daca800
3f0a2000
be9b6400
3d4f3000
3f240600
3c8a2000
3fd38100
3fa62e80
3f468e00
bef1b800
3f4f3000
bf9fb500
3f85cf00
bd8a2000
3ebdec00
bf2ca800
3eaca800
bf57d200
bee91600
3d8a2000
3dcf3000
3ea40600
3c8a2000
bf017e00
3f5c2300
bee07400
bf2ca800
3f87f780
3f64c500
be92c200
3ee4c000
3f27c000
3f969800
bd740000
3df40000
bf838800
bebea000
be464000
bfa3f000
3f838800
bf27c000
bf10e000
3ee4c000
3ea02000
3f894000
bf8b2800
3f77d000
be188000
3f9a6800
bc740000
bee4c000
3e90e000
be27c000
3f8b2800
bd988000
bf988000
bf2b9000
be558000
3e464000
be27c000
3f740000
bf10e000
3f01a000
be988000
bf558000
3d988000
3f10e000
3e27c000
bea7c000
3f202000
3f7ba000
3f370000
3d740000
bf057000
bef40000
3ef40000
bf0d1000
3fa9a800
be81a000
bf370000
be894000
3f057000
bf0d1000
bf3ad000
3ee4c000
be988000
bfa9a800
bf64c000
beec6000
bf875800
bf14b000
3fbea000
3ea7c000
bdd58000
be90e000
3fd39800
3f27c000
3f60f000
bf8ef800
3ff21800
3f2b9000
3e464000
bf464000
bf23f000
be188000
bebea000
bf14b000
3fa02000
bf27c000
3f7ba000
3cf40000
be370000
be740000
bfb51800
3f90e000
3f689000
3f4a1000
3e740000
3e64c000
3f10e000
bf2f6000
bf703000
3f6c6000
3e740000
bf2f6000
be988000
3fc82800
3e894000
3fad7800
3f202000
3ef40000
bf689000
bcf40000
3d370000
3eaf6000
3f057000
bf370000
be188000
be094000
3dd58000
bf3ea000
3e370000
bf094000
bea7c000
bf5d2000
bfbea000
bf4de000
3f01a000
beec6000
3fa7c000
bf2f6000
3f057000
3f427000
3ecde000
be81a000
beec6000
3fdd2000
3d988000
3f3f0f00
bf6c6500
3ee92800
3d1b7000
becf4000
3e880200
bf91b900
3e880200
bf04c500
bf8e7c00
3f252700
be761c00
3f65eb00
be0e7c00
3f6fa200
bf11b900
3d4f4000
3f2ba100
bf72df00
3fb89500
bf11b900
be880200
3ea86400
bfb21b00
3de92800
3ecf4000
3f183300
3e286400
3edc3400
3f1b7000
be692800
3f04c500
3f21ea00
3ecf4000
3ee2ae00
bf04c500
bf692800
bc4f4000
bf866380
3e9b7000
3f252700
3f4c0300
be761c00
3ec8c600
3ec24c00
3c4f4000
3e424c00
be355800
bf1b7000
bf65eb00
bf0e7c00
bccf4000
bfcda180
bf321b00
be1b7000
be1b7000
be018800
bf9d0e80
be692800
3f14f600
3f458900
beb55800
3e818800
3e018800
3de92800
bea1ea00
3eb55800
bee92800
be818800
bf080200
3fc58900
3eb55800
bd818800
bf9ead00
3e761c00
be880200
bef61c00
bf58f700
3d4f4000
3f0b3f00
3e355800
bf21ea00
bd9b7000
bee2ae00
bf527d00
3f080200
bdcf4000
3e818800
3f04c500
bf969480
bf018800
bf5c3400
3e4f4000
bf2ba100
3ea86400
3fad3f80
bf355800
bf0e7c00
3f0e7c00
bf018800
3ef61c00
3f11b900
3f080200
3ea1ea00
3eaede00
bf795900
be818800
3fa04b80
3ccf4000
be8e7c00
3f14f600
bef61c00
3f62ae00
be1b7000
3f527d00
becf4000
bf832680
bee92800
bea1ea00
bfc0ad80
3f11b900
3e424c00
bef61c00
bea1ea00
3f2ede00
bf527d00
bf0e7c00
bf3bd200
3fc2b200
3e8e4700
bf120580
3e8e4700
be95c400
bed92900
bf8c67c0
bd33b800
bf771d00
3f812c40
3ee82300
3eac3b00
3f95c400
3e95c400
bfb955c0
bf20ff80
3f20ff80
bc6fa000
3f33b800
be15c400
3fb59740
bf0e4700
be51ac00
3e60a600
3e7e9a00
3f556a80
3e95c400
3e06ca00
bf93e4c0
bf06ca00
bdefa000
bf51ac00
be95c400
3eefa000
3f5ce780
bc6fa000
bf15c400
bf120580
bf830b80
3f4a2f00
3defa000
3ea4be00
be33b800
3f682300
3f3b3500
3f24be00
bdefa000
3db3b800
3f0e4700
bfedc0c0
be24be00
be7e9a00
3f592900
bec2b200
be9d4100
bd6fa000
3f33b800
3e15c400
bf287c80
3fae1a40
bcefa000
bf830b80
3dd1ac00
bdd1ac00
bf8c67c0
be9d4100
3fa69d40
3ea4be00
00000000
bf3ef380
bdd1ac00
3eb3b800
bf2ff980
3f51ac00
bf998280
3fa2dec0
bf120580
bf646480
bebb3500
bd95c400
3cefa000
be7e9a00
3e9d4100
beac3b00
bf06ca00
3f287c80
bd33b800
be7e9a00
3eca2f00
3f1d4100
3eb3b800
be33b800
bf4a2f00
bfbef380
bf0e4700
bef71d00
3e24be00
3f198280
bdb3b800
bf1d4100
3ed1ac00
3ea4be00
bf15c400
3f88a940
3f5ce780
befe9a00
beac3b00
3ef71d00
3ec2b200
bec2b200
bf120580
bd33b800
bed92900
3ee0a600
bebb3500
3ee82300
be06ca00
3ee0a600
bf682300
3dd1ac00
bf377680
bd33b800
bed1ac00
3fb77680
3e95c400
beefa000
3d95c400
3efe9a00
bfd9a940
3f136480
3f4daa00
3f2ed080
be4daa00
be76cc00
bf808a40
3f391900
bf35ab80
be96d200
3e691600
bfa7f580
3fd11780
3ddb6000
3f3ff400
bfab6300
bf024100
be323e00
bf323e00
bcdb6000
3fb3f4c0
bf6c8380
3f9a3f80
3eab6300
3cdb6000
bf691600
3fb3f4c0
3e9dad00
bf548500
bedb6000
3f27f580
be323e00
bf9f63c0
3e824100
bd248800
3f4a3c80
bf05ae80
3f65a880
3e248800
3f3ff400
bf46cf00
00000000
3e3ff400
be9dad00
3ecdaa00
3f1a3f80
3f2b6300
bf65a880
bf211a80
3f136480
3f248800
3f951b40
bf6c8380
3e5b6000
3f35ab80
be091c00
bf76cc00
3f7da700
bda48800
bfbc8680
be5b6000
bdf6cc00
bda48800
3e76cc00
bd5b6000
3e76cc00
3e16d200
bf211a80
bc5b6000
bd5b6000
bf8c8980
3f623b00
bfb3f4c0
3d5b6000
3c5b6000
bf5b6000
bf6c8380
3f735e80
bf391900
3f5b6000
bf3c8680
be824100
3f024100
be248800
3e3ff400
beab6300
3f1a3f80
00000000
bf83f7c0
bf46cf00
be3ff400
bddb6000
be091c00
bf35ab80
3f548500
3d248800
becdaa00
bc5b6000
3ddb6000
bec6cf00
bf2ed080
bf623b00
3f691600
be691600
be5b6000
3f091c00
bf024100
be824100
be8ff700
3f323e00
bf1a3f80
befda700
bf0ff700
3f1dad00
3f323e00
be4daa00
3e091c00
beb91900
bf735e80
3e891c00
3e091c00
3ef6cc00
3f5ecd80
beb23e00
bee91600
3f9888c0
3e4daa00
3f0c8980
3e520800
3ec1e000
3f219000
bf814000
3ea9a400
be725800
bf39cc00
beb9cc00
3efa6c00
bfde2600
3f29a400
3f39cc00
bee23000
be623000
3f39cc00
bf095400
3f197c00
be31b800
3f31b800
3dc1e000
bd41e000
3f49f400
bf31b800
3e41e000
00000000
3f895400
3f977700
bde23000
bf41e000
bf39cc00
3f814000
bd41e000
be31b800
bf31b800
3f116800
be31b800
bf219000
3ee23000
bf766200
bec9f400
bf2dae00
bfaba900
3d814000
3f623000
bde23000
3ee23000
beb1b800
3eea4400
be814000
3f3dd600
00000000
bd41e000
befa6c00
bfadae00
3f197c00
3ed20800
bf1d8600
3f219000
3e116800
be916800
bf520800
be014000
bf39cc00
bf197c00
bf054a00
3d814000
be31b800
3e116800
bf0d5e00
3d41e000
40003d80
bfb5c200
bf8f6300
3f766200
3fb1b800
3ed20800
bf259a00
bf0d5e00
00000000
3e116800
3f8d5e00
bc814000
3f45ea00
3e814000
3ffa6c00
beea4400
3eda1c00
3f874f00
3e116800
bf5e2600
be623000
bd014000
3e219000
bd814000
3f0d5e00
be219000
3f936d00
bf7a6c00
bf663a00
3eda1c00
3d814000
3f1d8600
3f219000
bec1e000
3e895400
3f725800
3f219000
bf41e000
bf014000
3e116800
3ec9f400
bd41e000
3e997c00
bf895400
be895400
3e916800
bf7a6c00
3f916800
bf054a00
3f31b800
bf5a1c00
3f0d5e00
be31b800
be31b800
3eb9cc00
3eb1b800
3ea9a400
bec9f400
3f2cf800
bedb6000
3e4a8000
3d070000
bf070000
bd870000
bea05000
3da8c000
be5b6000
3edb6000
be870000
be39a000
bf78e800
3fc64800
be7d2000
bec21000
3f63d000
3ec21000
bee3d000
bf464800
3e4a8000
3f95c400
3f5b6000
3e17e000
3fa05000
beec4000
bee3d000
bf356800
bf39a000
3f2cf800
bf82c800
3eec4000
3e4a8000
bc870000
beb13000
bed2f000
3ed2f000
3ea05000
3f39a000
3f464800
be17e000
bfa8c000
bf464800
bfa26c00
bea05000
3f80ac00
bea05000
bedb6000
3e6c4000
bf0b3800
3ec21000
bedb6000
3e7d2000
3dca8000
c005f200
bf313000
be870000
3eb13000
3ea05000
3f4a8000
beec4000
bf0b3800
bf9c1800
3e870000
bfa05000
bf680800
be7d2000
3edb6000
bed2f000
3f9e3400
bf7d2000
beec4000
be6c4000
3eca8000
bf84e400
be870000
3f2cf800
3d4a8000
bf870000
3f205000
bed2f000
3ea05000
3ed2f000
3e17e000
3e7d2000
bf070000
bf572800
be39a000
bdec4000
3d4a8000
3f93a800
bfb9a000
3f7d2000
bf4eb800
bf4a8000
bf205000
bfb13000
3f13a800
bf39a000
3f070000
3f84e400
bed2f000
3e8f7000
3f17e000
bf5f9800
3eca8000
be7d2000
3dec4000
3e8f7000
be17e000
3f78e800
00000000
beec4000
bf0b3800
3eb9a000
3da8c000
bf070000
bf464800
befd2000
3f78e800
be4a8000
bea05000
3f17e000
bda8c000
3f17e000
3ec21000
bf4eb800
3f0f7000
bed30b00
bfd6ae80
3e02fe00
bd68e000
3f653c80
3e5a5200
3eda5200
3ea01a00
bd918c00
3f530b00
3d68e000
bf776e00
3f702700
bdcbc400
3e98d300
bc68e000
bf7b1180
3ee19900
bf530b00
bf4f6780
be918c00
be4bc400
bc68e000
3e8a4500
3daea800
3e118c00
3de8e000
be4bc400
bfd6ae80
3e2ea800
00000000
3eb5ef00
bf8fba40
bce8e000
bf2b0480
bf276100
3f152f80
bf653c80
3f0a4500
bf887340
3f3d3600
bf776e00
bf84cfc0
3e776e00
3ea01a00
3fe70e40
3ee19900
beaea800
3daea800
3f40d980
becbc400
3eaea800
3e118c00
bd918c00
becbc400
3fe19900
3e82fe00
3d2ea800
3f8a4500
3efeb500
bf276100
3f56ae80
be82fe00
3ee19900
3ea76100
3fab0480
bce8e000
3ea01a00
3e82fe00
bef02700
bf118c00
3f887340
3e5a5200
bf06a180
3e918c00
3efeb500
3e8a4500
3d2ea800
3f06a180
bfc47d00
3d918c00
00000000
bf276100
3f201a00
3fa3bd80
bf530b00
bf73ca80
3fab0480
be918c00
3ebd3600
3e918c00
3e8a4500
3dcbc400
bf935dc0
3f8de880
3e118c00
be68e000
be98d300
3dcbc400
be82fe00
3ee8e000
bf276100
be8a4500
bfab0480
3e776e00
3fb24b80
3f7b1180
bf35ef00
bf201a00
3fb24b80
bdaea800
bf276100
bf702700
bf482080
bd68e000
3fb079c0
bfa3bd80
bf56ae80
3f02fe00
3ec47d00
be118c00
bef02700
3f399280
3eb5ef00
bce8e000
be68e000
3e68e000
bf530b00
3feaa700
bf616a00
be93d000
3f178200
3ed65400
bcec8000
bf316000
3d316000
3f703200
3f91f700
be13d000
3e850800
3fa82300
3db16000
bf229800
00000000
bf402800
3e5db800
bf832f00
becef000
bf178200
bc6c8000
bc6c8000
bf101e00
bf015600
be850800
bf5a0600
00000000
3fa64a00
bf651c00
3fadae00
bd316000
3f43da00
be850800
bd6c8000
bf101e00
3f616a00
3ec02800
bf1b3400
be316000
3e4ef000
3f402800
3f565400
be13d000
bdb16000
3ec02800
bf5db800
3e8c6c00
be93d000
bf316000
3d6c8000
bf43da00
bdb16000
3ecef000
bd6c8000
00000000
3f402800
3cec8000
3f29fc00
bd6c8000
bf1ee600
3ecef000
3fcb3e00
be93d000
3e93d000
3f5a0600
bea29800
bfaf8700
3f101e00
bfa82300
3f43da00
3f901e00
3eb8c400
beb16000
bdb16000
3f93d000
3e850800
bf351200
3eb8c400
bdec8000
3e6c8000
3e8c6c00
3eec8000
bf616a00
3f1b3400
bf4ef000
be229800
be229800
bf4ef000
3f178200
3db16000
3e9b3400
be13d000
be5db800
3d316000
bf5a0600
3e6c8000
bf0c6c00
be4ef000
3ed65400
bfa0bf00
bd6c8000
3e5db800
3ef3e400
3f7efa00
3eec8000
3f402800
3f779600
bfa64a00
3f1ee600
be13d000
bf0c6c00
3f0c6c00
3f264a00
3e850800
bf95a900
3dec8000
beb16000
bf43da00
bf29fc00
bfadae00
3f52a200
be8c6c00
bdec8000
3f651c00
3fb33900
3d93d000
befb4800
3e8c6a00
bfaf8480
bf375180
bf375180
3f1fea80
3e849d00
be849d00
bf00b680
3f943700
3f8a76c0
bdbb3800
becad200
bf3f1e80
beb36b00
bf2b9e00
3ebb3800
be2b9e00
3e5a6c00
3fad9140
00000000
bf143700
bfc4f840
be79a000
3f00b680
be1c0400
3f981d80
3e8c6a00
3f3f1e80
becad200
bf623900
3e3b3800
3e6a0600
bf2b9e00
3e4ad200
bef1d300
be9c0400
beda6c00
3ecad200
bee23900
bd9c0400
be1c0400
3e8c6a00
be6a0600
bf27b780
3fa5c440
bdbb3800
beb36b00
3f00b680
3e849d00
3f46eb80
3d9c0400
bf430500
3e8c6a00
bf105080
bf82a9c0
bff7acc0
bed29f00
bf80b680
be943700
bd3b3800
bf049d00
3d79a000
3e5a6c00
3fc111c0
3f568580
bf3b3800
3e2b9e00
bf1fea80
bf623900
3fa3d100
bf6dec80
bf8e5d40
bf105080
3ea3d100
3ef1d300
3f049d00
3fedec80
bec30500
be1c0400
3f2f8480
bf049d00
3f849d00
3fc30500
3e79a000
bd3b3800
becad200
3e5a6c00
3e943700
be79a000
be4ad200
3f143700
3f7d8680
3f849d00
bfa5c440
bf1fea80
3d3b3800
3eda6c00
bf3f1e80
bfa1ddc0
bf00b680
be943700
3ea3d100
be8c6a00
bf3b3800
3f6a0600
3ea3d100
bfc8dec0
bf981d80
3df9a000
3f088380
3f4eb880
bcf9a000
3e79a000
3e943700
3d79a000
be3b3800
3eab9e00
3ea3d100
be1c0400
bfb944c0
3f105080
bea3d100
bfab9e00
3e943700
beda6c00
bdbb3800
3e2b9e00
3fa3d100
bfbb1100
3e301000
3ecd6800
bf54be00
bf3ebc00
becd6800
bf07b700
bf8b6200
bc6ac000
3f49bd00
bd6ac000
bf1db900
bf671500
3ee36a00
3e9a0e00
3fb3bb00
3f5c1400
3eb76600
3e12b800
be4d6800
3eb76600
bf2c6500
bd6ac000
3e216400
3f0f0d00
bf586900
3eb76600
bf49bd00
be3ebc00
3f3b1100
3ebebc00
bf586900
be840c00
bf7d1700
bf3ebc00
3ed4be00
bea16400
3e5c1400
3d301000
bf040c00
3fc9bd00
3ecd6800
be4d6800
be5c1400
bdb01000
3e5c1400
3e4d6800
3fb59080
bfb93b80
3ea16400
be92b800
bec61200
3f33bb00
3eb01000
3edc1400
3eb01000
bed4be00
3e6ac000
3e3ebc00
3e3ebc00
be301000
bf840c00
bf0b6200
3f376600
3fe8ea80
beb76600
3eb01000
3f5c1400
bf166300
bd6ac000
bf301000
3e3ebc00
bf721600
bf1db900
3e840c00
bf796c00
bef96c00
bf166300
be6ac000
3ef21600
bf216400
bf28ba00
bdb01000
bf0b6200
bef96c00
3f806100
bf28ba00
beeac000
bd6ac000
bf0b6200
beeac000
bfd69380
bdcd6800
bebebc00
3eb76600
3f87b700
bdb01000
3fda3e80
3f49bd00
3ea16400
bec61200
be6ac000
bdeac000
3f1a0e00
bf1a0e00
3f0b6200
be12b800
bebebc00
3c6ac000
be4d6800
3f166300
be8b6200
be6ac000
3fa33980
bf12b800
bf426700
3ecd6800
bfaa8f80
3f85e180
bf9a0e00
bea8ba00
bf6e6b00
3f75c100
be840c00
bf8b6200
3f006100
3f636a00
bceac000
bf049c00
bfbbdd00
3f646200
bfa03c80
3e935800
3e6bc000
beb0d000
bf1e6500
bedd0400
3e135800
be9ab600
bd30d000
3d30d000
3e9ab600
bc6bc000
be4e4800
3ece4800
bfa21400
be3f8c00
bed5a600
bee46200
3eb0d000
bd6bc000
3f849c00
be3f8c00
bf0bfa00
bd935800
bdebc000
bf8fa900
3f1ab600
3f867380
bc6bc000
3f221400
3f5d0400
3f221400
bf76cd00
bf084b00
bef31e00
bf646200
bf8fa900
3ece4800
3e6bc000
3fbf8c00
3f4a9900
bc6bc000
3f952f80
3f221400
3e135800
3edd0400
3efa7c00
3d6bc000
3ee46200
be5d0400
3dce4800
bf1e6500
3f084b00
bf30d000
be5d0400
bfe9e880
3ec6ea00
bfa3eb80
be5d0400
bfb65680
bf918080
3fa97200
bec6ea00
00000000
3cebc000
bd935800
3fa79a80
3db0d000
bf1e6500
3f98de80
bf46ea00
3f55a600
3d30d000
bf7a7c00
3f7a7c00
3f297200
3e4e4800
be3f8c00
bdebc000
3ed5a600
3f60b300
3ef31e00
bd30d000
bebf8c00
3f170700
bea21400
bf935800
3fa3eb80
bef31e00
bf55a600
3f347f00
3f347f00
3f25c300
3f9e6500
3e5d0400
be6bc000
bd6bc000
3ec6ea00
3ece4800
be3f8c00
bf7e2b00
bf8fa900
be30d000
bf646200
3f170700
bf8bfa00
3d30d000
beb0d000
be5d0400
3f347f00
be849c00
00000000
bdce4800
3f6f6f00
3debc000
3f82c480
3f433b00
bf297200
3debc000
3f8a2280
bf731e00
bf1e6500
be6bc000
3f135800
bf970700
3f575b00
bf418200
3f769100
3fa56b00
be6d3400
3ec7c000
bee0b800
be831600
bf0f9200
3f863500
3f2ec800
3f2ba900
bd79b000
3e3b4400
3f66f600
3e15d000
bf705300
beffee00
beda7a00
3f7fee00
3ecdfe00
bf224c00
be224c00
3ea88a00
3f8c7300
3ec18200
bcc7c000
3f1f2d00
bed43c00
bfaa1980
3e15d000
3f6a1500
bf44a100
3ec18200
be224c00
bf92b100
bf944080
3ed43c00
3f95d000
3f5a7a00
bef37200
bf3e6300
3f895400
bf95d000
bf418200
3e831600
3daec800
be3b4400
bf8e0280
3fc63080
bf12b100
3e79b000
bf5a7a00
bf031600
3eda7a00
beffee00
3e95d000
3f18ef00
bea24c00
be47c000
3daec800
3f4adf00
3e8f9200
3fa88a00
3f3e6300
3eda7a00
3e95d000
bf6a1500
3fb50600
be60b800
bcc7c000
3f575b00
3ed43c00
bf3b4400
becdfe00
3ecdfe00
bf15d000
bf1c0e00
3e2ec800
bc47c000
3f0c7300
bf0c7300
beda7a00
becdfe00
bfa88a00
bf2ba900
bf15d000
3e9c0e00
3cc7c000
3f2ec800
bf288a00
bf063500
bf98ef00
3ec7c000
3d79b000
3f418200
3f92b100
bd47c000
bd79b000
bf095400
bee0b800
bf511d00
bf31e700
bf66f600
3d95d000
be9c0e00
bf6d3400
beb50600
3f350600
3f6d3400
bf7ccf00
bf31e700
bea88a00
be60b800
bf818680
bf5d9900
bf44a100
3e543c00
bea24c00
3d79b000
3ee6f600
beaec800
3faba900
be9c0e00
3f98ef00
3fb82500
bd79b000
3daec800
3ec74800
be474800
bf4ad700
bea3b200
3e1c9400
bfc74800
3eeade00
3f9e5b80
bf23b200
3fa90880
bf674f00
bf558400
be9c9400
bf4e6600
3f1c9400
bd63c000
bf190500
3fe1f880
3f357d00
3fb3b580
be474800
bf71fc00
bf274100
bef1fc00
bfa3b200
3f190500
bf402a00
3e558400
3ec74800
3fb02680
bf791a00
3daad000
3e474800
3f4e6600
3eb90c00
bee3c000
bfc90f80
3f2e5f00
bdaad000
be558400
bf073a00
3e71fc00
3eb1ee00
3f7ca900
3dc74800
3edca200
3f390c00
3f51f500
3d2ad000
be801c00
bce3c000
bce3c000
bde3c000
bf190500
bedca200
beb90c00
3e1c9400
3e390c00
be0e5800
bfb02680
bfaad000
bf63c000
bf2e5f00
3e001c00
3f591300
3eb90c00
3e63c000
bf03ab00
3f2e5f00
3f1c9400
bf0e5800
bf2e5f00
be2ad000
3f390c00
3c63c000
3f357d00
3c63c000
bf190500
bf274100
bf474800
3f073a00
3ea3b200
bf274100
3ece6600
bf202300
3d2ad000
3f591300
bf6ade00
bf93ae80
3f51f500
be558400
3e801c00
3f190500
3f274100
bf674f00
3f8e5800
bf073a00
be474800
bf274100
3f31ee00
3f11e700
3edca200
beb1ee00
bf83ab00
bde3c000
be558400
be1c9400
3e2ad000
3f073a00
3ec74800
3e001c00
3f2ad000
bfa57980
be8e5800
be474800
bde3c000
3f674f00
3e001c00
3eaad000
3f073a00
3f073a00
00000000
bd63c000
3d63c000
bfbad380
bfd91300
bf3c9b00
bf957600
3e080400
3f2a0500
3eb79f00
3faf1ec0
bec53900
3ed2d300
bf123780
be813700
be8ed100
be813700
3f9fd180
3eaa0500
bf563980
bfca52c0
bfbcb8c0
beee0700
be880400
bf343880
be673a00
3ed9a000
3e959e00
bfa851c0
3cd9a000
bc59a000
bcd9a000
be30d200
3ecc0600
3e233800
3f1c6b00
bea33800
bf343880
3e3e6c00
be233800
bfa851c0
bf013700
bee06d00
3e159e00
bda33800
3ea33800
3f0b6a80
bf4f6c80
bda33800
be74d400
beb0d200
bee73a00
3fb43880
3eb79f00
be813700
be59a000
bf63d380
bf63d380
be3e6c00
bfc6ec40
be59a000
3c59a000
bf716d80
3e159e00
3df4d400
3f2a0500
beaa0500
3e233800
3f379f00
3f343880
be8ed100
beb79f00
bf190480
bf3e6c00
bdbe6c00
bdbe6c00
3f6aa080
3e959e00
3df4d400
befba100
3e8ed100
3f41d280
be673a00
bf1fd180
bf1fd180
bf2d6b80
3f2d6b80
bfbcb8c0
3f013700
3fa4eb40
bf8d1dc0
bd880400
3e080400
befba100
3d880400
3ee73a00
bf9fd180
bf0b6a80
3d880400
bf3e6c00
3e673a00
3fc53900
bfd2d300
3f379f00
3f013700
3fd7ecc0
bf783a80
3f82ea40
3d59a000
3e74d400
3e959e00
be673a00
be813700
3cd9a000
bfbcb8c0
bcd9a000
3f6e0700
bf190480
3ecc0600
be673a00
3f7f0780
bdd9a000
3e673a00
3e813700
3ee73a00
3f9e1e40
be59a000
3d59a000
3f41d280
3eee0700
3e233800
3fa851c0
3ee06d00
3ed2d300
3c59a000
3ddc3800
bdab4800
be869400
3ddc3800
3e687400
bee25600
3f530b00
bfab4800
bf4ced00
3f18ee00
3e869400
3f92d000
bf5f4700
3e5c3800
bddc3800
3e1f0c00
3ecffc00
bf43c000
bf77bf00
3ebda200
3f069400
3f1f0c00
3ed61a00
bf0cb200
3fae5700
bf4ffc00
3e378400
3d92d000
3f4ffc00
3e1f0c00
bdc3c000
3e43c000
3eb78400
bebda200
3ee25600
bf069400
bd43c000
bf038500
3e98ee00
bf3da200
3f77bf00
3e2b4800
bf656500
bf15df00
3f2b4800
bd92d000
be807600
3ee25600
beee9200
bf4ced00
beb16600
3d74b000
bf881b80
3ef4b000
3f18ee00
3eb78400
3f1bfd00
beface00
3f069400
3f18ee00
3f2b4800
bf8b2a80
3ebda200
3f7ace00
3ee87400
3e2b4800
bf0fc100
3f09a300
beface00
3f2e5700
bf98ee00
3ee87400
bf5c3800
becffc00
be2b4800
3f3a9300
bef4b000
bfc23880
bee25600
beee9200
3f0fc100
bf9a7580
3e1f0c00
bf625600
3f2e5700
be378400
bef4b000
3ebda200
bd74b000
3eab4800
3e869400
3f0cb200
bf4ced00
3dc3c000
bfa9c080
3ecffc00
3f12d000
3e92d000
3f09a300
3d12d000
3d74b000
3ec9de00
3f0fc100
3f561a00
3eface00
bee87400
bee25600
bcc3c000
be1f0c00
3ef4b000
3e807600
3f1f0c00
be9f0c00
3e74b000
bdc3c000
3d74b000
3f3da200
3ec9de00
3f46cf00
be069400
bf1bfd00
3f95df00
be12d000
3e2b4800
3cc3c000
3e92d000
bf252a00
beface00
3eac6000
bed77800
bf41ec00
be2c6000
bfa44b80
3f4cb200
3f67a100
be2c6000
bf67a100
bcac6000
3ea19a00
be96d400
bd814800
3f117100
3f2c6000
3f726700
3f726700
bf6d0400
bdac6000
3f3c8900
bf1c3700
be41ec00
bf06ab00
bd814800
beac6000
3ee23e00
beccb200
3fa9ae80
3ef7ca00
3f4cb200
3fb1c300
be814800
3ea19a00
bd2c6000
3f917100
3f474f00
3e814800
3f0c0e00
3ee23e00
bf67a100
3f77ca00
402b0740
bdd77800
be2c6000
bf117100
bf577800
3f2c6000
3f2c6000
bfb9d780
bf4cb200
3f7d2d00
3f41ec00
3cac6000
bf726700
bf1c3700
3e41ec00
3e2c6000
3ee23e00
bf31c300
beb72600
bdac6000
bf31c300
be16d400
3f41ec00
3f372600
bfccb200
be814800
be577800
be41ec00
bcac6000
bf521500
bec1ec00
bf895c80
c00803c0
3e41ec00
3f3c8900
3d814800
3e814800
be2c6000
3f1c3700
3dac6000
3f06ab00
3f26fd00
bf31c300
3e6d0400
3eac6000
bf1c3700
3f1c3700
3d814800
3ea19a00
3f41ec00
3f26fd00
3ea19a00
bfb9d780
3eb72600
bf1c3700
3e814800
3f4cb200
bf577800
3f623e00
3dd77800
3ee23e00
bf372600
bee23e00
3fbf3a80
bdd77800
beb72600
3d2c6000
bf998580
c0101840
bf2c6000
be577800
bf2c6000
3fa19a00
be2c6000
bf998580
3f86ab00
3eccb200
3f83f980
bf474f00
bf1c3700
bef7ca00
bf2c6000
3fa9ae80
bf31c300
bf9c3700
3eccb200
bf474f00
bddcf000
be46d800
3e3bcc00
3d049000
bec15200
bef30800
be67fc00
bf51e400
bef30800
3f22f100
3d5cf000
beb64600
3e1aa800
3f85f180
3f17e500
3f54a700
bf152200
bf88b480
3d5cf000
bf925f00
bef88e00
3f75cb00
beb0c000
3e46d800
bfaf5e80
3f441500
bf1d6b00
bf4c5e00
3f075300
3e730800
bc30c000
3fac9b80
3e30c000
3f2dfd00
be30c000
bf88b480
beb0c000
be049000
3e9aa800
3f0a1600
bf9d6b00
3f8b7780
3f202e00
3ed1e400
bed76a00
3d849000
bf287700
be3bcc00
bf9ecc80
be8a1600
3f875300
bf125f00
bf415200
bf730800
3f01cd00
be25b400
bfa71580
3ec15200
3f627600
bd049000
befe1400
be25b400
3e8f9c00
beb0c000
bf968380
bf704500
bf0cd900
3f67fc00
3e3bcc00
3f6abf00
becc5e00
3e849000
bee27600
bf125f00
3f0a1600
be7e1400
3d30c000
3fa5b400
3f22f100
3f730800
bd849000
bea02e00
bf30c000
bd049000
3f152200
3c30c000
bf0a1600
be730800
bf364600
3e8f9c00
be30c000
bf0a1600
bf364600
3f25b400
3d30c000
3ed76a00
bf17e500
be1aa800
be8f9c00
be51e400
3f8b7780
bf6d8200
3ec15200
3e0f9c00
3e67fc00
3f0cd900
bd30c000
bdb0c000
3f90fd80
bf832e80
3f730800
bd049000
bd30c000
3cb0c000
3f0cd900
bd9aa800
be849000
3f3bcc00
3fa2f100
3eab3a00
bea02e00
be0f9c00
3efe1400
bf653900
3edcf000
be5cf000
bd049000
bf3bcc00
bf467800
3f2b1800
bfbdea00
beef8800
be9d6800
3f579400
bf08e000
3ee8b000
3f08e000
3f4d5000
bf820800
be766000
be169000
be31f000
3f27ac00
3f2e8400
bf6c1c00
3dbfa000
3f542800
be820800
befd3800
becd5000
be8fb800
00000000
bf932400
be244000
be8fb800
bfc15600
bdbfa000
3f79cc00
bf4d5000
3f579400
bf19fc00
bf6c1c00
be3fa000
becd5000
bf2e8400
3f94da00
3e88e000
3e244000
3fb3a600
beab1800
3f057400
bf61d800
be5b0000
bf932400
bf0fb800
bf020800
bdbfa000
be820800
bf0c4c00
3ee1d800
bf94da00
bef66000
3df66000
be9d6800
3f1d6800
3f132400
be88e000
3df66000
bed42800
bf132400
bf4d5000
3ed42800
bf83be00
bf542800
bcdb0000
3ee8b000
be169000
bf6f8800
bf27ac00
3f68b000
3fc67800
bfcb9a00
bd244000
beb1f000
be68b000
3e766000
bf355c00
bef66000
3efd3800
3f969000
bf27ac00
3f579400
be88e000
bf2e8400
bebfa000
3dbfa000
be766000
3c5b0000
bf6c1c00
be4d5000
3fcd5000
bedb0000
3eef8800
3e766000
3e9d6800
be8fb800
bf50bc00
3ecd5000
3f857400
bd5b0000
bfd94a00
3e969000
3e244000
bf1d6800
3ecd5000
bddb0000
3ed42800
bf2e8400
bee8b000
bd244000
3f1d6800
be4d5000
bf542800
bcdb0000
3e766000
3da44000
3d88e000
be68b000
3fba7e00
3f83be00
bf984600
3f169000
be5b0000
3f355c00
bf8c4c00
be4d5000
3f0c2300
bd403000
bf8e2380
3ef83e00
3f8c2300
bd002000
bf583600
3f403000
bf042100
bf342d00
bed83600
bf102400
bf102400
bf483200
bffe3f80
3e882200
bed03400
3de03800
3f982600
bf2c2b00
3e403000
3ea82a00
be202800
beb02c00
bf982600
3ee03800
bda02800
bdc03000
3de03800
3e002000
3f603800
bf342d00
bf002000
bea02800
3e202800
3f483200
bee03800
3f743d00
be902400
bf142500
bd403000
3f403000
bd002000
bf503400
bed83600
be703c00
3e603800
be102400
3e002000
bf8c2300
3e002000
3f7c3f00
3e102400
3f6c3b00
bf842100
bf042100
bf042100
bf443100
3e002000
bf443100
3dc03000
3f002000
bf8e2380
bee83a00
3f282a00
bde03800
be802000
3e503400
be102400
bf142500
bec83200
3f142500
3ea82a00
3fb62d80
3d403000
3f403000
3e302c00
bf443100
be403000
3f543500
bde03800
bf3c2f00
bdc03000
bee03800
bea82a00
3ec03000
3da02800
bd002000
be302c00
bed03400
bf902400
bfb62d80
bec83200
3dc03000
bf783e00
beb82e00
3de03800
3f603800
3e202800
3f0c2300
bfd23480
bf1c2700
bf583600
be982600
3f483200
3e902400
bd802000
3f082200
bec03000
bf683a00
3dc03000
be002000
3e002000
3f182600
bea82a00
bd802000
be603800
bf042100
bef83e00
bf503400
3ef03c00
bea02800
bf202800
be503400
3dc03000
3f1c2700
3f483200
bf342d00
bf229900
bd9c1800
bed02000
3ed6a100
3e889500
bc502000
bd9c1800
3fb95c80
3ed02000
3e361c00
3e502000
bf8a3540
3ed6a100
be821400
bf536080
3d1c1800
3cd02000
3ed02000
bea29900
bfb61c00
bf1c1800
3f0f1600
bd502000
3f0bd580
3f59e180
bef72600
3f159700
be5d2200
bf291a00
be959700
bf4cdf80
3e021400
be9c1800
bf855480
bd1c1800
3e1c1800
be0f1600
be9c1800
3e5d2200
3fadfac0
3f3fdd80
3f855480
bf536080
00000000
be0f1600
3e8f1600
be9c1800
3dd02000
3ee3a300
3ec99f00
bdea2400
bf6d6480
bed6a100
bf3fdd80
3ee3a300
3f0f1600
3ef72600
beaf9b00
be959700
3e6a2400
befda700
beaf9b00
3d502000
3f73e580
bea29900
3ed6a100
3e502000
3db61c00
bfa43940
be021400
bf021400
3e6a2400
3f431e00
3f361c00
3f0bd580
beaf9b00
3f159700
bd9c1800
00000000
bd502000
3ef72600
3ed02000
bf395c80
bf2c5a80
3f8f1600
3f055480
bf98d780
3e5d2200
bcd02000
3c502000
be291a00
bf125680
3fbfdd80
bf1c1800
3f821400
bed6a100
be1c1800
3db61c00
3e361c00
3f361c00
be959700
3e361c00
be889500
3f90b640
bd9c1800
3f8073c0
bfaf9b00
bf2c5a80
bef0a500
3edd2200
bec99f00
3fce7fc0
3e431e00
3f361c00
3ed02000
be5d2200
3e6a2400
3f8073c0
be502000
bcd02000
3e821400
3f63a300
3eaf9b00
3f73e580
bedd2200
be1c1800
bf1c1800
3e5d2200
bdcba000
bfc54300
be07c000
bded9000
3fda7900
bf4fde00
3ecba000
bf213400
3f585a00
be07c000
bedc9800
3f7e8800
bf103c00
bfcdbf00
4006b080
bda9b000
3f1cf600
3d07c000
bd4ba000
be07c000
be6d9000
3f29b000
be98b800
be07c000
bf366a00
be3aa800
3f60d600
3f4fde00
3e18b800
bee51400
bf2dee00
3f257200
3f60d600
3f29b000
bf85a100
bf816300
bf476200
3f322c00
3f3aa800
bf760c00
3d4ba000
3e07c000
bf038200
3f71ce00
bf85a100
bfabcf00
bedc9800
3d4ba000
00000000
3f2dee00
bf7e8800
bfa13400
becba000
3e5c9800
3ef60c00
bf4fde00
3f8e1d00
3f2dee00
3e07c000
bf695200
bf585a00
bfa35300
3efe8800
3fc32400
3f4fde00
bea9b000
bf5c9800
bda9b000
bf5c9800
3f0bfe00
be903c00
3d4ba000
3f925b00
be87c000
3d4ba000
bf103c00
bedc9800
3f18b800
3f60d600
beb22c00
3f71ce00
3f038200
3e29b000
bf18b800
3efe8800
bfbcc700
bea9b000
3e98b800
bfa35300
3dcba000
beb22c00
3ded9000
00000000
3f07c000
be98b800
bf903c00
3e3aa800
bd4ba000
3f476200
bd07c000
3ea13400
3f695200
bf85a100
bd87c000
3ded9000
bf695200
bf1cf600
3e5c9800
bf71ce00
3f432400
bd4ba000
3ded9000
3eed9000
3ecba000
3f9ad700
3fb00d00
3f816300
3e903c00
bf4ba000
00000000
bf2dee00
bf366a00
3f2dee00
3ecba000
bf147a00
3d4ba000
bc87c000
be87c000
bf922b80
be82e600
3f445900
3eda2a00
3e745800
3f217100
bf02e600
3f674100
3c8ba000
3e3ffc00
3fa5ce00
3e945a00
3e0ba000
3e1d1400
bf1d1400
bf374200
00000000
3f6b9e00
bdf45800
be745800
be1d1400
be1d1400
3e8ba000
bf968880
be9d1400
3f3b9f00
bf445900
3f1d1400
be3ffc00
3f0ba000
be945a00
3f0ffd00
3f674100
3f02e600
00000000
beae8800
be0ba000
bf745800
3dae8800
be517000
3e62e400
3e1d1400
bfb51380
be1d1400
3fa5ce00
3f32e500
3ef45800
3e945a00
bfb97080
bf8ffd00
beae8800
bf374200
3eb74200
bdd17000
3f8dce80
bf98b700
bd0ba000
bf145a00
3e3ffc00
be62e400
3d0ba000
3f9f4280
bf2e8800
bfaa2b00
bf1d1400
bf80b780
3e945a00
3eb74200
400a88c0
3f1d1400
3f02e600
3e745800
3efd1200
3f217100
3f674100
3e1d1400
bf0ffd00
bf0ba000
3f25ce00
3e0ba000
3f445900
3ef45800
bd517000
be1d1400
3d8ba000
3f32e500
3ebffc00
be3ffc00
bef45800
be945a00
3f48b600
bd8ba000
bf145a00
bf8ffd00
bf02e600
3f9f4280
3f3ffc00
3fa39f80
bf48b600
bf674100
be62e400
bf8ffd00
3dd17000
3fc45900
beae8800
be9d1400
3c8ba000
bf922b80
bf25ce00
be9d1400
bfd17000
bf82e600
be945a00
3f674100
bf674100
beae8800
3ea5ce00
beae8800
bfa17100
bf745800
bd517000
3e3ffc00
bf674100
bf674100
bf1d1400
3f25ce00
bf2e8800
3ea5ce00
3ebd6a00
bee1d700
bdcbfc00
bf23ea80
3ed34500
3f39c580
bebd6a00
bf0e0f80
3f56e980
3e032200
bfa96140
be11b400
3fe004c0
be692000
befefb00
be91b400
bd2ed800
3eb62100
befefb00
3e4bfc00
bf4bfc00
3e832200
3f61d700
bf327c80
3e11b400
be032200
bc692000
bfe004c0
bf5e3280
bfcdce40
3f155880
00000000
3ea78f00
3f7efb00
3e91b400
bf5a8e00
3f955880
be3d6a00
3f204600
bf6cc480
bfa3ea80
bf1ca180
3daed800
3eaed800
3faed800
3f18fd00
bf8e0f80
3f327c80
3ea78f00
3f2ed800
bf4fa080
be692000
3f5a8e00
be5a8e00
3efefb00
bf6cc480
3ed34500
3e8a6b00
bf692000
3f955880
bf410e80
3f2ed800
3eaed800
bf692000
bf032200
bdaed800
3e5a8e00
3f6cc480
bf3d6a00
3f0a6b00
bf485780
3f2ed800
bea78f00
bdcbfc00
bde92000
bd2ed800
be3d6a00
bf56e980
3ed34500
3f972ac0
3e91b400
3f86c680
3d2ed800
bf1ca180
be204600
3c692000
be2ed800
bf362100
bf204600
3d692000
3e3d6a00
3ee1d700
bf362100
bf2b3380
3ea78f00
be11b400
3e98fd00
3f44b300
bde92000
be832200
3e77b200
be5a8e00
bd2ed800
bf61d700
00000000
3fe74dc0
3e11b400
3e204600
3f204600
3f4fa080
3ec4b300
bfc4b300
bec4b300
3e77b200
bd91b400
3f362100
bee92000
3e91b400
bd692000
3e77b200
3f5a8e00
bf0a6b00
3f278f00
be2ed800
be77b200
3fd51740
3f5e3280
bf155880
3e040000
bf948000
bf861000
3ee70000
3e670000
be040000
3f106000
bde70000
3f148000
bf4a2000
3f5aa000
3f4a2000
bec60000
bf18a000
bd840000
bf18a000
bfca2000
beef4000
bf040000
3f6f4000
be568000
bde70000
3f882000
3eb58000
bfb37000
bf5ec000
bf41e000
bd460000
bc840000
3e250000
be148000
bec60000
bebdc000
3e040000
bee70000
bf526000
3e040000
3ec60000
bfbbb000
00000000
3f98a000
bf148000
3e148000
beffc000
3ed68000
3eef4000
3f526000
3f1cc000
bda50000
3e9cc000
3f316000
bead4000
3e670000
bef78000
bf840000
be460000
bf106000
3f526000
3f8a3000
bfb79000
be840000
3ef78000
3e040000
3d040000
3f927000
bf8c4000
3d840000
3f526000
3f4a2000
be778000
3f526000
3f20e000
bf861000
be460000
3c840000
3f358000
3f62e000
be670000
bdc60000
3dc60000
4002f800
bf082000
bc840000
bfc3f000
bda50000
3e568000
bf316000
3da50000
3e568000
3f5ec000
3f39a000
bd040000
bd460000
3edec000
3e358000
3f9cc000
bf3dc000
3e670000
bf20e000
bda50000
3ebdc000
be358000
bd460000
3f6f4000
bf39a000
beb58000
bea50000
3f948000
be670000
beb58000
3f040000
be250000
beef4000
3f670000
bf20e000
bd040000
3f5aa000
3f526000
bde70000
3e948000
3eef4000
bec60000
3eef4000
bf040000
bf969000
3f7fc000
bf148000
3ebdc000
bf90ad00
bd7a4000
3fd90380
3f570f00
3ecb5400
becb5400
3f3bb000
3d9c6800
3e9c6800
3d7a4000
3ec38200
3f5ee100
3efa4000
3f66b300
3cfa4000
3e8cc400
3e2c0c00
3f476b00
bef26e00
3e0cc400
bf88db00
bf205100
3f532600
bddaf800
bddaf800
bf187f00
3e5af800
be949600
bf149600
bf4b5400
bddaf800
3e3bb000
3f8cc400
bf66b300
bdfa4000
3f90ad00
be7a4000
be84f200
3f570f00
3f8eb880
3f8eb880
bf149600
bfa05100
3e4b5400
3f949600
3d3bb000
3e5af800
be84f200
bedaf800
bed32600
bf84f200
3e7a4000
be4b5400
be949600
3f33de00
be7a4000
3f282300
3f33de00
bf88db00
bdfa4000
3f205100
becb5400
3f4f3d00
3ec38200
be4b5400
3e7a4000
3f4f3d00
bdfa4000
bdbbb000
be84f200
3d7a4000
3f2ff500
bf8cc400
bf7a4000
bf7a4000
3ee2ca00
3f8acf80
bf282300
bed32600
bec38200
bd3bb000
3f84f200
3f205100
3cfa4000
3f243a00
bf765700
3d3bb000
bf1c6800
3eac0c00
3f66b300
bed32600
3e3bb000
bf10ad00
3f187f00
3d9c6800
3fa82300
bf86e680
3efa4000
3c7a4000
bebbb000
3e5af800
bef26e00
bf4b5400
bf62ca00
bd9c6800
3f810900
3ed32600
bf149600
3e2c0c00
bf9c6800
bf04f200
bf282300
bf33de00
bd9c6800
3ebbb000
3f3f9900
3f243a00
3f0cc400
bc7a4000
bf1c6800
bee2ca00
3ebbb000
bf5af800
bf0cc400
3e4b5400
bff84b80
bc7a4000
3edaf800
bef63000
3eb3e800
3f049000
bf46d800
bde34000
3e049000
3ee34000
bee34000
3fb64600
3e978000
bf7aec00
bebd6000
bc978000
bd634000
bf094c00
be505000
3f86ee00
3f33e800
bf094c00
bfcb9400
bf2f2c00
3f823200
3f7aec00
3f59c800
3eaa7000
3e3d6000
3f6cb800
bec6d800
3faa7000
bf38a400
3ea0f800
3f634000
bf20f800
be3d6000
be505000
3f20f800
bed05000
3f25b400
3ed05000
bfd05000
bf906600
bf8baa00
3de34000
3eb3e800
3f178000
3fcdf200
bc978000
3f33e800
3f894c00
bf823200
3f7fa800
be8e0800
3f421c00
bf25b400
bd978000
bea0f800
beffa800
bf38a400
3eaa7000
3ef63000
bec6d800
bf33e800
3ea0f800
3f8baa00
3f3d6000
bf2f2c00
be2a7000
bd978000
3f421c00
beb3e800
bea0f800
3f906600
3f849000
3d634000
bf33e800
3e049000
3e763000
3f20f800
3e634000
3f25b400
3ef63000
bf094c00
beffa800
3e2a7000
3e849000
40165100
3ec6d800
bf38a400
3f3d6000
3fc21c00
beb3e800
bf8baa00
bf4b9400
bf2f2c00
bf178000
be2a7000
3f823200
00000000
bf5e8400
3ef63000
3f25b400
bed05000
3e2a7000
bea0f800
3e8e0800
3f550c00
3f67fc00
be849000
3dbd6000
3c978000
be763000
be849000
3fb64600
3de34000
3ebd6000
bd178000
3f550c00
bf46d800
3f049000
bde34000
be505000
be763000
3d178000
be2a7000
be178000
3d978000
bf8e0800
3e049000
