3dd8c800
bd9ad800
bd9ad800
00000000
be1ad800
beb21200
3d77c000
bdf7c000
bd39d000
bd77c000
3e1ad800
3e684400
bdd8c800
3d9ad800
3e0b5c00
3e684400
be0b5c00
3d77c000
3cf7c000
3d39d000
3e1ad800
00000000
3e2a5400
be0b5c00
3cf7c000
be2a5400
bc77c000
3cf7c000
bcf7c000
3cf7c000
3c77c000
3e0b5c00
be1ad800
3d39d000
3cf7c000
bc77c000
3df7c000
3e494c00
bd39d000
3e8b5c00
3e0b5c00
3d9ad800
3e0b5c00
bcf7c000
be0b5c00
bd9ad800
bdb9d000
3cf7c000
bd39d000
bcf7c000
bd9ad800
3df7c000
3cf7c000
3df7c000
bcf7c000
bdb9d000
bdb9d000
3d9ad800
3e0b5c00
3d39d000
be0b5c00
be0b5c00
bd39d000
3df7c000
be1ad800
3cf7c000
be39d000
be494c00
bcf7c000
bc77c000
bc77c000
00000000
bdf7c000
bc77c000
3df7c000
bdb9d000
3cf7c000
3db9d000
bdd8c800
bd39d000
bd39d000
3d9ad800
3e2a5400
3cf7c000
3cf7c000
bd77c000
be58c800
bdd8c800
3c77c000
00000000
3dd8c800
be0b5c00
bcf7c000
bd9ad800
bd39d000
bd77c000
3e1ad800
3e1ad800
3df7c000
3e0b5c00
bff5d080
3e839e00
00000000
3d77c000
00000000
3e1ad800
bdd8c800
bec94c00
3cf7c000
3d39d000
3e684400
be2a5400
be684400
be2a5400
3d77c000
bdf7c000
beb21200
bd77c000
3d9ad800
bdf7c000
3d77c000
bd77c000
bdd8c800
3e39d000
bd39d000
bdb9d000
bd39d000
bdf7c000
3df49000
3e1d3800
3e749000
bdd1a000
be830400
3f5eba00
bd8bc000
00000000
3df49000
3d8bc000
3d8bc000
3c8bc000
3e0bc000
3daeb000
bdaeb000
3e1d3800
3c8bc000
3daeb000
bc8bc000
bdaeb000
3dd1a000
3d0bc000
3d8bc000
3e1d3800
3daeb000
3e1d3800
00000000
3e0bc000
3dd1a000
bd8bc000
3e947c00
3df49000
bc8bc000
3dd1a000
3c8bc000
bd0bc000
3d0bc000
bd0bc000
3e1d3800
be402800
bd51a000
3eb76c00
3e0bc000
bc8bc000
bc8bc000
bd8bc000
3d51a000
bd0bc000
3d8bc000
bd51a000
3d0bc000
3d8bc000
bc8bc000
bdd1a000
3e8bc000
3d0bc000
bd51a000
bc8bc000
bdaeb000
bc8bc000
bdd1a000
bd8bc000
3df49000
bc8bc000
3e749000
3d0bc000
bc8bc000
3d8bc000
bd8bc000
bc8bc000
be1d3800
bd51a000
3e0bc000
00000000
3df49000
3e2eb000
3e8bc000
3e51a000
3dd1a000
bc8bc000
be9d3800
bdf49000
3e2eb000
3dd1a000
bdf49000
bdaeb000
3d0bc000
be830400
bdd1a000
be0bc000
bc8bc000
3e947c00
be830400
bdf49000
3d51a000
3e631800
bdd1a000
3d8bc000
bd0bc000
3e0bc000
c00aa880
3c8bc000
3e1d3800
bd0bc000
3d8bc000
3e2eb000
3daeb000
bdf49000
3d8bc000
bd8bc000
bd0bc000
3c8bc000
bd0bc000
3c8bc000
00000000
3e1d3800
bc8bc000
bd8bc000
bd51a000
be749000
3ea5f400
be9d3800
be402800
bdaeb000
3e2eb000
bd0bc000
bd51a000
3d8bc000
bddc6000
be254800
3cdc6000
3ddc6000
bda54800
be89bc00
3e254800
bd5c6000
3cdc6000
bd5c6000
3d5c6000
3e09bc00
3da54800
be09bc00
3d5c6000
bda54800
bda54800
bcdc6000
bd5c6000
3cdc6000
00000000
3d5c6000
be254800
be254800
3cdc6000
3cdc6000
3e5c6000
bda54800
3e254800
be5c6000
3da54800
bd5c6000
bda54800
00000000
3da54800
bddc6000
bcdc6000
3da54800
bd5c6000
bddc6000
bcdc6000
bcdc6000
bda54800
3da54800
3cdc6000
3e89bc00
bcdc6000
00000000
3ddc6000
00000000
bda54800
bda54800
00000000
be09bc00
be254800
be254800
3ddc6000
be09bc00
00000000
3ddc6000
be978200
3e09bc00
bcdc6000
3e40d400
bd5c6000
3e09bc00
00000000
3e5c6000
be40d400
bda54800
3d5c6000
be77ec00
be5c6000
bcdc6000
3cdc6000
bd5c6000
bddc6000
3d5c6000
00000000
3ddc6000
bd5c6000
3d5c6000
00000000
3ddc6000
bcdc6000
3d5c6000
be40d400
be5c6000
bddc6000
3cdc6000
bddc6000
3ddc6000
be89bc00
bddc6000
3ddc6000
3e09bc00
bd5c6000
bda54800
3ddc6000
3e09bc00
405aa740
00000000
00000000
3cdc6000
3e09bc00
3da54800
3ddc6000
3e09bc00
be254800
bddc6000
bcdc6000
bd5c6000
3e77ec00
bda54800
bcdc6000
bd5c6000
3e5c6000
3ddc6000
bcdc6000
be5c6000
3e40d400
3d5c6000
3da54800
3cdc6000
00000000
bd5c6000
3e40d400
3d5c6000
bd510c00
3cac2800
bd939000
be19b600
3d139000
3e72dd00
3d69a400
bd811e00
3dd73200
3d074400
3e011e00
be0a5700
be22ef00
3c139000
be939000
be874400
3d99b600
bd8d6a00
3cac2800
3d75f000
bda60200
3e107d00
3c75f000
bdb87400
3c139000
bdbe9a00
bd811e00
3db24e00
be951980
bd387400
bc139000
be9b3f80
bdb24e00
3d139000
bdd10c00
3d811e00
be0d6a00
bcf5f000
3e356100
bdbe9a00
bb44c000
bd8d6a00
3db24e00
bdb24e00
3d44c000
bd139000
3d69a400
3e1cc900
bdb87400
3c75f000
3e107d00
be5d5800
bd2c2800
bbc4c000
bcf5f000
be7f2900
be637e00
3e41ad00
bde9a400
bd387400
bd44c000
3d811e00
be011e00
3e22ef00
bcdd5800
be790300
3d69a400
bd874400
bd874400
bc939000
be637e00
3d8d6a00
3d874400
be7c1600
3dd73200
3dfc1600
bbc4c000
3e107d00
3dbe9a00
be41ad00
be043100
bd1fdc00
3d5d5800
3e260200
bdb24e00
3e011e00
3e3e9a00
bde9a400
be82a780
3e3b8700
3d1fdc00
3e1fdc00
3e356100
3bc4c000
3cdd5800
3d8d6a00
bcc4c000
bbc4c000
3d874400
bde37e00
bec33680
3cdd5800
bcac2800
3d8d6a00
3e8a5700
bda60200
be0d6a00
bd75f000
bd2c2800
3e6fca00
3e139000
bd387400
3e75f000
bd69a400
bdcae600
3b44c000
3d5d5800
3dcae600
be139000
3e72dd00
3d811e00
be5a4500
bde37e00
be41ad00
bcdd5800
bcf5f000
be44c000
bda60200
bd8f0000
3d0f0000
bd0f0000
3e0f0000
3d8f0000
408de200
3d0f0000
3d0f0000
bdd68000
3d8f0000
be32c000
3e0f0000
3d8f0000
be32c000
bdd68000
bd0f0000
00000000
3d0f0000
be7a4000
be32c000
3dd68000
00000000
be568000
be0f0000
3e32c000
bd0f0000
bd0f0000
3d8f0000
3dd68000
00000000
be0f0000
3e7a4000
3dd68000
00000000
be8f0000
bd0f0000
bd8f0000
bd0f0000
bd0f0000
3e0f0000
3d8f0000
be0f0000
be32c000
be568000
3d0f0000
3dd68000
00000000
3dd68000
3e8f0000
00000000
3dd68000
bd8f0000
3d8f0000
bd8f0000
3d0f0000
3d0f0000
00000000
3d8f0000
3e568000
be0f0000
00000000
3d8f0000
bd8f0000
3e7a4000
3e7a4000
be0f0000
3e7a4000
bdd68000
be0f0000
be0f0000
bd0f0000
3d8f0000
3d8f0000
bee86000
3d0f0000
bd8f0000
00000000
be0f0000
00000000
3d8f0000
bdd68000
be32c000
3e568000
3e32c000
3dd68000
3d0f0000
3d0f0000
bd8f0000
3e7a4000
be0f0000
00000000
be32c000
00000000
beb2c000
3e0f0000
00000000
3e0f0000
bdd68000
be568000
bd0f0000
be32c000
3d8f0000
3dd68000
3d8f0000
3dd68000
bdd68000
3d0f0000
bd8f0000
bd8f0000
be32c000
bd0f0000
00000000
00000000
3d8f0000
bdd68000
bdd68000
bdd68000
3d8f0000
3d8f0000
3e0f0000
bd0f0000
3dd68000
00000000
be32c000
be568000
3e8f0000
3d8f0000
be568000
bd80d800
bd5ce000
3def4800
3d134000
3d5ce000
3f8a0c00
bddce000
3e0a0c00
3cdce000
3cdce000
3db81000
3dca7800
3def4800
bdb81000
bd381000
bd134000
3c934000
bcdce000
3ebcaa00
be25a800
bddce000
3e134000
3c934000
bdb81000
bc934000
3e381000
3db81000
be134000
bd934000
3c134000
bdef4800
be2edc00
3e2edc00
bc134000
3e6f4800
be25a800
3db81000
3da5a800
be4a7800
be134000
3e381000
bddce000
bc934000
3e134000
3e787c00
bc134000
3e4a7800
3e1c7400
bd80d800
3c134000
3c934000
3e00d800
be1c7400
3d5ce000
bd5ce000
bdef4800
3def4800
be25a800
be134000
3e1c7400
3e80d800
00000000
3def4800
bd134000
3e2edc00
3e53ac00
bd5ce000
3d934000
3e53ac00
3e25a800
3da5a800
bc134000
3e414400
bd381000
3d934000
3e381000
3d381000
3da5a800
bd134000
be4a7800
3e00d800
3d80d800
3e414400
bd5ce000
3e2edc00
3db81000
bdca7800
3da5a800
bc934000
3e8a0c00
3d134000
3c134000
bddce000
3d80d800
3cdce000
3d134000
be00d800
00000000
be934000
bd934000
bf921980
3dca7800
bd381000
3c934000
be00d800
bd934000
bd381000
3d381000
3e1c7400
bd934000
be25a800
3d381000
be4a7800
3e414400
3cdce000
3da5a800
3e00d800
bd80d800
be4a7800
be25a800
3c134000
3e934000
3e25a800
3ddce000
bdef4800
3c934000
3e6f4800
bda5a800
3e37e800
3d48a000
be273000
be85c000
3e05c000
4004b480
00000000
bdea1000
3d05c000
bd48a000
3e273000
bd48a000
3d85c000
3c85c000
3e167800
bd48a000
be167800
3d85c000
3e167800
3dc8a000
bda73000
3da73000
00000000
bd85c000
3c85c000
3d85c000
3dc8a000
3da73000
be167800
3ec04400
00000000
bd85c000
be48a000
3d48a000
bd48a000
3e167800
3c85c000
3c85c000
be48a000
3e37e800
be167800
bd85c000
be273000
be05c000
bdc8a000
3d48a000
3d05c000
3c85c000
bdc8a000
3e7ac800
be05c000
3c85c000
3e05c000
bdc8a000
3d05c000
3c85c000
bdc8a000
3d48a000
3c85c000
3d85c000
3d05c000
be167800
3dea1000
bdc8a000
bdea1000
3c85c000
3d05c000
3c85c000
3d05c000
3e05c000
3c85c000
bd48a000
bdc8a000
bd48a000
bd05c000
3d85c000
3e273000
bdea1000
bc85c000
3e167800
bda73000
3e595800
bda73000
bdea1000
be48a000
3c85c000
be273000
bda73000
3e273000
3e595800
3dea1000
bd85c000
3dea1000
3dc8a000
be05c000
bdc8a000
3d85c000
bd48a000
be6a1000
bd05c000
bf769a00
3c85c000
3e6a1000
bd48a000
3e7ac800
bc85c000
bd85c000
3d05c000
be167800
3d05c000
bd05c000
3d48a000
00000000
3dc8a000
3dea1000
3c85c000
3dc8a000
bd85c000
be167800
3d85c000
bd48a000
bd05c000
3d05c000
3da73000
3d05c000
3e967800
be05c000
bc85c000
bd64a000
3e480c00
bce4a000
be480c00
3e0ee400
4062d6c0
bd64a000
be2b7800
3ce4a000
3ce4a000
00000000
00000000
bd64a000
bdab7800
be8ee400
3dab7800
00000000
bd64a000
3de4a000
be0ee400
3e480c00
3dab7800
bde4a000
3e2b7800
be809a00
bd64a000
00000000
3de4a000
3ce4a000
3d64a000
be809a00
3eb9c200
00000000
00000000
3ce4a000
bce4a000
3de4a000
be64a000
3d64a000
3de4a000
3dab7800
00000000
beb9c200
3d64a000
be0ee400
3e0ee400
3e480c00
be0ee400
3dab7800
3ce4a000
be9d2e00
3eb9c200
3e480c00
3e0ee400
3e2b7800
bde4a000
3d64a000
bce4a000
bce4a000
00000000
3dab7800
be480c00
00000000
bce4a000
be0ee400
bd64a000
3dab7800
3e0ee400
3e2b7800
3e0ee400
bce4a000
be0ee400
be2b7800
bdab7800
bdab7800
bdab7800
bdab7800
be0ee400
3d64a000
bd64a000
3e9d2e00
00000000
3dab7800
bdab7800
bdab7800
00000000
be2b7800
bdab7800
bce4a000
3d64a000
3de4a000
be2b7800
bde4a000
be480c00
3de4a000
3d64a000
3d64a000
be809a00
be64a000
be0ee400
c0245300
bdab7800
3d64a000
be0ee400
bde4a000
be0ee400
3e809a00
be480c00
3e0ee400
3dab7800
3e64a000
be9d2e00
bd64a000
00000000
3e2b7800
3e0ee400
3ce4a000
00000000
3e9d2e00
00000000
be9d2e00
3de4a000
3e809a00
00000000
bde4a000
bde4a000
bdab7800
3ce4a000
be06c000
3dca2000
00000000
3e06c000
3e86c000
c085b280
be06c000
3e06c000
3e979800
bd86c000
3d06c000
be4a2000
3d86c000
3d06c000
3dca2000
be86c000
bd06c000
3dca2000
3e06c000
be06c000
be287000
00000000
bd86c000
3d06c000
bdca2000
3d06c000
be06c000
bd86c000
3e86c000
bdca2000
be86c000
bd06c000
bdca2000
3d06c000
3e4a2000
3d86c000
3e06c000
3d86c000
3dca2000
bd06c000
00000000
3dca2000
3d86c000
be287000
3e06c000
bd86c000
3e06c000
3d06c000
00000000
be287000
bd86c000
3d06c000
3e287000
bdca2000
bd86c000
bdca2000
bdca2000
3d06c000
bd86c000
bdca2000
3e06c000
3e86c000
3dca2000
3e979800
3e06c000
bd06c000
bd06c000
bd86c000
be4a2000
3dca2000
bd06c000
3d86c000
bd86c000
bdca2000
3dca2000
bd86c000
bd86c000
3d06c000
be86c000
bd06c000
3e287000
be06c000
bd06c000
bd06c000
bd86c000
3e6bd000
3d86c000
3dca2000
3d86c000
bdca2000
be06c000
bdca2000
be06c000
be979800
3d06c000
00000000
be287000
3e287000
00000000
3d06c000
bf8af600
3dca2000
3d86c000
3e4a2000
3e4a2000
bdca2000
3d86c000
00000000
3e287000
bd86c000
3dca2000
3d06c000
3e06c000
3dca2000
bdca2000
3d86c000
be06c000
3e06c000
bdca2000
be06c000
bd06c000
bd06c000
3e287000
bdca2000
3e287000
3dca2000
bdca2000
bd86c000
bd418000
bcc18000
3e71e000
be295000
3df1e000
bf3b7400
bcc18000
be295000
3e418000
3e71e000
3d912000
bcc18000
3cc18000
be850800
3e295000
be112000
3d418000
3dc18000
3cc18000
bdc18000
bdf1e000
be112000
3d912000
3e112000
3e418000
3cc18000
bcc18000
bd912000
3e418000
3e112000
3e295000
3d418000
3e418000
3d418000
bcc18000
be295000
bd418000
3cc18000
be112000
3df1e000
3d418000
3cc18000
bd912000
bcc18000
be418000
3e295000
3cc18000
3d912000
00000000
bd912000
3df1e000
3d418000
00000000
00000000
3df1e000
3e71e000
3e295000
3dc18000
be112000
3cc18000
bd912000
3cc18000
00000000
3e912000
3dc18000
bd418000
3d912000
3df1e000
bdf1e000
bdf1e000
bdf1e000
00000000
3e295000
3e71e000
bdc18000
bd912000
be850800
3dc18000
3d912000
be112000
bd912000
3e112000
bdc18000
be418000
3d418000
bdc18000
3e112000
00000000
bcc18000
be71e000
3d912000
3e112000
00000000
be418000
3e295000
3dc18000
3d912000
3e112000
bdf1e000
bcc18000
403ffd00
3d418000
3cc18000
3dc18000
bdc18000
bcc18000
be112000
3e59b000
3d418000
beb56800
bdc18000
3d418000
00000000
bd912000
be295000
3e59b000
3e112000
3dc18000
3d912000
bcc18000
3dc18000
3e112000
bd912000
3cc18000
bdf1e000
be112000
00000000
3d418000
3de7b800
bd67b800
bd0b0800
bcb96000
bc396000
be734e00
be0b0800
3ea23400
3de7b800
3db96000
3de7b800
bde7b800
3e508c00
3da23400
bc396000
00000000
bda23400
3e2dca00
be734e00
bdb96000
3d8b0800
00000000
3e2dca00
00000000
00000000
3d0b0800
3d396000
3dd08c00
bdfee400
bd396000
bd396000
3d0b0800
3da23400
bda23400
bd8b0800
3d8b0800
be7ee400
be44f600
be223400
3e0b0800
3e0b0800
bc396000
be2dca00
3d0b0800
be2dca00
3da23400
bcb96000
3e508c00
3d396000
3e5c2200
be169e00
3e67b800
3e223400
be508c00
be169e00
be223400
3cb96000
be508c00
3d0b0800
3da23400
3e169e00
3ea23400
3de7b800
3d0b0800
be67b800
3cb96000
bdb96000
3d396000
be0b0800
3dd08c00
3d67b800
3e169e00
3d67b800
3dd08c00
3d396000
3e734e00
3d8b0800
3e67b800
3eb96000
bd0b0800
00000000
3d67b800
bdb96000
bdd08c00
3db96000
bd8b0800
bc396000
3d8b0800
bc396000
3e396000
3db96000
bc396000
bcb96000
bdb96000
3e0b0800
3cb96000
bdfee400
3d0b0800
00000000
bcb96000
3fb7ed40
3da23400
bda23400
be223400
3d67b800
3d0b0800
3e169e00
bd8b0800
3d396000
bd67b800
bdd08c00
3e2dca00
3db96000
bd0b0800
3e8b0800
3d67b800
3d0b0800
3e169e00
be9c6900
becac100
3e44f600
bd0b0800
be169e00
bd396000
be7ee400
3e9c6900
bda23400
bde7b800
3d9ccc00
bd3c2800
be3c2800
be4bd600
bc7ae000
3f383c80
bddb8400
bc7ae000
3e2c7a00
3dbc2800
3e6b3200
3d9ccc00
bd7ae000
be2c7a00
bcfae000
bc7ae000
bc7ae000
be4bd600
be7ae000
3dbc2800
bd3c2800
bd9ccc00
be3c2800
bddb8400
3dbc2800
bdfae000
3ddb8400
00000000
3d7ae000
3e2c7a00
be1ccc00
bcfae000
3e0d1e00
bd7ae000
bd7ae000
3e6b3200
bdbc2800
be4bd600
bd9ccc00
3e3c2800
3dbc2800
3dfae000
3d9ccc00
3eac7a00
be2c7a00
bddb8400
3e0d1e00
3e0d1e00
be1ccc00
3e0d1e00
bd9ccc00
3c7ae000
3c7ae000
bd7ae000
3e1ccc00
3cfae000
be0d1e00
bd9ccc00
3ddb8400
3dbc2800
3e6b3200
bdfae000
3e7ae000
3ddb8400
be2c7a00
3e1ccc00
3ddb8400
3cfae000
3e5b8400
bd3c2800
bc7ae000
bddb8400
3dfae000
bdbc2800
3c7ae000
3ddb8400
bd9ccc00
be2c7a00
3e854700
bd7ae000
be0d1e00
bd9ccc00
be3c2800
3d7ae000
3e854700
bcfae000
bddb8400
3e8d1e00
3d7ae000
3cfae000
be3c2800
3ddb8400
be5b8400
3ddb8400
3e7ae000
bcfae000
3e5b8400
3e5b8400
00000000
3cfae000
bff8ea40
be5b8400
be3c2800
3dbc2800
3ddb8400
bdbc2800
3d3c2800
be3c2800
bdbc2800
be1ccc00
3cfae000
3c7ae000
bd3c2800
3dbc2800
3e6b3200
3e5b8400
3d3c2800
3dbc2800
3cfae000
bcfae000
3ddb8400
bd9ccc00
3c7ae000
bd3c2800
bd3c2800
bd3c2800
3e5b8400
be854700
bd4c0000
00000000
bdcc0000
3d990000
bccc0000
404a6800
be190000
bd4c0000
be328000
bd990000
be190000
3dff0000
3ccc0000
be4c0000
3e4c0000
bccc0000
3d4c0000
3d4c0000
00000000
3d990000
3dcc0000
3e190000
00000000
bd990000
bdff0000
3d990000
bdcc0000
3d4c0000
3d990000
3e190000
3d4c0000
be7f0000
bdcc0000
3d4c0000
bd4c0000
be328000
3dcc0000
3dff0000
be328000
bdcc0000
bd990000
3ccc0000
3d4c0000
3ee58000
3e658000
bd990000
3e658000
bdff0000
3e328000
bdcc0000
00000000
bdff0000
bd4c0000
bccc0000
3dcc0000
bccc0000
3d4c0000
bdff0000
bdff0000
bccc0000
3d990000
00000000
be328000
bccc0000
3dcc0000
bdff0000
bdcc0000
3d4c0000
3ccc0000
bd4c0000
3dcc0000
3d990000
bdcc0000
00000000
3dff0000
3dcc0000
beb28000
3ccc0000
bd990000
be328000
bccc0000
bd4c0000
bd4c0000
bd4c0000
3e4c0000
3e658000
3e658000
3ccc0000
bccc0000
3e4c0000
3d4c0000
3dff0000
be658000
3ccc0000
bdff0000
3d990000
3e190000
bdff0000
3ccc0000
3e658000
bff8a000
bdcc0000
3dcc0000
bdcc0000
bd4c0000
00000000
bdcc0000
bd4c0000
3ecc0000
3dff0000
bdcc0000
bd4c0000
3ccc0000
3d4c0000
bccc0000
bd990000
3d4c0000
bd990000
bd4c0000
bccc0000
bccc0000
bd4c0000
3e190000
bea5c000
bd990000
3ccc0000
bccc0000
3d4c0000
3e106000
be092800
3ea26c00
3d670000
3d9ed000
3f653200
3d81f000
bd2d4000
bd4a2000
bcad4000
be93fc00
bead4000
3e42e800
bd106000
3d106000
bead4000
be092800
bd906000
3c670000
3ce70000
3d2d4000
be106000
3d106000
be106000
be515800
be01f000
bcad4000
bdad4000
3dad4000
00000000
be589000
be670000
3e01f000
be260800
3cad4000
bd9ed000
bd9ed000
3d9ed000
3e092800
be106000
bd2d4000
bea60800
bd81f000
bdd89000
bd81f000
bd9ed000
be01f000
bc670000
3e106000
be01f000
3d906000
3d906000
3d106000
bd9ed000
bc670000
bd9ed000
3de70000
3dbbb000
3be70000
bdca2000
bdd89000
3dad4000
be5fc800
be01f000
3d2d4000
3c670000
3c670000
bce70000
bc670000
3dd89000
bd2d4000
bdd89000
3d2d4000
3be70000
bc670000
bce70000
3d906000
be3bb000
bdca2000
3d81f000
3be70000
00000000
bd4a2000
3e092800
3e106000
bce70000
be347800
3df57000
bd906000
bdca2000
be757000
3e179800
3ce70000
bcad4000
00000000
3d2d4000
be670000
3dad4000
3e3bb000
3ecdbc00
bea9a400
00000000
00000000
bdd89000
bc670000
be092800
be42e800
beb47800
3dbbb000
bc670000
3dbbb000
3e01f000
3dbbb000
be106000
3d4a2000
be4a2000
3cad4000
3d2d4000
3dca2000
3e589000
3e3bb000
be092800
3e01f000
bd106000
3c670000
3df57000
bce70000
bdad4000
00000000
bda9d800
3dedc800
3e6dc800
3e07e000
3f5ccc00
3d4bd000
3e29d800
00000000
00000000
bdcbd000
3da9d800
3d87e000
3dcbd000
3e3ad400
3da9d800
3dcbd000
bdcbd000
be29d800
3e6dc800
3e18dc00
3d07e000
3e07e000
3c87e000
3e5ccc00
3d07e000
00000000
bc87e000
bc87e000
3d87e000
bda9d800
bd87e000
3eb25600
be29d800
3c87e000
3dcbd000
bd07e000
3e07e000
3d07e000
bdedc800
be07e000
3d87e000
bd4bd000
3e07e000
3dcbd000
3e18dc00
3dcbd000
bdcbd000
3c87e000
3d87e000
3d87e000
be4bd000
3e5ccc00
3d07e000
be07e000
bd07e000
bda9d800
bc87e000
be18dc00
3dedc800
3d07e000
3e4bd000
bd87e000
3e4bd000
3d4bd000
bd07e000
3e3ad400
bc87e000
3e18dc00
3e4bd000
3d4bd000
be87e000
bdcbd000
bd87e000
bdcbd000
be07e000
bd07e000
be7ec400
bc87e000
3d87e000
3e7ec400
be18dc00
3e29d800
3dedc800
3d07e000
3d4bd000
bc87e000
bdedc800
3d07e000
be5ccc00
be07e000
bdedc800
3e18dc00
3e7ec400
bda9d800
bda9d800
3d07e000
3d87e000
bdedc800
bdedc800
c006d040
3e4bd000
bd87e000
bd87e000
be905e00
00000000
3e07e000
3dcbd000
3d4bd000
be4bd000
00000000
3dcbd000
bc87e000
3d87e000
bdcbd000
3e07e000
be29d800
bd87e000
3d4bd000
bda9d800
3e07e000
bc87e000
3dcbd000
be18dc00
bc87e000
3d07e000
bd4bd000
3da9d800
3d2c6800
bce5e000
be014e00
3c65e000
3dac6800
bfe41440
3e2c6800
bc65e000
be2c6800
be1e0a00
3ce5e000
3ce5e000
be1e0a00
be1e0a00
3dac6800
3d65e000
3c65e000
3e743e00
3d8fac00
be1e0a00
3e1e0a00
3c65e000
3c65e000
bde5e000
3dc92400
bdc92400
3d2c6800
bd2c6800
3d2c6800
3d65e000
bd2c6800
be2c6800
bc65e000
3d65e000
3e2c6800
be014e00
bce5e000
3e0fac00
bd65e000
3e578200
bd65e000
be014e00
3e014e00
3e1e0a00
3e2c6800
bd2c6800
3dc92400
bce5e000
bde5e000
bd2c6800
3d8fac00
bd8fac00
bd2c6800
3c65e000
be578200
3c65e000
bce5e000
3e8fac00
bdc92400
3d65e000
bc65e000
be578200
bd2c6800
be743e00
bd65e000
3d65e000
bdac6800
bd8fac00
3d65e000
bc65e000
bc65e000
be65e000
3e9e0a00
bdac6800
3e014e00
be1e0a00
3d8fac00
3e578200
be014e00
3d2c6800
3d2c6800
be3ac600
3dc92400
3dac6800
00000000
3e1e0a00
3d2c6800
3d2c6800
be014e00
3e578200
bdc92400
bc65e000
3d2c6800
3d2c6800
3d8fac00
3d2c6800
3d65e000
00000000
3c65e000
3dc92400
bfb1cb40
be1e0a00
00000000
3dc92400
be492400
3de5e000
be0fac00
3e2c6800
bd2c6800
3d65e000
be96db00
bc65e000
bc65e000
bd65e000
3dc92400
bc65e000
3d65e000
bd8fac00
3d2c6800
bd2c6800
3d65e000
00000000
3de5e000
bdc92400
3d2c6800
bc65e000
00000000
3e814e00
3d418000
bc810000
3de1c000
00000000
be214000
3ffffc00
3e010000
bd010000
3dc18000
3c810000
be010000
bd418000
bdc18000
bd418000
bd418000
3e810000
be51a000
3e993000
bd010000
3e61c000
bd418000
3c810000
bd010000
3e418000
3e316000
be912000
bda14000
00000000
3dc18000
3e316000
3da14000
3c810000
3c810000
3e71e000
bda14000
be61c000
be71e000
bda14000
3da14000
00000000
bda14000
3c810000
bd810000
bd810000
3e316000
00000000
bd810000
be112000
be112000
bd810000
bdc18000
3e418000
3d810000
3e112000
bc810000
be214000
3d418000
3e418000
3d810000
3e010000
3d418000
3d418000
bd418000
bc810000
bd418000
bea95000
bda14000
be891000
3d418000
3d810000
bd810000
bd010000
3dc18000
bd418000
bdc18000
bd418000
00000000
3e810000
3e912000
bdc18000
3e418000
3e112000
be010000
3da14000
bd810000
be010000
be418000
3e61c000
bd810000
3c810000
bd810000
3e214000
be810000
be810000
3c810000
be010000
bd418000
3de1c000
3d418000
be112000
3fbb7400
bda14000
3c810000
3e010000
00000000
3c810000
3e010000
3d010000
3e010000
3d010000
bd418000
3c810000
3e316000
3de1c000
bde1c000
3e912000
3e316000
3d010000
3e214000
3e010000
bd010000
bd810000
3d010000
3d418000
be214000
3d418000
bd418000
be316000
00000000
be010000
3e010000
be418000
3e010000
4065c800
bd810000
be418000
bd810000
bd810000
be010000
bd810000
3e418000
3e810000
3d810000
be010000
00000000
be810000
be418000
bd810000
bd810000
3e010000
bd810000
bd810000
bd810000
00000000
be418000
be010000
bd810000
00000000
bd810000
3e418000
3e810000
be418000
00000000
3ea14000
bd810000
be010000
be418000
bd810000
3d810000
00000000
00000000
3d810000
be418000
3d810000
3e810000
00000000
bd810000
00000000
be010000
3e418000
be418000
00000000
bd810000
be010000
3e418000
3d810000
00000000
3d810000
be010000
3d810000
3d810000
3d810000
00000000
bd810000
3e010000
00000000
3e810000
be010000
3d810000
be418000
3d810000
bd810000
00000000
bd810000
3e418000
3e010000
3e010000
00000000
00000000
3d810000
be010000
00000000
00000000
3d810000
3d810000
3e010000
3d810000
3d810000
bd810000
00000000
be010000
be010000
be010000
bd810000
be418000
bd810000
3d810000
3e810000
c0fffc00
00000000
00000000
00000000
bd810000
00000000
be418000
3d810000
bd810000
00000000
be010000
bd810000
3d810000
3d810000
3d810000
3d810000
be010000
3e010000
3e010000
be010000
be418000
3e010000
00000000
bd810000
be010000
bd810000
3d810000
00000000
bdc91800
bdf5c800
3d32c000
bd9c6800
00000000
bfb15a80
3e807a00
bd061000
3d5f7000
bddf7000
bd32c000
00000000
bcb2c000
3cb2c000
00000000
3d5f7000
bdb2c000
3e913c00
3d861000
3d9c6800
3e491800
3d32c000
3c32c000
bd061000
bcb2c000
3c32c000
3d861000
3df5c800
bd861000
00000000
3e113c00
3d061000
3ddf7000
3cb2c000
3d32c000
bd861000
be491800
be279400
3dc91800
bd061000
bd861000
3e8ba600
3d061000
bd061000
be061000
3ddf7000
3e5f7000
00000000
bc32c000
be6a9c00
be1c6800
bdb2c000
bcb2c000
3e491800
3e32c000
bd061000
bd061000
3d5f7000
3e061000
bd061000
bd32c000
3c32c000
bc32c000
3d861000
bdb2c000
3e6a9c00
3e8ba600
bddf7000
bcb2c000
bd061000
bd861000
3d9c6800
bd861000
be113c00
3d9c6800
bd32c000
be113c00
bd9c6800
bd32c000
3db2c000
3e279400
be807a00
3cb2c000
3db2c000
3db2c000
3d061000
3e279400
bea1fe00
3e544400
bc32c000
bd861000
bddf7000
bc32c000
bdf5c800
3db2c000
3dc91800
3dc91800
bd5f7000
3e3dec00
3dc91800
bf59da00
3dc91800
bd861000
bcb2c000
3dc91800
3e113c00
3cb2c000
bd061000
bd061000
bd861000
bd9c6800
bddf7000
3d9c6800
bcb2c000
3db2c000
3cb2c000
3c32c000
3d061000
be1c6800
be6a9c00
3c32c000
3e113c00
bc32c000
3e279400
3e491800
3e5f7000
3e279400
3e32c000
be4cc000
3e888000
00000000
3eeee000
bd088000
c0065e00
bd888000
3dccc000
3d088000
be2aa000
3d888000
3e2aa000
be088000
3e088000
3dccc000
bd088000
be4cc000
bd888000
be4cc000
00000000
3dccc000
be2aa000
be6ee000
00000000
bd888000
bd088000
be088000
00000000
bd088000
3d088000
3dccc000
3dccc000
3dccc000
3d888000
be4cc000
00000000
bd888000
bd888000
bdccc000
3ebbb000
3dccc000
be2aa000
3d888000
3e6ee000
00000000
3d088000
3d088000
bd088000
3dccc000
3dccc000
3d888000
3e088000
3d088000
bdccc000
3e2aa000
3dccc000
3dccc000
00000000
be4cc000
bdccc000
bd088000
3d088000
be2aa000
00000000
3d088000
bd888000
3e4cc000
bd088000
be088000
3dccc000
3e6ee000
00000000
bd888000
3e088000
00000000
3e088000
00000000
be088000
00000000
bd888000
be2aa000
3d088000
3d088000
3e088000
3d888000
be088000
3dccc000
3e2aa000
3d888000
bd888000
00000000
bdccc000
bdccc000
3e2aa000
3d888000
bd888000
00000000
3d088000
3d888000
3e088000
40876f00
3d888000
3e2aa000
3e4cc000
be6ee000
3e4cc000
be2aa000
bd088000
3d088000
bd888000
be088000
3d888000
00000000
3d888000
3e2aa000
be4cc000
3e2aa000
bd088000
be6ee000
00000000
3d088000
be2aa000
3d888000
3e4cc000
00000000
be088000
3d088000
bd088000
3c3ac000
bde97000
3cbac000
bdbac000
3e466c00
3fb94a80
3e2f1400
3e17bc00
bd0c1000
3e5dc400
3e8c1000
3e466c00
3d3ac000
bdd21800
3ea36800
3cbac000
3cbac000
bde97000
bcbac000
bcbac000
bdbac000
bdbac000
00000000
3d0c1000
bde97000
bd0c1000
bd697000
3d8c1000
00000000
3e17bc00
3dd21800
bd8c1000
3cbac000
3d8c1000
3d8c1000
bd8c1000
3dbac000
3c3ac000
bde97000
3de97000
bd0c1000
3e0c1000
be006400
00000000
3e5dc400
bcbac000
bd3ac000
bdbac000
3cbac000
3de97000
be2f1400
3dbac000
bd697000
be006400
bdd21800
be0c1000
bd0c1000
bcbac000
3c3ac000
be466c00
3e751c00
bd0c1000
bd3ac000
be17bc00
3dd21800
3de97000
3d8c1000
bc3ac000
bda36800
3d697000
3cbac000
bdd21800
bd8c1000
bdbac000
bd3ac000
3d3ac000
bde97000
3d3ac000
3c3ac000
bdd21800
be0c1000
3e2f1400
bcbac000
bde97000
3e863a00
3d8c1000
be236800
3d8c1000
3d3ac000
3e0c1000
bdd21800
bda36800
be3ac000
be3ac000
3d8c1000
3e17bc00
bd697000
be236800
3d3ac000
bcbac000
3e0c1000
be0c1000
bda36800
bcbac000
3e8c1000
3d8c1000
be466c00
3e2f1400
bd3ac000
3e521800
3d3ac000
bc3ac000
3e236800
3e2f1400
3e2f1400
bc3ac000
be5dc400
be236800
bd3ac000
bc3ac000
3d0c1000
bc3ac000
3d8c1000
3e006400
3dd21800
be3ac000
3d3ac000
bde97000
3d337000
3d337000
3dd15800
be069400
3dd15800
3f2bf600
3d958800
3d958800
3d958800
be069400
3e069400
be515800
3c6f4000
bc6f4000
3d6f4000
bcef4000
3e069400
bd6f4000
00000000
3e069400
00000000
be337000
00000000
be337000
bc6f4000
be158800
be426400
3e158800
00000000
3e515800
bdb37000
3e069400
bcef4000
bc6f4000
bd6f4000
3dd15800
3eabf600
be515800
bcef4000
be247c00
bdef4000
3d6f4000
3d958800
3e515800
3d337000
3db37000
be9d0200
be069400
bdef4000
be069400
3e337000
bea47c00
be069400
00000000
bd337000
3e247c00
3e158800
3d337000
bdb37000
bdef4000
3d958800
bc6f4000
3e958800
00000000
bcef4000
bdd15800
00000000
3dd15800
00000000
be247c00
be604c00
3e426400
bdd15800
3d6f4000
3def4000
3def4000
be6f4000
bcef4000
bd6f4000
3d958800
3e515800
bd337000
3c6f4000
3c6f4000
bdd15800
bd958800
3d6f4000
3e069400
3d958800
bc6f4000
be337000
3cef4000
3e158800
be426400
3d337000
bdd15800
be7e3400
3e069400
3d6f4000
bd958800
bfed6180
3cef4000
3d6f4000
be247c00
3dd15800
be069400
bc6f4000
3d958800
be247c00
bdd15800
be337000
3def4000
be426400
3def4000
be869400
3e337000
3e247c00
be337000
3e6f4000
bc6f4000
bdb37000
bdd15800
bdb37000
be337000
3dd15800
bdef4000
00000000
3dd15800
3cd3c000
00000000
3e045800
3cd3c000
3e045800
3e53c000
3cd3c000
be394800
00000000
3e045800
bcd3c000
bd9ed000
bd53c000
3d53c000
00000000
bd53c000
3d9ed000
bdd3c000
3e1ed000
3e045800
00000000
be394800
bd9ed000
3cd3c000
3d9ed000
be394800
3e845800
3d9ed000
3d53c000
bcd3c000
3e045800
3e394800
be394800
3d53c000
00000000
3cd3c000
3d53c000
bdd3c000
3cd3c000
3d9ed000
bcd3c000
bcd3c000
be6e3800
3e1ed000
3d53c000
3d53c000
3d9ed000
bcd3c000
3d53c000
bd9ed000
3d9ed000
3d53c000
3e6e3800
3dd3c000
bd53c000
3d9ed000
be1ed000
bd53c000
bd9ed000
bcd3c000
3e6e3800
3e6e3800
00000000
be1ed000
bcd3c000
3dd3c000
3d53c000
3cd3c000
3e394800
be53c000
bcd3c000
bcd3c000
3e045800
3d53c000
bcd3c000
bd9ed000
3dd3c000
bd9ed000
bd9ed000
be394800
3e6e3800
3e6e3800
3d53c000
3e045800
3e394800
3dd3c000
3e6e3800
3dd3c000
3e53c000
3e1ed000
bcd3c000
bdd3c000
3e1ed000
3d9ed000
3d9ed000
00000000
3cd3c000
bd53c000
bd9ed000
bdd3c000
40521880
be045800
3cd3c000
3d53c000
3d53c000
bcd3c000
3dd3c000
3dd3c000
3e1ed000
3cd3c000
3cd3c000
bd53c000
3dd3c000
3d53c000
3e845800
3e045800
3d9ed000
bd53c000
bcd3c000
bd53c000
3d53c000
3cd3c000
be045800
bd53c000
3e045800
be53c000
3e1ed000
3e53c000
3dd4ac00
bc02e000
be8b0e00
00000000
bcc45000
bf80d480
3d02e000
be133c00
3d933c00
3c82e000
3d650800
3c82e000
3dc45000
3e0b0e00
3db3f400
3de50800
3e3c2200
3cc45000
be02e000
3d650800
bda39800
be1b6a00
3de50800
bd445000
be445000
bc82e000
bc02e000
be54ac00
be33f400
bd239800
bd933c00
3df56400
3e0b0e00
be3c2200
3e3c2200
3df56400
bc82e000
3d82e000
3d445000
be33f400
3d239800
00000000
3df56400
bda39800
3e133c00
3dd4ac00
3da39800
3e3c2200
3d933c00
3e86f700
3c82e000
3dd4ac00
be133c00
bd02e000
3d02e000
bd445000
be5cda00
3c82e000
3c02e000
bd933c00
3cc45000
bdd4ac00
bc02e000
3c82e000
bdb3f400
3d445000
be0b0e00
be133c00
3e02e000
3e650800
00000000
be1b6a00
3e2bc600
3e933c00
bdb3f400
3de50800
3e02e000
be0b0e00
3db3f400
3d82e000
bda39800
bd239800
bd02e000
3d82e000
bd239800
be2bc600
3e133c00
3d239800
bcc45000
bde50800
3cc45000
bd02e000
bc02e000
3d02e000
bdf56400
3c02e000
bd02e000
3dc45000
be33f400
bd933c00
bf81da40
bd445000
3e0b0e00
3d650800
be2bc600
3d239800
bdd4ac00
3e239800
00000000
bd239800
3c02e000
3e133c00
bdc45000
3dd4ac00
3c02e000
3db3f400
3e6d3600
3e5cda00
bda39800
3d445000
be6d3600
bc02e000
3cc45000
3db3f400
3e8f2500
bcc45000
bde50800
bdf56400
3da6c000
3e507000
3e3b9800
be91e800
3d26c000
3f077c00
be11e800
bd7a2000
3dd07000
bda6c000
3dfa2000
3d26c000
3dfa2000
bd26c000
3ca6c000
bdfa2000
3ca6c000
be91e800
3e91e800
bca6c000
3e11e800
3d7a2000
3dfa2000
bda6c000
3e26c000
3ca6c000
3dd07000
bca6c000
bd26c000
3e11e800
bda6c000
bd7a2000
3d7a2000
bd26c000
bd26c000
3e654800
be26c000
bd26c000
3e26c000
3da6c000
3ca6c000
3dfa2000
3e11e800
bca6c000
3d26c000
bd26c000
3ca6c000
3e91e800
3ca6c000
3d7a2000
be3b9800
bd7a2000
00000000
3da6c000
3dd07000
3da6c000
bda6c000
3da6c000
00000000
00000000
00000000
be26c000
3ca6c000
bda6c000
3dfa2000
bdfa2000
bda6c000
be11e800
3ea6c000
00000000
be7a2000
be26c000
bd7a2000
bdd07000
be26c000
3ca6c000
be11e800
be3b9800
3e3b9800
3e11e800
00000000
bca6c000
bda6c000
bd7a2000
bd7a2000
bda6c000
3d7a2000
00000000
bca6c000
3e11e800
bd26c000
3d7a2000
3ca6c000
bd7a2000
bd26c000
3d7a2000
3e7a2000
bd26c000
00000000
bca6c000
c0257280
bca6c000
3e654800
3d7a2000
be3b9800
3d7a2000
3d7a2000
3e7a2000
3d26c000
be7a2000
3d7a2000
3e26c000
bdd07000
3ca6c000
be26c000
3e11e800
bca6c000
bd26c000
3e11e800
bd26c000
bd26c000
bca6c000
3d26c000
3d7a2000
bdd07000
3dd07000
bdd07000
bd7a2000
bda84000
3d7c6000
3d933800
3ca84000
3e71dc00
3f452b00
bc284000
3d7c6000
bcfc6000
3e284000
be133800
bc284000
bd7c6000
bd7c6000
be5cd400
3e32c400
3d284000
bde75800
bda84000
3e284000
bd284000
be32c400
3e1dbc00
be47cc00
bd7c6000
bdfc6000
bc284000
3dd25000
3e08b400
bdfc6000
3c284000
3cfc6000
be284000
3d7c6000
3e284000
3dfc6000
be284000
be933800
bdd25000
bd7c6000
3cfc6000
3d525000
be5cd400
3d933800
bdfc6000
3dbd4800
bcfc6000
3e32c400
bde75800
be284000
bdbd4800
3de75800
3d525000
3c284000
bd525000
be32c400
3dbd4800
3dbd4800
be133800
be5cd400
3cfc6000
3e525000
3ca84000
3dbd4800
bde75800
be284000
3de75800
bca84000
3e3d4800
3e9dbc00
3c284000
bc284000
3da84000
be1dbc00
bdd25000
bda84000
be284000
bcfc6000
be1dbc00
3e133800
3e7c6000
3e08b400
3d933800
3e284000
bdd25000
3ca84000
00000000
3e1dbc00
bda84000
3da84000
3e284000
3dd25000
bd525000
3c284000
3da84000
bca84000
3da84000
bdfc6000
bca84000
3ca84000
3fa6ef80
be284000
3d7c6000
3e88b400
3d7c6000
be3d4800
3da84000
3e08b400
00000000
bdbd4800
3da84000
bd284000
bda84000
be7c6000
00000000
3ca84000
be1dbc00
be525000
bde75800
be837200
be284000
3e1dbc00
3c284000
bc284000
bcfc6000
3dd25000
3e71dc00
3e525000
3e128800
00000000
3dc36000
3d024000
bd436000
bf53a800
3d436000
bd824000
00000000
3dc36000
be128800
3d824000
3d024000
3d436000
bc824000
be024000
bc824000
3d024000
bd824000
3d436000
bd824000
3de3f000
3e22d000
3d024000
3da2d000
bd824000
bd436000
be22d000
3c824000
be436000
3de3f000
3da2d000
be53a800
3d824000
bda2d000
3d024000
3d024000
3e128800
be436000
bdc36000
3da2d000
3d436000
bd824000
3d436000
00000000
3e743800
bdc36000
3e8a6400
3c824000
3e128800
be024000
3e024000
3d024000
3de3f000
3dc36000
3d024000
be024000
be22d000
be024000
bd824000
00000000
bd824000
3de3f000
3da2d000
3d436000
3d024000
3dc36000
bc824000
bde3f000
bc824000
3d024000
00000000
be743800
3d024000
3d824000
3d024000
bd436000
bd024000
bd024000
3e331800
bd436000
3d024000
3de3f000
bd436000
3c824000
3d024000
bc824000
3d824000
3d824000
3d024000
bde3f000
3d436000
bde3f000
3c824000
bd024000
3e024000
bc824000
3e743800
3da2d000
3e53a800
c0013b80
3dc36000
be22d000
3da2d000
be436000
be743800
3e436000
3d436000
bda2d000
00000000
3e128800
bde3f000
3d436000
be8a6400
00000000
bc824000
3dc36000
3de3f000
bd824000
bdc36000
be22d000
3de3f000
3e024000
bd824000
bda2d000
bd024000
bd824000
be436000
be20e800
bd987000
3d4b4000
bc078000
3e759800
3f867100
bd878000
bd296000
bdba5000
be42c800
3d878000
3e5c3000
bd078000
bd296000
3d6d2000
3e187000
3d987000
3da96000
bdba5000
3ccb4000
3ded2000
3c078000
00000000
bd878000
3e187000
bd078000
3dba5000
3d987000
3dcb4000
3e5c3000
3d987000
be078000
bd078000
bd078000
3c078000
3d4b4000
3c878000
00000000
be296000
3da96000
3d878000
bd296000
bd878000
bdcb4000
3d987000
3ded2000
3e0ff800
3dcb4000
3da96000
bd878000
3e31d800
3e8bbc00
bd987000
bdcb4000
3e878000
3d4b4000
bc078000
3d6d2000
bd4b4000
3c078000
3d4b4000
bded2000
bc078000
be187000
bd296000
3d296000
3d6d2000
00000000
bdcb4000
be20e800
3d6d2000
3d4b4000
3d4b4000
3dba5000
3d4b4000
bc878000
bdba5000
3e4b4000
3ded2000
bdcb4000
3e5c3000
bd6d2000
bc078000
3e6d2000
3e5c3000
3ddc3000
3d296000
3e42c800
be3a5000
3c878000
bc878000
3d878000
be878000
bdba5000
3e3a5000
bd296000
bd6d2000
3e0ff800
3da96000
be20e800
bf252400
3e20e800
3c078000
bdcb4000
3c078000
3d4b4000
3da96000
bda96000
bd4b4000
bccb4000
3ccb4000
bda96000
bdcb4000
3da96000
be078000
bded2000
3c078000
3c078000
be6d2000
bd4b4000
3c878000
3e6d2000
bd987000
3dba5000
bd987000
3e296000
3e53b800
bda96000
3d15e800
3d95e800
3daee400
3e60dc00
bcc7e000
bfc65040
3c47e000
bd15e800
3daee400
bc47e000
bd79d800
3e8fa900
00000000
be545e00
3e226600
bdf9d800
be2ee400
3e15e800
be096a00
00000000
3d79d800
bdf9d800
3e47e000
3e6d5a00
bd79d800
3d95e800
3d47e000
3c47e000
3e226600
bc47e000
3e096a00
be096a00
bcc7e000
bcc7e000
3d95e800
bdf9d800
bdc7e000
be096a00
3df9d800
bd79d800
3c47e000
3df9d800
be545e00
bd47e000
3e47e000
bcc7e000
3df9d800
be226600
3e096a00
3e226600
bdaee400
3e60dc00
be47e000
3d15e800
be8fa900
3df9d800
be9c2700
be545e00
be226600
3e6d5a00
bde0dc00
00000000
3e15e800
be3b6200
3e545e00
bd95e800
3e47e000
3e60dc00
00000000
3e096a00
bd15e800
bd47e000
3d95e800
3de0dc00
3e545e00
3e9c2700
be79d800
3d95e800
3de0dc00
3e60dc00
3dc7e000
bd95e800
3e545e00
be9c2700
bdf9d800
bd15e800
00000000
bd15e800
3e15e800
3e6d5a00
3e3b6200
3d79d800
3e79d800
be226600
bdf9d800
bde0dc00
be3b6200
3c47e000
bd15e800
beb52300
bf9f4680
3d15e800
3d15e800
3d47e000
be096a00
3d47e000
3e545e00
bdaee400
bcc7e000
bdc7e000
3dc7e000
3c47e000
bd47e000
be096a00
3de0dc00
00000000
bd47e000
3d95e800
bde0dc00
be15e800
3d79d800
be096a00
3c47e000
bd79d800
3e226600
bd47e000
bd95e800
3d47e000
bdee3800
be5d3400
3e082000
3e5d3400
be082000
40070fc0
bd4c3000
00000000
3d082000
3e082000
3d4c3000
be082000
bdee3800
00000000
bd882000
3e2a2800
3d082000
bdaa2800
bdaa2800
3d4c3000
bdcc3000
be2a2800
00000000
bdee3800
00000000
3dee3800
3e90a200
bdcc3000
3dcc3000
bc882000
3e3b2c00
bdee3800
be4c3000
bdaa2800
3d4c3000
3dcc3000
3dcc3000
3d4c3000
bd4c3000
3c882000
bd882000
00000000
be192400
bd082000
be3b2c00
3e192400
bd4c3000
bd882000
be2a2800
bdcc3000
be082000
bc882000
be3b2c00
3daa2800
bdcc3000
3e90a200
bd4c3000
3d882000
3c882000
3d4c3000
00000000
bd082000
bdaa2800
becc3000
bd4c3000
3e5d3400
be5d3400
3daa2800
bdaa2800
be4c3000
be2a2800
bdee3800
3dee3800
3daa2800
be192400
3dcc3000
bc882000
bd882000
3dee3800
3e192400
3daa2800
be3b2c00
3d082000
bea1a600
3d082000
3e192400
bd4c3000
be5d3400
3d882000
bd082000
bdee3800
bc882000
bd4c3000
bd882000
bdee3800
3e082000
3e192400
bdee3800
3e5d3400
3e2a2800
be192400
bdaa2800
3e3b2c00
bd4c3000
3e6e3800
3d082000
3d4c3000
3d882000
3e082000
00000000
3c882000
be192400
3eb2aa00
bdcc3000
3c882000
bd082000
bd4c3000
bd4c3000
bdaa2800
bd082000
be2a2800
3d082000
bdaa2800
bd882000
3dcc3000
bdcc3000
be2a2800
bdee3800
bce4e000
bd64e000
bdaba800
bdaba800
3ce4e000
40631640
00000000
be0f0c00
3daba800
3e484400
3ce4e000
3ce4e000
be0f0c00
bdaba800
bce4e000
3de4e000
be2ba800
be0f0c00
3e484400
3d64e000
bce4e000
00000000
be0f0c00
3daba800
3e80be00
bde4e000
3e2ba800
bce4e000
be0f0c00
bd64e000
be2ba800
00000000
3ce4e000
bce4e000
be64e000
00000000
00000000
3e2ba800
be484400
3e2ba800
3ce4e000
be2ba800
3daba800
3daba800
3de4e000
bd64e000
bce4e000
00000000
3ce4e000
3ce4e000
be80be00
00000000
be2ba800
3d64e000
00000000
3d64e000
be0f0c00
bce4e000
00000000
bde4e000
3de4e000
3e484400
3de4e000
00000000
3de4e000
3ce4e000
be0f0c00
bde4e000
3d64e000
be0f0c00
3daba800
bdaba800
bd64e000
3ce4e000
3ce4e000
00000000
3e64e000
00000000
bd64e000
3ce4e000
3d64e000
3e64e000
3ce4e000
bce4e000
bce4e000
bce4e000
bdaba800
be484400
3d64e000
bce4e000
3ce4e000
3e64e000
3ce4e000
3daba800
3ce4e000
bd64e000
bd64e000
bce4e000
be0f0c00
3e0f0c00
3f80be00
bdaba800
bce4e000
3daba800
bdaba800
bd64e000
bdaba800
bde4e000
3d64e000
bdaba800
be0f0c00
3ce4e000
bdaba800
3e484400
be2ba800
bce4e000
3ce4e000
bd64e000
be0f0c00
3e80be00
00000000
bdaba800
3e64e000
00000000
3daba800
bce4e000
bce4e000
bde4e000
3caa5800
bc632000
bbe32000
bd8df400
bdc6bc00
bf6159c0
be233f00
3ce32000
bdd4ee00
bdaa5800
3dff8400
bdb88a00
be2a5800
00000000
3dd4ee00
bd2a5800
3e3fa300
bdaa5800
3e1c2600
3d46bc00
3d0df400
3e6a3900
3d0df400
3dd4ee00
bc632000
bbe32000
bdd4ee00
3be32000
3daa5800
3dd4ee00
3e632000
bc632000
bdff8400
3d0df400
3df15200
bbe32000
3caa5800
be0df400
bdaa5800
bde32000
3caa5800
bdd4ee00
bc632000
bd9c2600
3d0df400
bcaa5800
3dd4ee00
bce32000
be233f00
3de32000
bd7f8400
be317100
be4dd500
3d46bc00
3e06db00
3c632000
3daa5800
3e46bc00
3daa5800
3d2a5800
bbe32000
bbe32000
bdd4ee00
3e632000
bde32000
be46bc00
bdff8400
3e7f8400
bdc6bc00
3d2a5800
3e06db00
bd46bc00
3be32000
3e86db00
be4dd500
3d46bc00
bdf15200
3e06db00
be317100
bce32000
bde32000
3dd4ee00
3e1c2600
bdc6bc00
3dd4ee00
3d7f8400
3c632000
3e06db00
bd46bc00
be06db00
bea33f00
bcaa5800
3d0df400
3e150d00
3ce32000
3daa5800
bdaa5800
be5c0700
3d7f8400
bd7f8400
bdc6bc00
3e388a00
3e388a00
3d9c2600
3daa5800
be233f00
be388a00
beb17100
3e8df400
3daa5800
bc632000
3caa5800
bdff8400
be0df400
bdd4ee00
bd7f8400
bdc6bc00
be150d00
3d7f8400
3c632000
3e3fa300
bd7f8400
be0df400
3e06db00
3df15200
bdc6bc00
bd8df400
bd632000
3d757000
3df57000
bca3a000
bd23a000
3e4c8800
402258c0
3e0f2c00
be60fc00
3dcc8800
bd757000
bda3a000
00000000
be381400
3e0f2c00
3da3a000
3e23a000
00000000
bd757000
3d757000
bdf57000
bd757000
bdcc8800
3dcc8800
bda3a000
3d757000
bd23a000
3ca3a000
bd23a000
bda3a000
be757000
3d23a000
3dcc8800
3e8f2c00
3e84f200
3e4c8800
3dcc8800
00000000
bca3a000
3da3a000
3da3a000
3dcc8800
3d757000
bdcc8800
3ca3a000
be0f2c00
bd757000
bd757000
bca3a000
3da3a000
3dcc8800
3ec24e00
bca3a000
be381400
bdcc8800
3d757000
3dcc8800
3e4c8800
3d757000
3df57000
be8f2c00
bd23a000
00000000
3e757000
3d23a000
bd23a000
3da3a000
be8f2c00
3dcc8800
3e0f2c00
bdf57000
bd757000
3da3a000
3ca3a000
3da3a000
3ca3a000
3d757000
bca3a000
bca3a000
3dcc8800
3e0f2c00
bda3a000
3e0f2c00
00000000
3e996600
3dcc8800
bca3a000
bda3a000
be0f2c00
be4c8800
bd23a000
3d23a000
bca3a000
bd23a000
bdcc8800
3df57000
3e23a000
3e0f2c00
bd23a000
bda3a000
bca3a000
3f9e8300
3d757000
3d757000
be0f2c00
3e4c8800
be23a000
be0f2c00
3d23a000
3ca3a000
3da3a000
be757000
3d757000
bca3a000
bca3a000
3ca3a000
be23a000
3df57000
3d757000
3da3a000
3d23a000
3e381400
bca3a000
bdf57000
3e23a000
be23a000
bdf57000
3df57000
bdcc8800
bcf52000
3db7d800
bdb7d800
bd752000
3cf52000
407335c0
3cf52000
3e193400
bd752000
00000000
bcf52000
bdf52000
3db7d800
bd752000
bcf52000
be567c00
3d752000
3e993400
3e193400
3e193400
be37d800
3d752000
bdb7d800
be567c00
be752000
00000000
3d752000
3db7d800
3cf52000
be193400
be752000
be193400
bd752000
3cf52000
bd752000
3db7d800
3e567c00
3d752000
be193400
bcf52000
3e193400
3db7d800
00000000
3df52000
00000000
bdf52000
3cf52000
bcf52000
bd752000
bcf52000
bd752000
be37d800
be752000
3db7d800
3d752000
be37d800
3db7d800
bdf52000
00000000
3d752000
3db7d800
3db7d800
bcf52000
00000000
00000000
bcf52000
00000000
3df52000
bd752000
3cf52000
3df52000
3e37d800
00000000
bdf52000
3cf52000
3e567c00
3df52000
bdb7d800
bdf52000
bdf52000
bdf52000
be193400
bcf52000
bdf52000
3e993400
bcf52000
bcf52000
bcf52000
3cf52000
bdf52000
be567c00
3e37d800
be567c00
be567c00
bd752000
be567c00
be193400
bdb7d800
3cf52000
00000000
c00fa0c0
be37d800
3d752000
3df52000
00000000
be567c00
00000000
3df52000
bd752000
bdf52000
bcf52000
3cf52000
3e193400
be37d800
bcf52000
3e752000
bd752000
bdb7d800
bd752000
00000000
3e193400
3cf52000
be193400
be567c00
bd752000
3cf52000
3d752000
3db7d800
be038000
be662000
bd038000
be769000
be769000
40027900
bd838000
3da46000
bd454000
3dc54000
3c838000
bde62000
3dc54000
3d038000
3de62000
00000000
3e246000
bec54000
bd454000
be038000
3da46000
beac9800
3e34d000
bd038000
3da46000
3e454000
be454000
3d038000
3e662000
bc838000
3e662000
3d838000
3e769000
3da46000
3d038000
be454000
bd838000
3e13f000
00000000
3d454000
bda46000
3e246000
be9c2800
bda46000
3d454000
bd038000
3e038000
3d038000
3dc54000
bde62000
bd838000
3de62000
3de62000
bda46000
bd838000
3de62000
3dc54000
00000000
3d454000
3d038000
bde62000
3da46000
be454000
3d454000
bd038000
3e55b000
bd838000
3c838000
bd454000
3d838000
be454000
3e13f000
bd038000
bd838000
3da46000
bda46000
3c838000
3c838000
00000000
bde62000
be769000
3de62000
be8bb800
3e13f000
00000000
3d038000
bd454000
3e13f000
be662000
be34d000
bd838000
bde62000
bc838000
bd038000
3d454000
3e13f000
bde62000
be9c2800
3e454000
bdc54000
3e8bb800
3d454000
3dc54000
3c838000
bda46000
3d038000
3d454000
3e246000
be246000
3d038000
bd038000
3da46000
3d838000
bda46000
00000000
be8bb800
3d454000
3da46000
bdc54000
3d454000
3c838000
3e34d000
3e038000
3c838000
be13f000
00000000
be13f000
bdc54000
00000000
bda4b800
3e771400
3cdba000
bddba000
4059e8c0
3cdba000
3ddba000
3e24b800
3ddba000
3e094400
3e094400
3da4b800
3cdba000
bddba000
3ddba000
bea4b800
3d5ba000
3e094400
3cdba000
be5ba000
be5ba000
bcdba000
3d5ba000
be24b800
be402c00
3cdba000
3ddba000
bd5ba000
3cdba000
bd5ba000
bcdba000
3da4b800
bddba000
bda4b800
be96fe00
3e5ba000
bddba000
be24b800
3ddba000
3e094400
3da4b800
be5ba000
3cdba000
3e771400
3e402c00
bddba000
be5ba000
3d5ba000
bda4b800
bd5ba000
be24b800
3e094400
bd5ba000
bda4b800
3e094400
be771400
00000000
3ddba000
be094400
be094400
bcdba000
3e094400
bcdba000
3e094400
be094400
3da4b800
be5ba000
3da4b800
3ea4b800
bd5ba000
bcdba000
00000000
3d5ba000
be894400
3ddba000
bcdba000
3da4b800
bd5ba000
3e24b800
3da4b800
bcdba000
bd5ba000
bda4b800
00000000
bcdba000
bda4b800
3e771400
3ec02c00
3da4b800
3d5ba000
bcdba000
3ddba000
be24b800
bddba000
bd5ba000
3e094400
bddba000
be96fe00
3da4b800
c00afb40
00000000
3e24b800
bda4b800
3ddba000
3e094400
bddba000
3e402c00
3ddba000
3da4b800
3ee95a00
bd5ba000
3e24b800
bcdba000
3ddba000
3e24b800
bcdba000
3ddba000
3d5ba000
be24b800
be402c00
00000000
3cdba000
3da4b800
bd5ba000
bd5ba000
bddba000
3d5ba000
3e038000
3e038000
3e662000
3e246000
3e038000
40827900
bd838000
3dc54000
be246000
be038000
3d838000
3e038000
bdc54000
3e246000
bd838000
be246000
bd838000
be038000
bd838000
bdc54000
3d038000
3e038000
3e454000
bd038000
be662000
bdc54000
3d038000
3d838000
3e038000
3e038000
3d038000
be038000
3d838000
3d838000
3e454000
3d038000
bd038000
00000000
3ec54000
bd038000
bdc54000
bd038000
bea46000
be246000
3d038000
00000000
3dc54000
bdc54000
3d038000
3e246000
3d038000
bd838000
be662000
3dc54000
be038000
00000000
3d038000
bdc54000
00000000
be246000
3d038000
3dc54000
3e454000
3d038000
3e246000
be246000
3e246000
3e038000
3d038000
bd838000
3d838000
be838000
be246000
3e246000
bd038000
00000000
bd038000
be662000
bdc54000
00000000
be038000
3e038000
00000000
3d038000
bdc54000
3e038000
bd038000
3d038000
be038000
3e454000
3e246000
bdc54000
bd038000
bd838000
00000000
be662000
3e93f000
bd038000
bd038000
bd038000
bfc12400
3d838000
bd038000
3e454000
bd038000
bd838000
be038000
bd838000
3d038000
be246000
bdc54000
3d838000
3e038000
3e038000
00000000
be662000
00000000
3e662000
bdc54000
3e246000
3dc54000
00000000
3d038000
bd038000
bd038000
bd838000
bd838000
3d838000
bca66000
3d872e00
bca66000
3e119400
3ba66000
bf05e140
be212d00
bdbb2c00
bd119400
3d4ff800
bca66000
3e35f900
3e16c700
00000000
bba66000
bc799000
bd4ff800
be4ff800
be212d00
bc266000
bc266000
3d64c400
3dc59200
bccff800
3e16c700
3dcff800
3d9bfa00
bdef2a00
beb35f80
bd266000
bcf99000
be89c780
3c266000
bccff800
bc266000
3d9bfa00
be16c700
bd9bfa00
bdbb2c00
3d799000
3e01fb00
3e266000
be942d80
bd919400
bea12d00
bdf99000
bca66000
bd799000
3e212d00
3d9bfa00
bdcff800
be64c400
3dda5e00
bdef2a00
3e6f2a00
3df99000
3e459200
bc266000
bcf99000
bd872e00
3dcff800
3e16c700
bd119400
3e01fb00
be35f900
3e849480
3ba66000
bd64c400
be405f00
bc799000
3ccff800
bd799000
be212d00
3cf99000
be919400
bdc59200
3dda5e00
bd799000
be01fb00
3e81fb00
bccff800
3dcff800
3d266000
be745d00
3da66000
3dc59200
bd919400
bd64c400
3d872e00
bd799000
bdf99000
bba66000
3dc59200
bca66000
be0c6100
3e4ff800
3d872e00
3e4ff800
3d919400
bba66000
bf251340
bd3b2c00
00000000
3e552b00
3d64c400
bd919400
3e96c700
be459200
3cf99000
bdbb2c00
3e212d00
3cf99000
bccff800
3e01fb00
bdc59200
3df99000
3d919400
00000000
3d64c400
bd9bfa00
be2b9300
bde4c400
bd119400
3d919400
3e459200
bd9bfa00
3d64c400
3df99000
bd102000
3e192200
3d583000
3d7c3800
bda22400
3f8effc0
bd342800
3e2b2600
bdb42800
bdd83000
3cd83000
be462c00
3e102000
3cd83000
bdfc3800
3da22400
bdfc3800
bc102000
3d342800
3c902000
be2b2600
bd583000
3e613200
3d902000
3db42800
bdc62c00
3d583000
bd902000
bcd83000
bd583000
3cd83000
3c902000
3e222400
3dc62c00
bd342800
00000000
bd102000
00000000
bcd83000
be192200
3cd83000
3d342800
3e3d2a00
3e192200
3e342800
3e3d2a00
bd902000
3d102000
3c902000
bd102000
be342800
3cd83000
00000000
3d102000
3dfc3800
bd902000
3d342800
bd583000
bc902000
3dea3400
3e6a3400
bd342800
3cd83000
be583000
bdd83000
3da22400
be071e00
00000000
bd7c3800
be102000
be2b2600
00000000
bd7c3800
bc102000
bd583000
bc102000
3dea3400
3da22400
3dc62c00
bd902000
3d7c3800
3e071e00
be071e00
bcd83000
be222400
3dd83000
be192200
bcd83000
be3d2a00
3d7c3800
3e2b2600
3c902000
be192200
be342800
3e342800
3d583000
bc102000
3c102000
00000000
3dd83000
3f7e7880
bc902000
3da22400
bcd83000
bdc62c00
3da22400
bdfc3800
3c102000
bc902000
bcd83000
bd102000
bd342800
3e871e00
00000000
bcd83000
3d342800
bcd83000
bdfc3800
bd102000
bd902000
bdc62c00
3db42800
3da22400
be222400
bd902000
3dc62c00
3e071e00
be2b2600
bd81f000
bdad4000
3dd89000
3dd89000
00000000
c02be580
3d81f000
3dad4000
bcad4000
bd81f000
bd81f000
bdd89000
3e2d4000
3d2d4000
3d81f000
bd81f000
3e81f000
3cad4000
00000000
be01f000
be179800
00000000
bd81f000
be01f000
be42e800
3dd89000
3dad4000
be2d4000
be01f000
bcad4000
3e42e800
3e81f000
bd81f000
3dad4000
bcad4000
be01f000
3e01f000
bdad4000
bcad4000
bdad4000
be42e800
3dd89000
3d81f000
3dad4000
bd2d4000
be81f000
bd81f000
3e2d4000
00000000
be2d4000
3dad4000
3e589000
be589000
00000000
be42e800
bd81f000
bdd89000
3e81f000
be179800
3e589000
bd2d4000
00000000
3d2d4000
3d2d4000
3e6e3800
be2d4000
3d81f000
bd2d4000
be81f000
bd81f000
bdd89000
3dad4000
bd81f000
3d2d4000
3cad4000
bdd89000
bdad4000
3e42e800
3dad4000
3dad4000
be6e3800
bd2d4000
3e42e800
3d81f000
bdad4000
be81f000
bd2d4000
3d81f000
3cad4000
bdd89000
3e979800
3dd89000
3d2d4000
3d2d4000
3dad4000
3d81f000
3e2d4000
be8cc400
3e42e800
3cad4000
bff65700
00000000
3e2d4000
3e01f000
be6e3800
3d2d4000
3e589000
be01f000
3e01f000
3d2d4000
3dd89000
3e6e3800
3d81f000
3dd89000
3e42e800
bd2d4000
bd2d4000
3d81f000
bdad4000
bcad4000
bd2d4000
bd81f000
bdad4000
bd2d4000
3d2d4000
3cad4000
bd81f000
3dd89000
bd86a000
3da84800
3e06a000
3e06a000
3deb9800
3fa62d80
beb0b200
be06a000
3e49f000
3d49f000
3e177400
bd49f000
bda84800
be5ac400
3e391c00
be06a000
3dc9f000
bd06a000
bda84800
3d86a000
bd86a000
3c86a000
bdc9f000
bc86a000
bdc9f000
bda84800
3dc9f000
3d06a000
3d49f000
3d06a000
3e6b9800
3dc9f000
be49f000
3eb0b200
bd49f000
3dc9f000
3e49f000
3d06a000
be06a000
3c86a000
00000000
3d06a000
bdeb9800
3e06a000
3d86a000
be284800
bdc9f000
bd06a000
bc86a000
bc86a000
bc86a000
3d06a000
3e06a000
bd49f000
3e177400
3d49f000
3e177400
bc86a000
3e391c00
bda84800
00000000
bd86a000
3d49f000
be284800
bd86a000
3d06a000
bd49f000
3e177400
bdeb9800
bd86a000
3d49f000
3e6b9800
3e6b9800
bd49f000
3da84800
bd06a000
3d49f000
3e6b9800
3d86a000
3e284800
3c86a000
be49f000
3e177400
3dc9f000
3d86a000
be177400
3d06a000
bd49f000
bd49f000
bc86a000
00000000
3d06a000
00000000
bc86a000
3d49f000
3e284800
3e49f000
3d49f000
be06a000
3d06a000
c00592c0
3d49f000
bda84800
be5ac400
00000000
3c86a000
3da84800
be06a000
3dc9f000
3c86a000
00000000
3e8f0a00
00000000
bd86a000
3d49f000
3e49f000
3da84800
3e06a000
3e391c00
bdeb9800
bd06a000
3da84800
bc86a000
bd86a000
3d49f000
bdeb9800
bd49f000
be06a000
3cc2a000
bdc2a000
bd91f800
00000000
be2a4c00
40411ac0
3e5af400
3edaf400
3cc2a000
bdf34800
bcc2a000
3d42a000
bd42a000
bcc2a000
3cc2a000
be2a4c00
bcc2a000
3cc2a000
be2a4c00
3df34800
bdf34800
3dc2a000
3df34800
3dc2a000
3cc2a000
3e42a000
bcc2a000
3cc2a000
bcc2a000
bdc2a000
bd42a000
bcc2a000
3cc2a000
bd91f800
bd91f800
3d42a000
3d42a000
00000000
3eaa4c00
bd42a000
3e85ce00
bd42a000
bd42a000
bcc2a000
bdc2a000
bd91f800
3cc2a000
3e11f800
3dc2a000
3ec2a000
3d91f800
00000000
bd42a000
3cc2a000
3e5af400
bcc2a000
bdf34800
bd42a000
3e11f800
be11f800
bcc2a000
00000000
3d91f800
00000000
bcc2a000
3eaa4c00
bdc2a000
3d42a000
be11f800
be2a4c00
be42a000
be2a4c00
3df34800
3d91f800
3d42a000
bcc2a000
3dc2a000
bcc2a000
bdf34800
bdf34800
3d91f800
3e11f800
3e734800
3dc2a000
3cc2a000
bd91f800
bdf34800
bd91f800
bcc2a000
3df34800
3d42a000
bd91f800
3df34800
3d91f800
be11f800
00000000
00000000
3e11f800
bcc2a000
00000000
c01072c0
3df34800
3dc2a000
3e85ce00
3cc2a000
bd42a000
be5af400
3d91f800
00000000
3cc2a000
be11f800
bcc2a000
bd42a000
3d91f800
3e42a000
bcc2a000
bcc2a000
3cc2a000
bd91f800
bdc2a000
3dc2a000
00000000
3dc2a000
3df34800
3cc2a000
3df34800
bdf34800
00000000
be1a2000
3defc000
3dcd8000
be22b000
3d9a2000
3f87ee00
3e090000
3c090000
3d2b4000
00000000
bd9a2000
3d6fc000
bd9a2000
3d4d8000
be119000
bd6fc000
3e4d8000
bddea000
bd890000
beb3d000
bc890000
3c890000
bdab4000
3defc000
be1a2000
3d4d8000
3dab4000
bd2b4000
3eaf8800
bd2b4000
bd6fc000
bdab4000
3d890000
be3c6000
3d4d8000
bd4d8000
be007000
bddea000
3e33d000
3d090000
be22b000
bccd8000
3d090000
3ccd8000
bd9a2000
bdbc6000
bd4d8000
bd2b4000
3ccd8000
bd4d8000
bd890000
3e33d000
3dcd8000
bc890000
3d090000
bc090000
3e090000
3d890000
3e5ea000
3c090000
bd6fc000
bd890000
3e090000
3dbc6000
3e44f000
bdcd8000
3dcd8000
be95d800
3ddea000
3c090000
be33d000
3ddea000
3c890000
00000000
bdefc000
3d6fc000
3dbc6000
3e6fc000
3dbc6000
be5ea000
3c090000
bd6fc000
bdcd8000
3d9a2000
3ec4f000
bdbc6000
3e919000
be2b4000
be33d000
3d9a2000
bc090000
00000000
bc890000
3e119000
bd2b4000
bd890000
3d9a2000
3e007000
bdbc6000
bd9a2000
bf42cc00
3e8d4800
3ddea000
bddea000
bd090000
bdab4000
bddea000
3d2b4000
bd2b4000
be84b800
00000000
bdab4000
bd4d8000
3ccd8000
3d090000
bdab4000
3d9a2000
bd6fc000
00000000
bccd8000
3e44f000
be561000
3d2b4000
3ccd8000
bc090000
3e561000
bd090000
3c090000
00000000
bdaa4000
be2a4000
bde30000
00000000
3fb15800
3de30000
00000000
3e630000
bce30000
3daa4000
00000000
3daa4000
bce30000
3de30000
3d630000
be630000
3de30000
bdaa4000
bce30000
3de30000
bdaa4000
be0de000
3e2a4000
00000000
3e46a000
bde30000
00000000
be2a4000
bd630000
be8de000
be630000
3daa4000
bde30000
bce30000
3ce30000
3daa4000
3daa4000
3ce30000
bde30000
bdaa4000
3d630000
bd630000
bd630000
3ce30000
00000000
bd630000
00000000
3e630000
00000000
3ce30000
bd630000
3e46a000
3e0de000
3daa4000
3ce30000
3d630000
bde30000
be630000
bd630000
3de30000
bed4d000
bde30000
3de30000
3daa4000
3e7f6000
be46a000
be630000
3ce30000
3d630000
bd630000
3daa4000
3daa4000
bde30000
3d630000
3e0de000
3d630000
3de30000
bdaa4000
bce30000
00000000
3d630000
bdaa4000
bde30000
be630000
00000000
3e0de000
3daa4000
bdaa4000
3d630000
beb87000
bd630000
00000000
be46a000
3ce30000
3ce30000
3ce30000
3e46a000
bde30000
be7f6000
c0613a00
3ce30000
3e8de000
be0de000
3e2a4000
bd630000
bde30000
00000000
bdaa4000
3daa4000
bde30000
3ce30000
be2a4000
bd630000
3e46a000
be0de000
bd630000
3de30000
bce30000
3e2a4000
be2a4000
bd630000
bd630000
3e0de000
3e2a4000
3d630000
3e0de000
bd630000
bdc7aa00
3e643000
3d182000
bd851c00
3ce43000
bf16efc0
bdbe2800
3e0e9e00
3e1ce100
be9ce100
bdbe2800
3e266300
be47aa00
3d3e2800
bd982000
00000000
bdedb200
bce43000
3d643000
bdf73400
bcbe2800
3c982000
bc182000
3d2b2400
3d3e2800
bda1a200
3cbe2800
bd3e2800
3d8e9e00
be935f00
3df73400
3e2fe500
3c982000
be773400
3df73400
bd773400
bd051c00
3d2b2400
3d2b2400
3db4a600
bc182000
3d182000
3df73400
3e135f00
3ddaae00
3dbe2800
bdedb200
3da1a200
bdbe2800
3e2fe500
be182000
bdc7aa00
3df73400
bd182000
3ce43000
bcbe2800
3d8e9e00
3ce43000
3c982000
3e182000
3e42e900
3b982000
bc182000
3d3e2800
3e005b00
bc643000
be9ce100
be6db200
bde43000
bc643000
3d512c00
bd851c00
bb982000
bcbe2800
bdbe2800
3e5f6f00
be34a600
bd643000
bdd12c00
bddaae00
3d773400
be005b00
3e47aa00
3dab2400
3c182000
3e2fe500
3ce43000
bdf73400
3e512c00
3e3e2800
3c982000
3c643000
3e4c6b00
bd051c00
3cbe2800
be3e2800
bd182000
3d182000
bdb4a600
bcbe2800
bce43000
3e266300
3df73400
bd512c00
3de43000
3d982000
3dab2400
3dc7aa00
3e9f4180
bd773400
bddaae00
3e5aae00
bda1a200
3e1ce100
3e34a600
3d3e2800
3e4c6b00
3dab2400
be6db200
00000000
bde43000
bcbe2800
3dd12c00
be9a8080
be512c00
bdc7aa00
be266300
3e051c00
be606000
3de06000
be284800
bda84800
be284800
405e9f40
bde06000
00000000
3e445400
3de06000
00000000
bce06000
3de06000
3d606000
3e7c6c00
3e0c3c00
3e0c3c00
00000000
3e445400
3da84800
bda84800
bda84800
be0c3c00
00000000
bce06000
be284800
bd606000
be0c3c00
3de06000
bde06000
3d606000
3da84800
3d606000
bce06000
bda84800
bce06000
bd606000
be606000
bda84800
3e0c3c00
3e606000
3de06000
3ce06000
be0c3c00
00000000
bce06000
be606000
3e445400
3e445400
3eb64e00
bd606000
00000000
be606000
3d606000
3ce06000
bda84800
be445400
bce06000
bde06000
3da84800
3ce06000
bda84800
bde06000
3ea84800
3ce06000
3e284800
bd606000
bd606000
bce06000
bce06000
bce06000
3ce06000
3e0c3c00
be7c6c00
be0c3c00
3da84800
3e7c6c00
bda84800
3e284800
3da84800
bd606000
3e445400
3ce06000
3ce06000
bce06000
be0c3c00
be445400
3de06000
bd606000
be284800
00000000
3e7c6c00
3ce06000
bda84800
3e284800
bce06000
be284800
00000000
00000000
3d606000
4047d580
bce06000
3da84800
bea84800
3ce06000
3d606000
3da84800
bce06000
00000000
bce06000
3d606000
bd606000
bce06000
bd606000
00000000
be7c6c00
bce06000
3d606000
bda84800
3e0c3c00
3da84800
3da84800
3d606000
bde06000
be0c3c00
3ce06000
3da84800
00000000
00000000
be926000
00000000
bd926000
bddb9000
c0913b40
bd126000
3d126000
bd926000
3ddb9000
bd926000
3d126000
be801400
3eb6f800
3d926000
3d126000
00000000
00000000
bd126000
3e801400
bd926000
3e126000
3d926000
bddb9000
bd126000
be926000
3d126000
bd126000
00000000
be801400
bd926000
3d926000
00000000
00000000
3d926000
be36f800
bddb9000
be126000
3e5b9000
bd126000
bddb9000
3d126000
3d126000
be36f800
3d126000
3d926000
3ddb9000
bd926000
00000000
3ddb9000
bddb9000
3e801400
be126000
bd926000
bddb9000
00000000
3e5b9000
3d926000
3e126000
3e126000
bddb9000
00000000
3d926000
00000000
3d926000
00000000
3e126000
3d926000
bd126000
3d926000
bd926000
bd926000
3d126000
3ddb9000
be36f800
bd126000
3d126000
00000000
3e126000
3ddb9000
3ddb9000
bd126000
3ddb9000
00000000
bd126000
be5b9000
bddb9000
be126000
00000000
bd926000
bd126000
3e801400
3d126000
3e126000
3e5b9000
bd926000
00000000
3d926000
3d126000
3d926000
bfc01e00
bddb9000
3ddb9000
bd926000
3e801400
bd926000
00000000
3d126000
3d926000
3d126000
3d926000
00000000
bd126000
be36f800
3ddb9000
3e5b9000
bd926000
3d126000
3d126000
3e5b9000
be36f800
3ddb9000
3d126000
3d926000
3d126000
be5b9000
be801400
be126000
3e209200
3e143800
3d45a000
bcc5a000
3dacec00
3ed82700
3d143800
be07de00
bdacec00
3d770800
3e209200
3dc5a000
3d143800
bdf70800
3c45a000
3e07de00
bd943800
3e81b100
3c45a000
3cc5a000
bdc5a000
be143800
3cc5a000
bd943800
bd143800
bd45a000
3dc5a000
3c45a000
3d770800
be81b100
bd943800
bdde5400
3d770800
bc45a000
be9a6500
be143800
3cc5a000
bd943800
be209200
be143800
bd770800
bd943800
3d770800
3e2cec00
3dc5a000
be143800
bcc5a000
bcc5a000
3e209200
be81b100
3dc5a000
bea09200
bc45a000
bd770800
3d943800
be209200
be2cec00
3d770800
3d143800
bdacec00
bdf70800
3e8e0b00
bcc5a000
3dde5400
3e5e5400
3d943800
3d143800
3e2cec00
3d45a000
bcc5a000
be81b100
3e2cec00
3df70800
3e6aae00
be07de00
3d45a000
bd943800
bdacec00
3d45a000
bd770800
3e143800
3c45a000
be07de00
bcc5a000
3e143800
3d770800
3dde5400
3c45a000
be209200
3dacec00
3d45a000
3c45a000
bd143800
3e143800
3dacec00
bdc5a000
00000000
3e209200
3e209200
3cc5a000
bfc414c0
3e51fa00
3dde5400
00000000
3dacec00
bd143800
3dde5400
3dde5400
bdacec00
bcc5a000
bdde5400
bd45a000
3e143800
3ea09200
be51fa00
3e07de00
bdf70800
3e2cec00
3d45a000
3d143800
3d943800
3dacec00
bdacec00
3df70800
bcc5a000
bdde5400
3e770800
3e8e0b00
3e821680
3ddf0200
bd85ce00
bd326800
be5f0200
bf6c0440
be94ac00
bd85ce00
bd14ac00
3bede000
3dc14600
3c6de000
3cede000
3cb26800
bddf0200
bda38a00
3d502400
3d14ac00
3e326800
bdd02400
bd94ac00
3cb26800
3d94ac00
be0d3d00
be48b500
be414600
bddf0200
3d6de000
be0d3d00
bcb26800
bcb26800
bd94ac00
3cb26800
be85ce00
bdd02400
bbede000
bd14ac00
3e05ce00
3ddf0200
bd6de000
bcede000
bddf0200
3bede000
3db26800
3d502400
be05ce00
3cede000
3e05ce00
3e414600
bd502400
3d502400
3e667100
bcede000
3dfcbe00
bda38a00
bdc14600
3dede000
bddf0200
3c6de000
3d14ac00
3c6de000
bdc14600
beaaf900
bd94ac00
be05ce00
00000000
bbede000
bdd02400
bdede000
00000000
3e326800
3db26800
3d6de000
be238a00
3da38a00
be1c1b00
3dede000
3ebd8e80
00000000
be667100
3c6de000
bda38a00
3dfcbe00
3bede000
3dede000
bd85ce00
be238a00
be7cbe00
3e1c1b00
3c6de000
3d326800
be14ac00
bddf0200
3bede000
bd502400
3d14ac00
3e754f00
be5f0200
3db26800
3dd02400
3ec4fd80
bbede000
3cede000
bcede000
be238a00
bdd02400
3d85ce00
bd326800
bbede000
bdfcbe00
bd14ac00
bbede000
be326800
bd502400
3cede000
be05ce00
3ddf0200
3cede000
3d502400
bd6de000
3d502400
bdc14600
be5f0200
3e1c1b00
3d14ac00
be0d3d00
bdd02400
bd326800
bdd57000
beaac000
3daac000
3eaac000
00000000
3f1abe00
3e001000
3daac000
bdaac000
be001000
00000000
3e401800
00000000
bd801000
bdd57000
bd801000
3d2ac000
be6ac800
3d2ac000
bcaac000
bdaac000
bd2ac000
be401800
be001000
bd2ac000
bdd57000
be401800
3d2ac000
3e001000
3e557000
bcaac000
be2ac000
bdd57000
bdaac000
3caac000
3e001000
be001000
bd801000
bcaac000
bed57000
3dd57000
bd801000
3d2ac000
bdaac000
3d801000
bd801000
be401800
3e401800
3d801000
00000000
3caac000
3caac000
3dd57000
3e156800
bdd57000
3caac000
3d2ac000
3d801000
3dd57000
bcaac000
3d801000
bdd57000
3caac000
00000000
00000000
bd801000
bdd57000
3d2ac000
be401800
00000000
3dd57000
be001000
3d801000
3d2ac000
bcaac000
00000000
3e6ac800
3d2ac000
3e001000
be6ac800
be557000
bd2ac000
3dd57000
3d2ac000
3d801000
3d2ac000
00000000
3e001000
bdd57000
bd2ac000
3e001000
00000000
be801000
be557000
be001000
be001000
00000000
bd801000
3d801000
bcaac000
40296a80
3caac000
3d2ac000
00000000
bd801000
3e156800
be801000
be557000
3caac000
bcaac000
bdd57000
3ecac400
bd2ac000
3e557000
3d801000
bd2ac000
3caac000
bcaac000
bcaac000
bdaac000
be401800
be6ac800
3d2ac000
bd801000
bd801000
bdd57000
00000000
bd801000
be662800
bcf58000
00000000
bd758000
3db82000
3ff39500
bd758000
bcf58000
3cf58000
00000000
bd997000
be0a1800
be28c800
3e197000
3e91c400
bc758000
3cf58000
bd382000
3d382000
3e826c00
3e382000
bc758000
be0a1800
bdf58000
bdf58000
3c758000
be197000
3d997000
be56d000
bdb82000
be382000
bcf58000
bd997000
3db82000
bdb82000
bd382000
3cf58000
bd997000
bdb82000
bec77800
be197000
3d758000
3dd6d000
3d997000
bd758000
3e28c800
3e662800
bdf58000
bdd6d000
3e382000
00000000
3d758000
3d997000
be382000
3e28c800
3e0a1800
3cf58000
3e8a1800
bdf58000
bc758000
3df58000
bdb82000
3df58000
3e662800
bdd6d000
3e28c800
3c758000
3e826c00
3e382000
bc758000
3d758000
bd758000
3ea11c00
3d997000
3db82000
3e758000
bd758000
00000000
bc758000
3df58000
3c758000
bd382000
bd758000
be28c800
3c758000
3d758000
3d758000
be28c800
3d997000
3c758000
bc758000
bdb82000
bd997000
00000000
3e382000
bcf58000
3df58000
be0a1800
3c758000
bdf58000
bf56d000
3e28c800
be28c800
3db82000
bee62800
3e197000
3c758000
bcf58000
bdd6d000
3e0a1800
3c758000
be197000
3d382000
be997000
bcf58000
3cf58000
bd997000
bcf58000
00000000
bdd6d000
be0a1800
bdd6d000
be662800
3d997000
00000000
00000000
bdd6d000
00000000
00000000
3e0a8000
3c8a8000
3d8a8000
3d4fc000
bf586800
bd8a8000
bd0a8000
3d8a8000
3d8a8000
bc8a8000
3dad2000
bebe7000
bd4fc000
bdad2000
3dad2000
3d4fc000
3d8a8000
be2d2000
3df26000
3d4fc000
3e1bd000
bd4fc000
00000000
00000000
be2d2000
be1bd000
3e2d2000
3ed86800
3c8a8000
3e4fc000
be1bd000
3dad2000
00000000
bdcfc000
be2d2000
3d0a8000
3d8a8000
be0a8000
3e4fc000
bdf26000
3d4fc000
bd8a8000
be0a8000
bd0a8000
bea47800
be3e7000
3e0a8000
be1bd000
3d8a8000
bdcfc000
bebe7000
bc8a8000
be2d2000
3d0a8000
3d0a8000
3e1bd000
3dad2000
bdf26000
bd0a8000
3d8a8000
3d8a8000
bc8a8000
3d0a8000
bdf26000
be0a8000
00000000
3d4fc000
be8a8000
bd4fc000
3dad2000
3df26000
bea47800
3e0a8000
3c8a8000
3d4fc000
3e1bd000
bdcfc000
bc8a8000
00000000
3d0a8000
3e2d2000
3d4fc000
bd0a8000
bc8a8000
be1bd000
3c8a8000
bc8a8000
be3e7000
3d0a8000
3dad2000
3e2d2000
bd8a8000
00000000
bc8a8000
bd4fc000
be0a8000
be726000
3e0a8000
bc8a8000
40096b00
3dcfc000
3e0a8000
3eb5c800
3e2d2000
bc8a8000
00000000
3e3e7000
bc8a8000
be0a8000
3c8a8000
3d8a8000
bd4fc000
bd4fc000
bdf26000
3e3e7000
be8a8000
3d8a8000
be3e7000
3dad2000
bd0a8000
bd8a8000
00000000
bc8a8000
3d4fc000
00000000
00000000
be1bd000
3e46c000
bd048000
be048000
3dc6c000
bd848000
40837700
3d848000
3e46c000
3dc6c000
bdc6c000
3d848000
3d048000
3d048000
3d848000
00000000
bdc6c000
3d848000
bea5a000
3d048000
be848000
bea5a000
3d848000
3d048000
3e048000
bd848000
3d048000
3dc6c000
3dc6c000
3d048000
3e25a000
3e048000
be25a000
3e848000
3d048000
3d848000
bdc6c000
3e67e000
be25a000
3d848000
00000000
3d048000
3e048000
3dc6c000
bd048000
3e25a000
bdc6c000
3d048000
bd848000
be048000
3dc6c000
3d048000
3e048000
bd048000
be46c000
be048000
00000000
3d848000
00000000
3e951000
bd848000
bd048000
bd048000
bd848000
3e25a000
bd848000
be25a000
bd048000
bd048000
3d048000
00000000
bdc6c000
be048000
be67e000
be25a000
3d048000
3d048000
be951000
3e951000
3dc6c000
be048000
3d048000
3d048000
00000000
bd048000
bd048000
bdc6c000
3d848000
00000000
3dc6c000
bd048000
3d048000
3e048000
bd848000
3e25a000
bd048000
3e25a000
3d848000
bd848000
00000000
3e048000
3f90ec00
3d848000
3e048000
be048000
3d048000
bd048000
3e048000
3d848000
3e048000
3dc6c000
00000000
00000000
bd048000
3d048000
be25a000
3e048000
3dc6c000
bd048000
be67e000
3e46c000
00000000
3d848000
bd848000
00000000
3e048000
3dc6c000
3d848000
bd048000
be1c8400
bc8b2000
be621400
bd50b000
3df37800
400a09c0
be50b000
be0b2000
3d8b2000
3d50b000
beb69a00
be93d200
be0b2000
bc8b2000
bd50b000
3c8b2000
be2de800
3dd0b000
3e8b2000
3d50b000
3c8b2000
3e737800
3d8b2000
3eb69a00
3e3f4c00
3e1c8400
3e3f4c00
bc8b2000
bdade800
bd50b000
3c8b2000
3dd0b000
3c8b2000
3dd0b000
3c8b2000
be2de800
3d8b2000
3e0b2000
3e2de800
bdf37800
bdd0b000
be0b2000
00000000
3d50b000
beb69a00
3c8b2000
3d50b000
3d50b000
be3f4c00
be50b000
3e0b2000
bd50b000
3d8b2000
3dd0b000
3e50b000
3e1c8400
3e1c8400
3e737800
3df37800
3d50b000
bc8b2000
be621400
3dade800
3e1c8400
3c8b2000
bdd0b000
3e50b000
00000000
bd8b2000
bdade800
bc8b2000
be0b2000
bdf37800
3df37800
3d8b2000
bc8b2000
3e0b2000
be2de800
bd0b2000
3d50b000
3d0b2000
be0b2000
3ea53600
3dade800
be2de800
be2de800
bd0b2000
3c8b2000
be50b000
bd50b000
be1c8400
3e50b000
bdd0b000
be2de800
3e737800
3d8b2000
bdf37800
bd8b2000
bc8b2000
be3f4c00
bf95fe80
bd0b2000
be621400
bd8b2000
3d0b2000
3e0b2000
bd0b2000
3c8b2000
bd50b000
3df37800
be737800
3e826e00
bd50b000
3df37800
3df37800
bdf37800
be3f4c00
bdd0b000
bdade800
be0b2000
3c8b2000
be0b2000
bd0b2000
3c8b2000
3d50b000
00000000
3d8b2000
3c8b2000
be100b00
bd0a4800
3e329d00
3d667800
bdfd8400
bf0a4800
3dcf6c00
3d667800
3ce67800
be15ce00
3db86000
be15ce00
3e43e600
3df1fe00
3e9e7280
bc8a4800
3d95ce00
bd4f6c00
3e81a380
3e43e600
bd95ce00
3eb86000
3c8a4800
bd95ce00
3de67800
bde67800
bd7d8400
3d7d8400
be9e7280
3e329d00
be4f6c00
be43e600
be100b00
3e100b00
3e900b00
3dc3e600
3d0a4800
bbb86000
3df1fe00
3e95ce00
3dacda00
be100b00
3e848500
bdf1fe00
bda15400
bdf1fe00
3d4f6c00
3d215400
3e15ce00
3d0a4800
3cb86000
3c8a4800
3d215400
bdb86000
bd667800
3e0a4800
3cb86000
3bb86000
be60b500
be60b500
bce67800
3bb86000
3d0a4800
bdb86000
3df1fe00
bd95ce00
bdb86000
3d215400
bc386000
bd8a4800
bd4f6c00
bd4f6c00
3bb86000
3bb86000
bdfd8400
3e386000
bd7d8400
3ce67800
3dfd8400
3db86000
bce67800
be43e600
3c386000
bcb86000
3dcf6c00
3dc3e600
bd667800
3e5af200
bbb86000
00000000
3e1b9100
3bb86000
bc386000
3e3e2300
bd7d8400
bbb86000
3d215400
3e0a4800
bbb86000
bd95ce00
3f36ef40
3e0a4800
bdf1fe00
3dc3e600
3df1fe00
3dfd8400
3ea9f880
bc8a4800
3ce67800
bc386000
bdc3e600
bc8a4800
3e49a900
3d386000
00000000
be0a4800
3d386000
bbb86000
3df1fe00
3d95ce00
3d95ce00
3e71fe00
be77c100
be9b9100
3e4f6c00
3e4f6c00
bdc3e600
be3e2300
3dfa0800
3dc27800
be26b000
bdc27800
3dc27800
bfdc8380
3c5e4000
be427800
3d5e4000
be5e4000
3cde4000
3dc27800
3d26b000
3e0ae800
3e91da00
bc5e4000
be7a0800
bd26b000
be0ae800
3c5e4000
bdc27800
00000000
3e0ae800
3e18cc00
bee53200
be18cc00
bd5e4000
bdfa0800
3e349400
00000000
bd26b000
3e26b000
3e427800
3da6b000
3d26b000
bdde4000
3e7a0800
bcde4000
3eada200
3cde4000
bdfa0800
bc5e4000
3d5e4000
be18cc00
bd8ae800
3e26b000
3d26b000
3d26b000
bea6b000
bdde4000
3e0ae800
3e505c00
bd26b000
3d5e4000
3e98cc00
bd8ae800
bd5e4000
3da6b000
be427800
bd8ae800
be18cc00
3e349400
3cde4000
be26b000
3d26b000
3d5e4000
3c5e4000
bda6b000
3e349400
bd26b000
3d26b000
bc5e4000
bda6b000
beada200
3dc27800
00000000
3cde4000
bd8ae800
bc5e4000
be7a0800
bd5e4000
00000000
00000000
bcde4000
00000000
3c5e4000
bc5e4000
be505c00
bd8ae800
3d8ae800
bdfa0800
3e7a0800
3dc27800
bd8ae800
00000000
be6c2400
3e349400
3d5e4000
3cde4000
3e0ae800
3e0ae800
bd5e4000
3e18cc00
3d5e4000
00000000
3e9fbe00
bdde4000
3e18cc00
3e18cc00
3e9fbe00
bd8ae800
bdc27800
3e505c00
3dfa0800
3da6b000
3e427800
bc5e4000
00000000
3d26b000
3dfa0800
3e98cc00
3cde4000
be427800
3cde4000
bcde4000
3cde4000
3d8ae800
3dc27800
3d8b0400
3d1ee000
00000000
3d8b0400
bc1ee000
bf9da240
bd1ee000
bd9ee000
bd9ee000
bdc69800
bdb2bc00
3d469800
3e783e00
3e469800
3d9ee000
3d9ee000
3d9ee000
bcee5000
bd1ee000
be1ee000
3d8b0400
3e011600
3e1ee000
3dda7400
3e0b0400
be14f200
3e0b0400
bd1ee000
be011600
be28ce00
3db2bc00
3d6e5000
3e0b0400
3e14f200
bdee5000
3cee5000
3c1ee000
3e28ce00
bd8b0400
3dc69800
bd469800
3c9ee000
3d1ee000
3c1ee000
bd1ee000
bd469800
bc1ee000
be011600
bc9ee000
bd8b0400
be0b0400
be3caa00
bd9ee000
be011600
3d8b0400
3d1ee000
be28ce00
be32bc00
bc1ee000
3e5a7400
3e0b0400
3dee5000
3e32bc00
bc9ee000
3dc69800
bc1ee000
3ea3d700
3d8b0400
3d6e5000
bdc69800
bdee5000
bc9ee000
00000000
bc1ee000
00000000
bcee5000
bd8b0400
3c1ee000
be14f200
bd9ee000
3d6e5000
3c9ee000
be3caa00
3d6e5000
3e3caa00
3e011600
3cee5000
3c1ee000
be14f200
3e5a7400
bc9ee000
3e469800
be011600
3dda7400
3db2bc00
3d469800
3e646200
bd1ee000
3e011600
bd9ee000
3eda7400
3dc69800
3e011600
3e32bc00
be860d00
3c9ee000
3c1ee000
3cee5000
bd9ee000
00000000
bd8b0400
3cee5000
be0b0400
3e32bc00
bc1ee000
bc1ee000
bdee5000
3dc69800
3cee5000
3e011600
bd469800
bdb2bc00
bc1ee000
3e14f200
bdda7400
bdda7400
be28ce00
be1ee000
3dafe000
be490000
3e6eb000
3dafe000
3de22000
3fc76e00
3cc90000
3e235000
3dfb4000
3cc90000
3cc90000
3d96c000
3dc90000
bcc90000
be235000
bcc90000
be3c7000
bd7b4000
3d490000
bcc90000
bdfb4000
bd7b4000
3d16c000
bcc90000
3e0a3000
00000000
3cc90000
3d96c000
3e235000
bdc90000
3d490000
00000000
be622000
bcc90000
bd490000
3e490000
be2fe000
3e235000
3cc90000
bd7b4000
3dfb4000
bd7b4000
bdc90000
bc490000
bdfb4000
00000000
bd16c000
3d7b4000
3e559000
bc490000
3e0a3000
bdc90000
bdfb4000
3e83e800
3d7b4000
3e622000
bd96c000
3de22000
3e2fe000
bdafe000
3de22000
3d7b4000
3c490000
3e3c7000
3cc90000
bd96c000
be6eb000
3d96c000
00000000
3d96c000
bd96c000
3dafe000
3d490000
bdfb4000
00000000
3dfb4000
3dfb4000
be7b4000
3d7b4000
3dc90000
3e3c7000
3e622000
3dfb4000
bdfb4000
3dfb4000
00000000
bc490000
3d96c000
be235000
be7b4000
3c490000
bd7b4000
3d490000
bde22000
3d16c000
bd490000
bd16c000
bde22000
bdafe000
3d16c000
3f622000
3e3c7000
be235000
3d490000
bd490000
3d490000
bcc90000
3e3c7000
bdc90000
bd16c000
bd7b4000
bc490000
be0a3000
bd16c000
3d7b4000
3d490000
bd490000
00000000
3d16c000
be6eb000
bde22000
3d7b4000
3e559000
bdfb4000
bd96c000
bdfb4000
3e235000
3dc90000
bd553000
3c8e2000
bdb1a800
3db1a800
bc8e2000
400d03c0
3e0e2000
00000000
bd8e2000
00000000
bc8e2000
3e1fe400
bd553000
3e1fe400
3e0e2000
3d0e2000
3d0e2000
be436c00
3c8e2000
3e31a800
3d553000
00000000
be31a800
bc8e2000
be31a800
bdf8b800
be78b800
bdd53000
3c8e2000
3df8b800
3df8b800
3db1a800
bdf8b800
3df8b800
bdd53000
00000000
be0e2000
3d553000
bdf8b800
bdf8b800
3e0e2000
3e31a800
3d0e2000
be31a800
3e553000
3e853e00
3c8e2000
3d0e2000
bd553000
00000000
bd8e2000
3c8e2000
be1fe400
3df8b800
3e1fe400
bd553000
bdf8b800
bdf8b800
3e553000
3df8b800
bc8e2000
be8e2000
bc8e2000
be0e2000
00000000
3d8e2000
bd8e2000
bdd53000
00000000
3df8b800
3db1a800
be1fe400
bc8e2000
bdb1a800
3e78b800
3dd53000
3e436c00
3e0e2000
bdd53000
3df8b800
be66f400
bd8e2000
be78b800
3df8b800
be0e2000
3db1a800
be0e2000
be1fe400
be8e2000
00000000
bdd53000
bd0e2000
00000000
00000000
bd0e2000
bdb1a800
be553000
3df8b800
bc8e2000
be9fe400
be853e00
3d0e2000
be31a800
3df8b800
bd8e2000
bc8e2000
3dd53000
be78b800
3dd53000
be0e2000
3db1a800
3e553000
bc8e2000
3d0e2000
00000000
3d553000
3e553000
bd0e2000
3d0e2000
00000000
3dd53000
3d0e2000
00000000
3d0e2000
bdb1a800
be1fe400
3d553000
be0e2000
be1eac00
bdbe6800
be1eac00
bd3e6800
bdfde000
3f75f100
3e1eac00
bc7de000
3d9eac00
bdbe6800
3e1eac00
bd9eac00
bc7de000
bcfde000
be0ece00
3c7de000
00000000
3dde2400
3e1eac00
00000000
bc7de000
3cfde000
3cfde000
3d3e6800
bdde2400
bdbe6800
3dfde000
3d3e6800
3dbe6800
be1eac00
3cfde000
bd3e6800
3d7de000
3d9eac00
3c7de000
bd9eac00
00000000
3e1eac00
bd7de000
00000000
be7de000
3d7de000
3d7de000
3e0ece00
3c7de000
3e5e2400
be6e0200
bc7de000
3c7de000
bd9eac00
00000000
bd7de000
bdbe6800
bd7de000
3d7de000
3d3e6800
bcfde000
3e0ece00
3c7de000
bdde2400
bdbe6800
be3e6800
bdfde000
3dde2400
3e2e8a00
bd7de000
3dde2400
bcfde000
3e1eac00
3dfde000
3d9eac00
bcfde000
3e5e2400
bc7de000
bd9eac00
3dbe6800
3cfde000
00000000
bdbe6800
00000000
be0ece00
bd9eac00
3dbe6800
3e5e2400
3cfde000
bd7de000
3e9eac00
3d3e6800
be5e2400
bd9eac00
3e2e8a00
3d3e6800
3cfde000
3e1eac00
be0ece00
bd3e6800
3e8ece00
3e2e8a00
3d7de000
be1eac00
3ffbe440
bd7de000
3dfde000
be0ece00
3cfde000
00000000
3dde2400
3c7de000
3d7de000
00000000
bcfde000
bc7de000
3dfde000
00000000
bdde2400
be1eac00
be5e2400
3d3e6800
3dbe6800
bdfde000
bdde2400
3c7de000
3e5e2400
3d3e6800
3d9eac00
bd7de000
be2e8a00
bcfde000
bc678000
bc678000
3de78000
bd90b000
3dada000
bfe5b100
3c678000
00000000
3de78000
3e023800
3d2da000
be023800
bde78000
3de78000
be2da000
3e4a9000
00000000
bd90b000
3e023800
bde78000
3dca9000
bd90b000
bd90b000
bc678000
bd2da000
3c678000
bc678000
be75f800
bde78000
bd2da000
be90b000
bd90b000
3e678000
bde78000
bc678000
bdada000
3dada000
bce78000
3d90b000
3c678000
3e4a9000
3d2da000
be678000
bd678000
be590800
3c678000
3dca9000
3d90b000
bdada000
3d678000
3d90b000
be75f800
3e3c1800
3ce78000
3e3c1800
bd90b000
3d678000
3e10b000
be023800
bd678000
3c678000
00000000
bc678000
bc678000
3e2da000
3d90b000
3e590800
be4a9000
be823800
3e678000
bd2da000
3ce78000
3e10b000
3dca9000
3e023800
bc678000
be023800
bdca9000
00000000
3e10b000
3dca9000
3ce78000
bde78000
bd90b000
3de78000
bd678000
3d2da000
bdada000
be678000
3e10b000
3d90b000
bd678000
bdada000
3e97ec00
3e4a9000
bce78000
bc678000
3ce78000
00000000
3c678000
3f85d600
3e2da000
be023800
bde78000
3de78000
be10b000
bd678000
bdca9000
bd2da000
be023800
3e4a9000
bc678000
bd90b000
3dca9000
3dca9000
bd678000
bd2da000
be1f2800
bce78000
00000000
be10b000
bea66400
3e1f2800
bce78000
be023800
bde78000
be1f2800
be823800
3ce0a000
be448c00
bc60a000
3e6eaa00
3dc48c00
bfdedec0
be0c6400
3da87800
be9a6e00
3dc48c00
3e287800
beaf7d00
3dfcb400
bda87800
bd8c6400
3dfcb400
bd8c6400
3c60a000
bd287800
3ce0a000
00000000
3de0a000
bd60a000
bdc48c00
bdc48c00
3dfcb400
bd60a000
3e0c6400
3e448c00
3de0a000
bdc48c00
3ce0a000
3dc48c00
3e287800
3e368200
be287800
bd60a000
bdc48c00
bdc48c00
3ce0a000
00000000
3da87800
3e0c6400
3da87800
3de0a000
3d60a000
bdc48c00
3e0c6400
be1a6e00
3de0a000
bdc48c00
3d60a000
be0c6400
3da87800
3d60a000
3d60a000
be448c00
3e1a6e00
be529600
3e60a000
3e855f00
3d287800
3de0a000
bc60a000
bc60a000
3e1a6e00
bde0a000
3de0a000
3dc48c00
3e60a000
3ce0a000
00000000
3e0c6400
3e1a6e00
3d287800
bc60a000
be287800
3ce0a000
bde0a000
3d8c6400
3c60a000
3d8c6400
bc60a000
be529600
bc60a000
be1a6e00
bda87800
3d8c6400
3ce0a000
bdc48c00
3ce0a000
bd60a000
3d287800
bc60a000
bd287800
3e368200
bdfcb400
bd287800
be7cb400
00000000
bfb2ff80
be6eaa00
3e287800
3ce0a000
be529600
be0c6400
3e368200
00000000
3d8c6400
3d287800
3e529600
bd8c6400
bd60a000
bde0a000
bdc48c00
3de0a000
3d8c6400
3de0a000
00000000
3e60a000
bd287800
bde0a000
3dfcb400
3ce0a000
bdc48c00
3ce0a000
bd8c6400
3dc48c00
3e3f1600
be5ad300
be0dc600
bdac9800
be35d700
bec3b580
3dc54000
bc13f000
beba7680
3d817200
be2c9800
3d454000
3d6a3c00
3e235900
3c454000
3d6a3c00
3d769000
bdd19400
be1a1a00
bde41200
bd454000
bd8dc600
be82fc80
3de41200
3d454000
bd454000
3e82fc80
3c13f000
bda04400
bc13f000
bd079c00
3e35d700
bd817200
3dbf1600
be93f000
be5de800
3ddde800
3d519400
bc769000
be2c9800
3dcb6a00
3da66e00
3d2c9800
3c454000
bc13f000
3dc54000
bd817200
3da04400
3c454000
be298300
bd13f000
3e2c9800
be298300
bd879c00
3dd19400
3d879c00
bddde800
bdd7be00
3d38ec00
bd454000
3d454000
3b454000
3e235900
bd93f000
bbc54000
3e57be00
3d817200
3d079c00
3b454000
bd2c9800
bd8dc600
be3f1600
3d204400
3db2c200
bdbf1600
3e0dc600
bde41200
3e4e7f00
bd93f000
be3f1600
3e079c00
bdc54000
be204400
bd519400
bd6a3c00
3e38ec00
bd079c00
be957a80
3d38ec00
bbc54000
be204400
3df06600
bdea3c00
3d2c9800
3e892680
3d5de800
bd817200
bd454000
3cac9800
bd8dc600
3e861180
beb5d700
3dea3c00
be170500
3e2fad00
be048700
3e204400
3e298300
bde41200
bdfcba00
3b454000
3e2fad00
3d2c9800
be422b00
bd6a3c00
be10db00
bd817200
3e6d5100
3dc54000
3c769000
bd079c00
3df69000
3cc54000
3e048700
3da04400
bd454000
3dd19400
bc454000
3d78c000
bd78c000
bdd9a800
3dba9000
3e59a800
3ff6ce80
00000000
3e3a9000
3e842600
3eab0400
3dd9a800
be1b7800
bd3a9000
3c78c000
3e2b0400
bd9b7800
bd9b7800
00000000
3df8c000
3d3a9000
3d78c000
3e0bec00
3dba9000
3c78c000
bd9b7800
3e2b0400
3d9b7800
3e3a9000
bd3a9000
be3a9000
3cf8c000
3d78c000
bc78c000
bd3a9000
3e8bec00
3d3a9000
bcf8c000
be4a1c00
be2b0400
3d3a9000
be1b7800
3d9b7800
bd3a9000
3cf8c000
bdba9000
3e78c000
bcf8c000
bdba9000
3d3a9000
3cf8c000
3dba9000
3cf8c000
3d78c000
3d78c000
3d78c000
bdf8c000
be0bec00
bdd9a800
3e693400
3e1b7800
be2b0400
bcf8c000
be0bec00
00000000
bdf8c000
bc78c000
00000000
3d9b7800
be1b7800
be8bec00
bdba9000
3e3a9000
bd9b7800
3d3a9000
bcf8c000
bd9b7800
bd9b7800
3d78c000
3dd9a800
bd9b7800
3dba9000
3cf8c000
bdf8c000
3dd9a800
be9b7800
3d9b7800
3cf8c000
3d78c000
bd3a9000
bd9b7800
3d3a9000
3dd9a800
bcf8c000
3d78c000
be4a1c00
3dd9a800
be3a9000
3e0bec00
bdd9a800
3e1b7800
bcf8c000
bd3a9000
3dd9a800
3d78c000
be842600
3e59a800
bdd9a800
be2b0400
bdba9000
bd9b7800
3e0bec00
bd78c000
bcf8c000
3c78c000
3dba9000
be1b7800
bcf8c000
bd78c000
bcf8c000
3d78c000
3d78c000
3d78c000
bdd9a800
3cf8c000
be59a800
be693400
be93b200
3e1b7800
bd270400
3dcace00
bde2aa00
3dfa8600
3d6e9800
bf3d6240
be56bc00
bd0f2800
3d56bc00
3d270400
bc8f2800
3e32f200
3c8f2800
bd56bc00
3dd6bc00
bd9b1600
be093100
bbbee000
bde2aa00
3d270400
3dd6bc00
3d833a00
3e093100
bc3ee000
bd0f2800
3db2f200
3d6e9800
bd6e9800
bdbee000
bd56bc00
3d0f2800
be38e900
be1b1600
00000000
bdb2f200
be62aa00
bdee9800
be0f2800
3d8f2800
be803e80
3dbee000
be1b1600
be32f200
bd9b1600
3cbee000
3e0f2800
3cee9800
3e5cb300
3bbee000
bdd6bc00
3d8f2800
be56bc00
be5cb300
bd9b1600
bd270400
bd6e9800
00000000
3bbee000
3de2aa00
bd8f2800
bcee9800
bdbee000
3db2f200
bde2aa00
be5cb300
bdfa8600
3e32f200
3d3ee000
be32f200
bcee9800
be1b1600
3d9b1600
3e151f00
3e033a00
3bbee000
be1b1600
3db2f200
bbbee000
3e151f00
bd6e9800
3dfa8600
bd0f2800
3dee9800
3d56bc00
3d270400
3e5cb300
3cbee000
bd0f2800
3d8f2800
bde2aa00
bd6e9800
3eb2f200
bc3ee000
bdfa8600
bdb2f200
be270400
bda70400
3d3ee000
3db2f200
3d270400
beacfb00
3cee9800
be151f00
be0f2800
3c3ee000
3c8f2800
bd833a00
3de2aa00
be5cb300
bd3ee000
3e093100
bd56bc00
bde2aa00
3d833a00
3d0f2800
3cee9800
bcee9800
bd0f2800
3e151f00
3dee9800
be033a00
be863580
bd9b1600
bdd6bc00
3de2aa00
bd833a00
bdee9800
be748f00
bceda000
be6da000
be323800
00000000
3db23800
c04a5a40
bdeda000
3e323800
3e323800
bceda000
3e323800
3deda000
3ea35e00
3ceda000
3e323800
3db23800
3e4fec00
bceda000
3e323800
3deda000
3e148400
3e85aa00
bceda000
be323800
3db23800
be85aa00
3d6da000
be148400
3e148400
00000000
be323800
3ceda000
bdb23800
3db23800
bdb23800
3e85aa00
bdb23800
3d6da000
bdb23800
3ceda000
bceda000
3e148400
00000000
3db23800
be4fec00
3db23800
3ceda000
bd6da000
3e4fec00
3db23800
3db23800
bd6da000
be323800
bceda000
00000000
be323800
bceda000
3e148400
3e148400
bdb23800
bd6da000
3ceda000
3ceda000
3ceda000
3db23800
00000000
bd6da000
3deda000
3db23800
bdeda000
bceda000
3e148400
00000000
be4fec00
3ea35e00
bceda000
3deda000
be148400
3ceda000
bdeda000
be148400
bceda000
bceda000
bd6da000
beb23800
be148400
3deda000
be4fec00
bd6da000
bceda000
be85aa00
3e323800
bceda000
be148400
be148400
00000000
00000000
3db23800
be148400
3e148400
406bc4c0
bdeda000
3ceda000
bceda000
bdb23800
3db23800
3d6da000
bceda000
3db23800
bdb23800
bd6da000
00000000
bceda000
3d6da000
00000000
be4fec00
bceda000
be6da000
3db23800
3d6da000
3e323800
3db23800
3d6da000
be4fec00
3db23800
bd6da000
3e323800
00000000
3dd1a000
3dc48600
bd6bd400
3e16ab00
3d376c00
bea3c500
3cd1a000
bc51a000
3e23c500
3c9d3800
bc51a000
3e9d3800
3e4b1300
3cd1a000
3e16ab00
3db76c00
3cd1a000
bdaa5200
bd6bd400
bbd1a000
bdb76c00
3d030400
bd6bd400
bc9d3800
3d1d3800
bd901e00
3d901e00
3d901e00
bdebd400
beb76c00
3e654700
bcd1a000
00000000
3c9d3800
3d830400
3c9d3800
3e030400
3e16ab00
3c51a000
bddeba00
3c9d3800
bcd1a000
3d830400
bd830400
3c51a000
3cd1a000
3debd400
bdd1a000
3df8ee00
bdb76c00
3e30df00
3d1d3800
3bd1a000
3d376c00
bdb76c00
bc9d3800
bd901e00
be23c500
3daa5200
bdf8ee00
3c9d3800
bc51a000
bd901e00
3e099100
3d830400
bd51a000
3bd1a000
be30df00
3e654700
bdd1a000
3d901e00
3e2a5200
be2a5200
3e376c00
3e6bd400
bdc48600
3e51a000
3e2a5200
3d376c00
bbd1a000
bdaa5200
be78ee00
3d030400
3e1d3800
bdd1a000
3e16ab00
3d376c00
3e6bd400
3e099100
be5eba00
3e030400
be78ee00
3e1d3800
3e1d3800
3e376c00
3dd1a000
3e1d3800
3ddeba00
3e16ab00
bdc48600
bf4ffcc0
bd9d3800
be99f180
bc9d3800
beaa5200
be448600
3df8ee00
3d830400
bdd1a000
3daa5200
be23c500
3c9d3800
3df8ee00
be30df00
be5eba00
3daa5200
3d1d3800
3c51a000
3e23c500
3daa5200
bdebd400
bcd1a000
bcd1a000
be099100
bdb76c00
3debd400
be448600
3d376c00
00000000
00000000
bd2a2000
be54a800
00000000
c028cbc0
3dff3000
3d7f3000
3dff3000
3d2a2000
3caa2000
bcaa2000
bcaa2000
bdff3000
bd2a2000
3d7f3000
3daa2000
bdd4a800
3e3f6400
bdaa2000
3e2a2000
bdaa2000
3caa2000
3dff3000
bdd4a800
be54a800
be14dc00
3d2a2000
bcaa2000
3e2a2000
3caa2000
be14dc00
bd7f3000
3e3f6400
00000000
3daa2000
3e14dc00
3daa2000
3d2a2000
3daa2000
3d2a2000
bd7f3000
bd2a2000
bcaa2000
be69ec00
3dd4a800
be2a2000
3dd4a800
bd2a2000
3d2a2000
bcaa2000
3eaa2000
bdaa2000
3d7f3000
bdff3000
3daa2000
3dff3000
3dd4a800
00000000
bdff3000
bd2a2000
bd2a2000
3dff3000
bdaa2000
3dd4a800
bdaa2000
bdff3000
3e2a2000
3e3f6400
3caa2000
bd7f3000
3caa2000
be3f6400
bdff3000
bd7f3000
bd2a2000
bd2a2000
3daa2000
bcaa2000
be2a2000
be14dc00
00000000
bdaa2000
3e54a800
00000000
3e54a800
bdd4a800
be3f6400
3daa2000
bd2a2000
00000000
bd7f3000
00000000
3dd4a800
3d2a2000
be94dc00
3e14dc00
3dff3000
bdaa2000
3caa2000
bfbf6400
00000000
00000000
3daa2000
be2a2000
bd2a2000
bdaa2000
be54a800
bdd4a800
3dff3000
bd2a2000
bdaa2000
be3f6400
00000000
bcaa2000
3dff3000
be14dc00
3e2a2000
3daa2000
bd2a2000
3caa2000
bcaa2000
3d7f3000
bd2a2000
3dff3000
3caa2000
00000000
bdaa2000
be06c000
bd6bd000
bc06c000
be528c00
3c86c000
3f480500
be8f2c00
bdebd000
3d979800
3da87000
bd06c000
3ddaf800
bddaf800
be4a2000
3d4a2000
bc06c000
3d86c000
3dfca800
bd287000
3d06c000
be636400
3e06c000
be9bce00
3e828a00
3e828a00
3e30dc00
3cca2000
bdfca800
be8af600
bd06c000
be200400
3d06c000
3c06c000
3debd000
3d287000
3da87000
bc86c000
bdb94800
bdebd000
3d6bd000
00000000
3d287000
3e06c000
bdfca800
3e200400
bd979800
3da87000
3e06c000
3db94800
3e828a00
bcca2000
bd287000
3c86c000
bc86c000
bd06c000
00000000
3d287000
3c86c000
be06c000
3d06c000
3db94800
bda87000
3c86c000
3db94800
be06c000
3db94800
3debd000
3dca2000
3dfca800
3e636400
3c86c000
3d4a2000
bdfca800
3da87000
3e06c000
bd06c000
3d979800
3d06c000
bdfca800
3e30dc00
bd06c000
3cca2000
3d979800
bd287000
bd86c000
3ddaf800
3da87000
be5af800
3c06c000
bcca2000
bc86c000
be287000
3e6bd000
3debd000
3dca2000
bd6bd000
bdfca800
3debd000
be06c000
3e287000
bf85b280
3db94800
bdb94800
bd6bd000
3dca2000
be06c000
bdb94800
3da87000
3da87000
be06c000
bdebd000
3d287000
bdb94800
3cca2000
3e6bd000
3e394800
be30dc00
bd6bd000
bdb94800
bd287000
3dfca800
00000000
bd4a2000
3cca2000
3d287000
be394800
bd06c000
3cca2000
be095000
00000000
3e095000
00000000
bd686000
bf016400
bdf2f000
bd3e2000
bdf2f000
3ca90000
3da90000
bd13e000
3d895000
bcfd8000
00000000
be686000
3e13e000
bcd34000
bc7d8000
3e840800
3cfd8000
bdf2f000
00000000
bd290000
3d13e000
bd93e000
bcd34000
3d686000
be23b800
3d3e2000
beaba400
3cfd8000
be0e9800
3cfd8000
3cfd8000
3dbe2000
bd3e2000
3da90000
3e040800
3e38d800
bd93e000
3e290000
be192800
00000000
3d3e2000
bca90000
00000000
3e686000
be6da800
bd7d8000
3da90000
3d895000
3df2f000
be13e000
be192800
bd3e2000
bd290000
bca90000
bc7d8000
3d7d8000
be4df800
3e339000
3cfd8000
3df2f000
3ba90000
3e2e4800
3e040800
3e095000
3e9e7000
3e2e4800
be686000
3d534000
3cd34000
bd7d8000
3e192800
3e38d800
bd895000
be93e000
bcd34000
3dddd000
bd290000
3e0e9800
3d3e2000
3e23b800
bcfd8000
be534000
3cd34000
3d686000
be1e7000
be816400
bdb39000
be2e4800
bc290000
3e13e000
3de86000
3dddd000
00000000
3d534000
3e1e7000
bba90000
bf27ae00
3d13e000
3e13e000
be13e000
be8bf400
3e72f000
be4df800
3cd34000
3c7d8000
3e1e7000
bd534000
bdf2f000
3dc8b000
be23b800
bdbe2000
bdfd8000
3dd34000
3cfd8000
bcfd8000
bd686000
3e38d800
be9e7000
3e6da800
bd534000
bcd34000
be290000
3d7d8000
bd7d8000
bcdb0000
00000000
3ddb0000
3e766000
00000000
bf88e000
be5b0000
3e3fa000
bddb0000
bd5b0000
bcdb0000
3da44000
00000000
00000000
3da44000
3d5b0000
bd5b0000
3e08e000
3cdb0000
bcdb0000
3da44000
3e88e000
be08e000
be88e000
3ddb0000
3da44000
3da44000
3e08e000
bd5b0000
3e244000
be08e000
bd5b0000
bddb0000
3d5b0000
3cdb0000
3e969000
bddb0000
bda44000
be244000
3e244000
be08e000
bd5b0000
00000000
bd5b0000
3e08e000
3da44000
3cdb0000
3da44000
3e08e000
be3fa000
be08e000
be08e000
bd5b0000
bda44000
be88e000
bd5b0000
3e766000
3ddb0000
be244000
be244000
00000000
00000000
00000000
3d5b0000
3da44000
00000000
00000000
bda44000
3e3fa000
3e969000
bda44000
be08e000
3ddb0000
be3fa000
be08e000
bcdb0000
3d5b0000
3e08e000
3e08e000
bda44000
be969000
be5b0000
3cdb0000
3e08e000
bda44000
00000000
00000000
be08e000
be08e000
00000000
00000000
3e08e000
be08e000
00000000
bddb0000
bddb0000
bd5b0000
bcdb0000
00000000
3e3fa000
c0594a00
00000000
3eb1f000
3e969000
be3fa000
be244000
3e3fa000
3da44000
be08e000
3cdb0000
bddb0000
3e5b0000
bd5b0000
bda44000
3cdb0000
3d5b0000
00000000
bda44000
be244000
3ddb0000
be08e000
3d5b0000
3e766000
3e3fa000
be3fa000
3cdb0000
3cdb0000
3e244000
be30e000
3cb0e000
3e46fc00
be04a800
be5d1800
c02f7e40
00000000
3e30e000
be1ac400
3e04a800
be1ac400
3cb0e000
bd30e000
3ddd1800
3cb0e000
be46fc00
be5d1800
3e04a800
be04a800
3e46fc00
3db0e000
bcb0e000
3d84a800
be30e000
3e1ac400
bcb0e000
bcb0e000
bd84a800
3cb0e000
bddd1800
3ddd1800
3ddd1800
bddd1800
00000000
3e30e000
bdb0e000
be04a800
bdb0e000
bd30e000
bd84a800
00000000
3e46fc00
be30e000
00000000
bd84a800
3d84a800
be46fc00
be04a800
3ddd1800
bddd1800
3d84a800
3d30e000
be46fc00
be46fc00
3e8fb600
be04a800
bcb0e000
3e1ac400
3e1ac400
be1ac400
bddd1800
3d30e000
3cb0e000
be04a800
be1ac400
3ddd1800
3db0e000
00000000
bdb0e000
3d84a800
3cb0e000
be46fc00
bd84a800
be5d1800
3e8fb600
bcb0e000
be04a800
bd30e000
3d84a800
00000000
3ddd1800
3cb0e000
3d30e000
00000000
be04a800
bcb0e000
3e84a800
3d30e000
3e733400
00000000
be30e000
3d30e000
3d84a800
be9ac400
3ddd1800
bdb0e000
3cb0e000
bd30e000
be46fc00
bd30e000
bf733400
bdb0e000
3db0e000
3d30e000
be733400
00000000
3e04a800
3e5d1800
00000000
bcb0e000
3cb0e000
3d30e000
3d84a800
3cb0e000
bdb0e000
bcb0e000
3db0e000
3db0e000
3cb0e000
3e30e000
3e1ac400
be1ac400
be84a800
3d84a800
3e30e000
be04a800
00000000
be30e000
bd9b7000
bd9b7000
00000000
be355800
3e1b7000
c04da180
bccf4000
bd9b7000
be1b7000
3ccf4000
be018800
bd9b7000
3ccf4000
bccf4000
3d4f4000
3d9b7000
be1b7000
bd4f4000
3e692800
be018800
3d9b7000
3e1b7000
3e018800
3e1b7000
be818800
be8e7c00
be018800
3ccf4000
3e1b7000
3ccf4000
3dcf4000
bd9b7000
bd9b7000
3e355800
3d9b7000
3d4f4000
3d4f4000
be4f4000
bd4f4000
bccf4000
be018800
bccf4000
bdcf4000
be4f4000
bedc3400
bd9b7000
3e4f4000
bccf4000
3d4f4000
3e355800
3dcf4000
bccf4000
bccf4000
3e4f4000
3e818800
bdcf4000
3dcf4000
00000000
3ccf4000
bd9b7000
bd4f4000
be4f4000
3ccf4000
3e1b7000
be018800
bdcf4000
bd4f4000
3ccf4000
be018800
3e355800
3dcf4000
bd4f4000
3d9b7000
bccf4000
bdcf4000
3ccf4000
be818800
3e818800
3ccf4000
bd9b7000
bd9b7000
3e4f4000
bd9b7000
bd9b7000
be1b7000
3e018800
3dcf4000
bd4f4000
00000000
3d9b7000
bccf4000
3e355800
3e018800
3e4f4000
bccf4000
3e818800
3e018800
3dcf4000
3ccf4000
3e818800
c033b980
be355800
be018800
3e018800
3dcf4000
3ccf4000
bd4f4000
3e018800
bdcf4000
3d9b7000
bccf4000
3d4f4000
be355800
3d4f4000
be1b7000
be018800
3e4f4000
3d4f4000
3e692800
3d4f4000
3d4f4000
be692800
3e1b7000
bccf4000
3d9b7000
3e355800
bd9b7000
00000000
3dc1e000
3e623000
00000000
3d014000
3d814000
40803d80
bd014000
00000000
beb1b800
be219000
00000000
bd014000
be014000
00000000
3d814000
3dc1e000
be219000
be014000
be623000
bd014000
be41e000
be014000
3d814000
3e219000
bdc1e000
bd814000
3e41e000
bd814000
be916800
3dc1e000
3d014000
3e014000
3d014000
3d814000
be219000
bd814000
3d014000
3d014000
be219000
3e219000
3d014000
3d014000
00000000
3d814000
bdc1e000
3d814000
3d014000
3dc1e000
bdc1e000
3d014000
3dc1e000
bd014000
3e916800
bd014000
3d014000
3d014000
be014000
00000000
3dc1e000
3e219000
3e219000
3e41e000
be41e000
3d014000
3d814000
3e219000
3dc1e000
bd014000
bd014000
be014000
3e014000
be219000
00000000
3e014000
bdc1e000
be219000
bd014000
bd014000
3d014000
3ec1e000
be814000
bd814000
3e219000
3e014000
bdc1e000
3d014000
3e814000
be623000
bdc1e000
be623000
3d014000
00000000
3dc1e000
bd814000
00000000
be219000
bdc1e000
bd014000
3d814000
00000000
bfadae00
3d014000
be814000
3d014000
3dc1e000
3e41e000
3e623000
bd814000
be014000
3dc1e000
be014000
bd814000
3d014000
3e014000
3d014000
3d814000
3e219000
bd814000
bd814000
bd814000
00000000
3d814000
be014000
3d814000
bdc1e000
3d014000
be41e000
be916800
bd8c6000
3e0c6000
be0c6000
bd0c6000
3e2f7800
c00b4740
3d0c6000
3d529000
bd8c6000
bdaf7800
be410400
3d529000
3d8c6000
3daf7800
be1dec00
3dd29000
be0c6000
be641c00
3e641c00
3e0c6000
be2f7800
00000000
00000000
3c8c6000
be1dec00
3d0c6000
bd8c6000
3e9dec00
bdf5a800
00000000
bd8c6000
be410400
be410400
bc8c6000
bdd29000
3d529000
bd0c6000
3d529000
bd8c6000
bdd29000
3daf7800
3e529000
bdf5a800
3e410400
be1dec00
bdf5a800
3d529000
3d529000
3e529000
3d8c6000
be1dec00
3d529000
bc8c6000
00000000
bd0c6000
3c8c6000
00000000
bc8c6000
be410400
3df5a800
3c8c6000
3e2f7800
3d0c6000
00000000
bdf5a800
3e529000
bd529000
3d8c6000
bd529000
bdd29000
3d8c6000
bdf5a800
3daf7800
be2f7800
3d529000
3e529000
be2f7800
3d529000
3e2f7800
bd529000
bc8c6000
00000000
3d529000
be0c6000
3daf7800
3daf7800
3c8c6000
3d0c6000
bd529000
00000000
3e75a800
3d8c6000
3e1dec00
3d0c6000
3d529000
bc8c6000
3d529000
be75a800
3dd29000
3e529000
bf839a00
bdaf7800
3daf7800
bdaf7800
3e0c6000
3c8c6000
bdf5a800
bdaf7800
be0c6000
bd0c6000
bd529000
be1dec00
be1dec00
bdaf7800
3e0c6000
3d529000
bdd29000
3daf7800
bdf5a800
3e952600
00000000
3dd29000
3daf7800
bd0c6000
bc8c6000
bdf5a800
3dd29000
3e410400
bd472000
bdc72000
3d84c000
be368800
3d472000
4003b680
3d472000
3d84c000
3d04c000
3de85000
3dc72000
be04c000
be8d0c00
bda5f000
3da5f000
bd84c000
3e472000
3e04c000
be04c000
be368800
3d04c000
3d84c000
3e685000
3e04c000
bc84c000
3da5f000
3e368800
be155800
be155800
bd84c000
bd04c000
be84c000
3e155800
3de85000
3dc72000
3e472000
3e84c000
be04c000
be155800
bd04c000
bd04c000
3c84c000
00000000
be472000
3d04c000
00000000
be78e800
00000000
3d84c000
3dc72000
3c84c000
bc84c000
3d472000
bd04c000
3c84c000
3e155800
bd84c000
3e472000
bd04c000
bde85000
bd472000
00000000
bc84c000
3d04c000
3d04c000
3e155800
3e25f000
3e25f000
bde85000
3e04c000
3e25f000
3d04c000
00000000
3e25f000
be25f000
3ec72000
3e25f000
3d472000
bd84c000
bda5f000
3d04c000
bdc72000
3d472000
be8d0c00
3d04c000
3e155800
3e04c000
bc84c000
00000000
3dc72000
bd04c000
3c84c000
3e57b800
3dc72000
3d04c000
bd472000
3dc72000
3da5f000
bc84c000
3e57b800
3f25f000
3e04c000
bd472000
3e04c000
3d04c000
3d472000
00000000
3e57b800
3e368800
bde85000
bc84c000
bda5f000
3d472000
3c84c000
bc84c000
bda5f000
3d84c000
bda5f000
bde85000
bc84c000
3de85000
3d84c000
bde85000
bd472000
00000000
be04c000
3d84c000
3e57b800
be634800
bd01e000
bc81e000
3e530c00
3d81e000
3fa45f80
bde34800
3da25800
be121c00
bd42d000
3c81e000
3d42d000
be121c00
be81e000
3e01e000
3d81e000
3e530c00
bd42d000
bc81e000
be01e000
3e634800
3da25800
bd81e000
3e121c00
bda25800
bd42d000
bdc2d000
bda25800
bdc2d000
3d42d000
bd42d000
3d42d000
3e01e000
bd42d000
bed30c00
3e225800
bda25800
3d81e000
3d42d000
3d01e000
00000000
3c81e000
bda25800
3de34800
be121c00
3e530c00
3e225800
00000000
bd81e000
3c81e000
3e01e000
be01e000
3e01e000
bda25800
bda25800
00000000
bdc2d000
3d42d000
3d81e000
be121c00
3d01e000
3d01e000
be530c00
00000000
bc81e000
bd81e000
3e329400
3ea25800
3e329400
00000000
3e530c00
3de34800
3de34800
3da25800
00000000
bd42d000
bd01e000
3dc2d000
be329400
3e530c00
bd42d000
3e329400
bde34800
be01e000
3de34800
bd01e000
be42d000
3e42d000
3dc2d000
3e329400
3dc2d000
3dc2d000
3e225800
bd01e000
bdc2d000
3e121c00
3d42d000
be121c00
3de34800
3e01e000
4000dc40
3e01e000
be42d000
3d42d000
bde34800
3e225800
00000000
bd42d000
be530c00
bd42d000
be121c00
bd42d000
3e01e000
3c81e000
3dc2d000
3dc2d000
be225800
be121c00
3da25800
bdc2d000
3c81e000
3e329400
3de34800
bc81e000
3d81e000
3d42d000
00000000
3c81e000
bcbcc000
3d0d9000
3c3cc000
bd0d9000
3cbcc000
3fbb4680
3e3cc000
be195c00
3debf000
be01c400
bdbcc000
be0d9000
bd0d9000
3da52800
3e3cc000
3e30f400
bd6bf000
00000000
3e602400
3e0d9000
3debf000
be0d9000
3dbcc000
3e8d9000
be0d9000
be488c00
be81c400
3e488c00
bd3cc000
3d6bf000
3e01c400
3d0d9000
bd6bf000
bd8d9000
be252800
3cbcc000
be30f400
bd6bf000
be01c400
be545800
3e9f4200
3d3cc000
3dd45800
00000000
3d8d9000
3e0d9000
bcbcc000
3dbcc000
3cbcc000
3d6bf000
3c3cc000
3debf000
3dbcc000
3e30f400
3e77bc00
3dbcc000
3dd45800
bdbcc000
be252800
be01c400
3e6bf000
bda52800
bc3cc000
3debf000
3dbcc000
3da52800
bcbcc000
3d6bf000
3d6bf000
be77bc00
bda52800
3dbcc000
3d8d9000
3d6bf000
3da52800
bdebf000
bd6bf000
3dbcc000
bc3cc000
3d3cc000
3e252800
3e30f400
3dbcc000
3dbcc000
be252800
bc3cc000
3e602400
be30f400
3dd45800
3debf000
3d3cc000
be937600
be3cc000
be195c00
be30f400
3dd45800
bd6bf000
bc3cc000
bd8d9000
3dd45800
3f4e7200
bc3cc000
be0d9000
3d6bf000
3dd45800
3da52800
3dbcc000
be252800
bd6bf000
bc3cc000
3e01c400
3c3cc000
be488c00
bc3cc000
00000000
bdbcc000
bc3cc000
3e488c00
bda52800
be77bc00
bd3cc000
3e3cc000
bc3cc000
3d0d9000
3d8d9000
3d3cc000
3e01c400
3e545800
be72b800
bd57c000
3ea1d000
3c57c000
bdf2b800
3fd61080
3e2f4c00
bc57c000
3dd7c000
3d86d800
3e4a4400
00000000
be4a4400
bdf2b800
3d86d800
3c57c000
bc57c000
3da1d000
3ea1d000
bdf2b800
3da1d000
3e21d000
3dbcc800
3d21d000
3e8d9600
3c57c000
bda1d000
bc57c000
be06d800
3ed7c000
be4a4400
bdbcc800
3cd7c000
3dd7c000
3e801a00
3e21d000
be801a00
3d57c000
bd21d000
bdf2b800
bd86d800
be06d800
00000000
be06d800
3e2f4c00
bda1d000
3d57c000
bd86d800
bdf2b800
3d21d000
bcd7c000
bcd7c000
bcd7c000
00000000
3d21d000
bdd7c000
00000000
be57c000
be06d800
3e2f4c00
bc57c000
3e145400
3d21d000
3e21d000
3d57c000
3d57c000
3d57c000
bd21d000
3d57c000
3d21d000
3e4a4400
3e06d800
3d57c000
be145400
3dbcc800
00000000
3d57c000
00000000
3d21d000
be06d800
3d57c000
be57c000
bd21d000
bdf2b800
3d57c000
bdd7c000
be3cc800
3e145400
3dbcc800
bc57c000
bdbcc800
bd57c000
bc57c000
bdf2b800
bdd7c000
bd57c000
bdbcc800
be3cc800
3d86d800
bcd7c000
3fbb1880
3e21d000
be145400
bdbcc800
bd21d000
3e2f4c00
3cd7c000
be9b1200
3dd7c000
bcd7c000
3cd7c000
bdd7c000
bdf2b800
00000000
3e653c00
bdbcc800
bda1d000
3e145400
be4a4400
3cd7c000
be3cc800
be145400
3dd7c000
3da1d000
3dbcc800
bda1d000
bd57c000
bd86d800
bdb2c000
bd8f0000
bc8f0000
3d8f0000
3e568000
400de200
3ecd9000
bd568000
3c8f0000
3e861000
3d8f0000
3dd68000
bd0f0000
be8f0000
be0f0000
bc8f0000
bdfa4000
3d8f0000
3d0f0000
bd8f0000
3c8f0000
bdfa4000
bdfa4000
be44a000
bd0f0000
3e686000
bd0f0000
be861000
00000000
bd0f0000
bd0f0000
3d8f0000
bc8f0000
bdd68000
be0f0000
3e20e000
3db2c000
3e0f0000
bdb2c000
3dfa4000
3e20e000
3db2c000
bd8f0000
3d8f0000
3d0f0000
bdd68000
3e20e000
3e686000
00000000
bd0f0000
3d568000
be568000
3dfa4000
bd568000
3d568000
3d8f0000
3db2c000
3dfa4000
be32c000
bdd68000
bc8f0000
bdfa4000
bdb2c000
3d0f0000
3d8f0000
3db2c000
3dd68000
bdb2c000
3dd68000
3dfa4000
3e0f0000
bdb2c000
3d8f0000
3c8f0000
3c8f0000
be32c000
3e861000
3dfa4000
bd8f0000
3dd68000
be0f0000
bd8f0000
3d568000
bd8f0000
be7a4000
bc8f0000
3d568000
3e97f000
3d568000
3c8f0000
3c8f0000
bc8f0000
3e44a000
3e0f0000
bdb2c000
bd568000
be32c000
be32c000
00000000
3e97f000
bf061000
bdd68000
3dfa4000
3db2c000
3c8f0000
3d568000
be568000
3e0f0000
00000000
3c8f0000
3d568000
3d0f0000
3d8f0000
3dfa4000
be0f0000
3d0f0000
bd0f0000
3e44a000
3e20e000
3db2c000
3dfa4000
00000000
bc8f0000
3e861000
00000000
bc8f0000
bd568000
bdd68000
00000000
3de72000
3dad5800
bd907400
bdad5800
3fa7ed40
3ce72000
3d907400
be3bca00
be4a3c00
3d907400
3d2d5800
bd2d5800
3dca3c00
bd672000
00000000
3dad5800
3d2d5800
be58ae00
be107400
3d2d5800
3d2d5800
bd907400
3c672000
3e820200
bdca3c00
bdad5800
bdad5800
bd672000
3c672000
3e3bca00
3de72000
3ce72000
3e9ee600
3de72000
3d907400
bd907400
3dca3c00
3d672000
be820200
00000000
bc672000
3de72000
3e2d5800
3e3bca00
bd2d5800
3c672000
bdad5800
3e58ae00
3d2d5800
bdad5800
3dad5800
bc672000
be3bca00
bd2d5800
bc672000
3d907400
3e2d5800
3e672000
3e4a3c00
3d672000
3dad5800
3e3bca00
bc672000
bdad5800
bce72000
be58ae00
3e759200
3dad5800
bdca3c00
00000000
bc672000
3dad5800
3d672000
be672000
bdad5800
bd2d5800
3e907400
00000000
bdad5800
3d907400
3e3bca00
be020200
bd907400
bd907400
3c672000
be020200
bc672000
3e672000
bd2d5800
be97ad00
bce72000
3e2d5800
be020200
bde72000
bde72000
3e58ae00
bce72000
bce72000
bce72000
bfe551c0
bce72000
be3bca00
3de72000
be4a3c00
be1ee600
bce72000
3e907400
be2d5800
3ce72000
be907400
3e3bca00
3e107400
3de72000
bdad5800
3e1ee600
3d672000
3ce72000
be4a3c00
be58ae00
3c672000
3dad5800
bd2d5800
3de72000
bdca3c00
3d672000
3dad5800
be759200
3daa2800
bd3d1000
3d845800
bd3d1000
bd974000
be845800
bd974000
3daa2800
be174000
bd974000
3d174000
3e2a2800
3e974000
3d845800
3d974000
3e8dcc00
be045800
3de2e000
3d974000
bd845800
3df5c800
3c174000
be339c00
3de2e000
bc974000
3d174000
00000000
be174000
be62e000
bd3d1000
bde2e000
3d62e000
3d3d1000
3dbd1000
3d62e000
3ce2e000
3d974000
3e928600
bc174000
3d974000
3d62e000
3e0dcc00
3e468400
be7f3c00
bdaa2800
bdcff800
3e045800
bdaa2800
3c174000
bd174000
bdbd1000
3ce2e000
be468400
3d62e000
3d3d1000
bc174000
3de2e000
3c174000
bd3d1000
3e20b400
3dbd1000
bd62e000
bdaa2800
bdcff800
3c974000
bc974000
bd974000
3c974000
3c974000
bd3d1000
3e3d1000
3d62e000
3d845800
bd62e000
be6c5400
3e045800
bd174000
3dcff800
3d845800
be4ff800
3daa2800
bdaa2800
bdf5c800
00000000
3de2e000
3e2a2800
3d845800
be174000
be0dcc00
be75c800
3d845800
bd174000
3c974000
00000000
bd3d1000
3de2e000
bd974000
3d174000
bdaa2800
be4ff800
bf961180
be4ff800
3dcff800
bc174000
3c174000
bce2e000
bde2e000
bd974000
3daa2800
3c974000
bdcff800
3ce2e000
3d974000
3dcff800
be75c800
be339c00
bd174000
bd845800
3d174000
bc974000
3d174000
bdbd1000
bdbd1000
bde2e000
bce2e000
3df5c800
3de2e000
bdaa2800
be197400
bddb3800
be454c00
3e038800
3e038800
c02e0140
bd838800
bdaf6000
3d838800
3e2f6000
00000000
bdaf6000
bdaf6000
bcaf6000
3e197400
3e2f6000
bdaf6000
00000000
3caf6000
3caf6000
3d838800
3ddb3800
be454c00
3e038800
3d2f6000
bd2f6000
bd838800
00000000
3d2f6000
3d838800
3caf6000
bdaf6000
3d2f6000
bcaf6000
3daf6000
bd2f6000
3d2f6000
3e038800
be197400
3caf6000
3d2f6000
bdaf6000
be197400
3caf6000
bd838800
3d838800
be997400
3d2f6000
bdaf6000
be197400
bcaf6000
3d838800
3e5b3800
bd2f6000
3daf6000
be5b3800
bcaf6000
3caf6000
3e2f6000
be997400
bcaf6000
be838800
00000000
be454c00
3e038800
3d2f6000
be2f6000
3e8e7e00
bd838800
bd2f6000
bcaf6000
be5b3800
bddb3800
00000000
be2f6000
3ddb3800
be8e7e00
be038800
3d838800
bdaf6000
3d2f6000
bd838800
3caf6000
3e454c00
bddb3800
bdaf6000
be712400
3daf6000
3ddb3800
3d2f6000
bd838800
bdaf6000
3caf6000
be038800
3d2f6000
3caf6000
be2f6000
3e038800
3d838800
3d2f6000
3fee6680
be197400
be454c00
00000000
3ddb3800
bd838800
bd838800
3caf6000
3d2f6000
bd2f6000
3e2f6000
3ed04200
3daf6000
be712400
00000000
3e197400
3ddb3800
00000000
be038800
be038800
bddb3800
3daf6000
bddb3800
3e454c00
3e038800
3ddb3800
3ddb3800
be197400
be8cc400
00000000
3d2d4000
be01f000
bd81f000
402be580
be42e800
3cad4000
3e179800
3d2d4000
00000000
3d2d4000
3e179800
3cad4000
bd81f000
3e81f000
3cad4000
bd2d4000
be2d4000
3e42e800
3e179800
bdd89000
3d2d4000
bd2d4000
bd2d4000
3dad4000
3e6e3800
3e589000
bcad4000
3dd89000
bd2d4000
bdd89000
be2d4000
3cad4000
3d2d4000
bd81f000
bdd89000
3e6e3800
3dd89000
bcad4000
bcad4000
be179800
3dd89000
3e01f000
3eb81400
3cad4000
3dd89000
bdd89000
3d81f000
3d81f000
bd81f000
3cad4000
bdad4000
be01f000
be2d4000
be6e3800
3dad4000
be81f000
3d2d4000
3cad4000
be2d4000
3cad4000
3cad4000
bcad4000
3d2d4000
3e589000
bcad4000
00000000
3cad4000
3dd89000
3e179800
3dad4000
bcad4000
bdd89000
be42e800
3d2d4000
3d81f000
3dd89000
00000000
be589000
be179800
be2d4000
beb81400
3d2d4000
3d2d4000
3e179800
be01f000
be179800
bdad4000
3dd89000
be01f000
bd2d4000
3e179800
bdad4000
3dad4000
be6e3800
bcad4000
bcad4000
00000000
be2d4000
3e8cc400
3cad4000
be01f000
3dad4000
be81f000
3cad4000
00000000
be179800
3e179800
3e179800
be6e3800
bd81f000
3dad4000
bec2e800
3cad4000
3dad4000
bdad4000
bdd89000
00000000
be179800
bd81f000
be42e800
3dad4000
bd81f000
3e42e800
3e179800
00000000
3e179800
3e1a0e00
3db01000
3beac000
be819a00
3e6ac000
bd264800
bd6ac000
be39d800
bcd73000
3e7bde00
3d573000
bd979c00
bdb9d800
be28ba00
be6ac000
3e54be00
3d43a000
bdb9d800
3e12b800
be59a200
3e6d3200
bc1c8000
3dd73000
be0dd400
bc6ac000
be264800
bc1c8000
bdf96c00
3e1a0e00
3cfe5000
bddc1400
bdab2c00
3d08f000
3db4f400
be721600
bd840c00
3d840c00
00000000
3d9c8000
be28ba00
bcc3a000
be376600
3e461200
bd301000
be3ebc00
3e60f800
be0dd400
3d08f000
bda64800
be867e00
bdefa400
bc1c8000
3d39d800
3dbebc00
3d39d800
3b9c8000
be488400
bd43a000
3c88f000
3d840c00
bd6ac000
3d7e5000
3c9c8000
3e8f0d00
be854500
be2d9e00
3d12b800
3d8dd400
be019a00
bc1c8000
bc9c8000
bceac000
bd840c00
3cfe5000
be0b6200
3d979c00
3c1c8000
3c9c8000
bc43a000
3e179c00
be488400
3dab2c00
bcc3a000
3e76fa00
3e9b4700
be3c4a00
3d840c00
bde5dc00
3d39d800
bc9c8000
00000000
be796c00
3e39d800
be9b4700
3e1ef200
3ceac000
be376600
bd748800
be28ba00
bdcd6800
be60f800
3dd24c00
be43a000
bda16400
bd4d6800
be5c1400
be60f800
be59a200
bd979c00
3cfe5000
bd1c8000
bdf48800
be684e00
bd840c00
3d6ac000
3e2d9e00
3d979c00
3e12b800
bdf48800
be1ef200
bc88f000
bd60f800
be34f400
3e0dd400
3c9c8000
bd748800
3cfe5000
3e39d800
3d775800
bdde9c00
bdde9c00
3dc5e000
bd45e000
bfc45440
3cc5e000
3e146800
00000000
bd946800
bcc5e000
3d946800
3e6afa00
bd946800
be880a00
3cc5e000
3e6afa00
bdf75800
3e880a00
bdad2400
3df75800
bdde9c00
bd146800
3df75800
00000000
be080a00
bdde9c00
00000000
bd45e000
3e20c600
bdf75800
be45e000
bcc5e000
3e398200
be2d2400
3c45e000
3cc5e000
3d146800
3cc5e000
bd146800
bdad2400
3e398200
3e080a00
3c45e000
bd146800
bd45e000
3e5e9c00
3d146800
3df75800
bcc5e000
3dc5e000
3cc5e000
bc45e000
3dde9c00
3df75800
00000000
be398200
bd146800
bcc5e000
bd45e000
bcc5e000
bd946800
bd45e000
bcc5e000
3dde9c00
3dad2400
3cc5e000
bdde9c00
bd45e000
bdc5e000
3d45e000
3df75800
3e45e000
3dde9c00
3c45e000
3dde9c00
3dad2400
be45e000
3dde9c00
bc45e000
3d45e000
bdad2400
bd775800
3c45e000
3d45e000
3d45e000
bd775800
3d146800
bd45e000
bd775800
bd775800
3dc5e000
3dad2400
bd775800
be146800
3e080a00
3e45e000
bcc5e000
be080a00
bd775800
bfaeafc0
3dad2400
3d146800
be2d2400
be2d2400
bd946800
3c45e000
be20c600
3e20c600
3df75800
3d45e000
3dc5e000
3d45e000
3d146800
bd775800
3d775800
3dde9c00
3d146800
bcc5e000
3dc5e000
3d45e000
be398200
3d45e000
bcc5e000
00000000
bd45e000
3d146800
3d146800
3e220500
be035e00
bd2f2800
bd523000
3d0c2000
bf0b07c0
be37ea00
3caf2800
3e4dcf00
bb8c2000
bd1da400
3d63b400
be14e200
3d523000
bd0c2000
bdb7ea00
3df53800
3e2f2800
3c0c2000
bcaf2800
be035e00
bdd23000
bdc96e00
bdc0ac00
3d523000
3e858e80
3d753800
bdec7600
3d8c2000
bd9da400
bdd23000
bc0c2000
bda66600
3e450d00
3d9da400
bd40ac00
3d0c2000
3e266600
bdec7600
3e496e00
3dc0ac00
3caf2800
3e035e00
3d40ac00
3caf2800
be37ea00
be194300
bc0c2000
bd9da400
be07bf00
bea89680
bc0c2000
bdf53800
be569100
bdc0ac00
bb8c2000
bdc96e00
bd40ac00
3d40ac00
bb8c2000
00000000
bc0c2000
be496e00
be07bf00
bd40ac00
3c0c2000
3e338900
3e194300
3e569100
3e194300
bd2f2800
be496e00
be496e00
3e194300
bd835e00
bd1da400
be266600
bddaf200
bc523000
bd63b400
3d2f2800
3caf2800
bd94e200
bdf53800
3d0c2000
be1da400
bc0c2000
bd1da400
3dd23000
00000000
3d523000
be1da400
3df53800
3e194300
bd1da400
bcf53800
3cd23000
3d8c2000
3d94e200
bcd23000
be4dcf00
3e37ea00
bd2f2800
3d523000
3d523000
be569100
bc0c2000
bc8c2000
bcf53800
3df53800
3d1da400
3d8c2000
3d753800
3e07bf00
be681500
3e835e00
3d63b400
3e1da400
be40ac00
3dfdfa00
3dc96e00
3daf2800
bb8c2000
be37ea00
3e108100
3d0c2000
3d0c2000
3c0c2000
3d8d7800
bdbca000
bdd43400
3c3ca000
bd8d7800
bf5a1900
3e935d00
bcbca000
3da50c00
3da50c00
bda50c00
be3ca000
3d8d7800
3e30d600
3e935d00
be3ca000
3debc800
bdebc800
bd8d7800
3d8d7800
3d6bc800
bdd43400
3e879300
bd6bc800
bcbca000
bdebc800
3e6bc800
3d3ca000
3cbca000
bd3ca000
3d0d7800
bdbca000
bd6bc800
be0d7800
bd3ca000
3eaaf100
3d3ca000
be3ca000
3d3ca000
be01ae00
3cbca000
be994200
3eb0d600
bd3ca000
bd6bc800
bd3ca000
bd3ca000
be30d600
bd3ca000
bdd43400
3e30d600
bd3ca000
be81ae00
bdebc800
00000000
3d3ca000
3dd43400
3da50c00
3cbca000
bdbca000
3d0d7800
00000000
3da50c00
3e30d600
3e01ae00
be779200
bcbca000
bda50c00
3dbca000
bd0d7800
bd6bc800
bd3ca000
bdd43400
3dd43400
3d3ca000
3e01ae00
00000000
be879300
3c3ca000
3da50c00
3e486a00
be194200
3dbca000
3e879300
3d6bc800
bd6bc800
3d3ca000
00000000
be01ae00
3da50c00
bc3ca000
bd0d7800
bda50c00
3d6bc800
bda50c00
3e194200
bd0d7800
3d8d7800
be250c00
bd3ca000
3fbb26c0
3d6bc800
3dd43400
3dbca000
3da50c00
3da50c00
3d8d7800
3e30d600
3d0d7800
3dbca000
be194200
be01ae00
3dbca000
bd0d7800
3d8d7800
3e194200
be01ae00
bd8d7800
bd0d7800
00000000
bd0d7800
3e5ffe00
bdbca000
bd8d7800
3e194200
bda50c00
3e81ae00
3d6bc800
00000000
bd28c000
3dd2f000
be13a800
bdfd2000
c0276e80
3ca8c000
3dfd2000
3ca8c000
3e52f000
bd28c000
bca8c000
bdfd2000
bd28c000
bd7d2000
3dd2f000
00000000
3e680800
00000000
3dfd2000
bd28c000
bca8c000
be891c00
3eb34c00
3da8c000
3e13a800
be13a800
3dfd2000
3d28c000
00000000
bda8c000
bda8c000
3dd2f000
3d28c000
bca8c000
be680800
00000000
00000000
3d28c000
bd7d2000
bd28c000
3e680800
be28c000
3dd2f000
3dfd2000
bdd2f000
3d28c000
3e52f000
bd7d2000
3e3dd800
3da8c000
bd28c000
bdfd2000
bda8c000
3e680800
bd28c000
bca8c000
3ca8c000
be3dd800
bd7d2000
bd28c000
bd28c000
3eb34c00
bd28c000
3e93a800
be93a800
bd7d2000
bdfd2000
3d28c000
be28c000
bd7d2000
3e13a800
3ca8c000
3d28c000
3e891c00
bda8c000
3e3dd800
3e28c000
3dd2f000
bda8c000
00000000
be9e3400
bd28c000
be3dd800
3dd2f000
bca8c000
bda8c000
bda8c000
3ca8c000
bda8c000
bdfd2000
3d7d2000
3ca8c000
3dd2f000
3ca8c000
3e52f000
3ca8c000
3dd2f000
3dfd2000
00000000
bec86400
3d7d2000
bca8c000
3dd2f000
bdd2f000
3d28c000
3e680800
3dfd2000
3da8c000
3dd2f000
3d7d2000
bdfd2000
3e7d2000
3ca8c000
be13a800
3da8c000
bd7d2000
be3dd800
3d28c000
3e3dd800
00000000
3e891c00
bd7d2000
3ca8c000
bd7d2000
3ca8c000
3ca8c000
3dd2f000
be930a00
be3b2400
bc55e000
3dd5e000
bd55e000
bfd43440
bd55e000
3cd5e000
3da06800
00000000
3e3b2400
3da06800
3e206800
bd206800
3d55e000
00000000
3e206800
be488200
bda06800
bd206800
bc55e000
bd55e000
bc55e000
3d85ac00
3e3b2400
bcd5e000
3da06800
3dbb2400
3d85ac00
bdbb2400
3d206800
3e930a00
bdf09c00
3d206800
3dd5e000
3d55e000
3e633e00
3d85ac00
bdd5e000
3e709c00
00000000
3e709c00
3d85ac00
bc55e000
00000000
3e85ac00
bd55e000
bdf09c00
3da06800
3dbb2400
be930a00
3d206800
3e2dc600
3dd5e000
3d206800
bd55e000
bc55e000
3c55e000
be3b2400
3cd5e000
be930a00
be3b2400
3d55e000
bdbb2400
3d85ac00
be05ac00
3d206800
bdbb2400
3cd5e000
3d55e000
bd85ac00
3d85ac00
bc55e000
bd206800
3e633e00
be488200
00000000
3e130a00
3d85ac00
bc55e000
3da06800
be85ac00
3e2dc600
3df09c00
be488200
bda06800
bd85ac00
3e2dc600
be3b2400
3e130a00
3cd5e000
3e2dc600
3df09c00
bcd5e000
bda06800
bc55e000
bda06800
3e488200
3d55e000
bdbb2400
bf090380
3dbb2400
bd206800
3c55e000
00000000
bd55e000
bc55e000
bea06800
3d85ac00
3e130a00
3d55e000
bcd5e000
bdf09c00
bc55e000
bcd5e000
bc55e000
bdd5e000
be55e000
3da06800
3e8c5b00
bdd5e000
bd206800
bc55e000
3dd5e000
bd85ac00
3c55e000
bd85ac00
3df09c00
3e238c00
3dda1000
3e47e400
3d5a1000
bdfe6800
bfb37280
bdb5b800
be116000
3e35b800
be238c00
bd5a1000
3e47e400
3e116000
3e6c3c00
3dda1000
00000000
3c916000
00000000
be7e6800
3d916000
bdb5b800
3d5a1000
bc916000
be47e400
3d916000
3e35b800
bd916000
bd116000
bd5a1000
3e238c00
bea38c00
bdda1000
3dda1000
bdb5b800
3e238c00
bd916000
bd5a1000
bd116000
3d916000
bc916000
3d5a1000
bdfe6800
3e5a1000
be116000
3dda1000
3dda1000
bc916000
be35b800
bd916000
bd916000
3c916000
bd116000
3db5b800
3db5b800
3d116000
bd916000
be884a00
be35b800
3d916000
3dda1000
bdb5b800
be238c00
bd116000
3dfe6800
3d116000
3e116000
00000000
bd5a1000
3dda1000
bc916000
3d5a1000
3dda1000
3e116000
3dda1000
bdb5b800
be35b800
3e35b800
bdfe6800
3dda1000
bc916000
bdfe6800
bd116000
3e35b800
3c916000
3dda1000
3db5b800
bd916000
be47e400
bebece00
00000000
bd916000
be238c00
be47e400
bd5a1000
bd116000
bd5a1000
3db5b800
3d5a1000
bd916000
3e35b800
40103d40
bd5a1000
3c916000
3d5a1000
3c916000
bdb5b800
be5a1000
3d5a1000
bdda1000
3d116000
3dfe6800
bd916000
bd116000
3dda1000
bc916000
be35b800
3d116000
bc916000
3e35b800
3e916000
3c916000
bc916000
bdda1000
be116000
bd5a1000
bd5a1000
be238c00
bd116000
bdcf6000
00000000
be4f6000
3ea87e00
3e694c00
404dc140
3e4f6000
3ccf6000
bd9b8800
3e819c00
3e357400
3ccf6000
3ccf6000
3e819c00
bdcf6000
3ccf6000
bd4f6000
be019c00
3e357400
bccf6000
be819c00
bd4f6000
bdcf6000
3dcf6000
3e4f6000
3e1b8800
be694c00
3e019c00
3d9b8800
3d9b8800
3d4f6000
3ccf6000
00000000
00000000
3d9b8800
3e9b8800
be357400
bd9b8800
bd4f6000
3ccf6000
3d9b8800
bd4f6000
3dcf6000
bd9b8800
be357400
be694c00
bd9b8800
bd4f6000
3e694c00
3e1b8800
3ccf6000
3d9b8800
3dcf6000
bdcf6000
be357400
bd4f6000
3ccf6000
3dcf6000
bd9b8800
3d9b8800
3d9b8800
3ccf6000
3e1b8800
be9b8800
3dcf6000
bdcf6000
beb57400
be1b8800
bdcf6000
3e019c00
bccf6000
bd9b8800
3e357400
bccf6000
3ccf6000
3ccf6000
bccf6000
bd9b8800
bccf6000
3d4f6000
bd4f6000
bd4f6000
bd4f6000
00000000
3e1b8800
be1b8800
be357400
00000000
3d4f6000
bccf6000
3d9b8800
bccf6000
3dcf6000
bccf6000
bdcf6000
3e1b8800
be357400
3e1b8800
3ccf6000
bd9b8800
3fa54080
3d9b8800
bd4f6000
bdcf6000
00000000
3d9b8800
3d4f6000
bccf6000
bccf6000
3ccf6000
3e9b8800
3ccf6000
00000000
3dcf6000
bd4f6000
bd4f6000
3e357400
be4f6000
bd4f6000
be357400
bdcf6000
be357400
00000000
3ccf6000
bd4f6000
3e1b8800
00000000
be1b8800
3ce30000
be2a4000
bdff6000
3d8de000
be54d000
bfb6aa00
3daa4000
bce30000
3daa4000
3d8de000
3c630000
00000000
be94f800
bdaa4000
be630000
bdaa4000
3ce30000
3d2a4000
bc630000
3dff6000
3d8de000
3ce30000
bde30000
3e2a4000
00000000
3dc6a000
3daa4000
bde30000
3c630000
be46a000
3ce30000
be1c1000
be387000
3d2a4000
3d8de000
bd2a4000
bce30000
bd2a4000
bdff6000
3e0de000
be54d000
be8de000
3de30000
bdc6a000
3c630000
bdff6000
3d8de000
3dc6a000
bce30000
bd630000
be7f6000
00000000
3daa4000
3ce30000
bd2a4000
3e46a000
3c630000
3ce30000
be0de000
bde30000
bdff6000
bdff6000
3e387000
00000000
3dc6a000
3dc6a000
bd630000
3e630000
bce30000
3d8de000
bde30000
bdff6000
bd630000
3d2a4000
3e1c1000
00000000
bd630000
3dc6a000
00000000
3d8de000
3e387000
bde30000
bde30000
bdaa4000
bd630000
00000000
3daa4000
bc630000
bc630000
bd630000
be387000
00000000
00000000
bd8de000
3e94f800
bc630000
bc630000
00000000
be0de000
3d630000
3fe13a00
be630000
3c630000
3d2a4000
00000000
bdc6a000
bd8de000
00000000
3d2a4000
be2a4000
bdff6000
bde30000
3ce30000
bdaa4000
3daa4000
be387000
3de30000
be1c1000
bd2a4000
bd2a4000
bce30000
3e54d000
3d2a4000
3dc6a000
3d8de000
3e0de000
bc630000
bce30000
3c21a000
be21a000
3e21a000
3d727000
bdca0800
3ea6ad00
3dde3c00
bdca0800
3db5d400
3e35d400
be2bba00
be4a0800
bdb5d400
bd4a0800
3db5d400
3df27000
bd727000
3db5d400
3c21a000
3dde3c00
3dde3c00
bc21a000
bd727000
3ea6ad00
bd8d6c00
3d4a0800
3e3fee00
bd21a000
3e5e3c00
3df27000
be2bba00
bd21a000
bc21a000
bca1a000
3e727000
3e542200
3da1a000
bdde3c00
bcf27000
be685600
3e3fee00
bdb5d400
3d8d6c00
3e35d400
3df27000
3d8d6c00
bca1a000
bdf27000
3db5d400
3e35d400
3db5d400
3eabba00
3d8d6c00
bcf27000
bd8d6c00
3dca0800
bdb5d400
be35d400
bca1a000
3e178600
bd727000
bcf27000
3e685600
bca1a000
be35d400
be4a0800
bd21a000
bd8d6c00
bd8d6c00
3dca0800
3dde3c00
3dde3c00
3e8d6c00
bda1a000
3c21a000
3d21a000
3dde3c00
3dca0800
3ca1a000
00000000
3cf27000
00000000
bd21a000
bcf27000
be21a000
bd727000
3d4a0800
bdf27000
bda1a000
bda1a000
3d4a0800
3ca1a000
bd4a0800
bd727000
3c21a000
bca1a000
3d4a0800
3d21a000
3d8d6c00
3e035200
bfa05cc0
3dca0800
bd21a000
3e35d400
bdde3c00
bd21a000
3d21a000
be2bba00
3d4a0800
3ea6ad00
3e5e3c00
be2bba00
3db5d400
3df27000
bd727000
bd727000
bca1a000
3e178600
bcf27000
3db5d400
3da1a000
bcf27000
bdde3c00
3d4a0800
3e685600
bcf27000
bd8d6c00
00000000
3d9cc000
3deb2000
be092800
3d6b2000
3c9cc000
bff4ec00
3d6b2000
bc9cc000
be892800
be1cc000
bd6b2000
00000000
bd1cc000
3c9cc000
bd6b2000
be092800
3e305800
bc9cc000
3dc3f000
3deb2000
00000000
3d9cc000
bdeb2000
3d6b2000
3e092800
3d1cc000
bc9cc000
be1cc000
3d6b2000
bdc3f000
be092800
3d6b2000
be9cc000
3d6b2000
3deb2000
3ec3f000
3d9cc000
bc9cc000
bc9cc000
be6b2000
3e7eb800
bd9cc000
bd1cc000
3e43f000
be092800
3d9cc000
be1cc000
3d9cc000
bc9cc000
00000000
3d1cc000
3d6b2000
3c9cc000
3c9cc000
3d9cc000
3e9cc000
00000000
3e578800
bd9cc000
bd1cc000
bdc3f000
3d1cc000
bdc3f000
bc9cc000
3e892800
bd9cc000
3e578800
be9cc000
3deb2000
bc9cc000
be092800
be092800
3c9cc000
3e892800
3deb2000
bd9cc000
3dc3f000
be092800
be092800
bdeb2000
bd6b2000
3d1cc000
3e092800
be092800
3d1cc000
3e1cc000
be305800
3d1cc000
bdc3f000
bdc3f000
bc9cc000
be7eb800
bd6b2000
bdc3f000
00000000
bc9cc000
bc9cc000
bd1cc000
be9cc000
bdeb2000
401b8680
bc9cc000
bd9cc000
3e43f000
bd6b2000
3e305800
be892800
bdeb2000
3d6b2000
bd9cc000
bdc3f000
bdeb2000
3d1cc000
3c9cc000
be1cc000
3d6b2000
3e892800
3c9cc000
3e578800
bc9cc000
bc9cc000
3e578800
be1cc000
bd9cc000
bd6b2000
00000000
00000000
3deb2000
be214000
3c810000
00000000
bda14000
3de1c000
3f8d1800
bde1c000
be112000
3dc18000
3ed1a000
be112000
bd010000
00000000
3dc18000
3d810000
be010000
00000000
3e61c000
3d010000
bdc18000
3e010000
3d010000
bc810000
bd418000
00000000
3e71e000
3c810000
bd810000
be214000
bdc18000
be112000
bd010000
bde1c000
3d418000
3d010000
bde1c000
be61c000
3d010000
3d418000
be112000
be51a000
bde1c000
bd810000
be010000
3c810000
3c810000
3d810000
3d418000
3c810000
3c810000
3e51a000
be112000
be418000
00000000
3c810000
3de1c000
3e316000
00000000
3e214000
3d010000
bdc18000
3de1c000
3da14000
bd418000
3d010000
3de1c000
3e810000
bda14000
bde1c000
bde1c000
bd418000
3e010000
bd010000
3e316000
00000000
3d810000
3d010000
3d010000
be418000
be112000
3c810000
bc810000
bde1c000
be112000
3d810000
3dc18000
bd010000
bde1c000
be891000
3e010000
bde1c000
3de1c000
3de1c000
00000000
bc810000
3d418000
3d418000
be112000
bda14000
3d418000
3ffffc00
bdc18000
be61c000
3d810000
00000000
be71e000
bdc18000
be010000
3d010000
bd010000
be112000
3c810000
be51a000
bc810000
3dc18000
bde1c000
be316000
bde1c000
be51a000
3d418000
3de1c000
3c810000
bdc18000
3d810000
bdc18000
3c810000
bd010000
3e61c000
3c7f8000
bcff8000
be1fb000
bc7f8000
be97b400
3ff58500
bd3fa000
3e7f8000
3e9fb000
3d3fa000
be0fb800
3ddf9000
3d9fb000
3d3fa000
3ea7ac00
3e0fb800
00000000
be1fb000
3cff8000
3e3fa000
3d3fa000
be3fa000
be1fb000
3e6f8800
bdbfa000
3e0fb800
3eafa800
bd3fa000
3d7f8000
be8fb800
bcff8000
bddf9000
3e0fb800
bcff8000
bdbfa000
bd3fa000
3d3fa000
3c7f8000
bdbfa000
beafa800
3e1fb000
bdff8000
bdbfa000
3c7f8000
3d3fa000
bd9fb000
bd7f8000
bc7f8000
bc7f8000
3dff8000
bd7f8000
3dbfa000
be0fb800
3d9fb000
bc7f8000
3dff8000
3c7f8000
3e2fa800
3d3fa000
3dbfa000
3dbfa000
3dbfa000
be5f9000
bd7f8000
bd7f8000
3cff8000
3cff8000
bd9fb000
3d9fb000
bddf9000
be1fb000
bdbfa000
3d9fb000
be1fb000
3dff8000
00000000
bc7f8000
bd3fa000
3d7f8000
3e0fb800
be4f9800
00000000
3dbfa000
3e5f9000
3e2fa800
3dbfa000
3d7f8000
bd9fb000
3d9fb000
bcff8000
bcff8000
bd3fa000
3e0fb800
bd9fb000
3ddf9000
3e4f9800
3e0fb800
be1fb000
be5f9000
bd9fb000
3ffd8100
bd7f8000
3dbfa000
bd9fb000
3dff8000
3d9fb000
bc7f8000
bcff8000
3e4f9800
bd3fa000
be4f9800
3d7f8000
be2fa800
3dff8000
3d7f8000
bc7f8000
bc7f8000
bd7f8000
3ddf9000
3d9fb000
3dff8000
bdbfa000
3dbfa000
00000000
bc7f8000
bd9fb000
00000000
3d3fa000
bd816000
be016000
3cac8000
be016000
bd816000
402b2700
bdac8000
3cac8000
3e016000
3d816000
3e421000
3e2c8000
00000000
3e16f000
bd816000
3e016000
00000000
3dd7a000
be2c8000
bcac8000
3e57a000
3d2c8000
3dd7a000
3eac8000
be2c8000
3e421000
bd2c8000
bd816000
3dac8000
bd2c8000
3eb74800
3d816000
00000000
be8c2800
be8c2800
bd2c8000
3e2c8000
bcac8000
bd2c8000
be16f000
bdac8000
bdac8000
bdac8000
be421000
bd816000
3e57a000
bcac8000
3e2c8000
be57a000
bd2c8000
3e016000
bcac8000
00000000
3dd7a000
3dac8000
3d2c8000
3d816000
3dac8000
00000000
3dac8000
3e421000
3d816000
bdac8000
bd816000
bd2c8000
3e2c8000
bdac8000
bdac8000
be2c8000
3e8c2800
bcac8000
3d2c8000
3cac8000
be016000
be16f000
00000000
bd816000
3e016000
be2c8000
00000000
bd2c8000
3d816000
bd2c8000
be2c8000
3e016000
be2c8000
bd816000
3e96f000
3e16f000
bcac8000
bcac8000
3cac8000
bcac8000
3d816000
be421000
3cac8000
bdd7a000
3dac8000
3d2c8000
3cac8000
c0081d00
3dd7a000
bdac8000
3cac8000
bdac8000
3d816000
3e016000
3dac8000
3e016000
bdac8000
be421000
3e2c8000
3e2c8000
bd2c8000
3e016000
3dd7a000
bd816000
bcac8000
bcac8000
be016000
bd816000
3e16f000
bcac8000
3cac8000
bcac8000
3dac8000
bcac8000
3e016000
3e6e6600
3d284800
3ce06000
3e6e6600
bde06000
3fde9f40
3d8c3c00
bd284800
bdc45400
3dc45400
3d606000
bd284800
bce06000
3de06000
3e1a4200
3d606000
3e0c3c00
3c606000
3de06000
3dfc6c00
3da84800
3d8c3c00
3e606000
3d8c3c00
bdc45400
3d284800
be364e00
bd606000
3ce06000
3c606000
3e0c3c00
3e0c3c00
be284800
3d606000
beaf4b00
00000000
bd606000
bd8c3c00
be1a4200
3d606000
3ce06000
3e525a00
3ce06000
be606000
3dc45400
bc606000
3c606000
3de06000
bd284800
3dc45400
bd8c3c00
3e1a4200
3ce06000
3dfc6c00
be525a00
00000000
3da84800
00000000
bea84800
3ce06000
3d606000
00000000
3d284800
3ce06000
bde06000
bd8c3c00
3c606000
3de06000
3e0c3c00
bd606000
bd606000
3de06000
3e1a4200
3d284800
bc606000
bd8c3c00
3d284800
3e853900
bde06000
be853900
bd8c3c00
be284800
be606000
00000000
3d284800
bce06000
bce06000
3ce06000
3d284800
bce06000
be364e00
3e525a00
bda84800
3dfc6c00
3e606000
3e364e00
be284800
00000000
3d8c3c00
3d8c3c00
3f756900
be0c3c00
bdc45400
3dc45400
3de06000
bc606000
3e1a4200
3c606000
3c606000
bc606000
bd284800
00000000
bdfc6c00
3ce06000
bd8c3c00
be364e00
3e0c3c00
3e445400
3ce06000
bce06000
3c606000
be606000
00000000
bc606000
3ce06000
bda84800
be933f00
3da84800
3e3bc000
3cbbc000
be533800
bd8cd000
bd3bc000
3e3bc000
be3bc000
3d8cd000
bd3bc000
3deab000
3d8cd000
3dbbc000
3d3bc000
3deab000
3deab000
bcbbc000
00000000
3dbbc000
be533800
3ec77c00
3e0cd000
3cbbc000
3e244800
3e244800
bdbbc000
00000000
be244800
00000000
bdeab000
3e533800
bdbbc000
3dbbc000
3cbbc000
3e533800
3dbbc000
bd8cd000
bdeab000
3cbbc000
3d3bc000
3d8cd000
bd3bc000
bcbbc000
3d8cd000
00000000
bdbbc000
3e3bc000
3e244800
3e3bc000
3d3bc000
3d3bc000
be244800
bcbbc000
3d3bc000
3dbbc000
3dbbc000
3cbbc000
3d3bc000
3e0cd000
3deab000
3dbbc000
bea44800
3e6ab000
3d3bc000
be811400
be3bc000
3d8cd000
bdbbc000
3dbbc000
3e8cd000
bcbbc000
be244800
3e0cd000
3cbbc000
3d8cd000
3d3bc000
3d3bc000
00000000
be0cd000
00000000
bcbbc000
3e0cd000
3e6ab000
3d3bc000
bd3bc000
3d3bc000
3d8cd000
bd8cd000
bcbbc000
bdbbc000
3e0cd000
3e244800
be3bc000
bd8cd000
bd3bc000
3e0cd000
bcbbc000
bdeab000
3dbbc000
3cbbc000
bd3bc000
c03a4880
00000000
bcbbc000
bd8cd000
bd3bc000
bd8cd000
be6ab000
bcbbc000
bcbbc000
3e244800
3e6ab000
3deab000
bcbbc000
3dbbc000
3dbbc000
bcbbc000
bd3bc000
3deab000
bdbbc000
3cbbc000
3d3bc000
bd3bc000
3dbbc000
bdbbc000
be533800
3d3bc000
3e811400
bd8cd000
