be7b4000
3f3c7000
be7b4000
3fdbd800
be7b4000
3f3c7000
3f3c7000
3f7b4000
be7b4000
3fbc7000
3f7b4000
3fbc7000
be7b4000
3fbc7000
3f7b4000
3e7b4000
bfbc7000
bf7b4000
bf3c7000
befb4000
bf3c7000
00000000
befb4000
3efb4000
3e7b4000
3f3c7000
3efb4000
00000000
00000000
be7b4000
befb4000
be7b4000
befb4000
00000000
3f7b4000
3e7b4000
00000000
3efb4000
3e7b4000
00000000
befb4000
befb4000
bf3c7000
3f3c7000
3e7b4000
be7b4000
3f3c7000
3e7b4000
bf3c7000
3e7b4000
bf7b4000
befb4000
be7b4000
00000000
bf3c7000
befb4000
3fbc7000
befb4000
bf3c7000
befb4000
3f3c7000
be7b4000
3e7b4000
3f3c7000
00000000
3e7b4000
3efb4000
3f3c7000
3e7b4000
bf3c7000
00000000
3efb4000
befb4000
3f3c7000
3f7b4000
3e7b4000
bf7b4000
3e7b4000
bf3c7000
3e7b4000
3e7b4000
bf7b4000
3e7b4000
be7b4000
00000000
3e7b4000
be7b4000
3f7b4000
3e7b4000
be7b4000
befb4000
bf7b4000
3efb4000
3fbc7000
00000000
bf7b4000
bf3c7000
3f9d0800
bf7b4000
00000000
bf3c7000
3f7b4000
00000000
3e7b4000
3e7b4000
be7b4000
befb4000
befb4000
3efb4000
befb4000
bf9d0800
befb4000
befb4000
3e7b4000
3f7b4000
befb4000
be7b4000
3f9d0800
3f3c7000
3f9d0800
00000000
00000000
3efb4000
be7b4000
00000000
be7b4000
be7b4000
3e7b4000
3eb3a000
beb3a000
bf33a000
bf33a000
00000000
3eb3a000
3fb3a000
00000000
3f33a000
00000000
3fb3a000
3f33a000
00000000
3eb3a000
00000000
00000000
00000000
3eb3a000
3f86b800
beb3a000
3f33a000
3f33a000
3f86b800
3eb3a000
3eb3a000
00000000
beb3a000
beb3a000
3eb3a000
beb3a000
beb3a000
3fb3a000
beb3a000
3eb3a000
3eb3a000
3f33a000
3eb3a000
00000000
bf33a000
00000000
beb3a000
3eb3a000
3eb3a000
3eb3a000
00000000
00000000
00000000
bf33a000
00000000
beb3a000
bfe08800
3eb3a000
3f33a000
3fb3a000
00000000
00000000
3eb3a000
00000000
bf86b800
3fb3a000
3eb3a000
bf33a000
bf86b800
bf33a000
beb3a000
3eb3a000
beb3a000
bf86b800
00000000
beb3a000
3eb3a000
00000000
bf33a000
00000000
00000000
3eb3a000
bf33a000
bf33a000
beb3a000
00000000
beb3a000
3f33a000
bfb3a000
00000000
beb3a000
bf33a000
beb3a000
3eb3a000
401d2c00
bf33a000
3eb3a000
bf33a000
00000000
00000000
beb3a000
3f86b800
beb3a000
3eb3a000
3eb3a000
3f86b800
bf33a000
bf33a000
3f33a000
bf33a000
beb3a000
beb3a000
3eb3a000
00000000
3f33a000
00000000
3f86b800
bf33a000
00000000
beb3a000
bf33a000
bf33a000
3eb3a000
3eb3a000
3eb3a000
3eb3a000
beb3a000
3eb3a000
00000000
bf86b800
3f33a000
beb3a000
bf33a000
beb3a000
00000000
bf5fe000
3e954000
00000000
3f154000
be954000
3f954000
bf154000
bf5fe000
3f5fe000
be954000
00000000
00000000
be954000
bf5fe000
3e954000
be954000
3e954000
00000000
00000000
be954000
bf154000
3e954000
bf5fe000
3f154000
bf5fe000
be954000
be954000
bf5fe000
3f154000
3f154000
3e954000
3f154000
3e954000
bf5fe000
be954000
be954000
bf154000
bf154000
3fdfe000
bf154000
bf954000
00000000
3e954000
3f154000
40029800
3f5fe000
00000000
3f954000
00000000
bf954000
3f5fe000
bf154000
bf5fe000
be954000
bf154000
be954000
bfba9000
be954000
be954000
be954000
3f154000
be954000
00000000
00000000
bf954000
be954000
3e954000
bf954000
bf5fe000
3e954000
3f154000
bf154000
be954000
bf5fe000
00000000
3f154000
3fba9000
be954000
3f154000
00000000
3fba9000
bf154000
bf154000
3e954000
00000000
3f5fe000
00000000
be954000
be954000
00000000
00000000
3f154000
bf5fe000
3e954000
bf154000
be954000
00000000
bf954000
be954000
00000000
00000000
bf954000
3e954000
3f154000
be954000
bf154000
3f154000
be954000
3f154000
bf5fe000
3f5fe000
bf5fe000
3f154000
be954000
00000000
3e954000
00000000
bf154000
00000000
3e954000
bf5fe000
00000000
3e954000
00000000
3f5fe000
3f5fe000
00000000
3f63e000
3e63e000
3f63e000
3ee3e000
bf2ae800
3ee3e000
3e63e000
bf63e000
3f8e6c00
3ee3e000
3f8e6c00
3e63e000
bfaae800
3f8e6c00
3f8e6c00
be63e000
3f2ae800
3ee3e000
00000000
be63e000
bfaae800
00000000
3ee3e000
3f63e000
be63e000
3f8e6c00
bee3e000
bf63e000
bfaae800
be63e000
bf8e6c00
00000000
be63e000
bf2ae800
bfaae800
00000000
3f8e6c00
00000000
bee3e000
3f2ae800
3e63e000
bfaae800
3ee3e000
3f63e000
3ee3e000
bee3e000
3f63e000
00000000
bfaae800
bfaae800
bf2ae800
3f2ae800
bf8e6c00
bee3e000
3f8e6c00
bf2ae800
3f2ae800
bee3e000
00000000
bf2ae800
3ee3e000
3e63e000
3ee3e000
3ee3e000
bf63e000
3ee3e000
00000000
bf2ae800
3e63e000
bee3e000
be63e000
00000000
3e63e000
be63e000
3ee3e000
bee3e000
3f2ae800
3e63e000
00000000
3f8e6c00
3fc76400
bf2ae800
be63e000
3f2ae800
00000000
3f2ae800
bee3e000
bf8e6c00
bf2ae800
3f8e6c00
bee3e000
3faae800
00000000
be63e000
3faae800
00000000
3ee3e000
3ee3e000
bee3e000
3ee3e000
00000000
3f8e6c00
bf8e6c00
bf2ae800
bee3e000
bf8e6c00
bf2ae800
be63e000
3e63e000
be63e000
bee3e000
bee3e000
be63e000
bee3e000
3f8e6c00
be63e000
bf63e000
3e63e000
3f2ae800
bf63e000
bf8e6c00
bee3e000
3ee3e000
bf2ae800
bee3e000
00000000
be63e000
be63e000
bf511000
3e8b6000
be8b6000
bf511000
3e8b6000
bf0b6000
3e8b6000
3f511000
00000000
00000000
bf511000
3f8b6000
be8b6000
bf511000
3f0b6000
bfd11000
00000000
3e8b6000
bf0b6000
00000000
3f0b6000
3f511000
3f511000
3e8b6000
00000000
3e8b6000
bfae3800
00000000
be8b6000
3e8b6000
3e8b6000
3f0b6000
3e8b6000
3f511000
3f0b6000
3fae3800
3f0b6000
3e8b6000
bf0b6000
be8b6000
be8b6000
00000000
00000000
bf8b6000
bf0b6000
be8b6000
bfae3800
bf0b6000
3e8b6000
be8b6000
00000000
3f0b6000
00000000
bfae3800
00000000
bf0b6000
bf511000
3e8b6000
bf511000
3e8b6000
3f511000
bf0b6000
3f511000
bff3e800
3f511000
00000000
bf511000
be8b6000
bf511000
bf0b6000
3f511000
bf0b6000
bf511000
be8b6000
3f0b6000
3e8b6000
3f511000
00000000
00000000
be8b6000
3e8b6000
3f511000
3e8b6000
bf511000
00000000
3f0b6000
bf0b6000
be8b6000
00000000
bf8b6000
bf0b6000
3f511000
3e8b6000
3f0b6000
3f0b6000
3f511000
bf0b6000
00000000
3f0b6000
3f511000
bfae3800
3f8b6000
bfd11000
00000000
3e8b6000
be8b6000
3f0b6000
3fae3800
bf8b6000
00000000
be8b6000
3fae3800
00000000
bff3e800
00000000
3f0b6000
00000000
3e8b6000
3f8b6000
3f511000
be8b6000
00000000
3f0b6000
bf0b6000
00000000
bf0b6000
bf0b6000
3f0b6000
3f058000
00000000
bf858000
3f858000
bfc84000
3e858000
00000000
3f484000
be858000
3f058000
bf058000
be858000
bf058000
3e858000
3f858000
00000000
be858000
be858000
bf058000
00000000
be858000
3e858000
bf058000
bf058000
3f484000
3e858000
3e858000
00000000
3f058000
bf484000
3f058000
3e858000
00000000
bfe9a000
3f058000
3e858000
bf484000
3e858000
3f858000
00000000
3fe9a000
00000000
3f484000
bfa6e000
be858000
00000000
3f484000
3e858000
3fa6e000
3e858000
3f058000
3e858000
be858000
3f484000
3f484000
bf484000
bf484000
bf058000
bf484000
00000000
3e858000
00000000
bf058000
3fa6e000
3f858000
3f058000
be858000
bf858000
3f858000
bf058000
be858000
be858000
00000000
bf484000
bf858000
be858000
3e858000
bf484000
3f858000
00000000
3e858000
3f058000
3f058000
bfa6e000
3f484000
00000000
3f858000
be858000
bf858000
3f858000
bf058000
be858000
be858000
3fc84000
3e858000
3f484000
bf058000
00000000
3f058000
bf058000
00000000
bfa6e000
3f484000
3f484000
bf058000
bf484000
3f484000
3f058000
bf484000
3f058000
3f058000
3f058000
3e858000
be858000
3e858000
3f058000
00000000
3f058000
3f484000
3f058000
00000000
3e858000
3f484000
3f858000
be858000
3e858000
bf484000
00000000
be6a4000
00000000
3e6a4000
3f926800
00000000
00000000
bf2fb000
3e6a4000
00000000
3fafb000
be6a4000
3eea4000
be6a4000
bfafb000
3f2fb000
3f926800
3f926800
beea4000
3f926800
bf6a4000
3e6a4000
3fafb000
be6a4000
be6a4000
3f6a4000
3e6a4000
3e6a4000
bf926800
beea4000
bf2fb000
3e6a4000
beea4000
00000000
bf926800
bf6a4000
bfafb000
3eea4000
3e6a4000
00000000
bf926800
be6a4000
be6a4000
00000000
3e6a4000
3e6a4000
3eea4000
be6a4000
00000000
00000000
3e6a4000
3eea4000
3eea4000
00000000
beea4000
3eea4000
3e6a4000
00000000
3e6a4000
00000000
3f6a4000
3f2fb000
bf2fb000
00000000
3f2fb000
3fafb000
bf926800
3e6a4000
bfafb000
3eea4000
be6a4000
bf926800
be6a4000
3f2fb000
bf2fb000
00000000
bf2fb000
3f2fb000
be6a4000
be6a4000
be6a4000
3f926800
beea4000
00000000
3f926800
bfccf800
beea4000
be6a4000
bf2fb000
be6a4000
be6a4000
beea4000
bf2fb000
bf2fb000
3e6a4000
bf6a4000
3f2fb000
3e6a4000
bfccf800
bf926800
beea4000
3eea4000
beea4000
be6a4000
be6a4000
bfafb000
00000000
3eea4000
bf2fb000
3eea4000
3f926800
00000000
00000000
00000000
3e6a4000
bfafb000
00000000
beea4000
beea4000
be6a4000
be6a4000
bf6a4000
3f6a4000
3e6a4000
3f2fb000
3eea4000
3e6a4000
bf2fb000
bf2fb000
3e87a000
be87a000
3e87a000
3e87a000
bf07a000
00000000
3f87a000
be87a000
be87a000
be87a000
bf87a000
3f4b7000
3f4b7000
be87a000
3f4b7000
00000000
bf4b7000
00000000
bf4b7000
3f87a000
bf07a000
00000000
3f4b7000
00000000
be87a000
bf07a000
bfa98800
bf4b7000
00000000
00000000
3e87a000
be87a000
00000000
be87a000
bfcb7000
bf4b7000
be87a000
bf07a000
3e87a000
3f07a000
00000000
be87a000
3e87a000
3f07a000
be87a000
bf4b7000
bf87a000
3e87a000
00000000
3e87a000
bf07a000
3e87a000
bf4b7000
bf87a000
be87a000
bf87a000
bf4b7000
3e87a000
bf4b7000
3e87a000
3f87a000
3f07a000
3f4b7000
00000000
3f4b7000
3e87a000
3fcb7000
00000000
3e87a000
3e87a000
bf07a000
3f07a000
00000000
3f07a000
bf87a000
be87a000
3e87a000
be87a000
00000000
bf87a000
bf4b7000
bfed5800
bf07a000
3f4b7000
3e87a000
00000000
3f07a000
00000000
bf07a000
3e87a000
00000000
bf4b7000
3f07a000
be87a000
3f87a000
3f87a000
3f07a000
00000000
3e87a000
bf4b7000
3e87a000
be87a000
bf4b7000
3f07a000
be87a000
3e87a000
be87a000
3f07a000
bf07a000
3e87a000
3fa98800
3f4b7000
3f4b7000
3e87a000
be87a000
bf87a000
00000000
bf07a000
3f07a000
3f07a000
bf07a000
bfa98800
bf07a000
3f07a000
00000000
3fcb7000
bf07a000
3f4b7000
bfdd2800
3e7cc000
00000000
be7cc000
3e7cc000
00000000
befcc000
bf3d9000
00000000
be7cc000
3efcc000
be7cc000
bf3d9000
befcc000
befcc000
bf7cc000
befcc000
3efcc000
bf9df800
3f7cc000
00000000
00000000
3f3d9000
bfbd9000
3f9df800
3e7cc000
3f9df800
00000000
3f3d9000
3f3d9000
be7cc000
3e7cc000
be7cc000
3efcc000
3e7cc000
be7cc000
3e7cc000
00000000
bf3d9000
be7cc000
bf3d9000
3e7cc000
bf3d9000
3efcc000
bfdd2800
be7cc000
be7cc000
be7cc000
bf3d9000
00000000
3efcc000
bf9df800
be7cc000
3e7cc000
3efcc000
bf3d9000
00000000
3efcc000
00000000
3f7cc000
3f7cc000
3e7cc000
3efcc000
bf3d9000
3f7cc000
00000000
bf3d9000
bf7cc000
3efcc000
3e7cc000
00000000
bf3d9000
3e7cc000
00000000
3f7cc000
00000000
bfdd2800
be7cc000
00000000
3f7cc000
befcc000
3e7cc000
00000000
3f7cc000
bf3d9000
bf3d9000
00000000
be7cc000
bf7cc000
3e7cc000
bf3d9000
be7cc000
00000000
befcc000
bf3d9000
3efcc000
bf7cc000
befcc000
00000000
3e7cc000
00000000
be7cc000
befcc000
bf3d9000
3efcc000
3e7cc000
befcc000
00000000
befcc000
be7cc000
3e7cc000
3e7cc000
3efcc000
3f7cc000
befcc000
bf3d9000
3f3d9000
3fbd9000
befcc000
3e7cc000
be7cc000
be7cc000
bf7cc000
3e7cc000
00000000
3efcc000
00000000
3e7cc000
bf82a000
be82a000
3fc3f000
bf43f000
3e82a000
3f02a000
3fa34800
3fa34800
00000000
3e82a000
3f43f000
be82a000
be82a000
bfc3f000
3e82a000
bf02a000
bf43f000
3f02a000
3e82a000
00000000
be82a000
bf43f000
3e82a000
bf82a000
00000000
bf02a000
3f02a000
3f02a000
00000000
3f02a000
bfc3f000
bfc3f000
bf43f000
00000000
3f82a000
bfa34800
be82a000
3f02a000
be82a000
be82a000
3e82a000
be82a000
3e82a000
3f02a000
bf43f000
be82a000
3fa34800
bf02a000
bfa34800
be82a000
3f43f000
bf82a000
bf43f000
3f02a000
3e82a000
bfa34800
be82a000
bf43f000
3f43f000
00000000
be82a000
bf43f000
00000000
bf43f000
3f43f000
be82a000
3e82a000
3f02a000
3e82a000
bf02a000
bf82a000
bf43f000
bf82a000
bf43f000
bf82a000
bfc3f000
3e82a000
bfc3f000
3f43f000
3f82a000
bf43f000
00000000
3f43f000
3f02a000
bf43f000
3e82a000
bfc3f000
bf82a000
3e82a000
3f43f000
be82a000
bf43f000
be82a000
bf02a000
00000000
3f02a000
00000000
be82a000
bf02a000
3f43f000
be82a000
3fc3f000
bf43f000
3f43f000
be82a000
3f02a000
3f02a000
3f02a000
3f02a000
3e82a000
be82a000
3e82a000
3e82a000
3f02a000
3f02a000
bf02a000
be82a000
3e82a000
bf02a000
be82a000
bfa34800
bfe49800
00000000
00000000
00000000
3e82a000
be82a000
3f02a000
3f076000
bf076000
3f4b1000
bf876000
be876000
3f4b1000
be876000
3f076000
bf4b1000
bf876000
bf076000
bf4b1000
bf4b1000
3f4b1000
3f076000
00000000
be876000
3f4b1000
bf876000
3f876000
3f076000
bfa93800
bf076000
bf076000
3e876000
00000000
3e876000
3f4b1000
bf4b1000
3e876000
3f076000
be876000
3e876000
bf4b1000
00000000
00000000
3e876000
3e876000
3f076000
be876000
be876000
3e876000
3f4b1000
3f4b1000
bf076000
00000000
be876000
bfa93800
3f076000
bf076000
00000000
3f076000
be876000
bf4b1000
00000000
3e876000
00000000
00000000
3f076000
3fa93800
3f4b1000
3f4b1000
bfcb1000
bf4b1000
3fa93800
bf076000
bf076000
3f076000
bf076000
00000000
3fece800
00000000
3e876000
3e876000
3fa93800
be876000
bf4b1000
3f4b1000
00000000
bf076000
be876000
00000000
3f076000
3f876000
3f076000
bf4b1000
3f076000
00000000
3e876000
3f876000
00000000
00000000
bf076000
3e876000
3e876000
3e876000
3e876000
00000000
3f076000
be876000
3f076000
bf076000
bf4b1000
be876000
3e876000
00000000
3f076000
3f076000
00000000
00000000
bf876000
3f4b1000
3e876000
3f076000
bf4b1000
bf076000
00000000
3f4b1000
00000000
3fcb1000
be876000
3f4b1000
bf4b1000
bfcb1000
3f4b1000
bf076000
bf076000
3f4b1000
3f865800
3eb32000
bf332000
beb32000
beb32000
beb32000
beb32000
3f332000
beb32000
3eb32000
3f332000
3f865800
bf332000
00000000
00000000
beb32000
00000000
00000000
bf332000
bf865800
3eb32000
00000000
beb32000
00000000
beb32000
3eb32000
00000000
3f332000
00000000
bf865800
3eb32000
3eb32000
3f332000
bf332000
00000000
beb32000
00000000
beb32000
3eb32000
00000000
beb32000
00000000
c0065800
00000000
3f332000
3eb32000
beb32000
3f332000
beb32000
bf865800
00000000
bf332000
beb32000
beb32000
beb32000
00000000
3eb32000
beb32000
beb32000
3eb32000
00000000
3f865800
c01cbc00
3f865800
00000000
bfb32000
3fb32000
beb32000
00000000
00000000
bf865800
bf865800
00000000
3eb32000
3f865800
3eb32000
3eb32000
bfb32000
3f332000
beb32000
3f865800
beb32000
bf332000
bfb32000
00000000
beb32000
bf332000
beb32000
beb32000
3fb32000
3eb32000
3f865800
bfdfe800
3f865800
3f865800
00000000
3fdfe800
3f865800
beb32000
00000000
beb32000
00000000
3f332000
bf332000
3eb32000
3eb32000
00000000
3f332000
00000000
beb32000
3eb32000
3f332000
beb32000
3eb32000
beb32000
00000000
3f332000
3fb32000
00000000
bf865800
3f332000
3eb32000
3eb32000
bf332000
3f865800
bf332000
beb32000
3eb32000
bf4d2000
3f88c000
3f88c000
bf08c000
be88c000
00000000
3faaf000
bfaaf000
00000000
3f08c000
00000000
bf4d2000
3e88c000
3f08c000
bf08c000
be88c000
3faaf000
be88c000
bf4d2000
00000000
bf08c000
00000000
3e88c000
be88c000
be88c000
bf08c000
bf08c000
3f4d2000
00000000
3fcd2000
bf08c000
be88c000
bf4d2000
bf4d2000
3f08c000
00000000
00000000
3f4d2000
bfef5000
3e88c000
00000000
be88c000
00000000
00000000
bf88c000
00000000
3e88c000
bf08c000
bf08c000
00000000
bf4d2000
bfef5000
be88c000
00000000
be88c000
be88c000
00000000
bfef5000
bf88c000
3fef5000
00000000
bf4d2000
be88c000
3f4d2000
be88c000
bf08c000
bf08c000
bf08c000
bf88c000
bf4d2000
bf08c000
3f08c000
bf08c000
3f08c000
00000000
3f4d2000
00000000
3f4d2000
3f88c000
3f08c000
bf08c000
bfaaf000
be88c000
be88c000
00000000
bf88c000
3e88c000
bf4d2000
bf4d2000
3e88c000
3e88c000
3f08c000
be88c000
be88c000
3f08c000
3e88c000
bfaaf000
3f08c000
3f08c000
00000000
3f08c000
bf88c000
bf08c000
3e88c000
3e88c000
00000000
3f4d2000
00000000
bf08c000
3f88c000
3f08c000
3f08c000
bf4d2000
3f4d2000
bf88c000
3f08c000
00000000
3f08c000
bf88c000
3e88c000
3e88c000
00000000
3f08c000
bf88c000
be88c000
be88c000
3f4d2000
bfaaf000
bf0d8000
3f0d8000
3f544000
00000000
bff7a000
bf544000
3f0d8000
3f0d8000
be8d8000
3fb0e000
3f544000
3f544000
be8d8000
be8d8000
bf8d8000
3f0d8000
3f8d8000
3e8d8000
3f8d8000
3f0d8000
be8d8000
3f544000
00000000
bf8d8000
3e8d8000
3f544000
bfb0e000
00000000
3e8d8000
bf544000
bf0d8000
00000000
bf8d8000
3fb0e000
3f0d8000
be8d8000
3e8d8000
00000000
be8d8000
00000000
3f0d8000
bf544000
3e8d8000
bf0d8000
be8d8000
bf544000
3f8d8000
bf0d8000
be8d8000
3e8d8000
be8d8000
00000000
bf544000
3e8d8000
3f8d8000
3f0d8000
bf0d8000
3e8d8000
bf544000
bf544000
bf0d8000
bf0d8000
be8d8000
bf0d8000
bf8d8000
be8d8000
3f0d8000
be8d8000
be8d8000
00000000
00000000
bf8d8000
00000000
be8d8000
bf544000
bf0d8000
be8d8000
bf0d8000
be8d8000
be8d8000
00000000
be8d8000
bf0d8000
00000000
00000000
be8d8000
00000000
bfb0e000
bf544000
00000000
3e8d8000
00000000
3fb0e000
3fd44000
be8d8000
00000000
3e8d8000
be8d8000
3f0d8000
3f0d8000
3f544000
3e8d8000
bf0d8000
bf0d8000
00000000
3f0d8000
3f0d8000
bfb0e000
3f0d8000
3f544000
bf8d8000
be8d8000
3e8d8000
3f0d8000
bf0d8000
3f544000
3e8d8000
bf544000
3f8d8000
3e8d8000
3f0d8000
00000000
be8d8000
be8d8000
bf544000
be8d8000
00000000
bf0d8000
be83c000
bf03c000
3f45a000
3e83c000
bf83c000
00000000
3fa4b000
be83c000
bf45a000
3f03c000
00000000
3f45a000
be83c000
3f45a000
bf03c000
bfc5a000
00000000
bf45a000
bfa4b000
3f83c000
3fa4b000
be83c000
3e83c000
be83c000
be83c000
bf83c000
3f83c000
be83c000
bf45a000
3f03c000
bf45a000
bf03c000
bf83c000
3e83c000
bf83c000
3e83c000
be83c000
3fc5a000
00000000
00000000
3f03c000
bf03c000
00000000
bfc5a000
00000000
3f83c000
bf45a000
3fa4b000
bf45a000
00000000
bf45a000
3f03c000
3f03c000
00000000
be83c000
be83c000
be83c000
bf45a000
3f45a000
bf45a000
3e83c000
3e83c000
3e83c000
3f03c000
bf45a000
bf83c000
be83c000
bfa4b000
00000000
3f03c000
3f83c000
3e83c000
bf03c000
3fe69000
bf03c000
00000000
3f03c000
3f83c000
3e83c000
be83c000
bf03c000
3f03c000
3e83c000
00000000
00000000
3fa4b000
bf03c000
3e83c000
bf45a000
bf03c000
bfc5a000
3e83c000
3f83c000
be83c000
3f03c000
bf03c000
3f45a000
bf83c000
bf03c000
bf03c000
00000000
3e83c000
00000000
be83c000
bf45a000
3e83c000
00000000
00000000
bf03c000
bf03c000
00000000
00000000
00000000
bf03c000
3f83c000
3f83c000
3e83c000
bf83c000
00000000
3f03c000
3fc5a000
bf03c000
bf03c000
bf03c000
3f83c000
00000000
bf03c000
3fc5a000
bf024000
3f436000
bf024000
bf024000
bf024000
bf024000
3e824000
be824000
be824000
3e824000
00000000
3e824000
3e824000
bf024000
3e824000
bf024000
bf436000
bfa2d000
bf824000
bf024000
bf024000
be824000
be824000
bf824000
bf436000
00000000
3f436000
be824000
3e824000
3f436000
3f024000
3f436000
bf436000
be824000
bf024000
bf024000
3fc36000
3e824000
3e824000
00000000
bf024000
be824000
bf824000
bf024000
3f436000
bf024000
3f436000
3e824000
3f024000
3f024000
be824000
3e824000
00000000
3f436000
00000000
3f024000
3f024000
3f024000
3f024000
bf024000
3f024000
bf436000
3f024000
00000000
be824000
3e824000
bf436000
bf024000
3f024000
bf024000
3fe3f000
3f436000
00000000
bfa2d000
3fe3f000
3f024000
3f024000
3e824000
3f436000
bf824000
00000000
bf436000
bf436000
be824000
be824000
bf436000
bf024000
be824000
3f824000
bf824000
be824000
3e824000
3f436000
3e824000
bf824000
bf824000
3e824000
bf024000
bf436000
00000000
00000000
be824000
3f024000
be824000
bf436000
bf824000
3e824000
00000000
3f436000
bf436000
bf436000
3f436000
bf824000
3f436000
3e824000
bf024000
3e824000
3f024000
bf024000
be824000
3f024000
be824000
3f024000
3f824000
bf824000
be824000
3e824000
3f024000
00000000
00000000
3f688000
3f688000
00000000
3f9b0000
3f688000
3f1b0000
00000000
00000000
00000000
bf1b0000
00000000
00000000
3f688000
3f9b0000
00000000
3e9b0000
3fe88000
be9b0000
be9b0000
3f1b0000
3fc1c000
00000000
00000000
00000000
bf9b0000
3f1b0000
3e9b0000
be9b0000
00000000
bf1b0000
bf1b0000
be9b0000
3f1b0000
bf1b0000
00000000
3e9b0000
00000000
bf688000
3e9b0000
be9b0000
bf1b0000
3e9b0000
3f688000
3e9b0000
00000000
00000000
bf1b0000
3e9b0000
bf1b0000
00000000
be9b0000
3e9b0000
3f1b0000
00000000
be9b0000
be9b0000
00000000
3f688000
bf1b0000
bf688000
3e9b0000
3e9b0000
bf1b0000
3f1b0000
bf1b0000
bf1b0000
00000000
bf1b0000
bf1b0000
3f1b0000
00000000
00000000
bf688000
be9b0000
be9b0000
3e9b0000
3e9b0000
3e9b0000
3f1b0000
00000000
be9b0000
bf688000
00000000
bf1b0000
00000000
bf1b0000
be9b0000
bf1b0000
3e9b0000
bf688000
00000000
3e9b0000
bf688000
3f1b0000
bf688000
be9b0000
3f9b0000
00000000
3f688000
be9b0000
3e9b0000
3f9b0000
bf9b0000
3e9b0000
3e9b0000
3f1b0000
be9b0000
3e9b0000
3f9b0000
bfe88000
bf688000
3e9b0000
be9b0000
3e9b0000
3e9b0000
00000000
4007a000
3f688000
be9b0000
3f688000
00000000
be9b0000
00000000
bf9b0000
be9b0000
be9b0000
be66c000
bee6c000
bf2d1000
00000000
be66c000
bf903800
bf66c000
bf903800
bf66c000
bf66c000
3f66c000
3f66c000
3ee6c000
3f903800
bee6c000
00000000
00000000
be66c000
00000000
00000000
00000000
bee6c000
00000000
bee6c000
3f66c000
bfad1000
bf66c000
3ee6c000
bf66c000
bee6c000
be66c000
bee6c000
3e66c000
00000000
3e66c000
3f903800
00000000
be66c000
3ee6c000
3ee6c000
be66c000
3f2d1000
bf2d1000
3ee6c000
00000000
00000000
bfc9e800
3f2d1000
3f2d1000
bee6c000
be66c000
be66c000
bee6c000
3f66c000
3e66c000
3f66c000
3e66c000
bf903800
bf66c000
be66c000
3e66c000
bee6c000
3ee6c000
bee6c000
be66c000
bfad1000
00000000
3ee6c000
be66c000
3e66c000
bf66c000
3e66c000
bf2d1000
bf66c000
3e66c000
bf903800
bf2d1000
00000000
3f2d1000
00000000
3ee6c000
be66c000
3f66c000
3f66c000
3f903800
bfad1000
00000000
3e66c000
3e66c000
bf66c000
3e66c000
3f2d1000
3e66c000
3e66c000
3ee6c000
3f2d1000
bf903800
bee6c000
00000000
00000000
00000000
bfc9e800
00000000
bf2d1000
3f2d1000
3e66c000
be66c000
3f2d1000
3e66c000
00000000
be66c000
be66c000
3e66c000
bee6c000
3f2d1000
00000000
3e66c000
3ee6c000
bee6c000
bee6c000
3f2d1000
3fad1000
be66c000
be66c000
3f903800
00000000
bfad1000
3f903800
bf311800
00000000
be6c2000
bfb11800
bf939400
3e6c2000
3f939400
3f939400
3e6c2000
00000000
bfb11800
bf311800
beec2000
00000000
00000000
bf311800
be6c2000
3eec2000
3f939400
be6c2000
be6c2000
3eec2000
3f6c2000
beec2000
bf311800
be6c2000
3f311800
bf6c2000
3f6c2000
bf311800
bfb11800
bf6c2000
3f939400
3e6c2000
bfb11800
be6c2000
3eec2000
bfb11800
bfb11800
3f311800
beec2000
beec2000
3f311800
00000000
00000000
3eec2000
be6c2000
3eec2000
3f6c2000
00000000
be6c2000
00000000
3fb11800
00000000
beec2000
bfb11800
be6c2000
beec2000
3e6c2000
3f6c2000
00000000
3e6c2000
00000000
3e6c2000
bf6c2000
3e6c2000
3eec2000
3e6c2000
bf311800
00000000
3eec2000
3eec2000
3eec2000
beec2000
3e6c2000
3fce9c00
be6c2000
00000000
00000000
3eec2000
bf939400
3e6c2000
00000000
bf311800
00000000
00000000
bf311800
bf939400
3f311800
beec2000
bf311800
00000000
3e6c2000
3f6c2000
beec2000
3eec2000
3eec2000
bf939400
3e6c2000
3eec2000
be6c2000
3eec2000
3f939400
3e6c2000
00000000
bf311800
3f939400
be6c2000
bf311800
3f311800
beec2000
3f6c2000
00000000
00000000
bfb11800
3f6c2000
3e6c2000
3eec2000
3e6c2000
bf6c2000
3fb11800
bf939400
00000000
3fb11800
be6c2000
3fb11800
beec2000
3e6c2000
3e84c000
bf472000
bf472000
3f84c000
3f84c000
bf04c000
3e84c000
3e84c000
bf84c000
be84c000
3e84c000
3f84c000
bf472000
bf04c000
bf472000
3f84c000
3e84c000
bfe85000
bf472000
00000000
3f04c000
be84c000
3f84c000
00000000
be84c000
3f84c000
3e84c000
bf04c000
3f04c000
3e84c000
00000000
3e84c000
3f04c000
be84c000
00000000
00000000
bf472000
bf04c000
3f472000
00000000
bf04c000
3f04c000
00000000
bf04c000
be84c000
3f84c000
3f472000
3f84c000
bf04c000
be84c000
be84c000
3f84c000
3e84c000
bf04c000
be84c000
bf472000
3e84c000
bfc72000
00000000
bf472000
3f04c000
be84c000
bf84c000
00000000
3f84c000
be84c000
3e84c000
be84c000
3f84c000
3f04c000
bf84c000
00000000
3f04c000
3fc72000
bf04c000
bf472000
00000000
3f04c000
be84c000
be84c000
3f84c000
3f04c000
00000000
be84c000
be84c000
be84c000
bf472000
bf04c000
3f84c000
bf84c000
00000000
3e84c000
3e84c000
3e84c000
3e84c000
3e84c000
3f04c000
bf04c000
3fc72000
bf472000
3f04c000
3f84c000
3f04c000
00000000
3fa5f000
be84c000
00000000
00000000
3f472000
be84c000
bf84c000
3f84c000
3f04c000
3f84c000
00000000
be84c000
3fc72000
be84c000
3e84c000
3f472000
be84c000
bf04c000
00000000
3f04c000
00000000
be84c000
3f472000
3f04c000
3f1d3800
be51a000
3f1d3800
00000000
bed1a000
3e51a000
00000000
bf9d3800
3ed1a000
3e51a000
3f830400
3f1d3800
be51a000
00000000
bed1a000
be51a000
3f1d3800
bf830400
bf1d3800
bf51a000
bed1a000
bf1d3800
3ed1a000
bf1d3800
3f830400
00000000
bed1a000
3f9d3800
be51a000
00000000
bf51a000
be51a000
bed1a000
00000000
bed1a000
3e51a000
bf830400
bf1d3800
00000000
bf51a000
bfb76c00
be51a000
be51a000
bf830400
3e51a000
be51a000
3ed1a000
3f51a000
3f51a000
bed1a000
bf1d3800
3f830400
3f830400
3ed1a000
bf1d3800
bf51a000
bfb76c00
3ed1a000
00000000
3ed1a000
3ed1a000
3f1d3800
3f830400
3f1d3800
3f51a000
be51a000
bed1a000
3f1d3800
00000000
3e51a000
bf1d3800
bf1d3800
be51a000
3e51a000
3ed1a000
3f9d3800
bed1a000
3f51a000
3ed1a000
bed1a000
bf51a000
bf830400
be51a000
bed1a000
3ed1a000
be51a000
be51a000
bf51a000
3f9d3800
bf9d3800
bf1d3800
3f51a000
00000000
00000000
bf9d3800
3e51a000
3f1d3800
3e51a000
3f51a000
bed1a000
bf1d3800
3f9d3800
be51a000
00000000
00000000
3f1d3800
bed1a000
be51a000
bf830400
3f51a000
bf1d3800
3f1d3800
be51a000
bf830400
3ed1a000
be51a000
00000000
3f9d3800
bf1d3800
3e51a000
3f9d3800
3ed1a000
3ed1a000
00000000
bfb76c00
3ed1a000
3e51a000
bf1d3800
bf134000
bf134000
00000000
be934000
3e934000
3f5ce000
bf134000
3f134000
00000000
be934000
00000000
3e934000
3f134000
3f134000
00000000
be934000
bf134000
3e934000
be934000
bf134000
3f934000
3f5ce000
bf134000
3fb81000
3e934000
bf134000
00000000
00000000
3fb81000
bf934000
3f5ce000
3f934000
3f134000
3e934000
3f5ce000
be934000
bf5ce000
bf934000
3e934000
3f134000
3e934000
00000000
bfb81000
3f134000
3fb81000
3e934000
3e934000
00000000
3e934000
bf5ce000
3f134000
3fdce000
bf134000
3f934000
00000000
3e934000
00000000
3f934000
3f134000
3e934000
bf134000
3f934000
be934000
00000000
00000000
3e934000
3fb81000
bf934000
00000000
bf934000
be934000
3e934000
bf5ce000
00000000
3e934000
3e934000
bf134000
3f134000
c000d800
be934000
3f134000
3f934000
3f134000
be934000
3f934000
be934000
00000000
3f934000
be934000
bf134000
3f5ce000
be934000
3e934000
00000000
be934000
3f134000
bf5ce000
00000000
4000d800
00000000
bf134000
bf134000
bf5ce000
00000000
bf934000
3f134000
3e934000
bfb81000
be934000
3e934000
3fb81000
3f134000
3f5ce000
00000000
3f5ce000
be934000
be934000
bf134000
bf134000
3e934000
00000000
3f5ce000
3e934000
3f134000
be934000
00000000
3e934000
bf5ce000
3fa25800
bf01e000
3f01e000
3fa25800
3e81e000
3f81e000
bf01e000
bfa25800
3fc2d000
00000000
00000000
bf81e000
bf01e000
3e81e000
3f01e000
bf01e000
3f01e000
3f81e000
3e81e000
bf01e000
bf42d000
be81e000
bfc2d000
be81e000
00000000
bf42d000
bf42d000
3f01e000
be81e000
be81e000
3f42d000
3fa25800
3e81e000
3fe34800
bf42d000
00000000
3e81e000
bf01e000
3f01e000
3f42d000
bf01e000
00000000
3f01e000
3f01e000
bf81e000
be81e000
bf01e000
bf01e000
be81e000
3e81e000
00000000
00000000
be81e000
3f42d000
3f42d000
bf01e000
be81e000
3f42d000
be81e000
bf01e000
be81e000
be81e000
be81e000
00000000
3e81e000
00000000
be81e000
be81e000
3e81e000
bf42d000
bf42d000
3f42d000
bfa25800
3f42d000
3e81e000
3f01e000
bf42d000
3f42d000
be81e000
3e81e000
be81e000
3f42d000
3f81e000
bf01e000
bf42d000
3e81e000
00000000
bf42d000
3e81e000
3f01e000
00000000
be81e000
3f01e000
be81e000
3fc2d000
be81e000
bf01e000
3e81e000
3f01e000
bf42d000
bf01e000
00000000
3f01e000
bf42d000
3f01e000
3e81e000
be81e000
3e81e000
bf01e000
3f42d000
3f01e000
3f81e000
3f01e000
be81e000
bf81e000
be81e000
bf42d000
be81e000
bf81e000
3e81e000
3f01e000
3e81e000
be81e000
3f42d000
bf01e000
3f01e000
3f42d000
bf01e000
3e980000
bf180000
bf180000
3f180000
00000000
3e980000
3f180000
00000000
bf180000
be980000
3e980000
3f980000
3e980000
3e980000
bf980000
bfbe0000
3f180000
3f180000
bf180000
3f640000
00000000
3f640000
00000000
be980000
bf180000
bf640000
3f640000
3e980000
3f180000
3f180000
3f640000
00000000
bf180000
3f180000
3f640000
00000000
be980000
00000000
3f180000
bf640000
bf640000
3f640000
3e980000
3f640000
bf640000
3fe40000
be980000
00000000
bf980000
3f980000
00000000
bf640000
00000000
bf180000
bf980000
00000000
3f640000
bf180000
be980000
bf180000
3f640000
00000000
3f180000
bf180000
bf180000
00000000
bf180000
00000000
3f180000
3f180000
3e980000
3e980000
3e980000
3f180000
3f180000
3f640000
3fbe0000
bf180000
3f640000
bf180000
be980000
3e980000
00000000
3e980000
00000000
bf180000
3f180000
00000000
3f640000
bf980000
00000000
00000000
00000000
bf640000
3f180000
bf180000
00000000
3f640000
3e980000
00000000
3e980000
3f180000
3f640000
be980000
c0050000
be980000
bf180000
bf640000
bf980000
be980000
3e980000
bf180000
3f180000
3e980000
3e980000
00000000
3e980000
be980000
be980000
bf640000
3f180000
00000000
bf980000
bf640000
bf180000
00000000
00000000
bf180000
be956000
3f601000
be956000
3f156000
be956000
3e956000
3e956000
3f601000
bfbab800
3e956000
be956000
3e956000
bfbab800
00000000
bf156000
3f601000
be956000
3e956000
c002b400
be956000
3e956000
00000000
be956000
3f156000
be956000
00000000
00000000
c002b400
bf956000
3f956000
3f956000
bf601000
00000000
00000000
00000000
bf601000
3f956000
00000000
3e956000
3f156000
3f956000
bfbab800
bf156000
bf156000
bf156000
3f601000
be956000
00000000
be956000
bf156000
00000000
00000000
be956000
3e956000
3f601000
3fe01000
00000000
00000000
3e956000
3f156000
00000000
3f156000
be956000
bf601000
3f156000
00000000
3fbab800
bf956000
3f156000
bf156000
00000000
bf601000
00000000
bf156000
be956000
bfbab800
00000000
3f601000
00000000
3f156000
3e956000
be956000
3e956000
bf156000
3f956000
3f156000
bf156000
3e956000
be956000
bf601000
3fe01000
3e956000
00000000
3e956000
bfe01000
3f601000
bf156000
bf156000
c002b400
3e956000
00000000
3e956000
be956000
bf956000
00000000
3e956000
be956000
be956000
3e956000
3e956000
00000000
00000000
be956000
00000000
3fbab800
be956000
00000000
be956000
3f156000
3f156000
00000000
3f956000
00000000
3e956000
bf156000
3f601000
be956000
bf156000
bf75a000
bf998400
3f998400
bef5a000
3e75a000
3ef5a000
3fb83800
3e75a000
3e75a000
3fb83800
3f75a000
bf383800
bf383800
3e75a000
bf75a000
bf383800
3e75a000
be75a000
3ef5a000
bf75a000
3f998400
bef5a000
3ef5a000
be75a000
be75a000
bf75a000
be75a000
bef5a000
3f998400
00000000
3f383800
bf383800
bf75a000
3e75a000
be75a000
bf383800
be75a000
bf998400
3e75a000
bf383800
3f998400
3ef5a000
00000000
00000000
be75a000
3fd6ec00
3f383800
be75a000
00000000
be75a000
00000000
3e75a000
bef5a000
be75a000
bf75a000
3ef5a000
3f75a000
be75a000
be75a000
bef5a000
bef5a000
3ef5a000
3e75a000
3e75a000
3f75a000
3e75a000
3e75a000
00000000
be75a000
bef5a000
3f998400
3f75a000
be75a000
bef5a000
00000000
00000000
bf383800
be75a000
3e75a000
bef5a000
3e75a000
bef5a000
be75a000
bef5a000
bef5a000
00000000
be75a000
3ef5a000
bf383800
3f383800
00000000
3ef5a000
3ef5a000
bef5a000
bf75a000
00000000
3f75a000
3f75a000
3e75a000
3f75a000
3ef5a000
be75a000
3e75a000
3e75a000
be75a000
3f75a000
3f383800
be75a000
bf75a000
3fb83800
00000000
3f383800
bf998400
3ef5a000
3f383800
3f75a000
3e75a000
3e75a000
00000000
00000000
3ef5a000
be75a000
3f75a000
3ef5a000
bfb83800
bef5a000
00000000
be75a000
bf607000
3f15a000
bf15a000
be95a000
be95a000
bf15a000
3f15a000
00000000
be95a000
bf15a000
00000000
3e95a000
3fbb0800
bfbb0800
00000000
be95a000
be95a000
be95a000
00000000
3f607000
bf95a000
00000000
bf15a000
00000000
3e95a000
3f607000
00000000
3e95a000
be95a000
3f95a000
3e95a000
3f95a000
3f607000
3e95a000
3f15a000
bf15a000
be95a000
bf15a000
bf15a000
00000000
be95a000
bf15a000
bf95a000
3f15a000
3e95a000
00000000
3e95a000
be95a000
bf15a000
bf607000
bf607000
3f15a000
3f15a000
3e95a000
00000000
bf15a000
c002ec00
be95a000
be95a000
3e95a000
bf15a000
00000000
3f15a000
00000000
3e95a000
bf15a000
be95a000
3e95a000
bf95a000
3f95a000
00000000
00000000
be95a000
3f15a000
3f607000
be95a000
3e95a000
3e95a000
bf15a000
bf95a000
3e95a000
bf607000
be95a000
bf15a000
00000000
3e95a000
3e95a000
3f95a000
bf15a000
3e95a000
00000000
3e95a000
be95a000
bfbb0800
3e95a000
bf15a000
bf15a000
3fbb0800
bf95a000
00000000
00000000
00000000
3f15a000
3f95a000
00000000
bf95a000
3f607000
bf607000
00000000
bf15a000
00000000
3f15a000
00000000
3f607000
3e95a000
3f15a000
3f607000
00000000
00000000
be95a000
3f607000
bf95a000
3f15a000
be95a000
00000000
bf15a000
be95a000
00000000
be84a000
3e84a000
3f04a000
bf04a000
3f84a000
3f04a000
00000000
bf04a000
bf04a000
00000000
3e84a000
3f04a000
3f46f000
3e84a000
3f84a000
bfa5c800
3f84a000
bf84a000
be84a000
3f04a000
3f04a000
3f04a000
3e84a000
3f84a000
3f46f000
3e84a000
00000000
be84a000
3e84a000
bf04a000
3e84a000
3fa5c800
be84a000
bf04a000
3f84a000
00000000
00000000
3e84a000
bf04a000
be84a000
3f46f000
00000000
be84a000
bf04a000
bfa5c800
bf04a000
bf04a000
3e84a000
00000000
00000000
bfc6f000
bf46f000
bf04a000
be84a000
bf46f000
bf46f000
3e84a000
3f04a000
be84a000
bf04a000
3f04a000
3f46f000
3e84a000
bfa5c800
be84a000
be84a000
3f46f000
bf46f000
bf04a000
3f46f000
bf46f000
3f84a000
3f46f000
3f84a000
3fa5c800
be84a000
3e84a000
bfe81800
3f04a000
00000000
3e84a000
bf46f000
bfc6f000
bf04a000
3e84a000
3f84a000
3f04a000
00000000
3e84a000
00000000
00000000
bf04a000
3e84a000
bf04a000
be84a000
bfa5c800
3f04a000
3fa5c800
bf46f000
3e84a000
3f84a000
3f46f000
be84a000
3e84a000
bf46f000
3e84a000
bf04a000
bf46f000
bf46f000
3f04a000
be84a000
bf46f000
be84a000
bfa5c800
3f84a000
bfa5c800
3e84a000
bf46f000
3e84a000
be84a000
3e84a000
bf46f000
be84a000
bf84a000
00000000
be84a000
3f84a000
bfc6f000
bf2bc000
bfabc000
bf2bc000
beabc000
3eabc000
3eabc000
00000000
00000000
beabc000
3eabc000
beabc000
3eabc000
3eabc000
bf2bc000
00000000
00000000
3eabc000
00000000
00000000
bfd6b000
00000000
3f2bc000
00000000
3fabc000
00000000
00000000
beabc000
3fabc000
3fabc000
3eabc000
beabc000
00000000
3eabc000
bf2bc000
00000000
00000000
3f2bc000
3eabc000
3eabc000
3f2bc000
beabc000
00000000
bf80d000
3f2bc000
bfabc000
00000000
beabc000
beabc000
beabc000
bf2bc000
bf2bc000
3eabc000
beabc000
3eabc000
00000000
00000000
beabc000
beabc000
beabc000
00000000
00000000
beabc000
3eabc000
bf2bc000
00000000
beabc000
3eabc000
3f2bc000
bf80d000
00000000
bfd6b000
bf80d000
00000000
3f2bc000
00000000
00000000
bfabc000
3eabc000
3eabc000
beabc000
3eabc000
3eabc000
3fabc000
00000000
beabc000
bf80d000
3f80d000
3f2bc000
3f2bc000
bf80d000
beabc000
bf80d000
bf2bc000
3eabc000
beabc000
3eabc000
beabc000
00000000
3eabc000
bf2bc000
3f2bc000
beabc000
c0164800
3f2bc000
3f2bc000
3eabc000
00000000
bf2bc000
beabc000
00000000
bf2bc000
3eabc000
00000000
bf2bc000
00000000
bf2bc000
3f2bc000
bf80d000
bf80d000
3f80d000
3eabc000
bf2bc000
00000000
00000000
3f2bc000
bf2bc000
00000000
3eabc000
3f67a000
3ee7a000
bf2db800
bee7a000
bf2db800
00000000
bf67a000
bee7a000
3ee7a000
3f90c400
3f2db800
3f2db800
3ee7a000
3ee7a000
3f2db800
3ee7a000
3f2db800
3e67a000
00000000
bf2db800
be67a000
3ee7a000
be67a000
3e67a000
00000000
3e67a000
3f2db800
bfcaac00
bf67a000
3f2db800
3f67a000
be67a000
bf90c400
3e67a000
be67a000
be67a000
00000000
be67a000
be67a000
3f90c400
3f67a000
bee7a000
bee7a000
bf2db800
be67a000
00000000
3e67a000
3f2db800
3f2db800
3fadb800
3ee7a000
3f2db800
3f90c400
3e67a000
3e67a000
3e67a000
bee7a000
3e67a000
bee7a000
bfadb800
3fadb800
bf67a000
bee7a000
00000000
be67a000
00000000
be67a000
be67a000
3e67a000
bf67a000
3f67a000
00000000
3ee7a000
3ee7a000
be67a000
3f2db800
3f2db800
00000000
00000000
3e67a000
3ee7a000
be67a000
3ee7a000
00000000
bf90c400
be67a000
3f2db800
bfadb800
3f2db800
bfadb800
be67a000
bf90c400
3e67a000
3f90c400
bee7a000
bee7a000
bee7a000
3f90c400
bee7a000
bee7a000
bee7a000
3e67a000
00000000
bf2db800
bf67a000
3f90c400
3ee7a000
bf2db800
bf2db800
3f2db800
bf2db800
3ee7a000
bf2db800
3f2db800
3ee7a000
3f2db800
3ee7a000
be67a000
be67a000
bfcaac00
3f67a000
bee7a000
be67a000
be67a000
3ee7a000
3e67a000
bf67a000
3f2db800
3e91e000
3e91e000
3f11e000
00000000
3f11e000
be91e000
3f11e000
bf11e000
be91e000
bf11e000
00000000
bf5ad000
be91e000
3f11e000
3e91e000
be91e000
bf91e000
00000000
00000000
3f11e000
3f5ad000
3f11e000
3e91e000
bf5ad000
3e91e000
3fb65800
3f5ad000
3e91e000
bf11e000
be91e000
00000000
3f91e000
bf11e000
3e91e000
bf11e000
bf5ad000
00000000
3f11e000
00000000
be91e000
bf11e000
bf91e000
00000000
bf91e000
3fb65800
3f11e000
3f91e000
3f11e000
00000000
bf11e000
3e91e000
be91e000
00000000
3f11e000
3f5ad000
3f11e000
3f91e000
bf5ad000
bf11e000
be91e000
be91e000
3e91e000
3e91e000
be91e000
3e91e000
bf11e000
00000000
3e91e000
bf11e000
3f5ad000
bfff4800
bf5ad000
be91e000
bf91e000
bf91e000
3f11e000
00000000
3f5ad000
bf11e000
3f5ad000
3f91e000
be91e000
be91e000
3f5ad000
be91e000
3e91e000
3e91e000
bf11e000
bf11e000
be91e000
be91e000
be91e000
3f11e000
be91e000
bf11e000
3e91e000
3f5ad000
3f91e000
3f11e000
bf91e000
bf5ad000
3f91e000
00000000
bf11e000
bf5ad000
bf91e000
3e91e000
bf5ad000
bf11e000
be91e000
00000000
be91e000
00000000
3f5ad000
3e91e000
3fb65800
3f11e000
3fff4800
3e91e000
00000000
00000000
3e91e000
00000000
bf5ad000
3f11e000
bf11e000
be91e000
be91e000
3f1ce000
3e9ce000
bf1ce000
be9ce000
00000000
be9ce000
bf1ce000
c0094400
3f1ce000
00000000
3e9ce000
3f1ce000
3f1ce000
3f1ce000
be9ce000
3e9ce000
bf9ce000
bf9ce000
3f1ce000
bf9ce000
bf1ce000
bf1ce000
be9ce000
bf9ce000
00000000
bf6b5000
3f1ce000
be9ce000
3e9ce000
3f9ce000
3e9ce000
00000000
3f6b5000
00000000
00000000
bf1ce000
bf6b5000
00000000
3f9ce000
3f1ce000
be9ce000
3f1ce000
bf9ce000
3e9ce000
3f1ce000
00000000
3e9ce000
00000000
bf1ce000
3f1ce000
3f6b5000
bf1ce000
be9ce000
00000000
be9ce000
3e9ce000
3e9ce000
bfc41800
3f6b5000
00000000
3f1ce000
3e9ce000
3f6b5000
be9ce000
be9ce000
bf6b5000
3f6b5000
3e9ce000
bf9ce000
3f9ce000
be9ce000
bf1ce000
3e9ce000
bf1ce000
bf6b5000
3e9ce000
3f1ce000
00000000
be9ce000
3f6b5000
be9ce000
be9ce000
be9ce000
bf1ce000
be9ce000
3e9ce000
3e9ce000
bf1ce000
3e9ce000
00000000
3e9ce000
00000000
00000000
3f1ce000
3f1ce000
3f6b5000
be9ce000
3f6b5000
bf1ce000
bf1ce000
3f1ce000
00000000
bfc41800
bf1ce000
3e9ce000
3e9ce000
3f6b5000
be9ce000
bf9ce000
bfc41800
be9ce000
be9ce000
bf6b5000
00000000
be9ce000
00000000
be9ce000
3e9ce000
bf1ce000
00000000
3f1ce000
bf6b5000
3f6b5000
be9ce000
3e9ce000
3f1ce000
bf1ce000
bf6b5000
be72c000
bef2c000
00000000
3ef2c000
00000000
bfd46800
3e72c000
00000000
bef2c000
bf361000
bf72c000
bfb61000
00000000
3ef2c000
3f72c000
be72c000
3f361000
3e72c000
3e72c000
3e72c000
bf97b800
3e72c000
3f361000
be72c000
bef2c000
bf361000
3f361000
3ef2c000
3f361000
3e72c000
bf72c000
3ef2c000
3e72c000
00000000
be72c000
be72c000
3e72c000
3f72c000
be72c000
3ef2c000
3e72c000
bf361000
00000000
be72c000
3f72c000
3f97b800
bf361000
00000000
bef2c000
be72c000
bef2c000
bf361000
bf97b800
00000000
00000000
3f361000
be72c000
bf72c000
3f361000
00000000
00000000
3f72c000
00000000
be72c000
3e72c000
3ef2c000
00000000
bf72c000
3fb61000
bf361000
3e72c000
be72c000
00000000
bf97b800
3ef2c000
00000000
3e72c000
bf361000
be72c000
00000000
3f361000
00000000
bf97b800
bf97b800
bf72c000
be72c000
bef2c000
3f72c000
be72c000
bf361000
00000000
3f361000
bef2c000
3f361000
00000000
be72c000
3ef2c000
bf72c000
00000000
bf361000
3e72c000
3e72c000
be72c000
3ef2c000
3e72c000
3ef2c000
3f361000
00000000
3ef2c000
bf72c000
be72c000
00000000
be72c000
3e72c000
bef2c000
3e72c000
be72c000
3e72c000
bf97b800
3f361000
3f361000
bf72c000
bfd46800
bf97b800
00000000
be72c000
3ef2c000
3e72c000
3f176000
bf976000
bf631000
3f631000
3e976000
bf176000
3e976000
3f976000
3f631000
3f176000
00000000
be976000
00000000
bf631000
bf176000
bf176000
3e976000
bfbd3800
3e976000
bf176000
be976000
bf176000
00000000
3f631000
3e976000
00000000
bf631000
00000000
00000000
bf631000
3f631000
00000000
bf976000
be976000
00000000
3e976000
3e976000
be976000
3e976000
be976000
3e976000
3e976000
3f176000
00000000
00000000
bf631000
bf631000
3f631000
3f976000
bf631000
be976000
00000000
be976000
00000000
bf631000
bf631000
3e976000
3f631000
bf631000
bf176000
00000000
bf176000
bfe31000
3e976000
3e976000
00000000
bf631000
00000000
3e976000
3e976000
bf631000
3f176000
3e976000
00000000
bf176000
3f176000
be976000
be976000
3f976000
3f631000
bf176000
00000000
00000000
00000000
bf976000
00000000
3e976000
3e976000
3f176000
3f176000
bf176000
3e976000
3e976000
00000000
3f176000
be976000
3f176000
3e976000
3f976000
bf976000
3e976000
bf176000
3e976000
bf176000
3e976000
3e976000
3e976000
bf176000
00000000
bf631000
bf176000
bf176000
3e976000
00000000
00000000
c0047400
be976000
be976000
bf176000
3f176000
bf176000
be976000
00000000
3f976000
3e976000
3f631000
00000000
3e976000
3e774000
be774000
00000000
3e774000
3e774000
bf774000
3e774000
3e774000
3ef74000
3f774000
bf397000
bf397000
bef74000
be774000
be774000
be774000
3f397000
3e774000
3ef74000
3e774000
3e774000
bfd85800
00000000
bf774000
3ef74000
3e774000
3fb97000
3fb97000
00000000
bfb97000
3e774000
3e774000
3ef74000
be774000
bf774000
3f397000
bf774000
00000000
be774000
bf397000
bf774000
00000000
3fb97000
bf9a8800
3e774000
3f9a8800
3ef74000
bef74000
00000000
3e774000
3fd85800
be774000
3fd85800
bf9a8800
bf397000
3fb97000
00000000
00000000
bef74000
3f774000
bef74000
3f9a8800
3e774000
be774000
3e774000
00000000
be774000
3f397000
00000000
be774000
3ef74000
be774000
bf397000
3ef74000
bf397000
00000000
3fd85800
3e774000
bf774000
3e774000
3e774000
3f774000
00000000
00000000
3ef74000
00000000
3e774000
3f397000
3e774000
3f774000
00000000
00000000
bf397000
00000000
00000000
00000000
be774000
bfb97000
3e774000
00000000
3ef74000
be774000
3ef74000
be774000
00000000
3f774000
bef74000
be774000
00000000
bef74000
bf397000
bf397000
be774000
bf774000
bf9a8800
3e774000
be774000
be774000
3e774000
be774000
bf9a8800
be774000
bf397000
3f774000
3f774000
3e774000
00000000
bf774000
3f136000
bf5d1000
be936000
00000000
bf136000
3e936000
00000000
00000000
be936000
3f5d1000
3f5d1000
3e936000
3f5d1000
00000000
3e936000
3e936000
3f5d1000
bf936000
bf5d1000
3fdd1000
be936000
3e936000
bf136000
bfb83800
bf136000
be936000
bf136000
3f136000
be936000
bf5d1000
3f136000
be936000
3e936000
3e936000
00000000
bf136000
bfb83800
be936000
be936000
bf936000
bf5d1000
be936000
bf936000
3e936000
bf5d1000
3f936000
00000000
bf5d1000
3f5d1000
3e936000
00000000
00000000
bf136000
3e936000
be936000
3e936000
3e936000
3f936000
3e936000
be936000
be936000
be936000
bf136000
be936000
3e936000
3f5d1000
bf936000
be936000
3f936000
00000000
00000000
bfdd1000
3f136000
3e936000
00000000
3f936000
c000f400
3e936000
be936000
3f5d1000
00000000
be936000
be936000
00000000
3fb83800
be936000
00000000
3f5d1000
3f5d1000
3e936000
3f136000
3f136000
bf936000
00000000
bf936000
bf136000
3f936000
00000000
00000000
be936000
3fb83800
3e936000
00000000
be936000
bf136000
bf5d1000
00000000
3f5d1000
3f5d1000
bf5d1000
bf136000
bf5d1000
3f5d1000
3f5d1000
bf136000
3f136000
bfb83800
3fb83800
3e936000
be936000
bfb83800
bf5d1000
be936000
bf136000
3fb83800
bf936000
be936000
bf136000
00000000
bf984400
3e73a000
bef3a000
3f36b800
be73a000
3fb6b800
bef3a000
00000000
bef3a000
bf984400
3ef3a000
3ef3a000
00000000
bf73a000
3f36b800
3fd52c00
3ef3a000
3f984400
bf73a000
bf36b800
00000000
3e73a000
3f984400
be73a000
bf984400
bf36b800
00000000
3fb6b800
3f984400
00000000
3fb6b800
00000000
bef3a000
3e73a000
bfb6b800
be73a000
bf36b800
3f73a000
3ef3a000
00000000
be73a000
be73a000
be73a000
bf73a000
bf73a000
be73a000
bf36b800
3ef3a000
00000000
bf984400
3ef3a000
3ef3a000
bfb6b800
3e73a000
bef3a000
be73a000
bfb6b800
3e73a000
3f984400
be73a000
3f36b800
bef3a000
bf36b800
3ef3a000
00000000
3ef3a000
bef3a000
3f73a000
bef3a000
3f984400
00000000
00000000
bf984400
3e73a000
3f36b800
3e73a000
00000000
3ef3a000
bf36b800
be73a000
3f73a000
be73a000
be73a000
bf73a000
00000000
bef3a000
be73a000
00000000
be73a000
3f36b800
3f36b800
3f984400
3f36b800
be73a000
3e73a000
bef3a000
3ef3a000
3ef3a000
bf73a000
bfb6b800
bef3a000
3e73a000
3e73a000
bfb6b800
3e73a000
00000000
bf36b800
3f73a000
bf36b800
3e73a000
bef3a000
00000000
3e73a000
00000000
bf36b800
00000000
bf36b800
bef3a000
3e73a000
00000000
3fb6b800
3f984400
3f36b800
3f73a000
bf36b800
00000000
bf73a000
bea16000
3f216000
3f721000
bf216000
bea16000
00000000
3fa16000
bfa16000
bf216000
3ea16000
3ea16000
00000000
bf721000
3f216000
bfa16000
3ea16000
3f216000
3ea16000
3ea16000
bea16000
bf216000
bfc9b800
3f216000
3f216000
bea16000
3f216000
3f216000
bf216000
bea16000
bff21000
3fa16000
3ea16000
3ea16000
3f216000
bf721000
bf216000
00000000
3f721000
3fa16000
00000000
bf216000
bfc9b800
bea16000
bf216000
3ea16000
3f721000
bf721000
00000000
00000000
3f216000
3f216000
bf721000
bea16000
bf216000
00000000
3f216000
bfa16000
3fa16000
bea16000
3f721000
00000000
00000000
00000000
3f216000
bea16000
00000000
3ea16000
3ea16000
3fa16000
bea16000
bea16000
bf216000
3f721000
3f216000
bf216000
bea16000
3fa16000
00000000
bf216000
3ea16000
bea16000
3f721000
bea16000
bfc9b800
00000000
3f216000
3fa16000
3ea16000
3f721000
3f216000
3ea16000
bf721000
00000000
bf721000
3f721000
bfa16000
3ea16000
bf216000
bf216000
00000000
3f216000
bea16000
00000000
bf216000
bf216000
bf216000
bea16000
3ea16000
bfa16000
bea16000
00000000
3f721000
bea16000
bea16000
bf216000
bf216000
3f721000
bfa16000
00000000
bea16000
400d3400
bf216000
3ea16000
3fa16000
00000000
3ea16000
bfa16000
3ea16000
bf20e000
3ea0e000
bf20e000
3f20e000
bf715000
bf715000
bea0e000
bea0e000
bf20e000
00000000
bf20e000
3fc91800
bf20e000
3f715000
00000000
00000000
3f20e000
3f20e000
bea0e000
bf20e000
3f20e000
3f20e000
3fc91800
bea0e000
bea0e000
3ea0e000
00000000
00000000
bea0e000
bea0e000
bf20e000
bea0e000
bea0e000
00000000
3f20e000
3f20e000
3f715000
bf20e000
00000000
bf20e000
3f20e000
3fa0e000
bf20e000
3ea0e000
bea0e000
bea0e000
3f20e000
bf715000
3f715000
3ea0e000
3ea0e000
bf715000
bea0e000
3f20e000
3fc91800
bf715000
3ea0e000
3ea0e000
bfa0e000
3ea0e000
bf715000
3f20e000
3f20e000
bf20e000
bf20e000
3ea0e000
bea0e000
3f715000
00000000
3ea0e000
00000000
bf715000
bf715000
00000000
bea0e000
3f20e000
00000000
bf20e000
00000000
3ea0e000
bea0e000
bf715000
3fa0e000
00000000
bea0e000
3ea0e000
bea0e000
00000000
3ea0e000
3fa0e000
00000000
bea0e000
c00cc400
bf20e000
3fc91800
3f20e000
bea0e000
00000000
00000000
3f715000
3ea0e000
bf715000
00000000
00000000
3f715000
bf715000
3f20e000
3f715000
bfa0e000
3f715000
3f20e000
3f715000
bea0e000
00000000
3ea0e000
3ea0e000
bfa0e000
bea0e000
3fa0e000
bf715000
bfa0e000
bf20e000
bea0e000
00000000
bfa0e000
3ea0e000
bea0e000
bff15000
bfcb8c00
3ee8a000
3fcb8c00
bfae7800
bf916400
3f2e7800
00000000
3ee8a000
bf2e7800
3e68a000
3fae7800
3f68a000
bee8a000
3ee8a000
bee8a000
bfae7800
3e68a000
00000000
be68a000
be68a000
bf68a000
bee8a000
bf2e7800
3ee8a000
bf2e7800
3f2e7800
bee8a000
3fae7800
be68a000
00000000
00000000
3ee8a000
bf2e7800
bee8a000
bf2e7800
3f68a000
3f2e7800
3f2e7800
3f68a000
00000000
3ee8a000
bee8a000
3f2e7800
00000000
00000000
3f2e7800
bf68a000
3f2e7800
3f68a000
3f916400
3f2e7800
3f68a000
00000000
3e68a000
3f916400
3f2e7800
00000000
bf916400
3e68a000
3ee8a000
3ee8a000
bfae7800
bee8a000
00000000
3f68a000
bee8a000
be68a000
bee8a000
bee8a000
bee8a000
3f2e7800
3ee8a000
be68a000
3e68a000
3f2e7800
3ee8a000
3f916400
bf2e7800
bee8a000
3f68a000
be68a000
bf68a000
3f916400
3f68a000
3e68a000
bf68a000
3ee8a000
00000000
3ee8a000
3f916400
bf68a000
3e68a000
3e68a000
3f916400
3ee8a000
3f916400
bfcb8c00
00000000
bf2e7800
bf2e7800
3e68a000
3e68a000
00000000
bf916400
bf68a000
00000000
bee8a000
be68a000
3f2e7800
3e68a000
bf68a000
3f2e7800
bf916400
3f2e7800
3f916400
bee8a000
00000000
bf68a000
bee8a000
be68a000
3f2e7800
3e68a000
bee8a000
3ee8a000
00000000
3ee8a000
be68a000
3e68a000
bf170000
00000000
3f170000
bf628000
3f970000
be970000
be970000
00000000
3f628000
be970000
3f170000
be970000
bf970000
c0042000
be970000
3e970000
00000000
bf170000
3f970000
3e970000
bf170000
00000000
3e970000
c0042000
3f628000
3e970000
00000000
3fbcc000
3e970000
bf170000
bf170000
3f628000
bf970000
bf170000
bf170000
3f170000
bf170000
3f628000
3e970000
be970000
3f628000
bf170000
bf628000
3e970000
bf628000
be970000
3f170000
bfbcc000
00000000
bf170000
3e970000
be970000
bf170000
3e970000
be970000
3f970000
bf170000
bf170000
3f628000
bf628000
bf170000
00000000
be970000
00000000
00000000
bf170000
bf170000
bf170000
bf628000
00000000
3f628000
bf628000
3f628000
3f970000
bf628000
bf628000
bf170000
be970000
bf170000
00000000
3e970000
00000000
00000000
bf628000
bf170000
be970000
bf628000
00000000
3f628000
00000000
3f970000
be970000
00000000
00000000
3f170000
00000000
3e970000
bf970000
bf970000
be970000
be970000
3e970000
bf970000
bf170000
bf170000
3f170000
be970000
00000000
bf170000
3f970000
be970000
3f970000
3e970000
3f170000
be970000
bf170000
bf170000
00000000
00000000
bf628000
3f628000
3f970000
be970000
be970000
bf170000
bf628000
3f170000
be970000
bf060000
bf490000
bf860000
00000000
00000000
3e860000
3e860000
be860000
bf490000
3f490000
bf060000
00000000
bf490000
bf490000
00000000
bf060000
3f490000
3f490000
bfa78000
bf060000
3e860000
3f060000
3f060000
3e860000
be860000
3fc90000
3fa78000
be860000
bf490000
3f860000
00000000
3f060000
be860000
bf060000
bf490000
bf060000
3e860000
be860000
3f060000
3f060000
bf490000
bfa78000
3f860000
3f060000
bf490000
be860000
00000000
bf060000
3f860000
00000000
00000000
3f860000
3e860000
00000000
bf490000
bf860000
be860000
00000000
bf060000
bf860000
3e860000
3f060000
bf060000
3f490000
00000000
3f060000
3e860000
bfc90000
3e860000
bf860000
3f860000
bf860000
bf860000
3f060000
3e860000
bf490000
bf490000
3f490000
be860000
3fa78000
3e860000
bf060000
3fc90000
3f060000
be860000
3e860000
3e860000
bfea8000
00000000
bf860000
bfea8000
00000000
be860000
bf490000
be860000
00000000
00000000
00000000
bf490000
3f060000
3e860000
3e860000
3f490000
00000000
bfa78000
bf490000
be860000
3f060000
00000000
3f060000
00000000
3e860000
3f860000
be860000
3fc90000
be860000
3f060000
3f060000
00000000
3f060000
bfa78000
bf060000
3e860000
3fc90000
bf860000
3f860000
3f060000
bf860000
bf862000
be862000
00000000
00000000
bf493000
3e862000
bf493000
bf493000
3f062000
be862000
bf062000
bf062000
3f062000
00000000
bf862000
bf862000
bf062000
be862000
bf062000
3f062000
be862000
3f062000
3f062000
3f062000
be862000
3e862000
3f862000
3f493000
3f862000
3f062000
3f062000
bf062000
3f062000
3fc93000
3f062000
bf062000
3f862000
00000000
3f062000
3f062000
3e862000
3f862000
bf062000
00000000
3f062000
bf062000
3f493000
be862000
bf493000
3f862000
bf862000
00000000
00000000
bfeab800
00000000
bf062000
bf062000
00000000
3f493000
3f862000
bf493000
3f493000
bf862000
bfa7a800
3f062000
be862000
be862000
bf062000
3f862000
bf062000
3f493000
3f493000
3fa7a800
bf862000
3f493000
bfa7a800
bf062000
bf062000
bf062000
bf493000
3f062000
00000000
be862000
3f493000
3f062000
bf493000
3f493000
3f862000
3feab800
3e862000
3fa7a800
3f062000
be862000
00000000
bf062000
00000000
00000000
3f062000
bf493000
3f062000
3e862000
3e862000
3e862000
3f062000
bf062000
bf062000
be862000
3f493000
bf862000
00000000
be862000
bf493000
be862000
bf493000
3f062000
3e862000
00000000
3f062000
3f062000
3f862000
3f062000
bf062000
be862000
bf062000
bf493000
bf862000
00000000
3e862000
bf613000
3f613000
00000000
3f613000
3f162000
3f613000
3fbba800
be962000
bf162000
be962000
00000000
00000000
bf162000
00000000
bf162000
be962000
bf162000
3f162000
3f613000
bf162000
3e962000
3e962000
be962000
3e962000
40035c00
be962000
bf162000
3f962000
be962000
be962000
00000000
be962000
3f962000
bf162000
3f162000
00000000
00000000
bf162000
00000000
bfbba800
3f962000
3e962000
bf162000
3e962000
be962000
3e962000
00000000
3f162000
3e962000
3f162000
3e962000
3f162000
3f162000
3e962000
bf613000
bf613000
be962000
be962000
be962000
3f613000
3f962000
3f613000
be962000
00000000
3f162000
3f162000
be962000
bf962000
3e962000
bf162000
3f613000
be962000
bf162000
bf162000
be962000
3fbba800
3f162000
bf162000
3f162000
3f162000
bf613000
3f162000
00000000
3e962000
00000000
be962000
3f162000
3f613000
bf162000
00000000
3f162000
3e962000
3e962000
3e962000
00000000
3f613000
bf162000
bf962000
00000000
bf162000
3f613000
be962000
be962000
bf962000
00000000
3f162000
3f162000
bf613000
3f162000
bf613000
bf613000
3f162000
00000000
3f162000
00000000
00000000
bf613000
3f162000
3f962000
c0035c00
be962000
be962000
bf613000
bf162000
3f613000
bf613000
3f162000
3e962000
00000000
3f260000
bfcf8000
bf260000
3f260000
bf260000
00000000
bea60000
3fa60000
00000000
00000000
bfcf8000
3f790000
3ea60000
c0114000
00000000
3fa60000
3ea60000
bf260000
00000000
bf260000
00000000
bfcf8000
3f790000
bf260000
3f790000
bf260000
3f260000
3ea60000
3f260000
00000000
3ff90000
3ea60000
00000000
bf260000
3fa60000
00000000
bf260000
bea60000
bea60000
3ea60000
00000000
bf260000
bf260000
bea60000
00000000
3f790000
3ea60000
bfcf8000
3fa60000
bfcf8000
3fa60000
00000000
3ea60000
3ea60000
bf260000
3f260000
bfcf8000
bea60000
00000000
3ea60000
c0114000
bea60000
bea60000
bfa60000
bf790000
3f790000
00000000
3f260000
bfcf8000
bea60000
3f790000
bea60000
3ea60000
bfcf8000
3ea60000
bf260000
00000000
00000000
3f790000
3ea60000
00000000
bea60000
3fcf8000
3f790000
bf260000
bea60000
3f260000
bea60000
bea60000
bf790000
bea60000
bea60000
bf260000
bf260000
00000000
c0114000
bea60000
bea60000
00000000
3ea60000
3f260000
bf790000
3ea60000
3ea60000
00000000
bea60000
00000000
3f260000
3fa60000
00000000
bea60000
3f260000
bf790000
00000000
bea60000
3ea60000
bf260000
3f260000
bf790000
00000000
bf790000
3f260000
bea60000
00000000
00000000
bf260000
bea60000
00000000
be852000
3f852000
3f052000
00000000
be852000
3f47b000
00000000
3f052000
3fa66800
3f052000
3fa66800
be852000
bf47b000
3e852000
3f47b000
be852000
be852000
3f052000
be852000
00000000
bf852000
be852000
00000000
00000000
be852000
3e852000
3e852000
bf47b000
be852000
3f052000
3f47b000
be852000
bf47b000
be852000
be852000
3f47b000
3f47b000
bf852000
bf052000
bf852000
3e852000
bf052000
bf052000
bf052000
bf47b000
be852000
be852000
3f052000
00000000
00000000
00000000
3e852000
00000000
be852000
3e852000
00000000
bf052000
3e852000
be852000
be852000
3e852000
3e852000
3f47b000
bf852000
3fe8f800
00000000
3f47b000
be852000
bf852000
3e852000
bf052000
bf852000
bf47b000
3f47b000
bf852000
bfc7b000
bf052000
bf852000
3f47b000
00000000
3f47b000
bf052000
3f47b000
bfa66800
be852000
3e852000
3f47b000
3f852000
bf052000
bf47b000
bf852000
3f47b000
00000000
00000000
3e852000
bfc7b000
00000000
3f052000
bf852000
3f47b000
00000000
3f052000
3e852000
3e852000
be852000
bf47b000
00000000
00000000
3e852000
3e852000
3f052000
be852000
bf052000
3f47b000
bf47b000
3f052000
bf052000
3f052000
3f47b000
3e852000
3f47b000
bf47b000
be852000
bf47b000
be852000
3f052000
3f052000
00000000
3fa3c000
bea3c000
bf75a000
3f23c000
bf23c000
3f75a000
00000000
00000000
3f23c000
3f23c000
3fccb000
3ea3c000
bf23c000
3f23c000
00000000
3f75a000
00000000
00000000
bea3c000
bea3c000
bf75a000
3ea3c000
3ea3c000
3ea3c000
3f23c000
00000000
bea3c000
bfa3c000
3ea3c000
bea3c000
00000000
3f75a000
bf75a000
3fccb000
bf23c000
00000000
bf23c000
bf23c000
3f23c000
400f4800
00000000
bf23c000
00000000
00000000
3f23c000
00000000
00000000
3f23c000
00000000
bfccb000
bea3c000
00000000
3ea3c000
3f23c000
3f23c000
bf23c000
3f75a000
bf75a000
3f75a000
00000000
3f75a000
00000000
bf23c000
bf23c000
bea3c000
3f75a000
bea3c000
bea3c000
3f75a000
3ea3c000
bf75a000
3ea3c000
bf75a000
bf23c000
bea3c000
00000000
bf23c000
3f23c000
00000000
3f23c000
00000000
bf75a000
bea3c000
bfa3c000
3f23c000
c00f4800
3f75a000
3f23c000
3f23c000
bf75a000
3fccb000
bea3c000
00000000
bfa3c000
00000000
bfa3c000
3fa3c000
3f23c000
bea3c000
00000000
3f75a000
3f23c000
bf75a000
bf23c000
00000000
3fa3c000
00000000
3fccb000
3f23c000
3f23c000
bf75a000
bea3c000
bf23c000
bf23c000
3f23c000
3f23c000
3f23c000
3fccb000
bf23c000
bf23c000
bf23c000
00000000
bea3c000
00000000
00000000
3ea3c000
00000000
be62a000
3e62a000
00000000
3f29f800
bfa9f800
bf29f800
3f62a000
3ee2a000
00000000
be62a000
bee2a000
bf29f800
3ee2a000
bf29f800
3f62a000
be62a000
bee2a000
be62a000
00000000
3e62a000
00000000
bf8da400
3e62a000
3e62a000
be62a000
be62a000
bf8da400
be62a000
00000000
be62a000
be62a000
3fc64c00
00000000
3e62a000
bee2a000
be62a000
00000000
00000000
3e62a000
3e62a000
3e62a000
3f29f800
3f62a000
bee2a000
3f62a000
00000000
3f29f800
3f8da400
be62a000
00000000
3f8da400
3e62a000
3e62a000
00000000
bf29f800
3f29f800
3f62a000
3fc64c00
be62a000
3ee2a000
3ee2a000
00000000
00000000
bee2a000
3e62a000
bee2a000
3ee2a000
3f62a000
3f62a000
00000000
be62a000
be62a000
3e62a000
3f29f800
3e62a000
be62a000
bf8da400
3e62a000
be62a000
3f29f800
3ee2a000
3f8da400
be62a000
3ee2a000
3e62a000
bf29f800
3e62a000
3f29f800
3e62a000
3ee2a000
3f8da400
3f29f800
3f62a000
3ee2a000
3f29f800
3ee2a000
be62a000
be62a000
bf62a000
3ee2a000
3ee2a000
3f29f800
be62a000
3f8da400
3f29f800
3fc64c00
3ee2a000
00000000
bee2a000
3fa9f800
be62a000
bfa9f800
bee2a000
be62a000
3e62a000
be62a000
00000000
be62a000
bfc64c00
3f62a000
be62a000
bee2a000
3f62a000
bf62a000
3f29f800
3e62a000
bf29f800
3e62a000
3f3fe000
3fbfe000
bebfe000
bebfe000
3ebfe000
3ebfe000
3f3fe000
bf8fe800
00000000
bf3fe000
3f3fe000
3ebfe000
00000000
bebfe000
00000000
00000000
3fbfe000
3f3fe000
3ebfe000
3f8fe800
3ebfe000
3f3fe000
3f3fe000
bf3fe000
3ebfe000
bebfe000
3f3fe000
3ebfe000
bebfe000
3f3fe000
bebfe000
3ebfe000
3ebfe000
3f3fe000
bebfe000
3ebfe000
00000000
bf8fe800
bf3fe000
3f3fe000
3f3fe000
3f8fe800
bf8fe800
3ebfe000
bebfe000
3f3fe000
bf8fe800
00000000
4027e400
3ebfe000
00000000
bebfe000
3f8fe800
bebfe000
bf3fe000
3ebfe000
3fefd800
00000000
bebfe000
00000000
bebfe000
3ebfe000
3f3fe000
bfefd800
bf3fe000
3ebfe000
00000000
3ebfe000
3fefd800
bebfe000
bebfe000
3ebfe000
3fbfe000
bf3fe000
bf8fe800
bebfe000
3f3fe000
bf8fe800
bebfe000
bf3fe000
bebfe000
3ebfe000
3ebfe000
3f3fe000
3ebfe000
bebfe000
3ebfe000
3f8fe800
00000000
3f3fe000
00000000
bebfe000
3f3fe000
3f3fe000
3f3fe000
00000000
bebfe000
3ebfe000
00000000
bf3fe000
bf8fe800
3ebfe000
00000000
bf3fe000
3f3fe000
00000000
3ebfe000
00000000
bebfe000
bebfe000
3f3fe000
3fbfe000
bf3fe000
bebfe000
3f8fe800
3ebfe000
bebfe000
bebfe000
3f8fe800
00000000
00000000
bebfe000
00000000
3f8fe800
bf3fe000
3ebfe000
3fefd800
00000000
00000000
3f0ce000
be8ce000
bf0ce000
bfb01800
00000000
3f0ce000
3e8ce000
bf8ce000
bf0ce000
00000000
3e8ce000
3f535000
be8ce000
3e8ce000
3fb01800
3e8ce000
bf535000
be8ce000
3f535000
3e8ce000
3e8ce000
bf0ce000
3f535000
bf535000
3e8ce000
be8ce000
3f8ce000
3fb01800
3ff68800
3f0ce000
bf535000
3f535000
00000000
3f535000
bfb01800
bf0ce000
be8ce000
bf0ce000
3e8ce000
be8ce000
3f0ce000
00000000
3f8ce000
00000000
be8ce000
3f535000
3e8ce000
3e8ce000
3f8ce000
bf535000
00000000
3f0ce000
bf535000
3f0ce000
00000000
3f535000
3e8ce000
3e8ce000
3f0ce000
00000000
3f535000
be8ce000
00000000
bf8ce000
3e8ce000
be8ce000
3e8ce000
3f535000
3f535000
3e8ce000
bf0ce000
3e8ce000
3f0ce000
bf535000
00000000
bf535000
be8ce000
00000000
bf0ce000
00000000
00000000
00000000
bf0ce000
bf8ce000
bf8ce000
be8ce000
3e8ce000
3f8ce000
3e8ce000
bf0ce000
00000000
bf8ce000
3e8ce000
bf0ce000
be8ce000
bf535000
bf535000
3e8ce000
bf0ce000
00000000
00000000
3f0ce000
be8ce000
3f0ce000
bf0ce000
3f535000
00000000
3e8ce000
bf535000
bf0ce000
3e8ce000
bf535000
3e8ce000
bf535000
3f0ce000
bff68800
be8ce000
bf0ce000
00000000
bf8ce000
3e8ce000
bf8ce000
3e8ce000
be8ce000
bf535000
be8ce000
00000000
00000000
3e8b2000
00000000
3e8b2000
00000000
3e8b2000
3e8b2000
3f50b000
3e8b2000
00000000
be8b2000
be8b2000
3f8b2000
be8b2000
bfd0b000
00000000
3f8b2000
3e8b2000
bf0b2000
3e8b2000
be8b2000
3e8b2000
3f0b2000
3f0b2000
bf50b000
3e8b2000
be8b2000
00000000
be8b2000
bf50b000
3f0b2000
3f0b2000
be8b2000
bf0b2000
3e8b2000
bf50b000
bfade800
be8b2000
bf0b2000
bf0b2000
bf0b2000
bf8b2000
3f50b000
3f0b2000
3f0b2000
bf8b2000
00000000
3f8b2000
3e8b2000
3e8b2000
bf8b2000
00000000
3f0b2000
00000000
be8b2000
be8b2000
3f8b2000
be8b2000
be8b2000
3f0b2000
3e8b2000
3f8b2000
3e8b2000
be8b2000
bf50b000
bf50b000
bfd0b000
00000000
bf50b000
00000000
be8b2000
3f50b000
3e8b2000
00000000
bf50b000
00000000
be8b2000
bf0b2000
3e8b2000
be8b2000
bf8b2000
bf8b2000
3f50b000
3e8b2000
3f8b2000
3f50b000
3f8b2000
3f0b2000
bf8b2000
bf8b2000
00000000
3f0b2000
3f0b2000
bf50b000
3f0b2000
bf0b2000
3f50b000
bfade800
be8b2000
be8b2000
3f0b2000
bf50b000
bfade800
3f8b2000
bf50b000
bf50b000
00000000
3f0b2000
00000000
be8b2000
bff37800
bf50b000
3f0b2000
3f50b000
bfd0b000
3e8b2000
00000000
3f8b2000
bf8b2000
00000000
be8b2000
3f0b2000
3e8b2000
00000000
00000000
be8b2000
bf50b000
be8b2000
be80a000
bfa0c800
bf40f000
00000000
bfc0f000
3f00a000
be80a000
3f00a000
be80a000
bf40f000
3f00a000
00000000
bf00a000
3fa0c800
3fa0c800
3f00a000
00000000
3e80a000
bf00a000
3f40f000
bf80a000
3e80a000
3f40f000
3e80a000
3e80a000
3f00a000
3f80a000
3f00a000
3e80a000
3f00a000
bf00a000
bf40f000
be80a000
bf00a000
bf40f000
3f80a000
3f80a000
bf00a000
bf00a000
3f00a000
bf40f000
3f00a000
00000000
3f40f000
bf40f000
3f80a000
00000000
00000000
bf40f000
bf80a000
be80a000
be80a000
be80a000
bfc0f000
3e80a000
be80a000
bf00a000
3f40f000
3f00a000
3f80a000
be80a000
00000000
bf00a000
00000000
00000000
3e80a000
00000000
bf40f000
bf00a000
3e80a000
00000000
3f00a000
3f00a000
be80a000
3f40f000
be80a000
3f40f000
00000000
be80a000
3f00a000
3f00a000
bf00a000
3f80a000
bf40f000
bf40f000
be80a000
3e80a000
bfc0f000
3f00a000
be80a000
bf40f000
bf80a000
bf80a000
00000000
3f00a000
be80a000
3f00a000
bfe11800
3f80a000
be80a000
00000000
bf80a000
3e80a000
be80a000
3e80a000
3f00a000
00000000
bf00a000
3f40f000
bf00a000
be80a000
bf80a000
bf00a000
3e80a000
3f40f000
bf00a000
3fa0c800
3e80a000
3e80a000
bf80a000
3e80a000
3f00a000
3e80a000
00000000
00000000
3f00a000
00000000
00000000
be910000
3e910000
3f598000
be910000
be910000
00000000
3f110000
bf598000
be910000
3f110000
3f110000
3f110000
bf598000
bf110000
3f910000
bf598000
bf110000
bf910000
be910000
bf598000
3f110000
3fb54000
3e910000
3f110000
00000000
3f110000
3f910000
bf598000
00000000
00000000
3f910000
00000000
3e910000
be910000
3f598000
bf598000
bf598000
bf598000
bffdc000
3f598000
3e910000
3f910000
3f598000
3fb54000
3e910000
3f110000
3f110000
be910000
3e910000
3e910000
3f110000
00000000
3f110000
3f110000
00000000
bfb54000
be910000
bf110000
00000000
3e910000
be910000
3f110000
3e910000
bf598000
3f110000
3e910000
be910000
3e910000
00000000
00000000
be910000
bf110000
3f110000
00000000
be910000
3f598000
3f110000
bf110000
bf110000
3e910000
bfb54000
3f598000
bf110000
3f598000
3f910000
3f598000
00000000
bf598000
3f110000
be910000
3fb54000
bf110000
bf110000
3e910000
bf110000
bf598000
00000000
3f910000
bf910000
be910000
be910000
3f598000
be910000
00000000
be910000
be910000
be910000
3f110000
3f110000
00000000
be910000
bf598000
3f110000
3f910000
00000000
bf110000
3f910000
00000000
bf110000
be910000
3e910000
3f598000
00000000
bf598000
be910000
00000000
be910000
00000000
bef3e000
be73e000
3f36e800
bf73e000
3f73e000
be73e000
3ef3e000
00000000
3f36e800
3f36e800
bfd56400
3f36e800
3ef3e000
bef3e000
00000000
3ef3e000
3f36e800
00000000
3e73e000
3f986c00
00000000
3e73e000
be73e000
00000000
3ef3e000
be73e000
bef3e000
3f73e000
3f73e000
3ef3e000
bf73e000
00000000
00000000
3f986c00
bf73e000
3e73e000
bfd56400
3ef3e000
3ef3e000
3e73e000
3f36e800
00000000
be73e000
00000000
bef3e000
3f73e000
be73e000
3fd56400
3ef3e000
bf986c00
3f36e800
3f986c00
3f36e800
bf36e800
3f36e800
bf36e800
be73e000
3fb6e800
bfd56400
3e73e000
3ef3e000
be73e000
bf73e000
be73e000
bef3e000
00000000
3ef3e000
00000000
bf36e800
bef3e000
bef3e000
3ef3e000
bf36e800
bef3e000
3e73e000
bef3e000
bf73e000
bef3e000
bef3e000
3e73e000
be73e000
3fd56400
bfb6e800
00000000
3f73e000
bef3e000
3e73e000
3f986c00
00000000
bf986c00
bf73e000
3e73e000
bef3e000
3f73e000
bef3e000
3e73e000
bf986c00
3f36e800
be73e000
3ef3e000
3e73e000
bf986c00
be73e000
bfd56400
3e73e000
00000000
bf986c00
be73e000
be73e000
be73e000
3f36e800
3ef3e000
bef3e000
3f73e000
bef3e000
bf73e000
be73e000
bef3e000
bf986c00
bef3e000
bef3e000
bef3e000
00000000
bf36e800
3f36e800
bef3e000
3e73e000
3fb6e800
bf847800
00000000
00000000
3f847800
3fb0a000
00000000
beb0a000
3eb0a000
00000000
c01a8c00
00000000
00000000
beb0a000
bf30a000
3f30a000
3eb0a000
3eb0a000
00000000
3f30a000
3eb0a000
3eb0a000
3eb0a000
bf847800
3f30a000
00000000
bf30a000
beb0a000
00000000
3eb0a000
3f30a000
3eb0a000
00000000
3eb0a000
3eb0a000
3eb0a000
beb0a000
00000000
3eb0a000
00000000
beb0a000
3fb0a000
00000000
3eb0a000
3eb0a000
00000000
3f30a000
3eb0a000
bfdcc800
3f30a000
00000000
3f847800
00000000
00000000
bf30a000
00000000
3f847800
3f847800
3f30a000
00000000
3f847800
00000000
3f30a000
3f30a000
beb0a000
3f30a000
3eb0a000
beb0a000
3f30a000
3f30a000
3eb0a000
beb0a000
3f847800
3eb0a000
00000000
3f30a000
00000000
bf30a000
3f30a000
00000000
3f30a000
3f847800
beb0a000
beb0a000
beb0a000
00000000
3fdcc800
beb0a000
beb0a000
3f30a000
3f30a000
00000000
bf30a000
3fdcc800
00000000
bf30a000
beb0a000
3eb0a000
3f30a000
00000000
3fdcc800
bf30a000
beb0a000
beb0a000
beb0a000
bfb0a000
3f30a000
00000000
3f30a000
3f30a000
00000000
00000000
beb0a000
bf30a000
beb0a000
00000000
00000000
00000000
beb0a000
3fb0a000
bf30a000
bf30a000
beb0a000
00000000
3eb0a000
beb0a000
3fb0a000
bf30a000
bf30a000
3f2bd800
3ee52000
00000000
bee52000
bee52000
bf652000
3e652000
bf8f3400
3f2bd800
00000000
be652000
3f652000
00000000
3f8f3400
3e652000
bf2bd800
bee52000
bf652000
3f8f3400
3fc87c00
00000000
00000000
3f8f3400
3ee52000
3ee52000
3f2bd800
3f2bd800
bf652000
3ee52000
00000000
3f2bd800
3e652000
be652000
bee52000
bf8f3400
3f652000
3e652000
3e652000
bf8f3400
bee52000
3f2bd800
3f2bd800
3e652000
3f2bd800
bf8f3400
be652000
be652000
00000000
bf652000
bee52000
be652000
3f2bd800
3e652000
00000000
3e652000
3f2bd800
3e652000
bee52000
3f8f3400
3e652000
00000000
bee52000
3f2bd800
bf652000
3f2bd800
00000000
3fc87c00
3e652000
3ee52000
3e652000
3ee52000
3e652000
bee52000
00000000
be652000
be652000
00000000
3f8f3400
bee52000
bf8f3400
3f652000
3ee52000
bf2bd800
00000000
3fc87c00
3e652000
bf652000
3f652000
3f652000
3ee52000
00000000
3e652000
00000000
3f8f3400
3e652000
00000000
3f2bd800
00000000
00000000
00000000
3f652000
bf652000
00000000
bfabd800
bee52000
3e652000
bee52000
00000000
bf2bd800
3f2bd800
3e652000
3ee52000
bee52000
bee52000
3ee52000
be652000
3ee52000
00000000
00000000
3f652000
be652000
bee52000
3ee52000
bf652000
3ee52000
3f8f3400
3f2bd800
bfabd800
be95a000
3fbb0800
3f15a000
3e95a000
be95a000
00000000
3e95a000
bf95a000
00000000
3f607000
bf15a000
3e95a000
3e95a000
bf15a000
3f15a000
3e95a000
3f607000
3f607000
00000000
bf95a000
3e95a000
00000000
00000000
00000000
3f15a000
bf15a000
3e95a000
be95a000
be95a000
3f15a000
bf15a000
be95a000
3f95a000
3f95a000
00000000
00000000
be95a000
3f607000
bf15a000
be95a000
00000000
bf15a000
3e95a000
bf95a000
be95a000
bf95a000
bf607000
bf15a000
3f95a000
00000000
3f15a000
bf95a000
3e95a000
be95a000
3f15a000
bf95a000
3e95a000
3f607000
3e95a000
be95a000
00000000
3e95a000
be95a000
be95a000
00000000
3e95a000
3f607000
be95a000
bf95a000
bf607000
be95a000
3f95a000
3f15a000
00000000
3f607000
c002ec00
bf95a000
3e95a000
3e95a000
00000000
bf15a000
bf607000
00000000
3e95a000
c002ec00
be95a000
bf15a000
bf15a000
00000000
bf607000
3e95a000
bf15a000
bf15a000
bf95a000
bf607000
3f15a000
bf607000
3e95a000
3e95a000
bf15a000
3f15a000
3e95a000
be95a000
00000000
be95a000
3f607000
bfbb0800
bf607000
be95a000
00000000
3f607000
bf95a000
00000000
bf15a000
bf95a000
3e95a000
bf607000
3f95a000
bfbb0800
00000000
00000000
bf95a000
3f607000
be95a000
bf607000
be95a000
3f15a000
3f15a000
3fdd0c00
be7ca000
bf3d7800
3f7ca000
00000000
3f9de400
3e7ca000
3e7ca000
00000000
3e7ca000
bf3d7800
befca000
befca000
bf7ca000
3e7ca000
be7ca000
3e7ca000
bfbd7800
3efca000
be7ca000
3efca000
befca000
be7ca000
3f9de400
00000000
bf3d7800
3e7ca000
3efca000
3e7ca000
3efca000
3e7ca000
bf7ca000
3f7ca000
bf7ca000
3e7ca000
3efca000
3f3d7800
be7ca000
00000000
be7ca000
befca000
00000000
3f9de400
bf9de400
befca000
3e7ca000
3f3d7800
bf3d7800
bf7ca000
3e7ca000
be7ca000
3f7ca000
befca000
3f3d7800
3efca000
be7ca000
3f7ca000
3f3d7800
be7ca000
be7ca000
be7ca000
bf3d7800
3e7ca000
3efca000
3f3d7800
3f3d7800
00000000
3f9de400
00000000
3f7ca000
3f3d7800
bf7ca000
bf7ca000
3efca000
00000000
3f7ca000
3efca000
00000000
3e7ca000
befca000
3fbd7800
00000000
be7ca000
bf9de400
00000000
be7ca000
3efca000
bf7ca000
3efca000
befca000
bf9de400
3f3d7800
00000000
00000000
3efca000
00000000
be7ca000
3efca000
bf9de400
befca000
3efca000
be7ca000
3f3d7800
3f3d7800
be7ca000
3e7ca000
bf3d7800
bf3d7800
3e7ca000
bf3d7800
3f9de400
3f9de400
00000000
3e7ca000
bf7ca000
bf3d7800
3f9de400
3e7ca000
be7ca000
3e7ca000
00000000
be7ca000
be7ca000
befca000
3f7ca000
00000000
befca000
be7ca000
00000000
00000000
00000000
3f55a000
bf55a000
bed5a000
bed5a000
3f55a000
00000000
bed5a000
bed5a000
00000000
00000000
3fa03800
00000000
bf55a000
3ed5a000
3ed5a000
3f55a000
bed5a000
3f55a000
bed5a000
00000000
bed5a000
3f55a000
3ed5a000
3ed5a000
bfd5a000
3ed5a000
3f55a000
bed5a000
3ed5a000
bf55a000
00000000
3f55a000
3f55a000
3f55a000
00000000
00000000
bed5a000
00000000
bed5a000
3f55a000
3ed5a000
bf55a000
3f55a000
3ed5a000
bf55a000
bed5a000
00000000
00000000
bfd5a000
00000000
bf55a000
3fd5a000
3ed5a000
bed5a000
00000000
00000000
bf55a000
3f55a000
00000000
00000000
00000000
3ed5a000
bf55a000
00000000
3f55a000
3ed5a000
3ed5a000
3f55a000
00000000
3ed5a000
3ed5a000
3ed5a000
3ed5a000
bed5a000
bfd5a000
bed5a000
3ed5a000
3ed5a000
bed5a000
00000000
3ed5a000
3ed5a000
00000000
00000000
bed5a000
3ed5a000
bed5a000
00000000
bed5a000
bed5a000
3f55a000
3ed5a000
bf55a000
bed5a000
c0058400
bf55a000
bed5a000
00000000
bf55a000
bfa03800
00000000
3fd5a000
00000000
00000000
bed5a000
bed5a000
bed5a000
3ed5a000
bfd5a000
00000000
3fa03800
3ed5a000
3f55a000
00000000
00000000
3ed5a000
3ed5a000
403aec00
3f55a000
3f55a000
00000000
3f55a000
bed5a000
3f55a000
3f55a000
00000000
3e70e000
bf34a800
3ef0e000
bf34a800
bf968c00
bf34a800
00000000
bef0e000
3ef0e000
00000000
00000000
bf70e000
00000000
be70e000
3e70e000
3fd2c400
bf34a800
be70e000
bef0e000
be70e000
be70e000
3f70e000
bf70e000
3f968c00
bef0e000
3ef0e000
3e70e000
3ef0e000
bf70e000
00000000
be70e000
3ef0e000
bef0e000
00000000
3e70e000
3e70e000
be70e000
bf70e000
3e70e000
3f968c00
bf70e000
00000000
bef0e000
3f34a800
bf968c00
3f968c00
be70e000
bef0e000
be70e000
00000000
bef0e000
be70e000
be70e000
bf34a800
00000000
be70e000
3e70e000
3e70e000
bef0e000
3ef0e000
3e70e000
be70e000
3fb4a800
be70e000
3fd2c400
3e70e000
3e70e000
bef0e000
bef0e000
00000000
3e70e000
00000000
be70e000
3f968c00
00000000
bef0e000
3ef0e000
bf70e000
bef0e000
3f968c00
bf968c00
00000000
3ef0e000
3f34a800
3f34a800
bf34a800
3e70e000
3ef0e000
3fb4a800
3e70e000
3f70e000
3ef0e000
3e70e000
3f34a800
3e70e000
3ef0e000
bef0e000
00000000
bf34a800
3f70e000
bf70e000
3fb4a800
bf34a800
bf34a800
bf34a800
bef0e000
bf70e000
be70e000
be70e000
bef0e000
bef0e000
bf70e000
3ef0e000
bf70e000
3e70e000
bfb4a800
00000000
3f34a800
3ef0e000
bef0e000
3f70e000
3ef0e000
3e70e000
3e70e000
3fd2c400
3e70e000
00000000
3fa4e800
3f5be000
bedbe000
bedbe000
bf24e800
bf896c00
3fa4e800
3e5be000
3f896c00
bf24e800
3edbe000
bf24e800
bf24e800
bedbe000
bf5be000
bf896c00
bf24e800
3e5be000
bf896c00
00000000
00000000
bf896c00
00000000
bf24e800
bedbe000
00000000
bfa4e800
00000000
3f896c00
3f896c00
3f5be000
be5be000
3e5be000
3e5be000
00000000
3f5be000
3e5be000
3f5be000
bedbe000
bedbe000
bf5be000
3edbe000
3fa4e800
be5be000
bf5be000
3edbe000
3f5be000
be5be000
bf24e800
bedbe000
3edbe000
bf5be000
3e5be000
bfa4e800
3f896c00
bf24e800
00000000
be5be000
3edbe000
00000000
00000000
bf5be000
3e5be000
bf24e800
bedbe000
bedbe000
be5be000
be5be000
3e5be000
3edbe000
bf24e800
3f24e800
bfa4e800
be5be000
00000000
be5be000
00000000
3edbe000
3f5be000
00000000
be5be000
3e5be000
be5be000
bf896c00
3f24e800
bf5be000
bedbe000
3f896c00
be5be000
00000000
3edbe000
00000000
be5be000
bfa4e800
bf24e800
00000000
bf5be000
00000000
be5be000
be5be000
bedbe000
3fa4e800
00000000
3f5be000
3e5be000
bedbe000
bf24e800
3e5be000
bedbe000
bedbe000
bedbe000
3e5be000
00000000
be5be000
bf24e800
00000000
3e5be000
3e5be000
00000000
00000000
3edbe000
bf5be000
bfc06400
3edbe000
3f24e800
00000000
3f24e800
bedbe000
bf433000
00000000
00000000
be822000
3fa2a800
3fa2a800
bf022000
3f022000
bfc33000
3f022000
00000000
be822000
bf433000
be822000
3f022000
3f022000
3e822000
3fa2a800
3fc33000
bf433000
3f022000
bf822000
bf433000
3f433000
be822000
3e822000
bf433000
bf022000
be822000
bfc33000
00000000
3e822000
3f433000
3f022000
00000000
3f022000
3f433000
bfe3b800
00000000
bf022000
bf022000
bf022000
00000000
3f433000
be822000
3f822000
3f822000
3f433000
bf822000
3fc33000
3f433000
00000000
3f022000
be822000
3f433000
3fe3b800
3e822000
bf822000
3f822000
bf433000
bf022000
00000000
3e822000
bf022000
3f022000
bf433000
bfc33000
bf433000
bf433000
3f433000
be822000
3e822000
00000000
bf433000
bf433000
be822000
3f022000
00000000
be822000
bf022000
3f433000
bf022000
be822000
be822000
3f022000
3f433000
3f822000
00000000
be822000
be822000
3f022000
bf822000
bf433000
3f433000
3f433000
3f022000
00000000
3f822000
be822000
3f022000
3f822000
3e822000
3f822000
3f433000
be822000
3fe3b800
3f822000
bf022000
be822000
00000000
3e822000
be822000
00000000
3e822000
3f433000
3f433000
bf433000
be822000
be822000
be822000
3e822000
bf433000
00000000
3f433000
3f822000
3f022000
3e822000
be822000
3faac800
3e88a000
3f08a000
3f4cf000
3f08a000
bf08a000
00000000
3e88a000
3f4cf000
be88a000
bf4cf000
3faac800
00000000
be88a000
00000000
3e88a000
be88a000
3e88a000
bfef1800
bfaac800
3f08a000
3f88a000
3f88a000
00000000
bf4cf000
3f88a000
bf08a000
3f4cf000
3e88a000
3f4cf000
bf08a000
3e88a000
3f4cf000
bf88a000
3f4cf000
bf4cf000
00000000
bfaac800
3f08a000
bf88a000
3f08a000
3faac800
be88a000
00000000
3f88a000
be88a000
3e88a000
bf08a000
bfaac800
00000000
be88a000
00000000
bf08a000
3f4cf000
3f88a000
be88a000
bf4cf000
be88a000
00000000
be88a000
be88a000
bf4cf000
00000000
3f08a000
bf08a000
3f4cf000
3fef1800
00000000
3f4cf000
bf88a000
bf88a000
3e88a000
00000000
bf88a000
3f08a000
3f08a000
3e88a000
bf88a000
3faac800
00000000
3e88a000
be88a000
bf08a000
3f4cf000
3e88a000
3faac800
3f08a000
3f08a000
00000000
3f4cf000
00000000
3e88a000
bf08a000
3f88a000
be88a000
00000000
be88a000
3f4cf000
bf4cf000
bf08a000
3e88a000
bf08a000
3e88a000
3f08a000
be88a000
bf08a000
00000000
3f08a000
3f08a000
bf4cf000
3e88a000
00000000
bf08a000
bf4cf000
bf88a000
bf08a000
3f4cf000
3faac800
3e88a000
bf08a000
bf88a000
3f88a000
be88a000
3f08a000
bf88a000
3f4cf000
3f4cf000
3fccf000
3e956000
be956000
3e956000
be956000
bf601000
bfbab800
3f156000
bf601000
00000000
bf156000
3e956000
00000000
bf156000
3e956000
3f956000
be956000
3e956000
3f156000
3e956000
00000000
bf156000
3f156000
3e956000
00000000
00000000
be956000
3f156000
3e956000
3f156000
be956000
00000000
3f601000
3f156000
bf601000
00000000
00000000
3e956000
3e956000
bf156000
bf601000
3e956000
be956000
00000000
00000000
3e956000
bf956000
3fbab800
3f156000
3e956000
bf156000
00000000
3e956000
3e956000
be956000
bfe01000
bf156000
bf156000
bf156000
bf156000
be956000
3f601000
3e956000
bf601000
3e956000
3e956000
be956000
bf156000
00000000
3e956000
bf156000
3fe01000
00000000
00000000
be956000
4002b400
bf156000
be956000
3e956000
3f156000
bf956000
3f156000
be956000
3f601000
00000000
be956000
00000000
3fe01000
be956000
bf156000
bfbab800
bfe01000
bf156000
bfbab800
be956000
00000000
bfe01000
00000000
3fe01000
00000000
bf156000
00000000
00000000
bfe01000
be956000
3f956000
bf956000
3f956000
3e956000
00000000
00000000
00000000
3f601000
3e956000
be956000
bfbab800
3f601000
3f956000
00000000
be956000
be956000
3e956000
be956000
3f601000
bf956000
be956000
be956000
bf156000
bf156000
00000000
00000000
bf5ef000
3e94a000
be94a000
3f14a000
00000000
3f5ef000
3f5ef000
be94a000
be94a000
be94a000
c0020c00
3e94a000
3f14a000
bf5ef000
00000000
3f5ef000
3e94a000
bf14a000
3f14a000
bf14a000
00000000
be94a000
be94a000
be94a000
bf14a000
3f5ef000
3f94a000
be94a000
bf14a000
3f5ef000
3f14a000
00000000
3e94a000
bf5ef000
bf14a000
00000000
00000000
3f14a000
3e94a000
be94a000
bfb9c800
3f14a000
3e94a000
bf14a000
be94a000
3e94a000
3e94a000
3f14a000
00000000
bf94a000
be94a000
3e94a000
3e94a000
bf5ef000
3e94a000
be94a000
bf14a000
3f14a000
3f94a000
00000000
00000000
be94a000
3f14a000
3e94a000
bf5ef000
be94a000
3f14a000
bf5ef000
3e94a000
bf94a000
3e94a000
3f94a000
3e94a000
bf5ef000
3e94a000
be94a000
3fb9c800
bf94a000
00000000
be94a000
3f14a000
3e94a000
bf94a000
3fb9c800
bf14a000
3f94a000
00000000
bf14a000
00000000
bf14a000
bf14a000
be94a000
be94a000
3e94a000
bf5ef000
bf14a000
00000000
be94a000
3e94a000
00000000
bf94a000
00000000
3f14a000
00000000
3f14a000
3f14a000
bf94a000
bf94a000
00000000
bf14a000
be94a000
00000000
3f14a000
3f5ef000
3f14a000
be94a000
3e94a000
3f14a000
3f5ef000
3e94a000
00000000
be94a000
be94a000
bf5ef000
bf14a000
bf14a000
3f280000
3ea80000
3ea80000
bf7c0000
3ea80000
bf280000
00000000
bea80000
3f7c0000
00000000
3fd20000
3ea80000
3f280000
3ea80000
bfd20000
3fa80000
3fa80000
00000000
3ea80000
bf7c0000
00000000
3f7c0000
bea80000
3f280000
bf280000
00000000
bf7c0000
bf7c0000
3f7c0000
bea80000
3ea80000
3f7c0000
00000000
3f280000
bea80000
bf280000
bea80000
3ea80000
bf280000
00000000
3f280000
3ea80000
bea80000
bf280000
00000000
3f7c0000
bea80000
3ea80000
bea80000
bea80000
3f7c0000
3ea80000
3f7c0000
00000000
3f7c0000
00000000
bf280000
c0130000
3ea80000
3f280000
3ea80000
00000000
3f7c0000
3f280000
bf280000
bea80000
00000000
00000000
3fd20000
bea80000
bf280000
bf7c0000
00000000
3ea80000
bf7c0000
bf280000
3f280000
3ea80000
3ea80000
bea80000
3ea80000
3f7c0000
bf280000
3f280000
3f7c0000
3ea80000
3f280000
3f280000
3ea80000
bea80000
00000000
3f7c0000
bea80000
bf280000
00000000
bea80000
bf7c0000
3ea80000
bf7c0000
00000000
3fa80000
bea80000
3ea80000
bea80000
00000000
00000000
00000000
bfd20000
00000000
3ea80000
3ea80000
bea80000
bf7c0000
3f280000
3f280000
00000000
bea80000
00000000
00000000
00000000
3f7c0000
3f280000
00000000
3f7c0000
00000000
bf280000
3f7c0000
00000000
3ec4e000
3ec4e000
3ec4e000
bec4e000
3ec4e000
00000000
bfc4e000
3ec4e000
00000000
bec4e000
bec4e000
bec4e000
3ec4e000
bec4e000
3ec4e000
bf44e000
bf44e000
3ec4e000
bec4e000
3fc4e000
00000000
3f44e000
00000000
3f44e000
bf44e000
bec4e000
3f93a800
00000000
00000000
00000000
bec4e000
00000000
bec4e000
00000000
3f44e000
00000000
402c4400
00000000
bec4e000
3fc4e000
3ec4e000
bf93a800
bf44e000
00000000
3f44e000
bec4e000
3f93a800
3f44e000
bec4e000
bf44e000
3f44e000
3f93a800
3f44e000
bfc4e000
3f44e000
3f44e000
3fc4e000
00000000
bec4e000
bf44e000
3fc4e000
00000000
bec4e000
bec4e000
bf44e000
bfc4e000
00000000
bec4e000
3ec4e000
3ec4e000
00000000
bec4e000
bec4e000
00000000
00000000
00000000
3fc4e000
bec4e000
bf93a800
3f44e000
00000000
00000000
bf93a800
3f44e000
00000000
3f44e000
bf44e000
00000000
3f44e000
00000000
3f93a800
00000000
bf44e000
bff61800
00000000
3f44e000
bec4e000
bf93a800
3ec4e000
3f93a800
00000000
bec4e000
00000000
3ec4e000
00000000
00000000
bec4e000
bec4e000
3f44e000
00000000
bec4e000
3f93a800
c02c4400
3f44e000
00000000
3ec4e000
bec4e000
00000000
3ec4e000
3f44e000
3f44e000
00000000
3f44e000
00000000
3ec4e000
00000000
bf44e000
3ec4e000
bf00c000
00000000
3f00c000
3e80c000
bf00c000
be80c000
3e80c000
be80c000
bf80c000
3f412000
bf00c000
bfa0f000
bf412000
bf00c000
00000000
be80c000
bf412000
bf80c000
be80c000
bf00c000
bfe15000
bf00c000
00000000
3f00c000
00000000
3f412000
be80c000
3f00c000
3f00c000
bf412000
bf80c000
bf00c000
bf00c000
3f412000
3e80c000
bf412000
3f412000
bf00c000
3fa0f000
00000000
3f00c000
00000000
00000000
00000000
3f80c000
3f00c000
bf412000
bf412000
bf80c000
bf00c000
bf00c000
be80c000
3fa0f000
3f00c000
3f80c000
3f00c000
3fa0f000
bf00c000
3fa0f000
bf412000
3f412000
3f00c000
bf00c000
bf00c000
3e80c000
3f412000
3f80c000
3f00c000
3fe15000
be80c000
bf412000
bf80c000
3e80c000
00000000
be80c000
3f00c000
bf80c000
3f412000
3f412000
be80c000
00000000
bfc12000
00000000
bf00c000
3fa0f000
bfc12000
be80c000
3f00c000
bf00c000
bf00c000
00000000
bf00c000
3f412000
3f80c000
3f00c000
3f412000
bf412000
bf00c000
00000000
bf412000
3fc12000
00000000
00000000
bfa0f000
3fc12000
3e80c000
00000000
be80c000
bf00c000
bf00c000
3e80c000
be80c000
3f412000
3f00c000
3f00c000
3f412000
3f412000
3fa0f000
bf00c000
3f00c000
bf00c000
bfa0f000
3e80c000
3e80c000
3e80c000
00000000
bf00c000
3fa0f000
3e862000
3f493000
3e862000
3f062000
3f493000
bfa7a800
3e862000
00000000
3f493000
00000000
bf062000
be862000
00000000
00000000
3e862000
3f862000
3e862000
bf493000
be862000
be862000
3f862000
be862000
00000000
00000000
bf493000
bf062000
be862000
3f493000
bfeab800
3fa7a800
3e862000
bfa7a800
00000000
3f493000
00000000
3f062000
3f062000
3e862000
00000000
bf062000
00000000
be862000
00000000
3e862000
3f062000
bf862000
3e862000
bf062000
bf862000
be862000
bf862000
bf493000
3f062000
be862000
00000000
bf062000
3f493000
00000000
00000000
be862000
00000000
00000000
bf062000
bf862000
3f862000
bf862000
00000000
3f062000
00000000
00000000
00000000
bfa7a800
00000000
3e862000
be862000
3f062000
be862000
bf493000
3e862000
bf493000
bf062000
00000000
3f062000
3fc93000
3fa7a800
3e862000
3fa7a800
bf493000
3fa7a800
00000000
00000000
00000000
be862000
3f062000
00000000
3e862000
3fc93000
bf062000
3f062000
bfa7a800
3e862000
3f062000
3f862000
3e862000
00000000
bf062000
3e862000
00000000
3fc93000
bf862000
bf862000
bf862000
bf062000
bf862000
3f062000
bf493000
be862000
be862000
00000000
be862000
bfeab800
3e862000
3fc93000
3e862000
bf862000
be862000
bf493000
bf062000
bef84000
3e784000
3f784000
bfd93800
3e784000
3f784000
3e784000
be784000
bef84000
3fd93800
3e784000
bef84000
3e784000
00000000
be784000
3e784000
3fba3000
be784000
3ef84000
3fba3000
bfd93800
bf3a3000
3e784000
3f3a3000
3e784000
be784000
be784000
bef84000
be784000
be784000
bf9b2800
3f9b2800
bf3a3000
00000000
3ef84000
bef84000
3e784000
bf3a3000
bef84000
bf3a3000
bf3a3000
3f3a3000
3f3a3000
3ef84000
bfd93800
00000000
00000000
00000000
00000000
3e784000
3ef84000
be784000
3f3a3000
bf3a3000
bf9b2800
3ef84000
bef84000
00000000
be784000
00000000
3e784000
be784000
3f3a3000
3f9b2800
bef84000
3f3a3000
3f784000
be784000
be784000
bef84000
be784000
bf3a3000
00000000
3e784000
3f784000
3e784000
3e784000
be784000
bef84000
bef84000
3f9b2800
00000000
bef84000
3e784000
bf3a3000
be784000
3f784000
3f9b2800
00000000
3e784000
bef84000
be784000
be784000
3ef84000
bf784000
be784000
3f784000
00000000
3ef84000
00000000
00000000
bef84000
3ef84000
be784000
bf9b2800
3ef84000
bf9b2800
3e784000
bef84000
bfba3000
bef84000
be784000
bef84000
be784000
bef84000
00000000
00000000
3f3a3000
00000000
bf3a3000
00000000
3ef84000
bf784000
00000000
bef84000
3fd93800
be784000
3f784000
3fdb6000
3fa48800
00000000
00000000
bf5b6000
3edb6000
3edb6000
bfa48800
3fa48800
3edb6000
bedb6000
3f5b6000
3edb6000
bedb6000
00000000
3f5b6000
bedb6000
bf5b6000
00000000
bedb6000
00000000
00000000
3f5b6000
00000000
00000000
bedb6000
bedb6000
00000000
00000000
bedb6000
3edb6000
bf5b6000
bfa48800
bf5b6000
3fdb6000
bfa48800
3f5b6000
bf5b6000
bf5b6000
bf5b6000
bfa48800
00000000
3f5b6000
bedb6000
3f5b6000
3f5b6000
bf5b6000
3edb6000
bf5b6000
3f5b6000
3f5b6000
3fa48800
bf5b6000
00000000
00000000
3edb6000
3edb6000
3f5b6000
00000000
3f5b6000
00000000
bf5b6000
00000000
bf5b6000
bf5b6000
3edb6000
bedb6000
3edb6000
00000000
bfa48800
bedb6000
bedb6000
bedb6000
3fdb6000
bf5b6000
3edb6000
3edb6000
00000000
bf5b6000
bfdb6000
00000000
3fdb6000
bedb6000
3f5b6000
00000000
3f5b6000
bf5b6000
00000000
3f5b6000
00000000
00000000
00000000
3edb6000
403ff400
bfa48800
3edb6000
bf5b6000
bedb6000
bedb6000
bedb6000
bedb6000
00000000
3edb6000
00000000
bedb6000
00000000
bedb6000
3edb6000
bedb6000
3edb6000
3f5b6000
3edb6000
3edb6000
3edb6000
bedb6000
3f5b6000
bfa48800
bfa48800
bedb6000
3f5b6000
3f5b6000
00000000
3edb6000
bf5b6000
bedb6000
00000000
3edb6000
bedb6000
3f192000
be992000
bf65b000
bf992000
3f192000
3fbf6800
bf192000
00000000
3e992000
00000000
bf192000
3f65b000
00000000
00000000
3f65b000
3f192000
bf65b000
3f192000
3f992000
3f192000
3f65b000
3f192000
00000000
bf992000
3e992000
bf992000
3f192000
3e992000
3f65b000
00000000
bf65b000
bf192000
3f192000
3f192000
3e992000
be992000
bf192000
be992000
bf192000
3e992000
c005fc00
bf65b000
3f192000
3e992000
bf65b000
00000000
3fbf6800
3e992000
00000000
3f65b000
bf65b000
3e992000
bf192000
3f192000
be992000
3f192000
3e992000
bfbf6800
bf65b000
bf192000
00000000
3f192000
be992000
00000000
bf192000
00000000
bf192000
3f65b000
bf192000
bf65b000
3f65b000
00000000
3f192000
00000000
00000000
3f65b000
00000000
bf192000
00000000
00000000
bf192000
bf192000
be992000
be992000
3f192000
3e992000
3e992000
00000000
00000000
be992000
bf192000
be992000
3f192000
3f192000
00000000
3f192000
3f192000
3f192000
be992000
00000000
bfe5b000
bf992000
3e992000
bf992000
bf192000
be992000
be992000
be992000
3f192000
be992000
3fe5b000
bf192000
bf992000
00000000
bf992000
00000000
bf192000
00000000
3f192000
3f192000
be992000
be992000
00000000
00000000
3f192000
00000000
bf65b000
bf192000
3f2ac000
3faac000
beaac000
3f801000
3f2ac000
00000000
bfaac000
beaac000
bf801000
3f2ac000
3f801000
beaac000
beaac000
00000000
3eaac000
00000000
bf2ac000
bf801000
3f2ac000
3f2ac000
c0001000
bf2ac000
3eaac000
3f2ac000
3f801000
bf801000
00000000
00000000
bfaac000
beaac000
40156800
beaac000
00000000
00000000
00000000
00000000
bf2ac000
bfaac000
beaac000
00000000
3f801000
beaac000
00000000
bf2ac000
00000000
bf2ac000
3eaac000
bf801000
beaac000
beaac000
00000000
beaac000
00000000
3f2ac000
bf801000
3f2ac000
bf2ac000
3eaac000
00000000
3eaac000
beaac000
bf801000
00000000
bf801000
bf801000
00000000
bfaac000
bf2ac000
3f2ac000
3eaac000
beaac000
beaac000
bf2ac000
00000000
3f2ac000
00000000
3eaac000
3f2ac000
00000000
3eaac000
3eaac000
3eaac000
bf2ac000
00000000
00000000
3eaac000
00000000
bf801000
beaac000
3eaac000
beaac000
bf801000
00000000
00000000
beaac000
bf2ac000
3f2ac000
beaac000
00000000
bf2ac000
bfaac000
00000000
3eaac000
beaac000
3f801000
3f801000
3f801000
bf2ac000
3f2ac000
3f2ac000
bf2ac000
3faac000
bf2ac000
bfaac000
00000000
beaac000
bf2ac000
3f2ac000
3f2ac000
3f2ac000
bf2ac000
beaac000
bf2ac000
c0001000
beaac000
3eaac000
bf801000
3eaac000
3f1ca000
3f1ca000
bf9ca000
3f6af000
00000000
bf1ca000
00000000
3e9ca000
be9ca000
3f1ca000
3e9ca000
bf6af000
be9ca000
00000000
bf1ca000
be9ca000
bf6af000
be9ca000
00000000
3e9ca000
be9ca000
3e9ca000
3e9ca000
be9ca000
00000000
00000000
bf6af000
3f6af000
bfc3c800
00000000
3f9ca000
00000000
3f9ca000
00000000
00000000
3e9ca000
3f1ca000
00000000
bf1ca000
bf1ca000
be9ca000
3f6af000
be9ca000
3e9ca000
00000000
40090c00
bf1ca000
3f1ca000
3f6af000
3f1ca000
bf1ca000
00000000
bf1ca000
3e9ca000
3e9ca000
00000000
be9ca000
bf1ca000
00000000
3e9ca000
3f1ca000
3f6af000
be9ca000
00000000
be9ca000
3e9ca000
3f1ca000
3e9ca000
bf6af000
3f1ca000
bf1ca000
3f6af000
00000000
3e9ca000
3e9ca000
3f9ca000
3f1ca000
bf6af000
3f6af000
bf9ca000
3f1ca000
00000000
3f1ca000
3f1ca000
be9ca000
bf6af000
00000000
3e9ca000
3f9ca000
3f1ca000
bfc3c800
3e9ca000
00000000
3e9ca000
3e9ca000
bf6af000
3e9ca000
3e9ca000
00000000
3f1ca000
be9ca000
00000000
3f1ca000
00000000
3fc3c800
3f9ca000
3f6af000
bf1ca000
3f6af000
bf9ca000
3f6af000
00000000
3e9ca000
bf1ca000
3e9ca000
bf6af000
be9ca000
00000000
00000000
3e9ca000
00000000
bf1ca000
3f6af000
be9ca000
bf1ca000
3f6af000
3f6af000
be9ca000
3f0a6000
3f0a6000
3f8a6000
00000000
00000000
bf8a6000
be8a6000
be8a6000
bfacf800
3f8a6000
bf0a6000
bf0a6000
3f0a6000
3e8a6000
3f8a6000
bf8a6000
3f8a6000
be8a6000
3f8a6000
00000000
bf0a6000
3e8a6000
be8a6000
3f8a6000
00000000
bf8a6000
bf0a6000
be8a6000
3e8a6000
be8a6000
3f8a6000
bf0a6000
3f0a6000
be8a6000
bf4f9000
00000000
3f0a6000
3e8a6000
be8a6000
3f0a6000
3f8a6000
3f4f9000
00000000
bf0a6000
bf0a6000
3f0a6000
bf0a6000
3facf800
be8a6000
bf4f9000
be8a6000
3f0a6000
bf0a6000
bf4f9000
3f0a6000
be8a6000
bfacf800
bf4f9000
bf0a6000
bf8a6000
bf0a6000
3fcf9000
3e8a6000
00000000
be8a6000
3fcf9000
3f0a6000
3f4f9000
bf8a6000
3ff22800
3f0a6000
3e8a6000
bf4f9000
bf0a6000
be8a6000
be8a6000
bf0a6000
3facf800
bf0a6000
3f8a6000
00000000
be8a6000
be8a6000
bfacf800
3f8a6000
3f4f9000
3f4f9000
3e8a6000
3e8a6000
3f0a6000
bf4f9000
bf4f9000
3f4f9000
3e8a6000
bf4f9000
be8a6000
3fcf9000
3e8a6000
3facf800
3f0a6000
3f0a6000
bf4f9000
00000000
00000000
3e8a6000
3f0a6000
bf4f9000
be8a6000
be8a6000
00000000
bf4f9000
3e8a6000
bf0a6000
be8a6000
bf4f9000
bfacf800
bf4f9000
3f0a6000
bf0a6000
3facf800
bf4f9000
3f0a6000
3f4f9000
3e8a6000
be8a6000
bf0a6000
3fcf9000
00000000
3f304000
bf6b0000
3eeb0000
00000000
beeb0000
3e6b0000
bf92e000
3e6b0000
beeb0000
bf92e000
3f304000
be6b0000
3f6b0000
be6b0000
3f6b0000
beeb0000
00000000
3f304000
bf6b0000
3fb04000
beeb0000
be6b0000
3e6b0000
bfb04000
00000000
3eeb0000
3f304000
3e6b0000
3eeb0000
3f304000
be6b0000
3eeb0000
3f304000
3eeb0000
3eeb0000
beeb0000
bf6b0000
00000000
bf92e000
3e6b0000
3f304000
3f304000
be6b0000
3eeb0000
3eeb0000
00000000
3e6b0000
be6b0000
bf304000
bf6b0000
beeb0000
00000000
bfcda000
bf304000
be6b0000
be6b0000
be6b0000
bf92e000
be6b0000
3f304000
3f304000
beeb0000
3e6b0000
3e6b0000
3e6b0000
be6b0000
3eeb0000
beeb0000
be6b0000
beeb0000
3fcda000
3eeb0000
00000000
bf92e000
3e6b0000
be6b0000
beeb0000
bf6b0000
00000000
3eeb0000
3e6b0000
bf304000
00000000
beeb0000
bf6b0000
3eeb0000
00000000
3e6b0000
3eeb0000
bf92e000
beeb0000
bf6b0000
3e6b0000
bf304000
3e6b0000
3fb04000
bf304000
beeb0000
3eeb0000
beeb0000
3eeb0000
3eeb0000
3eeb0000
3e6b0000
3eeb0000
bf6b0000
be6b0000
3f92e000
00000000
be6b0000
3f304000
beeb0000
3f6b0000
be6b0000
3f6b0000
beeb0000
bf6b0000
beeb0000
be6b0000
bfcda000
3eeb0000
3e6b0000
beeb0000
be6b0000
3f304000
bf6b0000
beeb0000
bf304000
3fcbd000
3e87e000
bf07e000
3e87e000
be87e000
bf07e000
bf87e000
00000000
bf87e000
3f87e000
3f07e000
3e87e000
3f87e000
3e87e000
bfa9d800
bf07e000
3f07e000
00000000
3f4bd000
be87e000
3fa9d800
bf07e000
be87e000
3e87e000
3e87e000
3f4bd000
3e87e000
00000000
bf87e000
bf07e000
00000000
bf4bd000
be87e000
3f07e000
3f4bd000
00000000
bf07e000
bf07e000
bf87e000
3f4bd000
00000000
3e87e000
be87e000
3f4bd000
3f4bd000
3f07e000
00000000
00000000
3f07e000
bfedc800
be87e000
be87e000
3f4bd000
be87e000
be87e000
00000000
3f4bd000
3e87e000
bf07e000
3fa9d800
00000000
bf87e000
00000000
00000000
bf87e000
be87e000
3fa9d800
3e87e000
00000000
bf4bd000
00000000
3e87e000
bf4bd000
3f4bd000
bfa9d800
3fa9d800
bf07e000
bf4bd000
be87e000
00000000
00000000
be87e000
3e87e000
be87e000
bf07e000
3f4bd000
00000000
be87e000
3f07e000
3f07e000
3e87e000
be87e000
bf4bd000
bfcbd000
bf07e000
bf07e000
3e87e000
3f07e000
00000000
bf07e000
3f07e000
3e87e000
bf07e000
3f87e000
3f4bd000
bf07e000
be87e000
3f07e000
3e87e000
be87e000
bf07e000
00000000
bf07e000
3f07e000
be87e000
3f07e000
be87e000
3f07e000
bf4bd000
00000000
bf4bd000
00000000
bf07e000
3fa9d800
3e87e000
bf07e000
00000000
3f07e000
bfd9a800
3ef8c000
3f3a9000
3f3a9000
be78c000
be78c000
bf78c000
3f3a9000
bf3a9000
be78c000
3e78c000
bf9b7800
3fd9a800
00000000
3f3a9000
bf9b7800
bef8c000
be78c000
bf3a9000
00000000
3fba9000
bf78c000
3f9b7800
3e78c000
00000000
bf78c000
3fba9000
3e78c000
bf3a9000
bef8c000
3f3a9000
be78c000
bf9b7800
3e78c000
00000000
3f3a9000
bef8c000
3f78c000
3e78c000
3f3a9000
bf3a9000
00000000
3e78c000
be78c000
3ef8c000
3f3a9000
3f3a9000
bf78c000
bf3a9000
3ef8c000
3f3a9000
3f9b7800
bf78c000
3e78c000
3f3a9000
be78c000
bf78c000
3f78c000
00000000
bfba9000
be78c000
be78c000
00000000
3e78c000
00000000
3e78c000
3e78c000
bf3a9000
00000000
00000000
bf9b7800
3f78c000
bfba9000
00000000
00000000
bf78c000
bf78c000
3f78c000
bf3a9000
3f78c000
bf3a9000
be78c000
3ef8c000
be78c000
3e78c000
be78c000
3ef8c000
00000000
bf78c000
bf3a9000
be78c000
00000000
be78c000
bf3a9000
3f3a9000
00000000
bef8c000
00000000
00000000
bef8c000
bf3a9000
bf78c000
3f78c000
be78c000
be78c000
3ef8c000
bef8c000
be78c000
be78c000
3f3a9000
bef8c000
bef8c000
bef8c000
3f3a9000
3f3a9000
be78c000
3e78c000
bef8c000
bf78c000
3e78c000
3e78c000
3ef8c000
3f78c000
be78c000
bef8c000
3f9b7800
3e78c000
3ef8c000
3e92a000
3e92a000
3f12a000
bf92a000
3e92a000
be92a000
bf5bf000
be92a000
3f12a000
bfdbf000
3f12a000
3f5bf000
bf12a000
be92a000
3f5bf000
bf12a000
3f12a000
be92a000
3f12a000
00000000
00000000
3f5bf000
bf12a000
3e92a000
00000000
3f92a000
3f92a000
00000000
bf5bf000
bf5bf000
3f92a000
00000000
be92a000
bf12a000
3f12a000
be92a000
bf12a000
3f12a000
bf5bf000
be92a000
bf12a000
bfb74800
00000000
3f5bf000
00000000
3f12a000
be92a000
3f12a000
be92a000
3f5bf000
00000000
00000000
bf12a000
bfb74800
3f12a000
3e92a000
bf12a000
3f12a000
00000000
be92a000
bf5bf000
00000000
bf5bf000
bf12a000
bf12a000
00000000
be92a000
00000000
bf12a000
00000000
40004c00
bfb74800
bf92a000
3f5bf000
3fb74800
3e92a000
bf12a000
bf12a000
00000000
00000000
3f92a000
00000000
3f5bf000
3e92a000
40004c00
bf12a000
3e92a000
3f92a000
00000000
bf5bf000
be92a000
00000000
3e92a000
00000000
3f12a000
be92a000
3f92a000
bf5bf000
bf5bf000
3f12a000
00000000
3f12a000
3f12a000
be92a000
3e92a000
3f5bf000
3f12a000
bf5bf000
bf12a000
00000000
3e92a000
00000000
3e92a000
bf92a000
be92a000
3e92a000
bf5bf000
3f92a000
bf12a000
3f12a000
bf5bf000
3f12a000
be92a000
be92a000
3e92a000
3e92a000
3e92a000
be92a000
3f192000
be992000
3e992000
00000000
bf192000
00000000
be992000
00000000
be992000
3e992000
be992000
be992000
bf65b000
3fbf6800
be992000
be992000
3f65b000
3e992000
bf192000
bf65b000
3e992000
3f992000
3f65b000
00000000
3f992000
bf192000
be992000
bf192000
bf192000
3f192000
bf65b000
3f192000
3e992000
00000000
be992000
be992000
3e992000
3e992000
3f192000
3f65b000
be992000
bf992000
bf65b000
bf992000
be992000
3f65b000
be992000
be992000
3e992000
bf192000
3e992000
be992000
3e992000
00000000
c005fc00
bf192000
be992000
3e992000
3e992000
3f65b000
bf192000
bf192000
bf992000
3e992000
bf992000
bf65b000
be992000
3e992000
be992000
3f992000
bf65b000
bf192000
be992000
3e992000
bf65b000
be992000
3f192000
00000000
bf992000
3f192000
be992000
3e992000
3e992000
00000000
3e992000
bf192000
bf65b000
be992000
00000000
00000000
3f992000
bfbf6800
3f65b000
bf65b000
bf65b000
bf192000
bfbf6800
3f192000
bf192000
3f192000
3f65b000
be992000
3e992000
3f192000
bf65b000
3e992000
be992000
00000000
3e992000
00000000
3f65b000
00000000
bf192000
bf192000
3e992000
00000000
bf192000
bf65b000
bf192000
3f65b000
be992000
be992000
3f192000
00000000
3f192000
3e992000
bf65b000
3f192000
bf040000
bfc60000
00000000
00000000
3f460000
3e840000
3f040000
3e840000
00000000
3f460000
00000000
bf840000
3f840000
00000000
3e840000
00000000
bf840000
3f040000
bf460000
bf460000
be840000
be840000
00000000
3e840000
00000000
3e840000
00000000
be840000
bfe70000
3e840000
00000000
3e840000
bf840000
00000000
bf460000
bf460000
3f040000
bf460000
3f040000
bf840000
3f460000
bf840000
bf840000
3e840000
3e840000
3fe70000
3f040000
be840000
00000000
3f460000
bf040000
3e840000
3e840000
00000000
bf040000
3fe70000
3e840000
00000000
3f840000
3f040000
bf460000
3f460000
be840000
3f040000
3e840000
3fa50000
00000000
3e840000
3e840000
bf040000
bf040000
3f840000
3e840000
bf040000
3e840000
3f040000
3e840000
00000000
3f040000
bfc60000
00000000
00000000
bf460000
3f040000
3fa50000
bf460000
bf840000
3fa50000
be840000
3e840000
3e840000
3e840000
00000000
bf840000
3f840000
3e840000
be840000
be840000
00000000
be840000
3f040000
bf460000
be840000
bfa50000
3e840000
3fa50000
3f840000
bf460000
bf040000
3fa50000
00000000
bf460000
bf840000
bf460000
00000000
3fa50000
bfa50000
bf460000
3f040000
3f040000
be840000
bf040000
3f460000
3e840000
00000000
be840000
3e840000
bf460000
3feab800
bf493000
be862000
3f062000
3f062000
00000000
bf493000
00000000
3f862000
3f862000
be862000
3e862000
3fa7a800
00000000
bf062000
00000000
bf493000
3e862000
bf862000
bf062000
bf062000
00000000
00000000
bf062000
bf062000
be862000
bf493000
00000000
3fa7a800
bf493000
3fa7a800
00000000
3f493000
be862000
00000000
bf062000
3f493000
3e862000
bf062000
be862000
3e862000
3f493000
3f493000
be862000
00000000
3e862000
bf493000
3e862000
be862000
bf493000
00000000
bf493000
00000000
3f062000
00000000
00000000
3f493000
00000000
3f493000
00000000
bf062000
3f062000
3fc93000
be862000
3e862000
3f493000
be862000
bfa7a800
3f062000
bfa7a800
3f493000
3f862000
3e862000
be862000
00000000
3f862000
3e862000
bf493000
3e862000
00000000
3e862000
3e862000
3f062000
bf493000
3f062000
bf493000
be862000
be862000
bf493000
3f062000
00000000
3e862000
be862000
be862000
00000000
bf493000
3e862000
bf062000
be862000
3f062000
bfa7a800
00000000
3e862000
3f062000
3f862000
3f062000
3f493000
3f862000
bfa7a800
3f062000
be862000
bf062000
3f062000
3f062000
3e862000
bf862000
00000000
be862000
bf493000
bf493000
bfa7a800
3f493000
be862000
00000000
3f493000
3fa7a800
00000000
bf062000
3e8d8000
bfb0e000
bf544000
bf544000
3f0d8000
3e8d8000
be8d8000
bf0d8000
3f8d8000
3f8d8000
00000000
be8d8000
bf544000
be8d8000
bf0d8000
3e8d8000
be8d8000
3e8d8000
3fb0e000
00000000
bf0d8000
bfd44000
be8d8000
3f0d8000
be8d8000
3f8d8000
3e8d8000
3f544000
be8d8000
bf544000
3e8d8000
3e8d8000
bf0d8000
3e8d8000
bf0d8000
be8d8000
bf0d8000
3e8d8000
bf0d8000
00000000
be8d8000
3e8d8000
be8d8000
bf0d8000
3fb0e000
00000000
be8d8000
3f0d8000
3e8d8000
3f544000
00000000
bf544000
3e8d8000
bf0d8000
bf8d8000
bff7a000
be8d8000
bf8d8000
be8d8000
00000000
bf0d8000
00000000
3e8d8000
3fb0e000
3f544000
bf544000
3e8d8000
bf0d8000
bf544000
3fb0e000
bf544000
bf8d8000
bf0d8000
3e8d8000
3f0d8000
3f0d8000
3ff7a000
be8d8000
be8d8000
3f0d8000
bf0d8000
3f8d8000
3fb0e000
3e8d8000
00000000
be8d8000
3e8d8000
3e8d8000
be8d8000
be8d8000
3f0d8000
3f8d8000
3f8d8000
bfb0e000
bf0d8000
00000000
3f0d8000
bf544000
bfb0e000
bf0d8000
be8d8000
3e8d8000
be8d8000
bf544000
3f544000
3e8d8000
bfd44000
bf8d8000
00000000
3f0d8000
3f544000
00000000
3e8d8000
3e8d8000
00000000
be8d8000
3e8d8000
3e8d8000
be8d8000
bfb0e000
3f0d8000
be8d8000
bfb0e000
3e8d8000
bf0d8000
00000000
3e8d8000
3fb0e000
bfc7b000
3e852000
3f052000
bf47b000
bf47b000
bf052000
bf052000
bf852000
00000000
3f47b000
00000000
bf052000
bf47b000
3f052000
3e852000
3fa66800
3f47b000
3e852000
3e852000
be852000
3e852000
bf47b000
00000000
3e852000
3f052000
bf47b000
3e852000
bf47b000
be852000
3f47b000
3e852000
bf47b000
be852000
bf852000
bf47b000
3f052000
be852000
3e852000
00000000
bf052000
3fc7b000
3f052000
be852000
be852000
00000000
3e852000
3e852000
3fa66800
bfc7b000
3e852000
be852000
be852000
3f47b000
3e852000
3f052000
3e852000
bf052000
3e852000
3e852000
3e852000
be852000
bf852000
bf052000
3f47b000
3fe8f800
be852000
3e852000
3f47b000
bf052000
00000000
bf47b000
3e852000
bf852000
bf052000
3e852000
bf852000
bf052000
bf052000
be852000
3f052000
bf052000
bf47b000
00000000
bf052000
bf052000
3f852000
bf47b000
bf052000
00000000
bf052000
bf052000
bfc7b000
00000000
be852000
3e852000
3f852000
00000000
3fe8f800
3f47b000
3e852000
bf052000
be852000
00000000
3f052000
bf052000
3f052000
be852000
be852000
00000000
be852000
3f052000
be852000
be852000
3fa66800
bf052000
bf47b000
3f052000
bfa66800
3f852000
bfa66800
be852000
bf852000
3f852000
be852000
bf852000
3f052000
3f47b000
00000000
bf05a000
bfc87000
3f487000
bfa70800
3e85a000
3e85a000
be85a000
bf05a000
bf05a000
3e85a000
be85a000
00000000
00000000
3e85a000
00000000
be85a000
3f05a000
bfa70800
be85a000
bf05a000
bf05a000
3e85a000
00000000
3f85a000
be85a000
bf05a000
00000000
00000000
bf85a000
3f05a000
3f85a000
00000000
3f05a000
3f487000
3f05a000
bf85a000
bf05a000
bf05a000
bf487000
bf85a000
3f05a000
3e85a000
3fc87000
3f487000
00000000
3f85a000
3f05a000
3e85a000
3f05a000
3f05a000
00000000
3f05a000
be85a000
00000000
bf05a000
3f05a000
bf487000
be85a000
bfe9d800
3f05a000
bfa70800
be85a000
bfa70800
bf85a000
3fa70800
be85a000
00000000
00000000
00000000
3fa70800
00000000
bf05a000
3fa70800
bf487000
3f487000
00000000
bf85a000
3f85a000
3f487000
3e85a000
be85a000
00000000
3f05a000
3f487000
3f05a000
00000000
be85a000
3f05a000
be85a000
bf85a000
3fa70800
bf05a000
bf487000
3f487000
3f487000
3f05a000
3fa70800
3e85a000
be85a000
00000000
3e85a000
3f05a000
be85a000
bf85a000
bf85a000
be85a000
bf487000
3f05a000
bf85a000
00000000
be85a000
be85a000
3f487000
be85a000
00000000
00000000
3f85a000
00000000
3f85a000
3f487000
bf487000
00000000
3f85a000
bf85a000
bf05a000
be85a000
3f05a000
bf85a000
3f62a000
bf29f800
3f62a000
3fa9f800
be62a000
3ee2a000
bee2a000
be62a000
bf29f800
3f8da400
3f29f800
3f29f800
00000000
3e62a000
3f62a000
3e62a000
bf62a000
bee2a000
bee2a000
3f8da400
3ee2a000
bf29f800
be62a000
3ee2a000
3f8da400
3ee2a000
00000000
3f29f800
bee2a000
bfa9f800
3e62a000
3f62a000
bf29f800
3ee2a000
be62a000
bf8da400
bf8da400
3ee2a000
3f8da400
3f62a000
bee2a000
bf29f800
3f8da400
bf8da400
bf29f800
3e62a000
00000000
be62a000
bf8da400
3fc64c00
bf29f800
3e62a000
bf62a000
bee2a000
3ee2a000
bee2a000
3e62a000
3f29f800
be62a000
be62a000
00000000
3f62a000
3e62a000
3fa9f800
3f29f800
3ee2a000
3e62a000
bf62a000
3fa9f800
be62a000
00000000
3f62a000
3ee2a000
bf29f800
bee2a000
3ee2a000
bf29f800
bf29f800
3e62a000
00000000
3ee2a000
bee2a000
bee2a000
bee2a000
bfa9f800
bf29f800
bf29f800
3e62a000
00000000
3f29f800
bf29f800
bee2a000
bf8da400
3ee2a000
00000000
3f29f800
3f8da400
00000000
00000000
bee2a000
bee2a000
bf62a000
bf29f800
bf62a000
00000000
be62a000
bf62a000
bee2a000
3f29f800
3f62a000
bf62a000
bf29f800
be62a000
be62a000
bf8da400
bf62a000
bf29f800
3e62a000
be62a000
00000000
3ee2a000
bee2a000
3fa9f800
be62a000
3f8da400
3fc64c00
00000000
00000000
3f012000
be812000
bf41b000
be812000
3e812000
bfc1b000
3f012000
3fa16800
bf41b000
3fa16800
bf812000
bf41b000
be812000
bf41b000
3f012000
00000000
bf012000
3fe1f800
3f41b000
3fc1b000
be812000
bf812000
bf41b000
bf012000
bfa16800
3f012000
bf41b000
3e812000
3f012000
3fa16800
bf812000
00000000
3e812000
3f41b000
3e812000
bf012000
bfc1b000
3f41b000
00000000
be812000
bf012000
3e812000
3e812000
3f812000
00000000
3f012000
3f41b000
3f41b000
00000000
be812000
00000000
00000000
00000000
bf012000
bf012000
be812000
3e812000
3e812000
be812000
bfa16800
bfa16800
bf812000
bf41b000
3e812000
3f41b000
3e812000
3e812000
bf012000
3f41b000
3f012000
bf012000
bf41b000
be812000
3f41b000
00000000
3f41b000
00000000
bf012000
bf41b000
bf41b000
3f012000
3e812000
bf41b000
3f012000
bf012000
00000000
3f41b000
bf812000
bfa16800
3f41b000
be812000
3e812000
3f012000
3f41b000
bf812000
3f812000
bf012000
be812000
bf41b000
3f41b000
3f012000
3f012000
be812000
bf812000
00000000
be812000
be812000
3e812000
3f012000
3f012000
00000000
3f41b000
bfa16800
be812000
be812000
00000000
3f812000
3e812000
3e812000
3f012000
3f012000
00000000
00000000
00000000
bfc1b000
bfe1f800
bf41b000
bfa16800
3e76c000
3f391000
3ef6c000
3fb91000
bef6c000
3ef6c000
bef6c000
be76c000
be76c000
be76c000
3f9a3800
3e76c000
bf391000
bfd7e800
bfb91000
bef6c000
be76c000
bf391000
be76c000
3ef6c000
3e76c000
bf9a3800
00000000
00000000
00000000
be76c000
3ef6c000
3e76c000
3f391000
be76c000
bf391000
3e76c000
be76c000
bf9a3800
bef6c000
bef6c000
3e76c000
00000000
3e76c000
3ef6c000
bf391000
00000000
be76c000
be76c000
bef6c000
3fb91000
3ef6c000
be76c000
be76c000
bf76c000
bf76c000
be76c000
bfb91000
be76c000
00000000
bf76c000
3e76c000
00000000
3f391000
be76c000
3e76c000
3f391000
3f391000
be76c000
be76c000
bef6c000
bf391000
00000000
00000000
3f76c000
3e76c000
00000000
bef6c000
3e76c000
3f391000
be76c000
bf391000
bf391000
bf391000
3f391000
bfb91000
3ef6c000
3f9a3800
bf9a3800
00000000
3e76c000
bef6c000
00000000
3ef6c000
bf9a3800
bef6c000
00000000
bf391000
3e76c000
3fb91000
bfd7e800
3f391000
3ef6c000
3fd7e800
bf76c000
3f76c000
00000000
3e76c000
3e76c000
be76c000
be76c000
00000000
bfb91000
00000000
3f76c000
bef6c000
3ef6c000
be76c000
3f76c000
00000000
3e76c000
3e76c000
3ef6c000
3f9a3800
be76c000
00000000
3f391000
3ef6c000
3e76c000
3f9a3800
3ef6c000
3ef6c000
00000000
3e5e0000
00000000
be5e0000
00000000
3e5e0000
bede0000
3f5e0000
bfa68000
bf5e0000
3f268000
3e5e0000
3f8ac000
bf5e0000
3e5e0000
be5e0000
3e5e0000
3ede0000
bf5e0000
bf5e0000
3ede0000
3ede0000
3f268000
3ede0000
bf268000
3fa68000
bf5e0000
3e5e0000
00000000
3f5e0000
3e5e0000
00000000
3e5e0000
3ede0000
bede0000
3ede0000
bede0000
00000000
bede0000
3e5e0000
bf268000
3f5e0000
3e5e0000
bf5e0000
bf268000
3f268000
00000000
be5e0000
3ede0000
bede0000
bf5e0000
bede0000
00000000
bf8ac000
3ede0000
3f268000
3ede0000
3f268000
bede0000
3ede0000
3f268000
3f268000
bf8ac000
3ede0000
3f8ac000
3ede0000
3e5e0000
bf268000
3ede0000
bede0000
3f268000
bfa68000
3ede0000
bf5e0000
bede0000
be5e0000
3f268000
bede0000
bfc24000
bede0000
bede0000
3f268000
bfa68000
3e5e0000
bf5e0000
3f268000
be5e0000
bede0000
3ede0000
00000000
3ede0000
3e5e0000
3f268000
bf5e0000
00000000
bfa68000
3ede0000
3f268000
3e5e0000
3ede0000
00000000
00000000
3ede0000
3f268000
3f5e0000
3ede0000
bede0000
bede0000
00000000
be5e0000
3ede0000
3e5e0000
3f268000
be5e0000
3e5e0000
00000000
00000000
3f268000
3ede0000
3f5e0000
be5e0000
bf268000
3f8ac000
be5e0000
3e5e0000
00000000
3e5e0000
bf268000
bede0000
3ec36000
bec36000
bf436000
00000000
bf928800
3f436000
3f436000
00000000
bf436000
00000000
3ec36000
bec36000
00000000
3ec36000
3f436000
3f436000
3f436000
bf436000
00000000
3f436000
bf436000
00000000
bec36000
00000000
bec36000
3ec36000
bec36000
3f928800
3ec36000
3f436000
3fc36000
bec36000
3ec36000
00000000
3f928800
3f436000
3ec36000
3ec36000
3ec36000
bf436000
3f928800
402af400
00000000
00000000
bec36000
bf436000
3f436000
3f436000
bfc36000
bf436000
3f928800
3f436000
00000000
bf928800
bf436000
3ec36000
00000000
3ec36000
bf436000
bec36000
00000000
bf436000
00000000
3f436000
3f436000
bfc36000
bec36000
bec36000
bec36000
00000000
bf436000
bec36000
bf928800
c0128800
00000000
3f436000
00000000
3ec36000
00000000
3f436000
00000000
3ec36000
3f436000
bf436000
3ec36000
3ec36000
bf436000
3f436000
00000000
3ec36000
3f436000
3f436000
3ec36000
bfc36000
3ec36000
bf436000
3ec36000
3f436000
bf436000
3f436000
00000000
3ec36000
bf436000
bec36000
3fc36000
00000000
bec36000
00000000
bf928800
c0128800
bf436000
bec36000
bf436000
3f928800
00000000
bf928800
3f928800
3ec36000
3f928800
bf436000
bf436000
bec36000
bf436000
3f928800
bf436000
bf928800
3ec36000
bf436000
be486000
be486000
3e486000
00000000
bec86000
bec86000
be486000
bf486000
bec86000
3f164800
00000000
bec86000
3e486000
3f7a7800
3f164800
3f486000
bf164800
bf7a7800
00000000
bf964800
bf164800
3f7a7800
bec86000
3e486000
bfaf5400
3f486000
bf164800
bf486000
3f164800
3e486000
00000000
3faf5400
3e486000
3f164800
be486000
bf7a7800
bec86000
be486000
3ec86000
3f164800
bf964800
3f964800
3f164800
3ec86000
bec86000
00000000
bf164800
be486000
bf964800
be486000
3f7a7800
bf164800
bf486000
bf7a7800
3f164800
be486000
bfaf5400
3ec86000
3f7a7800
00000000
bf164800
be486000
3e486000
bec86000
bf964800
bf7a7800
bf164800
3f7a7800
3e486000
3f7a7800
bec86000
3e486000
bec86000
bf164800
3f164800
be486000
00000000
3faf5400
3f164800
3f7a7800
00000000
bec86000
bf486000
00000000
3f164800
00000000
bf164800
be486000
bf486000
3e486000
be486000
bf164800
bf486000
3f164800
00000000
3ec86000
bf164800
be486000
be486000
be486000
3f964800
bf7a7800
3ec86000
3e486000
3e486000
3f164800
00000000
00000000
3f964800
bf7a7800
3f7a7800
00000000
00000000
00000000
3f164800
00000000
be486000
3f486000
3faf5400
3ec86000
bec86000
be486000
3f164800
bf7a7800
3ec86000
be486000
00000000
bf486000
bf3a3000
3f3a3000
bfba3000
bef84000
be784000
3f3a3000
bef84000
3ef84000
3ef84000
3f3a3000
bf784000
be784000
be784000
be784000
3f3a3000
3f3a3000
bf784000
00000000
3f3a3000
be784000
bef84000
bef84000
be784000
00000000
bf9b2800
be784000
be784000
bfba3000
00000000
3f784000
bf3a3000
3f3a3000
bef84000
bf784000
be784000
bef84000
bf3a3000
3f9b2800
3e784000
3e784000
3fba3000
be784000
3ef84000
bf784000
be784000
bf9b2800
bef84000
bef84000
00000000
be784000
bef84000
3ef84000
bf9b2800
bef84000
3e784000
be784000
3f3a3000
3ef84000
be784000
3e784000
bef84000
bef84000
bf3a3000
3ef84000
bf784000
bf3a3000
00000000
3ef84000
be784000
bf784000
bf3a3000
3f784000
3fba3000
bfd93800
00000000
be784000
be784000
3e784000
bf3a3000
bef84000
3ef84000
3f9b2800
bf3a3000
3f3a3000
be784000
bf3a3000
bef84000
00000000
be784000
00000000
bf784000
be784000
3fd93800
bef84000
3ef84000
3e784000
3e784000
be784000
bf3a3000
3ef84000
3f784000
00000000
bfd93800
3e784000
3e784000
bf3a3000
3ef84000
00000000
3ef84000
bf3a3000
bef84000
00000000
3f3a3000
be784000
bf3a3000
00000000
3e784000
00000000
00000000
be784000
3fba3000
3f784000
bf9b2800
3ef84000
be784000
3f3a3000
bf9b2800
be784000
3f114000
00000000
bf914000
3f114000
3f914000
00000000
bf59e000
3f59e000
bf114000
bf114000
bf114000
bf114000
bf114000
bf59e000
bffe3000
3e914000
be914000
00000000
3f914000
bf114000
3e914000
3e914000
be914000
be914000
bf914000
3f114000
00000000
00000000
00000000
00000000
3f59e000
bf114000
bf114000
be914000
3e914000
3f59e000
bf114000
3f59e000
be914000
bf114000
00000000
3f59e000
00000000
bf59e000
be914000
be914000
3e914000
00000000
00000000
bf914000
00000000
3f59e000
3e914000
3f59e000
bf914000
bf114000
bf114000
bf59e000
00000000
bf59e000
00000000
3f114000
bf914000
bf114000
3f114000
00000000
be914000
3e914000
be914000
bf114000
be914000
3f114000
3e914000
3fb59000
00000000
3f59e000
3e914000
bf59e000
be914000
3f59e000
00000000
bf59e000
00000000
bf114000
be914000
3e914000
00000000
00000000
be914000
be914000
bf914000
bfb59000
be914000
00000000
bf59e000
be914000
00000000
3f59e000
3e914000
3f114000
bfd9e000
bf114000
bf59e000
be914000
3f59e000
3e914000
00000000
3f114000
be914000
bf59e000
00000000
00000000
00000000
3f114000
be914000
00000000
be914000
bf114000
bf114000
bf59e000
3f114000
be914000
bf114000
be914000
00000000
3f114000
3f59e000
bf114000
bf310000
00000000
beec0000
3eec0000
3e6c0000
00000000
00000000
3fb10000
3eec0000
3e6c0000
3e6c0000
bf938000
3eec0000
be6c0000
bf6c0000
00000000
00000000
3eec0000
be6c0000
bfb10000
bf310000
3eec0000
00000000
3eec0000
3f6c0000
beec0000
3f310000
be6c0000
bf310000
be6c0000
bf310000
3e6c0000
be6c0000
bf938000
00000000
3e6c0000
be6c0000
be6c0000
3e6c0000
3fb10000
3f310000
3f938000
bf6c0000
00000000
be6c0000
3e6c0000
be6c0000
00000000
3eec0000
3eec0000
be6c0000
bf6c0000
beec0000
bf310000
3eec0000
3eec0000
3eec0000
be6c0000
be6c0000
3e6c0000
beec0000
be6c0000
00000000
3f6c0000
be6c0000
3eec0000
3e6c0000
00000000
bfb10000
be6c0000
beec0000
3e6c0000
3f310000
3f310000
3eec0000
be6c0000
3f310000
00000000
00000000
00000000
3eec0000
3eec0000
bf310000
bf310000
3f938000
3eec0000
bf938000
3e6c0000
00000000
00000000
be6c0000
beec0000
3fce8000
bf310000
3f6c0000
beec0000
be6c0000
00000000
3e6c0000
3f310000
be6c0000
3e6c0000
be6c0000
3f938000
00000000
3f6c0000
bfb10000
bf310000
beec0000
3eec0000
beec0000
3fce8000
3e6c0000
3f310000
3eec0000
be6c0000
3e6c0000
3f6c0000
be6c0000
00000000
3e6c0000
3f6c0000
3e6c0000
3f6c0000
beec0000
be6c0000
bf310000
3e6c0000
00000000
bfc08000
00000000
00000000
3fe70000
bf670000
3e9a0000
bf1a0000
3f670000
00000000
be9a0000
3f670000
bf1a0000
bfc08000
4006c000
00000000
3f1a0000
00000000
00000000
00000000
be9a0000
3f1a0000
be9a0000
00000000
bf1a0000
be9a0000
3f670000
3f670000
3e9a0000
bf1a0000
bf1a0000
3f1a0000
3f670000
3f1a0000
bf670000
bf670000
bf670000
3f1a0000
3f1a0000
bf670000
00000000
00000000
bf1a0000
3f670000
bf670000
bf9a0000
be9a0000
00000000
00000000
3f1a0000
bf670000
bf9a0000
be9a0000
3e9a0000
3f1a0000
bf670000
3f9a0000
3f1a0000
00000000
bf670000
bf670000
bf9a0000
3f1a0000
3fc08000
3f670000
be9a0000
bf670000
00000000
bf670000
3f1a0000
be9a0000
00000000
3f9a0000
be9a0000
00000000
bf1a0000
be9a0000
3f1a0000
3f670000
be9a0000
3f670000
3f1a0000
3e9a0000
bf1a0000
3f1a0000
bfc08000
be9a0000
3e9a0000
bf9a0000
00000000
be9a0000
00000000
00000000
3f1a0000
be9a0000
bf9a0000
3e9a0000
00000000
3f670000
00000000
3e9a0000
3f670000
bf670000
00000000
00000000
bf670000
bf1a0000
3e9a0000
bf670000
3f670000
00000000
00000000
3f1a0000
3e9a0000
3f9a0000
3fc08000
3f670000
3e9a0000
bf670000
00000000
bf1a0000
bf1a0000
3f1a0000
3e9a0000
bf1a0000
00000000
00000000
be9a0000
bf9e4000
be9e4000
3f1e4000
3e9e4000
3e9e4000
3f1e4000
bf1e4000
3f6d6000
00000000
3e9e4000
3f9e4000
3e9e4000
00000000
00000000
bf1e4000
bf1e4000
00000000
3f6d6000
00000000
be9e4000
00000000
00000000
3e9e4000
bf9e4000
be9e4000
3f1e4000
bf1e4000
3f1e4000
be9e4000
3f1e4000
be9e4000
3f1e4000
3f6d6000
3f1e4000
00000000
be9e4000
00000000
bf6d6000
00000000
be9e4000
3e9e4000
00000000
bfc5d000
00000000
3f9e4000
3f1e4000
3f1e4000
3e9e4000
bfc5d000
bf9e4000
be9e4000
bf1e4000
3e9e4000
00000000
3f9e4000
bf9e4000
00000000
bf1e4000
3e9e4000
be9e4000
00000000
3f9e4000
bf1e4000
bf9e4000
bf1e4000
bf6d6000
3e9e4000
3e9e4000
400a7800
3f1e4000
3f1e4000
3e9e4000
3f1e4000
3f1e4000
3f6d6000
3e9e4000
bf1e4000
bf1e4000
3f1e4000
00000000
3f1e4000
3f1e4000
00000000
be9e4000
00000000
3f1e4000
3e9e4000
be9e4000
bf1e4000
be9e4000
3f6d6000
00000000
bf1e4000
bf9e4000
bf1e4000
3f9e4000
3f1e4000
3f9e4000
bf6d6000
bf6d6000
be9e4000
bf9e4000
00000000
3fc5d000
be9e4000
be9e4000
00000000
bf9e4000
bf1e4000
be9e4000
bfc5d000
bf6d6000
be9e4000
3f6d6000
bf6d6000
be9e4000
3e9e4000
be9e4000
bf9e4000
bf6d6000
00000000
3e9e4000
bf6d6000
bf6d6000
bf1e4000
3f1e4000
bf1e4000
3e9e4000
3e842000
bf042000
00000000
bf042000
3f042000
3f463000
be842000
bf042000
3f463000
3e842000
bfa52800
be842000
3fe73800
be842000
bf042000
be842000
00000000
3e842000
bf042000
3e842000
bf463000
3e842000
3f463000
bf463000
3e842000
00000000
00000000
bfe73800
bf463000
bfc63000
3f042000
00000000
3e842000
3f842000
3e842000
bf463000
3fa52800
be842000
3f042000
bf842000
bfa52800
bf042000
00000000
3e842000
3fa52800
3f042000
bf842000
3f463000
3e842000
3f463000
bf463000
be842000
3f463000
be842000
3f042000
bf842000
3f042000
3e842000
bf842000
3fa52800
bf463000
3f463000
3e842000
bf842000
bf042000
00000000
3e842000
3f842000
bf463000
3f042000
bf463000
3f463000
be842000
00000000
00000000
00000000
be842000
bf463000
3f042000
3fa52800
3e842000
3f842000
00000000
bf042000
be842000
00000000
be842000
bf463000
bf042000
00000000
3e842000
3f042000
bf463000
bf463000
3e842000
be842000
3e842000
3f463000
00000000
be842000
3e842000
be842000
00000000
bf463000
00000000
3fe73800
3e842000
3e842000
3f042000
3f463000
3e842000
bfc63000
bf042000
3e842000
00000000
3f463000
bf042000
3e842000
00000000
3e842000
3f463000
bf042000
3f463000
be842000
be842000
3fc63000
3f463000
bf042000
00000000
bf95c000
bf95c000
3f15c000
3e95c000
00000000
3f15c000
00000000
3f15c000
bf60a000
3f60a000
3f60a000
be95c000
bf15c000
00000000
bf15c000
bfbb3000
bf15c000
bf15c000
3f60a000
be95c000
00000000
3f95c000
3e95c000
bfbb3000
bf60a000
bf60a000
00000000
00000000
3e95c000
00000000
be95c000
be95c000
00000000
bf15c000
bf60a000
00000000
3e95c000
bfbb3000
00000000
3f95c000
bf15c000
3e95c000
bf15c000
3e95c000
3f15c000
3f60a000
3f15c000
00000000
3e95c000
3f15c000
be95c000
3e95c000
bf15c000
bf95c000
be95c000
bf15c000
3f60a000
3f95c000
bfbb3000
be95c000
3f15c000
00000000
00000000
3f95c000
bf95c000
00000000
3f60a000
3f60a000
be95c000
3f60a000
3f15c000
bf95c000
be95c000
00000000
3f15c000
3f60a000
be95c000
00000000
00000000
40030800
bf15c000
00000000
bfbb3000
00000000
3e95c000
bf15c000
00000000
3e95c000
3f60a000
3f15c000
00000000
00000000
3e95c000
3e95c000
3f95c000
bf60a000
3e95c000
bf15c000
00000000
3e95c000
be95c000
00000000
3f60a000
bf15c000
be95c000
be95c000
3f95c000
be95c000
be95c000
3f15c000
be95c000
bf15c000
3f60a000
bf15c000
00000000
3f60a000
3f60a000
00000000
3e95c000
3f15c000
be95c000
3f15c000
bf15c000
bf95c000
3f60a000
bf15c000
3e95c000
bf8de000
00000000
3fd4d000
3f54d000
3e8de000
be8de000
3f54d000
00000000
3e8de000
00000000
3e8de000
3f54d000
3f0de000
3f54d000
00000000
3e8de000
3e8de000
3f54d000
bf0de000
00000000
bf8de000
bf0de000
3f54d000
00000000
00000000
bf0de000
3e8de000
be8de000
bf0de000
bf54d000
00000000
3e8de000
3f8de000
bf54d000
00000000
3f8de000
be8de000
be8de000
3f54d000
3f8de000
3f8de000
bf0de000
bfb15800
3e8de000
3f8de000
00000000
3e8de000
be8de000
bf0de000
be8de000
bf8de000
3e8de000
be8de000
be8de000
3f54d000
be8de000
3f0de000
3f54d000
bf8de000
00000000
3f0de000
be8de000
3f54d000
3e8de000
be8de000
3e8de000
3f54d000
00000000
00000000
be8de000
00000000
3f54d000
bf8de000
bf8de000
bf8de000
3f0de000
3f8de000
bf0de000
be8de000
be8de000
00000000
3f8de000
3f0de000
00000000
3f0de000
bf54d000
00000000
bf0de000
3e8de000
3f54d000
be8de000
3e8de000
bf0de000
3f0de000
00000000
3fb15800
bf8de000
3f0de000
00000000
be8de000
3e8de000
bf0de000
bf54d000
bf54d000
00000000
3f8de000
3e8de000
bf0de000
3e8de000
bf8de000
bf0de000
bf0de000
bf54d000
00000000
3e8de000
3f54d000
3f0de000
3f0de000
00000000
bf0de000
bf0de000
3e8de000
bf54d000
bf0de000
3e8de000
bff84800
00000000
3f0de000
beabe000
3eabe000
3f2be000
bf2be000
00000000
00000000
3eabe000
beabe000
3fabe000
3eabe000
bf80e800
beabe000
00000000
00000000
bf2be000
beabe000
3f80e800
3f2be000
bf2be000
bfd6d800
bf2be000
3f80e800
3f80e800
3f80e800
3eabe000
3eabe000
3f80e800
beabe000
3fabe000
bf2be000
3eabe000
3f80e800
bf2be000
beabe000
beabe000
3f2be000
beabe000
3f2be000
3eabe000
bfd6d800
bf80e800
bf80e800
00000000
3eabe000
3f2be000
3fd6d800
00000000
3f2be000
3f80e800
bf80e800
3f80e800
beabe000
3f2be000
bf2be000
00000000
beabe000
beabe000
bf2be000
3eabe000
3eabe000
beabe000
bf2be000
3eabe000
3f80e800
3f2be000
bf2be000
beabe000
00000000
3f2be000
beabe000
beabe000
3f80e800
3f80e800
00000000
bf2be000
00000000
3eabe000
3f2be000
3eabe000
3f2be000
3eabe000
bf2be000
beabe000
3eabe000
3eabe000
40166400
3eabe000
bf2be000
3f2be000
3fd6d800
beabe000
bf80e800
bf2be000
bf2be000
bf2be000
00000000
3f80e800
00000000
bf80e800
3eabe000
3f2be000
beabe000
00000000
beabe000
3eabe000
3f2be000
3f80e800
beabe000
00000000
00000000
beabe000
beabe000
3fabe000
00000000
3eabe000
00000000
3f2be000
bf2be000
3f2be000
00000000
beabe000
beabe000
00000000
00000000
00000000
00000000
bf80e800
00000000
