3da9c000
bdc0e000
bdbb6000
00000000
be02f800
beb54000
3d6e0000
be000000
bd544000
bd6be000
3e18e800
3e7a5000
bdd84000
3dd20000
3e124000
3e75f000
be0a0000
3d656000
3d56e000
3d612000
3e342000
00000000
3e334000
be19c000
3d812000
be2bc000
00000000
3d31a000
bd7c0000
3d786000
00000000
3e1bd000
be179800
3d4da000
3d6e4000
00000000
3dc52000
3e540800
bd59c000
3e95ec00
3e071800
3dd32000
3e1a0800
00000000
bdfe4000
bd3ec000
bdb46000
3d2bc000
bd3c6000
bd642000
bd604000
3ddd6000
3d262000
3ddd1000
bd2ac000
bdb7c000
bdb50000
3da6c000
3e12b800
3d2fa000
be101800
bdfa4000
bd522000
3dec4000
be23e000
3d490000
be4f2000
be3d0000
bd436000
00000000
00000000
00000000
be104800
00000000
3e0bf800
bde12000
00000000
3dda6000
bdd52000
bd5ba000
bd2f4000
3db6a000
3e1b8800
3d3d0000
00000000
bd930000
be658800
bdbae000
00000000
00000000
3dcc4000
be194800
bd1ba000
bd50a000
bd2a0000
bd26a000
3e204000
3e2e2000
3e0a0000
3de9c000
bff5e000
3e817400
00000000
3d500000
00000000
3e0b9800
bdc12000
bec6a000
3d644000
3d52e000
3e84a000
be320800
be7fc800
be268000
3d9da000
bdf99000
beaf3800
bd87e000
3db20000
bde9a000
3d3bc000
bd3d0000
bdeb5000
3e3c0000
bd252000
bdb4e000
bd290000
bdf1e000
3dfea000
3e10a800
3e6a3800
bd876000
be82f800
3f60a000
bd6e0000
00000000
3dd44000
3d6be000
3d4be000
00000000
3e223000
3dd20000
bdc30000
3e139000
00000000
3de56000
00000000
bd612000
3db42000
3d524000
3db34000
3e19c000
3d812000
3e2bc000
00000000
3e053800
3dfc0000
bd786000
3e9e8800
3dcfc000
bd4a2000
3dcda000
00000000
bd5c2000
3d452000
bd29a000
3e235000
be33e800
bd342000
3eb8bc00
3e1a0800
00000000
00000000
bdbec000
3d346000
bd2bc000
3dbc6000
bd642000
3d604000
3d5d6000
00000000
bddd1000
3e956800
3d37c000
bd350000
00000000
bdc3a000
bd2fa000
bdc02000
bd7a4000
3dd22000
00000000
3e75d000
3d490000
00000000
3dbd0000
bd436000
00000000
be15a000
bd176000
3e104800
00000000
3e0bf800
3e28d800
3e93f000
3e5a6000
3dd52000
00000000
be995800
be08f800
3e1b8800
3dbd0000
bde36000
bddc8000
3d37a000
be699800
bddbe000
be1ec000
00000000
3e994800
be882c00
bdd0a000
3d2a0000
3e79f000
bdf06000
3d2e2000
bd380000
3e2f5000
c00aa000
00000000
3e16a800
bd500000
3d84e000
3e3a2000
3dc12000
bde30000
3d644000
bd52e000
00000000
00000000
bd4ca000
00000000
00000000
3e266000
00000000
bd87e000
bd320000
be69a000
3ea44800
bea56000
be441800
bdbc0000
3e252000
bd34e000
bd290000
3da14000
bda9c000
be10a800
3d3b6000
3d876000
bdaea000
be8fe000
3e328000
bd800000
3d544000
bd6be000
3d4be000
3e163000
3d584000
bdd20000
3d430000
bdc4c000
bdb80000
bd656000
bd56e000
00000000
00000000
3d524000
be067000
be19c000
3d812000
3d2bc000
3e492000
bdb1a000
3dfc0000
be3a4800
3dd36000
bd4fc000
bd4a2000
00000000
3d6e4000
bddc2000
bd452000
3da9a000
bd59c000
bdefe000
00000000
bd532000
bd4d6000
3d824000
00000000
3e8f1000
00000000
00000000
3dbc6000
00000000
bde04000
bd5d6000
00000000
bddd1000
be2ac000
be37c000
3e07c000
be26c000
00000000
3dafa000
be901800
3dfa4000
00000000
3e313000
bd23e000
3dc90000
00000000
3e6c4000
be436000
bdb92000
3d95a000
be847400
be707800
00000000
00000000
bd612000
bdc54000
3d5a6000
00000000
3ddba000
bd2f4000
3d36a000
00000000
3dbd0000
bd636000
3d930000
be37a000
be699800
bddbe000
3d1ec000
bdcc4000
3dcc6000
be882c00
bdd0a000
3daa0000
3df9f000
bd204000
bdae2000
3db80000
3de9c000
405aa000
00000000
00000000
00000000
3e04e000
3dba2000
3dc12000
3de30000
be2b3000
bdd2e000
00000000
bd6d6000
3e7fc800
bd5e0000
00000000
bd266000
3e484000
3dcbd000
bd320000
be69a000
3e3bc000
3d3d0000
3d9ce000
00000000
00000000
bd34e000
3e290000
3da14000
bd29c000
00000000
bdbb6000
be076000
3d2ea000
3e71a000
3d6e0000
bd800000
3dd44000
3d6be000
3e18e800
be163000
be223000
00000000
be924000
be75f000
3db80000
bd656000
00000000
3d612000
bdb42000
3e1db000
00000000
bdcd0000
00000000
bdabc000
bd492000
3db1a000
be9d8000
bd786000
00000000
be9bd000
bdca2000
3d4da000
bdee4000
3d5c2000
be13d800
bd29a000
3e235000
bdefe000
00000000
bd532000
3dcd6000
bd824000
3d7e4000
bd3ec000
3d346000
3e2bc000
bdbc6000
00000000
3e283000
be5d6000
bd262000
00000000
bd2ac000
be89d000
be624000
3e507000
bdc3a000
bd2fa000
bd402000
3d7a4000
bdd22000
3e313000
bd23e000
be7b4000
3d4f2000
bd3d0000
bd436000
00000000
be607000
3d976000
3d406000
be81a000
3dbaa000
3de12000
00000000
3e23c800
3dd52000
be5ba000
be037000
bd36a000
3d4f6000
3e3d0000
bde36000
3ddc8000
3e37a000
be0c2800
be896c00
3e467000
3d4c4000
3e194800
3e428800
00000000
3d2a0000
3da6a000
bd204000
00000000
3d380000
bde9c000
bec34000
3d4f2000
00000000
3d500000
3e84e000
bdba2000
be10d800
bd630000
bd644000
3e83cc00
3e04a000
bd6d6000
3e7fc800
bd5e0000
bdec7000
00000000
3d484000
3dcbd000
be058000
3e69a000
3d3bc000
be6c4000
bdeb5000
be3c0000
bd252000
bd34e000
be534000
bda14000
bda9c000
3d40e000
bd3b6000
3e076000
3d2ea000
408de000
00000000
00000000
bdd44000
3d6be000
be4be000
3e163000
3d584000
be1d8000
be124000
bd44c000
00000000
00000000
be56e000
be28d800
3db42000
00000000
be334000
be19c000
3e41b000
bd2bc000
bd492000
3db1a000
3dfc0000
00000000
bdd36000
3e81d800
3dca2000
00000000
be94e800
00000000
bd452000
bd29a000
00000000
3defe000
3db42000
bdd32000
be4d6000
be436000
00000000
3dbec000
00000000
3e00d000
3e8d4800
00000000
3de04000
bd5d6000
3da62000
bd936000
3d2ac000
3d37c000
00000000
3da6c000
3e43a000
be2fa000
00000000
3d7a4000
bd522000
3e6c4000
3e75d000
be16c000
3e817400
bdbd0000
be128800
be0ad800
bd15a000
3d976000
3dc06000
bee2d800
3d3aa000
bde12000
00000000
bdda6000
00000000
3ddba000
bdaf4000
be36a000
3e4f6000
3e3d0000
3de36000
3d130000
3d37a000
bdbae000
3e896c00
be1ec000
00000000
be194800
00000000
beb68c00
3dff0000
00000000
3df06000
bdae2000
be660000
bd69c000
be36c000
3d4f2000
3dc8e000
3dd00000
3d84e000
bdba2000
00000000
bd630000
bd644000
be1e2800
bd84a000
00000000
00000000
3d5e0000
bdec7000
bdf99000
bdc84000
3d87e000
3db20000
3de9a000
bd3bc000
3dbd0000
00000000
be3c0000
be4e6800
3e87a800
3da90000
be71e000
bd29c000
bd40e000
3e0c8800
3d876000
3d2ea000
3f89e000
bdee0000
3e000000
3d544000
00000000
3dcbe000
3dc84000
3dd84000
bdd20000
bd430000
bd44c000
00000000
bd656000
3ebc0400
be28d800
bdb42000
3e1db000
00000000
bdcd0000
00000000
3e2bc000
3dc92000
be053800
bd7c0000
00000000
bdd36000
be1bd000
3e4a2000
00000000
3e6e4000
be251800
3dc52000
3da9a000
be59c000
bdefe000
3e342000
bdd32000
00000000
3e024000
3e7e4000
00000000
3e617800
3e2bc000
bd3c6000
00000000
00000000
3ddd6000
be262000
3d936000
bd2ac000
be09d000
3e07c000
be26c000
be12b800
3e2fa000
3e702800
00000000
3dd22000
bd6c4000
3e23e000
3e490000
bd4f2000
3dbd0000
3e436000
3e392000
3d95a000
00000000
3e406000
bd81a000
3dbaa000
3e28d800
3d454000
3d5a6000
bd552000
be5ba000
3e037000
3d36a000
3e4f6000
bd3d0000
3e2a8800
3d930000
bdb7a000
3dbae000
00000000
3e8ae800
3d4c4000
00000000
bde97000
3d50a000
3d2a0000
3d26a000
bdf06000
00000000
be8a0000
bd69c000
bf922000
3dcf2000
bd48e000
00000000
be04e000
bdba2000
bd412000
3d630000
3e2b3000
bd52e000
be04a000
3d6d6000
be4ca000
3e5e0000
3d1da000
3da66000
3e163000
bd87e000
be320000
be2f3800
00000000
3e8dc000
3e1ce000
3dbc0000
bdf7b000
00000000
3e7d8000
bda14000
3e29c000
3d40e000
be3b6000
be876000
3e02f800
4004c000
00000000
be000000
3d544000
bd6be000
3e18e800
bd484000
3d584000
00000000
3e124000
bd44c000
be0a0000
3d656000
3e212800
3de12000
bdb42000
3dd24000
00000000
bd4d0000
00000000
3d2bc000
3dc92000
3db1a000
bdfc0000
3eba4800
00000000
bd4fc000
be4a2000
3d4da000
bd6e4000
3e251800
00000000
00000000
be59c000
3e33e800
be071800
bd532000
be1a0800
be024000
bdfe4000
3d3ec000
3d346000
00000000
bdbc6000
3e8e9400
bde04000
00000000
3df93000
bddd1000
3d2ac000
00000000
bdb50000
3d26c000
00000000
3d2fa000
3d402000
bdfa4000
3dd22000
bdec4000
bdf5d000
00000000
3d4f2000
00000000
3d436000
3e0ad800
00000000
bd176000
bdc06000
bd81a000
bd3aa000
3d612000
3e13f000
bdda6000
00000000
3e24b800
bdaf4000
3e644800
bd4f6000
bdbd0000
be636000
00000000
be37a000
bdbae000
3e24e800
3e467000
3dcc4000
bd4c6000
3de97000
3dd0a000
bdff0000
bdf9f000
3da04000
bd2e2000
be660000
bd69c000
bf756000
00000000
3e7b1800
bd500000
3e84e000
00000000
bd412000
3d630000
be2b3000
00000000
00000000
3d6d6000
00000000
3dde0000
3dec7000
00000000
3dc84000
bd87e000
be058000
3d69a000
bd3bc000
bd3d0000
3d1ce000
3dbc0000
3d252000
3e9e4400
bdfd8000
bd214000
bd29c000
3e40e000
bd3b6000
be4b1000
3e02f800
4062e000
bd6e0000
be400000
00000000
3d6be000
00000000
00000000
bd584000
bdd20000
be924000
3d44c000
00000000
bd656000
3dd6e000
be28d800
3e342000
3dd24000
be067000
3e19c000
be812000
bd2bc000
00000000
3e053800
3d7c0000
3d786000
be841c00
3eb5c800
00000000
00000000
00000000
00000000
3dc52000
be540800
3d59c000
3defe000
3db42000
00000000
beb3b400
3d824000
bdfe4000
3e0f1000
3e346000
be00d000
3dbc6000
00000000
bea83000
3ec1b400
3e4fa800
3e136000
3e2ac000
bdb7c000
3d350000
bd26c000
00000000
00000000
3dc02000
be3bb000
00000000
00000000
be23e000
bd490000
3dcf2000
3e0dc000
3e128800
3e0ad800
bd15a000
bde31000
be104800
bd81a000
bdbaa000
bde12000
bdc54000
be23c800
3d552000
bd5ba000
3e995800
00000000
3dcf6000
bdbd0000
bde36000
00000000
be37a000
bdbae000
bd5be000
3d1ec000
3dcc4000
be194800
bde97000
be50a000
3dff0000
3d26a000
3da04000
be829800
be660000
bde9c000
c0248000
bdcf2000
3d48e000
be1c0000
be04e000
be0b9800
3e716800
be2a4000
3de44000
3dd2e000
3e46f000
be945c00
bd4ca000
00000000
3e1da000
3df99000
00000000
00000000
3e9bc000
00000000
be8cd000
3e0dc000
3e6b5000
00000000
bdf7b000
be07a800
bda90000
3d214000
bdfea000
3dc0e000
00000000
3e076000
3e82f800
c085c000
be328000
3e000000
3e9f3000
bd6be000
3d4be000
be484000
3d584000
3d520000
3dc30000
be939000
bd380000
3de56000
3dd6e000
be28d800
be342000
00000000
bd334000
3d4d0000
be012000
3d2bc000
be16d800
bdb1a000
3e7c0000
bd786000
be841c00
bd4fc000
bdca2000
3d4da000
3e32b000
3d5c2000
3e13d800
3d29a000
3dd9c000
bd6fe000
00000000
3dd32000
3d4d6000
be024000
3dfe4000
bdbec000
3e074800
00000000
00000000
be2b1800
bd604000
3d5d6000
3e262000
bddd1000
bd2ac000
bdb7c000
bdb50000
3d26c000
bd43a000
bdafa000
3e101800
3e9c6800
3dd22000
3e93a800
3df5d000
bd490000
bd4f2000
bd3d0000
be436000
3db92000
bd15a000
3d176000
bd406000
be01a000
3dbaa000
bd612000
bd454000
00000000
be853400
bd5ba000
3e2f4000
be08f800
bd4f6000
bd3d0000
bd636000
3e5c8000
3d37a000
3dbae000
3d5be000
bd9ec000
bdcc4000
bdcc6000
bde97000
be9c7800
00000000
00000000
be485000
3e2e2000
00000000
3d69c000
bf8c2000
3dcf2000
3d48e000
3e500000
3e475000
bdba2000
3d412000
00000000
3e2b3000
bd52e000
3e04a000
3d6d6000
3dcca000
3dde0000
bd9da000
3da66000
be163000
3e07e000
bdb20000
bde9a000
bd3bc000
bd3d0000
3e1ce000
bdbc0000
3e252000
3db4e000
bdfd8000
bda14000
bd29c000
00000000
3e6a3800
be076000
3e02f800
bf3de000
00000000
be000000
3e544000
3e6be000
3dcbe000
00000000
3d584000
be834000
3e124000
be139000
3d380000
3de56000
3d56e000
bde12000
be071800
be1db000
3db34000
3e19c000
3e41b000
00000000
00000000
bd31a000
3e3d0000
3df86000
3e1e8800
3d4fc000
3e4a2000
3d4da000
00000000
be251800
bd452000
3d29a000
be235000
3defe000
3d342000
00000000
bd4d6000
00000000
be3eb000
3e0f1000
3d346000
3dabc000
00000000
bd642000
3de04000
3d5d6000
00000000
00000000
3e001000
3e65b000
3e350000
3dfa2000
be12b800
3d2fa000
bd402000
00000000
00000000
3e93a800
3da3e000
bd490000
3d4f2000
3e0dc000
bdc36000
be0ad800
bde07000
00000000
3e406000
3e81a000
bdbaa000
bd612000
be769000
3dda6000
3d552000
bddba000
bdaf4000
3e08f800
bdcf6000
be3d0000
3d636000
bddc8000
3e09b800
00000000
00000000
be6e2000
3d4c4000
3e194800
00000000
be50a000
3e2a0000
3da6a000
3da04000
3e029800
be0a0000
bd69c000
40400000
3d4f2000
3d48e000
3dd00000
bd84e000
bd3a2000
be10d800
3e630000
3d644000
beb88400
be04a000
3d6d6000
00000000
bd5e0000
be450800
3e4ff800
3e163000
3dcbd000
3db20000
00000000
3dbbc000
3e0dc000
bd9ce000
3d3c0000
bdf7b000
be07a800
00000000
3d214000
3dfea000
bd40e000
bd3b6000
00000000
00000000
be740000
bdee0000
3ea00000
3dd44000
3debe000
3dcbe000
bdc84000
3e584000
3dd20000
00000000
00000000
bdb80000
3e2c0800
be864c00
bde12000
3db42000
00000000
3e334000
00000000
00000000
3d2bc000
3d492000
3db1a000
bdfc0000
bd786000
bd536000
3d4fc000
3dca2000
bdcda000
bd6e4000
3d5c2000
be766800
be540800
be235000
3defe000
3e071800
00000000
be1a0800
3d824000
be3eb000
3dbec000
bd346000
3e56b000
3d3c6000
3e642000
be283000
3e5d6000
3e262000
be5d1000
be001000
be09d000
3d350000
be507000
3d43a000
3dafa000
3e101800
3e9c6800
3dd22000
3d6c4000
be75d000
3d490000
bdcf2000
3d3d0000
be128800
3db92000
3d95a000
3e176000
3d406000
3e01a000
3d3aa000
3e612000
3d454000
3e5a6000
3eba7c00
bd5ba000
00000000
3d36a000
bdcf6000
bdbd0000
3de36000
bd930000
00000000
3dbae000
00000000
3e467000
3dcc4000
00000000
bd1ba000
bdd0a000
3dff0000
3d26a000
bdf06000
3d2e2000
00000000
00000000
3fb7e000
3dcf2000
bdc8e000
be1c0000
3d84e000
3d3a2000
3e10d800
bd630000
3d644000
bd52e000
be04a000
3e320800
3dcca000
bd5e0000
3e89ec00
3da66000
3d484000
3e07e000
be9bc000
becc6c00
3e3bc000
bd3d0000
be1ce000
bd3c0000
be77b000
3e9e4400
bda90000
bdf1e000
3da9c000
bd40e000
be3b6000
be4b1000
00000000
3f368000
bdee0000
00000000
3e1f3000
3d6be000
3e4be000
3d484000
bd584000
be1d8000
bd430000
00000000
00000000
be2c0800
be864c00
3de12000
bd342000
bd524000
be334000
bdcd0000
3e012000
be00d000
3dc92000
00000000
3d7c0000
3e3a4800
be1e8800
00000000
3e179800
bd4da000
bd6e4000
3e5c2000
bdc52000
be540800
bdd9c000
3e33e800
3db42000
3dd32000
3dcd6000
3ea2d000
be3eb000
bdbec000
3e074800
3e00d000
be0d4800
3de42000
bde04000
00000000
3d262000
bd936000
3e2ac000
3d37c000
be07c000
bda6c000
3dc3a000
3dafa000
3e702800
bdfa4000
3e835400
3dec4000
be23e000
3e16c000
3dcf2000
3d3d0000
3e436000
bd392000
bd15a000
bde31000
3e104800
bd81a000
00000000
3de12000
bdc54000
be23c800
3e853400
bd5ba000
be037000
bdb6a000
be4f6000
3d3d0000
3e8e1c00
bd130000
be09b800
3e8c2800
3d5be000
3d1ec000
be4c4000
3dcc6000
be697000
3dd0a000
3e7f0000
bd26a000
3e706000
3e59a800
00000000
3d69c000
bff8e000
be4f2000
be48e000
3dd00000
3e04e000
bdba2000
3d412000
be2a4000
bde44000
be1e2800
00000000
00000000
bd4ca000
3dde0000
3e6c7000
3e4ff800
3d484000
3dcbd000
3d320000
bd69a000
3dbbc000
bdbd0000
00000000
bd3c0000
bd252000
bd34e000
3e534000
be8d1800
bd29c000
00000000
bdbb6000
3d876000
00000000
404a6000
be328000
bd800000
be1f3000
bd6be000
be18e800
3e163000
3d584000
be520000
3e430000
00000000
3d380000
3d656000
00000000
3d612000
3db42000
3e1db000
00000000
bdcd0000
be012000
3dabc000
bdc92000
3d31a000
3d7c0000
3e3a4800
3d536000
be81d800
bdca2000
3d4da000
bd6e4000
be251800
3dc52000
3dfe7000
be235000
bdefe000
bdb42000
3d532000
3d4d6000
3ee3f000
3e3eb000
bdbec000
3e617800
be00d000
3e3c6000
bde42000
00000000
bddd6000
bd262000
bd136000
3e001000
bd37c000
3d350000
bdfa2000
be12b800
00000000
3d402000
00000000
be1d9800
00000000
3da3e000
bdc90000
bdcf2000
3d3d0000
00000000
bd392000
3de07000
3d976000
bdc06000
00000000
3dbaa000
3de12000
beac9800
3d5a6000
bdd52000
be24b800
00000000
bd36a000
bd4f6000
bd3d0000
3e2a8800
3e5c8000
3e658800
3d3ae000
00000000
3e467000
3d4c4000
3dcc6000
be697000
00000000
bdff0000
3da6a000
3e204000
be029800
00000000
3e69c000
bff9c000
bdcf2000
3dc8e000
bdd00000
bd84e000
00000000
bdc12000
bd630000
3ec7b800
3e1e2800
bd84a000
bd6d6000
3d4ca000
3d5e0000
bd1da000
bda66000
3d484000
bd87e000
bd320000
00000000
00000000
bd3d0000
3e1ce000
bea48000
bda52000
3d34e000
bd290000
3d214000
3dfea000
be10a800
3ea3f400
3d876000
3daea000
3f654000
3d6e0000
bd800000
bd544000
00000000
be98e800
beaf3800
3e584000
bd520000
3d430000
beac2800
be0a0000
bd656000
00000000
00000000
3d342000
be1db000
3d334000
be19c000
be41b000
be00d000
00000000
bdb1a000
3d7c0000
00000000
be536000
be4fc000
3e179800
be1a3800
00000000
bd5c2000
bdc52000
3da9a000
3e235000
bdefe000
bd342000
be9e5800
bd4d6000
be024000
bd7e4000
bdbec000
be074800
00000000
3e0d4800
bde42000
3d604000
3d5d6000
3d262000
bd936000
00000000
bdb7c000
3e07c000
3da6c000
00000000
bdafa000
bdc02000
3d7a4000
be522000
bdec4000
3d23e000
00000000
00000000
bd3d0000
00000000
3db92000
bd15a000
bde31000
3d406000
00000000
00000000
00000000
3dc54000
be23c800
bdd52000
3d5ba000
00000000
00000000
bd4f6000
3e0dc000
3e2a8800
bd130000
be37a000
3e0c2800
bd5be000
bdee2000
be7f5000
3e194800
3d1ba000
00000000
00000000
3d26a000
be706000
3dae2000
3e380000
3ecc8800
beaaa000
00000000
00000000
bdd00000
00000000
be0b9800
be412000
beaa4000
3de44000
00000000
3d84a000
3ded6000
3dcca000
be268000
3d1da000
be4ff800
00000000
3d07e000
3db20000
3e69a000
3e3bc000
be0dc000
3deb5000
bd3c0000
00000000
3e07a800
bd290000
bda14000
00000000
bdc0e000
3e0c8800
3e876000
3e02f800
3f5e2000
3d6e0000
3e400000
00000000
00000000
bdcbe000
3dc84000
3d584000
3dd20000
3e430000
3dc4c000
3db80000
bde56000
be212800
3e612000
3e071800
3d524000
3e067000
00000000
3e812000
3d2bc000
00000000
00000000
00000000
3d786000
bdd36000
bd4fc000
3eb0dc00
be1a3800
00000000
3ddc2000
bd452000
3dfe7000
3d59c000
bdefe000
be071800
3d532000
bd4d6000
3e024000
3dfe4000
3e0f1000
3db46000
bdabc000
00000000
3d642000
3d604000
be5d6000
3e4fa800
3d136000
be001000
bd37c000
bdb50000
00000000
be12b800
3e03b800
3d402000
3e3bb000
bd522000
3e313000
3d23e000
bd490000
3e4f2000
00000000
3e128800
3e392000
3d15a000
be847400
bdc06000
bd81a000
bdbaa000
bde12000
bd454000
be887c00
00000000
3d5ba000
3e837000
be08f800
3e1b8800
3e0dc000
3d636000
3d130000
bd37a000
bdbae000
3d5be000
be467000
be193000
bdcc6000
3e1ba000
3e826400
bdaa0000
bda6a000
3d204000
3d2e2000
be0a0000
bde9c000
c006e000
3e4f2000
bd48e000
bd500000
be84e000
00000000
3e10d800
3de30000
3d644000
be52e000
00000000
3ded6000
00000000
3d5e0000
bd9da000
3df99000
be163000
bd87e000
3d320000
bd69a000
3e0cd000
00000000
3deb5000
be0d0000
bd252000
3d34e000
bd290000
3da14000
3d29c000
00000000
be0c8800
00000000
3daea000
bfe42000
3e328000
00000000
be1f3000
be30e800
00000000
3d484000
be223000
be1d8000
3dc30000
3d44c000
00000000
3e656000
3d56e000
be28d800
3e342000
00000000
00000000
bdcd0000
3e012000
bdabc000
3d492000
bd31a000
3d7c0000
3d786000
bd536000
be1bd000
00000000
3d4da000
3e32b000
bddc2000
bd452000
3e29a000
bd59c000
3e6fe000
bd342000
bdd32000
3e1a0800
3e024000
3e3eb000
bd3ec000
3db46000
bd2bc000
be0d4800
bd642000
3d604000
bd5d6000
bd262000
3d136000
be557000
00000000
bd350000
3e91e800
bdc3a000
3d2fa000
00000000
be3bb000
bd522000
be6c4000
bda3e000
3d490000
bdcf2000
bd3d0000
3d436000
00000000
bd15a000
be631000
3ea85400
bd81a000
3e0bf800
be28d800
3d454000
3e5a6000
bdd52000
3d5ba000
3d2f4000
be36a000
3dcf6000
3dbd0000
00000000
3e130000
3d37a000
3d3ae000
bddbe000
3e467000
bdcc4000
00000000
3d1ba000
3d50a000
3daa0000
3d26a000
3d204000
00000000
00000000
3de9c000
bfb28000
be1b5800
00000000
3dd00000
be475000
3e0b9800
be10d800
3e2a4000
bd644000
3d52e000
bea5c800
00000000
00000000
bd5e0000
3d9da000
00000000
3d484000
bd87e000
3d320000
bd69a000
3d3bc000
00000000
3deb5000
bdbc0000
3d252000
00000000
00000000
3e71e000
3d29c000
00000000
3dbb6000
00000000
be2ea000
3fffe000
3dee0000
bd800000
3dd44000
00000000
bdcbe000
bd484000
bdd84000
bd520000
bd430000
3e75f000
be380000
3e8f5c00
bd56e000
3e612000
bd342000
00000000
bd334000
3e4d0000
3e41b000
be964800
bdc92000
00000000
3dfc0000
3e3a4800
3dd36000
00000000
00000000
3e808400
bd6e4000
be5c2000
be766800
bda9a000
3d59c000
00000000
bdb42000
00000000
bd4d6000
bd824000
3e3eb000
00000000
bdb46000
be00d000
be0d4800
bd642000
bde04000
3e5d6000
3da62000
3e136000
bd2ac000
be37c000
3d350000
3e507000
3d43a000
3e03b800
3d402000
3d7a4000
bd522000
00000000
bd23e000
beafe000
bdcf2000
be8dc000
3d436000
3d392000
bd95a000
bd176000
3dc06000
bd81a000
bdbaa000
bd612000
00000000
3e887c00
3e853400
bddba000
3e2f4000
3e08f800
bdcf6000
3dbd0000
bd636000
be130000
be37a000
3e699800
bd5be000
00000000
bd4c4000
3e194800
be697000
be826400
00000000
bdf9f000
bd204000
3e029800
3d380000
bde9c000
3fbae000
bdcf2000
00000000
3dd00000
00000000
00000000
3e10d800
3d630000
3de44000
3d52e000
bd84a000
00000000
3e197800
3dde0000
bdec7000
3e919400
3e484000
3d07e000
3e320000
3de9a000
bd3bc000
bd3d0000
3d1ce000
3d3c0000
be252000
3d34e000
bd290000
be214000
00000000
be10a800
3e0c8800
be4b1000
3e02f800
40674000
bd6e0000
be400000
bd544000
bd6be000
bdcbe000
bd484000
3e584000
3e520000
3d430000
bdc4c000
00000000
be656000
be212800
bde12000
bd342000
3e1db000
bdb34000
bd4d0000
bd812000
3d2bc000
be492000
be053800
bd7c0000
00000000
bdd36000
3e1bd000
3e7ca800
be1a3800
00000000
3e899400
bdc52000
bdfe7000
be235000
bd6fe000
3db42000
3d532000
00000000
3d824000
be3eb000
3dbec000
3e874800
00000000
bd3c6000
00000000
bde04000
3e260800
be4fa800
00000000
bd2ac000
be09d000
3e350000
3d26c000
00000000
3dafa000
bdc02000
3d7a4000
3d522000
3d6c4000
00000000
bdc90000
3e1b5800
00000000
3e743800
be0ad800
3d95a000
be631000
3d406000
bd81a000
bd3aa000
bd612000
3e454000
3dda6000
3e1fd800
00000000
bd2f4000
3d36a000
bdcf6000
00000000
00000000
3d130000
3d37a000
3e0c2800
3d5be000
3d1ec000
bdcc4000
00000000
bde97000
bdd0a000
bdff0000
bd26a000
be204000
bdae2000
3d380000
3e69c000
c1000000
00000000
00000000
00000000
bd84e000
00000000
be10d800
3d630000
bd644000
00000000
be04a000
bd6d6000
3d4ca000
3d5e0000
3d9da000
3da66000
be163000
3e07e000
3e058000
bde9a000
be6ab000
3dbd0000
00000000
bdbc0000
bdf7b000
bdb4e000
3d290000
00000000
bda9c000
be10a800
3d3b6000
bd876000
00000000
bfb16000
3e6e0000
00000000
3d544000
bdebe000
bd4be000
00000000
00000000
00000000
00000000
3d44c000
bdb80000
3e8f5c00
3d56e000
3d612000
3e342000
3d524000
00000000
bd4d0000
00000000
00000000
3d492000
3e053800
bd7c0000
00000000
3e1e8800
3d4fc000
3dca2000
00000000
3d6e4000
bd5c2000
be452000
be29a000
3dd9c000
bd6fe000
bd342000
3e83f400
3d4d6000
bd824000
bdfe4000
3dbec000
3e617800
00000000
00000000
be642000
be283000
bddd6000
bd262000
3e383800
3e2ac000
bd37c000
bd350000
3d26c000
3e12b800
bd2fa000
bd402000
00000000
00000000
3d6c4000
bda3e000
3e7b4000
3e817400
bdbd0000
bd436000
bd392000
bd95a000
3d976000
bd406000
be01a000
3dbaa000
bd612000
be13f000
bd5a6000
bd552000
3ddba000
3e2f4000
be88f800
00000000
3dbd0000
3de36000
3d130000
3e37a000
bea38400
3e5be000
00000000
bd4c4000
bdcc6000
00000000
bdd0a000
3daa0000
3da6a000
3df06000
bd2e2000
3e380000
3de9c000
bf598000
3dcf2000
bd48e000
00000000
3e04e000
3e0b9800
00000000
bd630000
bd644000
bd52e000
bd84a000
bded6000
3dcca000
00000000
3d9da000
3d266000
00000000
3d07e000
be320000
be69a000
00000000
3e0dc000
00000000
3e3c0000
3e4e6800
3e621800
3e290000
3e214000
be29c000
3e90a800
00000000
3eece800
bd2ea000
c0066000
bd6e0000
3e000000
3d544000
be30e800
3dcbe000
3e163000
bdd84000
3e1d8000
3dc30000
bd44c000
be380000
bd656000
be56e000
00000000
3db42000
be524000
be867000
00000000
bd812000
bd2bc000
be16d800
00000000
bd7c0000
3d786000
3dd36000
3dcfc000
3dca2000
3d4da000
be32b000
00000000
bdc52000
bda9a000
bdd9c000
3eb3e800
3e071800
be1e5800
3d4d6000
3e824000
00000000
3d3ec000
3d346000
bd2bc000
3dbc6000
3de42000
3d604000
3e260800
3d262000
bddd1000
3e2ac000
3db7c000
3db50000
00000000
be43a000
bdafa000
bd402000
3d7a4000
be522000
00000000
3d23e000
bd490000
3e4f2000
bd3d0000
be128800
3db92000
3e607000
00000000
bdc06000
3e01a000
00000000
3de12000
00000000
be23c800
00000000
bddba000
be2f4000
3d36a000
3d4f6000
3e0dc000
3d636000
be130000
3db7a000
3e0c2800
3ddbe000
bd9ec000
00000000
bdcc6000
bd9ba000
3e1c7800
3daa0000
bda6a000
00000000
3d2e2000
3db80000
3de9c000
40876000
3dcf2000
3e16a800
3e500000
be84e000
3e68a800
be10d800
bd630000
3d644000
bd52e000
be04a000
3d6d6000
00000000
3d5e0000
3e1da000
be4ff800
3e163000
bd07e000
be5e8000
00000000
3d3bc000
be0dc000
3d9ce000
3e3c0000
00000000
be07a800
3d290000
bd214000
00000000
be10a800
00000000
bd876000
3e5a4800
3fb94000
3e328000
3e000000
bd544000
3e6be000
3e7ed800
3e484000
3d584000
bdd20000
3eaaa000
3d44c000
3d380000
bde56000
00000000
00000000
bdb42000
bdd24000
00000000
3d4d0000
be012000
bd2bc000
bd492000
3db1a000
00000000
3df86000
3dd36000
bd4fc000
3d4a2000
3d4da000
3d6e4000
bd5c2000
3dc52000
00000000
bdd9c000
3defe000
bd342000
3e1e5800
bdcd6000
00000000
3e3eb000
00000000
bd346000
bdabc000
00000000
3de42000
be283000
3ddd6000
bd262000
be136000
bdaac000
be09d000
bd350000
00000000
00000000
be5b8800
3e702800
bd7a4000
bd522000
bdec4000
3df5d000
3dc90000
3d4f2000
00000000
bdc36000
3d392000
3d15a000
bde31000
bd406000
bd81a000
bd3aa000
3d612000
bdc54000
3d5a6000
00000000
bddba000
be037000
3e36a000
bd4f6000
be0dc000
3e8e1c00
3d930000
be37a000
3d3ae000
3d5be000
3e1ec000
bdcc4000
bdcc6000
be428800
be50a000
3daa0000
3e26a000
bda04000
be2e2000
3d380000
00000000
3e0f2000
be1b5800
bdc8e000
00000000
3e84e000
3d3a2000
be412000
3e2a4000
bd644000
3e52e000
3d84a000
00000000
3e197800
3e268000
3e1da000
00000000
be484000
be29d800
bd320000
00000000
3d3bc000
00000000
3d9ce000
3e0d0000
3da52000
be34e000
3d290000
bdf1e000
3d29c000
3d40e000
3dbb6000
be076000
3daea000
3f2bc000
3d6e0000
3d800000
3d544000
bdebe000
3e18e800
be484000
00000000
00000000
3d430000
bd44c000
3e0a0000
bd656000
00000000
3de12000
00000000
be524000
00000000
be4d0000
00000000
be2bc000
be492000
3e053800
00000000
3e3a4800
bdd36000
3e1bd000
bd4a2000
00000000
bd6e4000
3ddc2000
3eac7c00
be540800
00000000
be33e800
be071800
3d532000
3d4d6000
3e436000
3d7e4000
3dbec000
be9dd400
be00d000
be0d4800
bde42000
3e283000
bea60800
bdf93000
00000000
bd2ac000
3e37c000
3e07c000
3d26c000
bdc3a000
be03b800
3dc02000
00000000
3e9d9800
00000000
bd23e000
bdc90000
00000000
3dbd0000
00000000
be392000
be607000
3e3d3800
bdc06000
3d81a000
3dbaa000
3de12000
be769000
bd5a6000
bd552000
3d5ba000
3e5b1000
bd36a000
00000000
00000000
bde36000
bd930000
3d37a000
3e0c2800
3d5be000
00000000
be4c4000
00000000
3e1ba000
be50a000
3d2a0000
bda6a000
be706000
3e029800
3d380000
bd69c000
bfed6000
3d4f2000
3d48e000
be1c0000
3e04e000
be0b9800
00000000
3d630000
be2b3000
bdd2e000
be46f000
3ded6000
be4ca000
3dde0000
be89ec00
3e266000
3e163000
be29d800
3e5e8000
00000000
bdbbc000
bdbd0000
bd9ce000
be3c0000
3da52000
be07a800
00000000
3df1e000
3d29c000
00000000
3e0c8800
00000000
3e02f800
3e56a000
00000000
be400000
00000000
3debe000
bd4be000
bd484000
bd584000
3d520000
00000000
bd44c000
3db80000
bde56000
3e212800
3de12000
00000000
be524000
bdb34000
00000000
3d812000
be2bc000
3e7b6800
3db1a000
3d7c0000
bd786000
3dd36000
3e4fc000
be4a2000
3d4da000
00000000
00000000
3d452000
bda9a000
00000000
3d6fe000
bd342000
bd532000
be805c00
3e436000
3d7e4000
3d3ec000
3db46000
00000000
3d3c6000
bd642000
3d604000
3d5d6000
3e793000
3ddd1000
bd2ac000
3db7c000
be350000
bd26c000
bdc3a000
bd2fa000
3e702800
3e7a4000
00000000
be313000
bd23e000
3dc90000
3d4f2000
3d3d0000
3e436000
be676800
00000000
00000000
3e104800
3d81a000
bd3aa000
bd612000
3dc54000
bd5a6000
bdd52000
be24b800
3e5b1000
3e644800
3d4f6000
3e0dc000
3e2a8800
3ddc8000
3e658800
3dbae000
3e5be000
3e1ec000
00000000
bdcc6000
3e1ba000
3dd0a000
3daa0000
00000000
00000000
bd2e2000
bdb80000
bde9c000
40522000
be1b5800
3d48e000
3d500000
3d84e000
bd3a2000
3dc12000
3de30000
3e2b3000
3d52e000
00000000
bd6d6000
3dcca000
3d5e0000
3e89ec00
3df99000
3dc84000
bd87e000
bd320000
bd69a000
3d3bc000
00000000
bdeb5000
bd3c0000
3df7b000
be621800
3dfd8000
3e499000
3da9c000
00000000
be8c8800
00000000
bd2ea000
bf810000
3d6e0000
be000000
3d544000
00000000
3d4be000
00000000
3dd84000
3e1d8000
3dc30000
3dc4c000
3e380000
00000000
bdd6e000
3d612000
bdb42000
be1db000
3e067000
bd4d0000
be41b000
00000000
00000000
be5e0800
be3d0000
bd786000
bd536000
3dcfc000
3e179800
be4da000
3e32b000
3ddc2000
00000000
3da9a000
3d59c000
be33e800
3d342000
00000000
3dcd6000
bd824000
3dfe4000
3dbec000
3db46000
3e2bc000
3dbc6000
3e8e9400
00000000
3ddd6000
be262000
bd136000
3d2ac000
bd37c000
be624000
00000000
00000000
bdafa000
3d402000
bdfa4000
00000000
00000000
bda3e000
3d490000
be1b5800
be0dc000
3e128800
3e676800
00000000
be176000
3e406000
3ea20800
bdbaa000
3de12000
3e13f000
be23c800
3dd52000
3d5ba000
bdaf4000
bd36a000
bd4f6000
3d3d0000
bd636000
be37c000
3e09b800
3d3ae000
00000000
bdee2000
3d4c4000
bd4c6000
00000000
3d50a000
bdff0000
00000000
bd204000
3dae2000
be380000
bd69c000
bf81e000
bd4f2000
3e16a800
3d500000
be475000
3d3a2000
bdc12000
3e2a4000
00000000
bd52e000
00000000
3e320800
bdcca000
3dde0000
00000000
3da66000
3e7a5000
3e6dc800
bdb20000
3d69a000
be6ab000
00000000
3d1ce000
3dbc0000
3e907c00
bd34e000
bdfd8000
bdf1e000
3da9c000
3e711800
3e3b6000
be876000
3d2ea000
3f05c000
bdee0000
bd800000
3dd44000
bd6be000
3e18e800
3d484000
3dd84000
bd520000
3d430000
be139000
00000000
be8f5c00
3e864c00
bd612000
3e071800
3d524000
3e067000
bdcd0000
3e012000
3d2bc000
3dc92000
bd31a000
bd7c0000
3df86000
bd536000
bd4fc000
3d4a2000
bd4da000
bd6e4000
3e5c2000
be13d800
bd29a000
3e235000
3d6fe000
00000000
3dd32000
3e1a0800
00000000
3d7e4000
bd3ec000
00000000
3e964800
3d3c6000
3d642000
be283000
bd5d6000
00000000
3d936000
3daac000
3db7c000
bdb50000
3da6c000
00000000
00000000
00000000
be3bb000
3d522000
bdec4000
3df5d000
bdc90000
bd4f2000
be0dc000
3eaaf400
00000000
be82ec00
be3d3800
bd406000
be01a000
be3aa000
00000000
be13f000
be23c800
3e552000
3e24b800
00000000
bd36a000
bdcf6000
bd3d0000
bd636000
bd930000
3d37a000
00000000
00000000
3dee2000
bd4c4000
3d4c6000
3d1ba000
bd50a000
bd2a0000
3da6a000
3e706000
bd2e2000
00000000
bd69c000
c0258000
00000000
3e7b1800
3d500000
be475000
3d3a2000
3d412000
3e630000
3d644000
be83cc00
3d84a000
3e320800
bdcca000
00000000
be1da000
3e266000
bd484000
bd07e000
3e058000
bd69a000
bd3bc000
00000000
3d1ce000
3d3c0000
bdf7b000
3db4e000
bda90000
bda14000
bda9c000
3d40e000
3dbb6000
00000000
3e5a4800
3f458000
00000000
3d800000
bd544000
3e30e800
be18e800
00000000
bd584000
bd520000
be430000
3e44c000
3d380000
bde56000
bdd6e000
3e28d800
bd342000
be1db000
3e334000
be4d0000
bd812000
be00d000
00000000
3db1a000
3dfc0000
bdf86000
00000000
3d4fc000
be179800
3d4da000
3e32b000
3ddc2000
be13d800
be946c00
bdd9c000
bd6fe000
3d342000
3d532000
be4d6000
3d824000
bdfe4000
3dbec000
bd346000
3e2bc000
bdbc6000
be2b1800
bde04000
3ddd6000
3d262000
00000000
bd2ac000
be37c000
3db50000
3da6c000
be12b800
be5b8800
3d402000
3e3bb000
00000000
3dec4000
bdf5d000
be16c000
3dcf2000
00000000
3e436000
3ea1fc00
00000000
00000000
3dc06000
be01a000
bdbaa000
bd612000
be13f000
00000000
be1fd800
3e24b800
3e837000
3e08f800
3d4f6000
3e3d0000
bde36000
3d130000
00000000
3e0c2800
bddbe000
3d9ec000
3e193000
3dcc6000
bd1ba000
00000000
3daa0000
bd26a000
3da04000
be029800
bd380000
00000000
3fa6e000
be1b5800
3d48e000
3e820000
3d84e000
be3a2000
3dc12000
3de30000
00000000
bdd2e000
3d84a000
bd6d6000
bdcca000
be5e0000
00000000
00000000
be163000
be4bd000
be058000
be920400
be0cd000
3e0dc000
00000000
00000000
bd252000
3db4e000
3e7d8000
3e499000
3dfea000
00000000
3dbb6000
3d876000
bd2ea000
bf53c000
3d6e0000
bd800000
00000000
3debe000
be18e800
3d484000
3d584000
3d520000
00000000
bdc4c000
00000000
3d656000
bd56e000
3d612000
bd342000
3dd24000
3e334000
3d4d0000
3d812000
bd2bc000
bd492000
be31a000
00000000
be3a4800
3dd36000
3dcfc000
be4a2000
3d4da000
bd6e4000
3d5c2000
3d452000
3dfe7000
be59c000
bdefe000
3db42000
3d532000
bd4d6000
3d824000
00000000
3e6e7000
bdb46000
3e80d000
00000000
3e2b1800
bde04000
3ddd6000
3d262000
3ddd1000
3daac000
3d37c000
be07c000
be26c000
be12b800
bdafa000
00000000
bd7a4000
3dd22000
3d6c4000
3d23e000
3d490000
3dcf2000
00000000
bdc36000
00000000
3d15a000
00000000
be707800
00000000
3d3aa000
3d612000
bd454000
bd5a6000
bd552000
3e24b800
bd2f4000
3d36a000
3dcf6000
bd3d0000
00000000
3d130000
00000000
3d3ae000
3d5be000
3d1ec000
bdcc4000
3d4c6000
bde97000
00000000
bd2a0000
3df9f000
bd204000
3e829800
3db80000
3e69c000
c0014000
3dcf2000
be16a800
3d500000
be475000
be68a800
3e412000
3d630000
bd644000
00000000
3e04a000
bded6000
3d4ca000
be8ac000
00000000
00000000
3dc84000
3dcbd000
bdb20000
bde9a000
be3bc000
3dbd0000
3deb5000
bd3c0000
bda52000
bd34e000
bda90000
be499000
be29c000
bdc0e000
3d3b6000
00000000
3e82f800
3f868000
bd6e0000
bd800000
bdd44000
be30e800
3d4be000
3e484000
bd584000
bd520000
3d430000
3e139000
3db80000
3d656000
bdd6e000
3d612000
3e071800
00000000
00000000
bd4d0000
3e012000
bd2bc000
3dc92000
3db1a000
3dfc0000
3e786000
3d536000
be1bd000
bd4a2000
bd4da000
00000000
3d5c2000
00000000
00000000
be235000
3d6fe000
3d342000
bd532000
bd4d6000
be024000
3d7e4000
3e0f1000
3e074800
3dabc000
3dbc6000
bd642000
3e283000
3e8a5c00
bda62000
bddd1000
3e801000
3d37c000
00000000
3d26c000
bd43a000
00000000
3d402000
bdfa4000
00000000
be313000
bd23e000
3d490000
3d4f2000
00000000
bdc36000
be0ad800
3d95a000
3d176000
3d406000
3d81a000
3d3aa000
00000000
bdc54000
3e5a6000
3dd52000
bddba000
3e5b1000
bd36a000
00000000
3e6c4000
3e636000
3ddc8000
3d37a000
3e3ae000
be24e800
3d1ec000
00000000
3d4c6000
be882c00
bdd0a000
3e2a0000
bd26a000
bd204000
3e029800
3db80000
be2f5000
bf242000
3e1b5800
00000000
bdd00000
00000000
3d3a2000
3dc12000
bd630000
bd644000
00000000
00000000
bd6d6000
bdcca000
3dde0000
bdec7000
bdf99000
00000000
00000000
be5e8000
bd69a000
00000000
3e6c4000
bd9ce000
3dbc0000
bda52000
3e34e000
3e534000
bda14000
3d29c000
3dc0e000
3dbb6000
3e4b1000
bd2ea000
bfc66000
00000000
bd800000
3dd44000
00000000
bd4be000
3e963000
00000000
be520000
3e124000
be139000
be380000
3e2c0800
bdd6e000
00000000
3d342000
bdd24000
3e601000
3e802000
bd812000
3dabc000
3d492000
00000000
3e3d0000
00000000
3e1e8800
be1bd000
bd4a2000
bd4da000
3d6e4000
bddc2000
bdc52000
bdfe7000
3dd9c000
bd6fe000
00000000
3dd32000
be4d6000
bd824000
3e3eb000
bd3ec000
3e074800
be2bc000
3e0d4800
3e2b1800
bde04000
3e5d6000
be4fa800
3d136000
be956800
3e09d000
be9e6000
be507000
be12b800
3e5b8800
bdc02000
00000000
3e1d9800
be313000
3e4cd800
bdc90000
3e4f2000
3e6c4000
00000000
3e0ad800
bd15a000
bd176000
3dc06000
3e01a000
3e694800
3ea8d800
be769000
3d5a6000
3dd52000
3e5ba000
3daf4000
bdb6a000
3e4f6000
bea56000
bde36000
bd130000
00000000
bd3ae000
3e24e800
3e6e2000
3e4c4000
3d4c6000
3e697000
be1c7800
bdff0000
bdf9f000
be485000
00000000
bd380000
beaf5000
bf9ea000
3d4f2000
3d48e000
3d500000
be04e000
3d3a2000
3e716800
bde30000
00000000
bdd2e000
3d84a000
00000000
bd4ca000
bdde0000
3dec7000
00000000
bd484000
3d87e000
be058000
be2f3800
3d3bc000
be0dc000
00000000
bd3c0000
3e252000
bd34e000
bda90000
3d214000
bdfea000
be711800
3e0c8800
3e4b1000
be02f800
40070000
bd6e0000
00000000
3d544000
3debe000
3d4be000
be163000
bdd84000
00000000
bd430000
3e139000
3d380000
bd656000
bdd6e000
3d612000
bdb42000
be1db000
00000000
bdcd0000
00000000
3e00d000
3e96d800
bdb1a000
3dfc0000
00000000
3e536000
bdcfc000
be4a2000
bd4da000
3d6e4000
3ddc2000
3dc52000
3d29a000
bd59c000
00000000
bd342000
00000000
be1a0800
bd824000
be3eb000
3e0f1000
bd346000
bdabc000
be3c6000
bde42000
bde04000
00000000
be4fa800
3d936000
bdaac000
3e89d000
bd350000
3da6c000
00000000
3d2fa000
00000000
bd7a4000
bdd22000
beceb800
bd23e000
3e490000
be4f2000
3dbd0000
bdc36000
be392000
be3b0800
bde31000
3e104800
3d81a000
be0bf800
3de12000
00000000
bd5a6000
3dd52000
3e24b800
3daf4000
be36a000
3d4f6000
bea56000
3d636000
3e130000
bd37a000
be699800
3d5be000
bd1ec000
bdcc4000
00000000
bd1ba000
bd50a000
bdff0000
3df9f000
3e204000
be029800
3e660000
3e2f5000
be1dc000
bdcf2000
3e48e000
bd500000
3e84e000
3d3a2000
3d412000
3d630000
3de44000
00000000
00000000
be320800
3eb30c00
bdde0000
00000000
bd266000
bd484000
bd07e000
bdb20000
bd69a000
be3bc000
3d3d0000
bd9ce000
bd3c0000
3da52000
bdb4e000
be290000
bdf1e000
bd29c000
bd40e000
bdbb6000
bd876000
3d2ea000
40632000
00000000
be000000
3dd44000
3e30e800
3d4be000
00000000
be223000
bdd20000
bd430000
3dc4c000
be380000
bde56000
3e212800
3d612000
00000000
00000000
be067000
3dcd0000
3e812000
be00d000
3e492000
bd31a000
bdfc0000
bd786000
be1e8800
00000000
00000000
00000000
be6e4000
00000000
00000000
3e29a000
be59c000
3e33e800
3d342000
be1e5800
3dcd6000
3e024000
3dfe4000
bd3ec000
bd346000
00000000
3d3c6000
3d642000
be8c2800
00000000
be262000
3d136000
00000000
3d37c000
be07c000
bd26c000
00000000
be03b800
3dc02000
3e3bb000
3dd22000
00000000
3df5d000
00000000
be1b5800
bdbd0000
3d436000
be0ad800
3d95a000
bd976000
bd406000
00000000
3d3aa000
00000000
3e769000
00000000
bd552000
00000000
3d2f4000
3e644800
3d4f6000
bd3d0000
00000000
bd130000
bdb7a000
be3ae000
3d5be000
bd1ec000
3d4c4000
3e4c6000
3d1ba000
3dd0a000
3d2a0000
bd26a000
bd204000
00000000
be0a0000
3de9c000
3f81e000
bdcf2000
00000000
3dd00000
bd84e000
bd3a2000
bdc12000
bde30000
3d644000
bdd2e000
be04a000
00000000
bdcca000
3e268000
be450800
bd266000
00000000
bd87e000
be058000
3e69a000
00000000
bdbd0000
3e6b5000
00000000
3da52000
00000000
bd290000
bdf1e000
00000000
00000000
00000000
bd876000
bdaea000
bf616000
be328000
00000000
bdd44000
bd6be000
3e18e800
bdc84000
be223000
00000000
3dc30000
bd44c000
3e380000
bd656000
3e212800
3d612000
3d342000
3e524000
3d334000
3dcd0000
00000000
00000000
bdc92000
00000000
3d7c0000
3df86000
3e536000
00000000
be179800
3d4da000
3dee4000
00000000
00000000
bdfe7000
bdd9c000
bdefe000
00000000
bdd32000
00000000
bd824000
3d7e4000
00000000
3db46000
bd2bc000
be0d4800
3de42000
bd604000
be260800
be4fa800
3d136000
3e001000
00000000
3db50000
3e507000
3dc3a000
3d2fa000
00000000
00000000
bdd22000
3e6c4000
bdf5d000
be490000
be1b5800
3e6c4000
bdc36000
3d392000
3e15a000
bd176000
00000000
3e81a000
be3aa000
3d612000
bdc54000
3e23c800
be1fd800
00000000
be037000
3db6a000
3e1b8800
bdbd0000
3de36000
3d930000
00000000
3e0c2800
bd5be000
bdee2000
be993000
00000000
3d1ba000
3e1c7800
3d2a0000
3da6a000
bda04000
be59a800
3d380000
bd69c000
bdc48000
3e4f2000
3e48e000
3d500000
3d84e000
be3a2000
be412000
beaa4000
3e8ea800
3dd2e000
00000000
00000000
be197800
be268000
bdec7000
bda66000
bdc84000
be07e000
3d320000
00000000
3e3bc000
bd3d0000
be1ce000
3e0d0000
3df7b000
bdb4e000
bda90000
bd214000
3da9c000
3dc0e000
bd3b6000
bd876000
3e5a4800
40226000
3dee0000
be800000
3dd44000
bd6be000
bdcbe000
00000000
be223000
3e1d8000
3dc30000
3e139000
00000000
bd656000
3d56e000
bde12000
bd342000
bdd24000
3db34000
bdcd0000
3d812000
bd2bc000
00000000
bd31a000
bd7c0000
be786000
3d536000
3dcfc000
3e979800
3e808400
3e32b000
3ddc2000
00000000
00000000
3dd9c000
3d6fe000
3db42000
3d532000
bdcd6000
00000000
bdfe4000
bd3ec000
bd346000
00000000
3dbc6000
3de42000
3ec43800
bd5d6000
be4fa800
bddd1000
3daac000
3db7c000
3e350000
3da6c000
3e12b800
be99ac00
bd402000
00000000
3e835400
3d6c4000
bd23e000
3d490000
be817400
3dbd0000
3e128800
be0ad800
bd95a000
3d976000
00000000
3d81a000
00000000
3d612000
00000000
bd5a6000
3dd52000
3e24b800
bdaf4000
3e08f800
00000000
3ea56000
3de36000
00000000
bdb7a000
be0c2800
be5be000
bd1ec000
3d4c4000
00000000
bd1ba000
bdd0a000
3dff0000
3e26a000
3e204000
bd2e2000
bdb80000
00000000
3f9de000
3d4f2000
3d48e000
be1c0000
3e475000
be3a2000
be10d800
3d630000
00000000
3dd2e000
be84a000
3d6d6000
00000000
00000000
00000000
be266000
3dc84000
3d87e000
3db20000
3d69a000
3e3bc000
00000000
bdeb5000
3e0d0000
be252000
be07a800
3dfd8000
bdf1e000
bd29c000
3dc0e000
bdbb6000
bd876000
3d2ea000
40734000
3d6e0000
3e400000
bd544000
00000000
00000000
be163000
3dd84000
bd520000
bd430000
be44c000
3d380000
3e8f5c00
3e212800
3de12000
be342000
3d524000
bdb34000
be4d0000
be812000
00000000
3d492000
3db1a000
3d7c0000
bdf86000
be841c00
be1bd000
bd4a2000
3d4da000
bd6e4000
3ddc2000
3e452000
3d29a000
be235000
00000000
3e342000
3dd32000
00000000
3e024000
00000000
bdbec000
3d346000
00000000
bd3c6000
00000000
bd604000
be260800
be793000
3ddd1000
3daac000
be37c000
3db50000
bdfa2000
00000000
3d2fa000
3dc02000
3dfa4000
bd522000
00000000
00000000
bd490000
00000000
3dbd0000
bd436000
3d392000
3de07000
3e3d3800
00000000
be01a000
3d3aa000
3e612000
3dc54000
bdda6000
bdd52000
bddba000
be037000
be36a000
bd4f6000
bdbd0000
3e8e1c00
bd130000
bd37a000
00000000
3d5be000
bdee2000
be4c4000
3e194800
be697000
be50a000
bdaa0000
be504800
bdf06000
bdae2000
3d380000
00000000
c0106000
be4f2000
3d48e000
3e1c0000
00000000
be68a800
00000000
3de30000
bd644000
bdd2e000
bd84a000
3d6d6000
3e197800
be268000
bd1da000
3e799000
bd484000
bd87e000
bd320000
00000000
3e3bc000
00000000
be1ce000
be3c0000
bd252000
00000000
3d290000
3df1e000
bdfea000
be711800
bd3b6000
be876000
be82f800
40028000
bd6e0000
3d800000
bd544000
3debe000
00000000
bdc84000
3dd84000
3d520000
3e124000
00000000
3e380000
bec8b400
bd56e000
bde12000
3db42000
beb7f800
3e334000
bd4d0000
3d812000
3e2bc000
be492000
3d31a000
3e7c0000
00000000
3e536000
3d4fc000
3e7ca800
3dcda000
3d6e4000
be5c2000
bd452000
3dfe7000
00000000
3d6fe000
bdb42000
3e1e5800
be9a0800
bd824000
3d7e4000
bd3ec000
3e074800
3d2bc000
3dbc6000
bde42000
bd604000
3ddd6000
3df93000
bd936000
bd2ac000
3db7c000
3db50000
00000000
3d43a000
3d2fa000
bdc02000
3d7a4000
be522000
3d6c4000
bd23e000
3e490000
bd4f2000
00000000
bd436000
3d392000
be3b0800
3e176000
bd406000
bd81a000
3dbaa000
bd612000
00000000
00000000
00000000
bddba000
be5b1000
3e08f800
be819c00
3e0dc000
00000000
3d130000
bd37a000
3e0c2800
be5be000
be467000
bd4c4000
bdcc6000
00000000
bd50a000
3d2a0000
3e26a000
bdf06000
be985c00
3e380000
bde9c000
3e8e6000
3d4f2000
3dc8e000
00000000
bd84e000
3d3a2000
3d412000
3e2a4000
be2b3000
3d52e000
bd84a000
3d6d6000
3d4ca000
bd5e0000
00000000
be919400
3d484000
3dcbd000
bdb20000
3d69a000
00000000
3e3d0000
3deb5000
00000000
bdf7b000
00000000
bdfd8000
bda14000
00000000
bdc0e000
3e6a3800
00000000
bdaea000
4059e000
3d6e0000
3e000000
3e1f3000
3debe000
3e18e800
3e163000
3d584000
3d520000
bdc30000
3dc4c000
bea10000
3d656000
3e212800
3d612000
be612800
be524000
bd334000
3d4d0000
be012000
be56b000
3d492000
3e053800
bd7c0000
3d786000
bd536000
00000000
3d4a2000
bdcda000
bd6e4000
be899400
3e766800
bda9a000
be235000
3defe000
3e071800
3dd32000
be4d6000
00000000
3e7e4000
3e3ec000
be074800
be56b000
3d3c6000
bde42000
bd604000
be260800
3df93000
bd136000
bdaac000
3e09d000
be87c000
00000000
3dc3a000
be03b800
be101800
bd7a4000
3e1d9800
00000000
3df5d000
be16c000
3dcf2000
be6c4000
3d436000
3ea1fc00
bd95a000
bd176000
00000000
3d81a000
be8bf800
3de12000
00000000
3dda6000
bd552000
3e24b800
3daf4000
00000000
bd4f6000
bdbd0000
00000000
bd130000
bdb7a000
3e699800
3ec06400
3d9ec000
3d4c4000
bd4c6000
3de97000
be1c7800
bdff0000
bd26a000
3df06000
be029800
bea10000
3de9c000
c00a2000
00000000
3e16a800
bdd00000
3e04e000
3e0b9800
bdc12000
3e2a4000
3de44000
3d52e000
3ee81800
bd6d6000
3e197800
bd5e0000
3dec7000
3e266000
00000000
3dcbd000
3d320000
be2f3800
be3bc000
00000000
00000000
3dbc0000
bd252000
bd34e000
bdfd8000
3d214000
3dfea000
3e10a800
3e6a3800
3e076000
3e02f800
40828000
bd6e0000
3e000000
be1f3000
bdebe000
3d4be000
3e163000
bdd84000
3e1d8000
bd430000
be139000
bd380000
bde56000
bd56e000
bde12000
3d342000
3e1db000
3e334000
00000000
be812000
bdabc000
3d492000
3d31a000
3dfc0000
3df86000
00000000
be1bd000
3d4a2000
3d4da000
3e32b000
00000000
bd452000
00000000
3ebe8800
00000000
bdb42000
bd532000
be9a0800
be024000
00000000
00000000
3db46000
be00d000
3d3c6000
3e2b1800
3d604000
bd5d6000
be4fa800
3ddd1000
be001000
00000000
3d350000
bda6c000
00000000
be2fa000
00000000
3dfa4000
3e522000
3d6c4000
3e23e000
be16c000
3e1b5800
3e0dc000
3d436000
bd392000
3d15a000
be847400
be104800
3e427000
bd3aa000
00000000
bd454000
be5a6000
bdd52000
00000000
be037000
3e08f800
00000000
3d3d0000
bde36000
3e130000
bd37a000
3d3ae000
be24e800
3e467000
3e193000
bdcc6000
bd1ba000
bd50a000
00000000
be79f000
3e8c3800
bd2e2000
bd380000
bd69c000
bfc16000
3d4f2000
00000000
3e500000
00000000
bdba2000
be10d800
bd630000
3d644000
be1e2800
bd84a000
3d6d6000
3e197800
3dde0000
00000000
be4ff800
00000000
3e6dc800
be058000
3e2f3800
3dbbc000
00000000
3d1ce000
00000000
00000000
bd34e000
bd290000
3d214000
00000000
3d40e000
00000000
3e076000
00000000
bf05c000
be328000
bd800000
bd544000
3d6be000
00000000
3e484000
3e223000
00000000
00000000
00000000
bd380000
be656000
be212800
00000000
00000000
3d524000
3db34000
bd4d0000
3e012000
3dabc000
3dc92000
be053800
bebd0000
bd786000
bd536000
be81d800
00000000
00000000
00000000
3d5c2000
be13d800
bda9a000
bdd9c000
3d6fe000
3e071800
3e1e5800
be9a0800
bd824000
be9ee800
be0f1000
00000000
bd2bc000
3e0d4800
3d642000
bde04000
be5d6000
3df93000
bddd1000
3e801000
3e09d000
3e350000
00000000
bd43a000
bdafa000
3dc02000
3dfa4000
bd522000
3dec4000
be23e000
3e7b4000
00000000
bd3d0000
be436000
00000000
3d15a000
bd976000
be104800
00000000
be8bf800
bde12000
3dc54000
bd5a6000
bdd52000
3e894400
bd2f4000
3db6a000
3d4f6000
be6c4000
3d636000
3ddc8000
bdb7a000
bd3ae000
3d5be000
bd9ec000
bdcc4000
00000000
3d9ba000
00000000
bdff0000
3e504800
3da04000
3e59a800
3db80000
00000000
bf252000
bd4f2000
00000000
3e500000
3d84e000
bdba2000
3e90d800
be2a4000
3d644000
bdd2e000
3e04a000
3d6d6000
bd4ca000
3dde0000
bdec7000
3df99000
3d484000
00000000
3d320000
bd69a000
be3bc000
bdbd0000
bd1ce000
3dbc0000
3e4e6800
bdb4e000
3d290000
3df1e000
bd29c000
3e10a800
3d3b6000
3d876000
bdaea000
3f8f0000
bd6e0000
3e400000
bdd44000
bdebe000
00000000
be484000
3e223000
3d520000
be124000
3dc4c000
be0a0000
00000000
3d56e000
00000000
be342000
bd524000
3e601000
3d4d0000
3d812000
bdabc000
3d492000
bdb1a000
00000000
bd786000
3d536000
00000000
3e179800
3dcda000
bd6e4000
00000000
bd452000
00000000
00000000
bdefe000
3d342000
3d532000
3e4d6000
3e024000
3e3eb000
3e3ec000
bdb46000
3d2bc000
00000000
bd642000
be283000
00000000
00000000
3d136000
3e001000
bdb7c000
3d350000
bd26c000
00000000
3e03b800
3e702800
bd7a4000
3d522000
be6c4000
bdf5d000
3dc90000
be1b5800
00000000
bd436000
be0ad800
be3b0800
00000000
bd406000
00000000
bd3aa000
00000000
3dc54000
3d5a6000
3dd52000
bd5ba000
3daf4000
3e08f800
be1b8800
bd3d0000
be2a8800
3ddc8000
be09b800
bd3ae000
be24e800
3d9ec000
3e193000
00000000
be1ba000
be1c7800
3e2a0000
3d26a000
00000000
00000000
00000000
3de9c000
3f7f8000
00000000
3dc8e000
bd500000
bd84e000
3dba2000
be10d800
00000000
00000000
bd52e000
bd84a000
bd6d6000
3e7fc800
00000000
bd1da000
3d266000
bd484000
be07e000
bd320000
bd69a000
bdbbc000
3dbd0000
3d9ce000
be0d0000
bda52000
3db4e000
3dfd8000
be214000
bda9c000
bdc0e000
3dbb6000
3e076000
00000000
c02be000
3d6e0000
3d800000
00000000
bd6be000
bd4be000
bdc84000
3e223000
3d520000
3d430000
bd44c000
3e660000
00000000
00000000
bde12000
be071800
00000000
bd334000
bdcd0000
be41b000
3e00d000
3dc92000
be31a000
bdfc0000
00000000
3e536000
3e81d800
bd4a2000
3dcda000
00000000
bddc2000
3e13d800
bda9a000
00000000
bd6fe000
be342000
3dd32000
3d4d6000
3d824000
bd7e4000
be8f1000
bd346000
3e2bc000
00000000
be2b1800
3de04000
3e5d6000
be4fa800
00000000
be557000
bd37c000
be07c000
3e7a2000
be12b800
3e5b8800
bd402000
00000000
3d522000
3d6c4000
3e75d000
be16c000
3d4f2000
bd3d0000
be743800
bd392000
bde07000
3d976000
bd406000
3d81a000
00000000
bde12000
bdc54000
3e23c800
3dd52000
3ddba000
be5b1000
bd36a000
3e4f6000
3d3d0000
bd636000
be80a000
bd37a000
3d3ae000
00000000
bdee2000
3e993000
3dcc6000
3d1ba000
3d50a000
3daa0000
3d26a000
3e204000
be985c00
3e380000
00000000
bff52000
00000000
3e48e000
3dd00000
be475000
3d3a2000
3e716800
bde30000
3de44000
3d52e000
3e04a000
3e6d6000
3d4ca000
3dde0000
3e450800
bd266000
bd484000
3d87e000
bdb20000
00000000
bd3bc000
bdbd0000
bd9ce000
bd3c0000
3d252000
00000000
bda90000
3da14000
bd29c000
3dc0e000
3e0c8800
3e076000
3e02f800
3fa5e000
beb28000
be000000
3e544000
3d6be000
3e18e800
bd484000
bdd84000
be520000
3e430000
be139000
3db80000
bd656000
bdd6e000
3d612000
bdb42000
00000000
bdb34000
00000000
bd812000
bdabc000
3dc92000
3d31a000
3d7c0000
3d786000
3e536000
3dcfc000
be4a2000
3eb3ec00
bd6e4000
3ddc2000
3e452000
3d29a000
bdd9c000
00000000
00000000
3d532000
bdcd6000
3e024000
3d7e4000
be3ec000
bdb46000
bd2bc000
00000000
00000000
00000000
3d5d6000
3df93000
bd936000
3e001000
3d37c000
3e07c000
00000000
3e43a000
bdafa000
00000000
bd7a4000
3d522000
be313000
bda3e000
3d490000
bd4f2000
3e0dc000
be128800
bdb92000
3d15a000
3e631000
3e707800
bd81a000
3dbaa000
bd612000
3d454000
3e5a6000
3d552000
3e24b800
00000000
be36a000
3e1b8800
3dbd0000
3d636000
be130000
3d37a000
bd3ae000
bd5be000
00000000
00000000
3d4c6000
00000000
00000000
3d2a0000
3e26a000
3e485000
3d2e2000
be0a0000
00000000
c005a000
3d4f2000
bdc8e000
be500000
00000000
00000000
3dc12000
bde30000
3de44000
00000000
00000000
3e945c00
00000000
bd5e0000
3d1da000
3e4ff800
3dc84000
3e07e000
3e320000
bde9a000
bd3bc000
3dbd0000
00000000
bd3c0000
3d252000
be07a800
bd290000
bdf1e000
00000000
bdc0e000
bdbb6000
00000000
be2ea000
40412000
3e6e0000
3ee00000
00000000
bdebe000
00000000
3d484000
bd584000
bd520000
00000000
be44c000
bd380000
00000000
be212800
3de12000
be071800
3dd24000
3e067000
3dcd0000
00000000
3e56b000
bd492000
00000000
00000000
bdf86000
bd536000
bd4fc000
00000000
bd4da000
bd6e4000
3d5c2000
3d452000
00000000
3ea35000
bd6fe000
3e871800
bd532000
bd4d6000
00000000
bdfe4000
bdbec000
00000000
3e00d000
3dbc6000
3ec79c00
3d604000
00000000
bd262000
3d136000
3e557000
bd37c000
be07c000
bd26c000
3e12b800
be03b800
bd402000
00000000
3dd22000
00000000
bd23e000
3eafe000
bdcf2000
3d3d0000
be128800
be392000
be3b0800
be3d3800
3e104800
3d81a000
3d3aa000
bd612000
3dc54000
bd5a6000
bdd52000
bddba000
3daf4000
3e08f800
3e819c00
3dbd0000
00000000
bd930000
be09b800
bdbae000
00000000
3dee2000
3d4c4000
bdcc6000
3de97000
3dd0a000
bdff0000
00000000
00000000
3e029800
bd380000
00000000
c0106000
3dcf2000
3dc8e000
3e820000
00000000
bd3a2000
be412000
3d630000
00000000
3d52e000
be04a000
00000000
bd4ca000
3d5e0000
3e450800
00000000
00000000
3d07e000
bdb20000
bde9a000
3dbbc000
00000000
3deb5000
3dbc0000
3d252000
3e07a800
bdfd8000
00000000
be29c000
3dc0e000
3dbb6000
be076000
3daea000
3f87e000
3dee0000
00000000
3d544000
00000000
bdcbe000
3d484000
bd584000
3d520000
be124000
bd44c000
3e380000
bde56000
bd56e000
bea8d800
00000000
00000000
bdb34000
3dcd0000
be012000
3d2bc000
3dc92000
bd31a000
3ebd0000
bd786000
bd536000
bdcfc000
3d4a2000
be4da000
3d6e4000
bd5c2000
be13d800
bdfe7000
3e235000
3d6fe000
be342000
00000000
3d4d6000
00000000
bd7e4000
bdbec000
bd346000
bd2bc000
3d3c6000
bd642000
bd604000
3e260800
3df93000
00000000
3d2ac000
00000000
3e07c000
3da6c000
3e43a000
00000000
bd402000
bd7a4000
3e1d9800
3dec4000
3e4cd800
bdc90000
3dcf2000
be8dc000
3dc36000
00000000
be3b0800
3de31000
00000000
00000000
be0bf800
3d612000
3dc54000
3e5a6000
3dd52000
be5ba000
00000000
bd36a000
bdcf6000
3dbd0000
3ec6f400
bddc8000
3e89b800
be3ae000
be24e800
3d9ec000
00000000
00000000
bd1ba000
3e1c7800
bd2a0000
bda6a000
3da04000
3e029800
bdb80000
bd69c000
bf43a000
3e817400
3dc8e000
bdd00000
00000000
bdba2000
bdc12000
3d630000
bd644000
be83cc00
00000000
bd6d6000
bd4ca000
00000000
3d1da000
bda66000
3dc84000
bd87e000
00000000
00000000
3e3bc000
be3d0000
3d1ce000
3d3c0000
00000000
3e621800
bd290000
00000000
00000000
bdc0e000
be3b6000
be076000
00000000
3fb1a000
3dee0000
00000000
3e544000
bd6be000
3dcbe000
00000000
3d584000
bd520000
3e124000
3d44c000
be660000
3de56000
bdd6e000
00000000
3e071800
bdd24000
be067000
3e4d0000
00000000
3e56b000
bdc92000
00000000
be3d0000
bd786000
be9e8800
be4fc000
3d4a2000
bdcda000
bd6e4000
3d5c2000
3dc52000
3da9a000
00000000
bdefe000
bdb42000
3d532000
bd4d6000
bd824000
00000000
00000000
bd346000
00000000
3e6b7800
00000000
3d604000
bd5d6000
3e262000
3e136000
3daac000
3d37c000
3d350000
bdfa2000
be748800
bdafa000
3dc02000
bedaf800
bdd22000
3dec4000
3da3e000
3e7b4000
be4f2000
be6c4000
3d436000
3db92000
bd95a000
3d976000
3dc06000
be01a000
3d3aa000
3e28d800
3d454000
3dda6000
bdd52000
bd5ba000
00000000
3d36a000
bdcf6000
bdbd0000
be636000
00000000
3e09b800
3dbae000
bd5be000
3d9ec000
beb2b800
bd4c6000
00000000
be50a000
3d2a0000
3d26a000
3d204000
3e59a800
bdb80000
be69c000
c0614000
3d4f2000
3e96a800
bdd00000
3e475000
bd3a2000
bdc12000
00000000
bd644000
3dd2e000
be04a000
00000000
be197800
bd5e0000
3e450800
be266000
bd484000
3dcbd000
bd320000
3e2f3800
be3bc000
bd3d0000
bd9ce000
3e0d0000
3e252000
3d34e000
3e290000
bda14000
bda9c000
3e711800
3d3b6000
bd876000
3d2ea000
bf16e000
bdee0000
3e000000
3e1f3000
be936c00
bdcbe000
3e163000
be584000
3d520000
bdc30000
00000000
be0a0000
00000000
3d56e000
bde12000
bd342000
00000000
00000000
3d4d0000
3d812000
bdabc000
00000000
bd31a000
3d7c0000
be9b3c00
3dd36000
3e1bd000
00000000
be808400
3dee4000
bd5c2000
bd452000
3d29a000
3d59c000
3d6fe000
00000000
3d532000
3dcd6000
3e024000
3dfe4000
3dbec000
be074800
3dabc000
bdbc6000
3e2b1800
be283000
bddd6000
3df93000
bd136000
3d2ac000
00000000
3db50000
3d26c000
00000000
3e03b800
3e402000
00000000
00000000
3d6c4000
3df5d000
00000000
be9b5800
be6c4000
bdc36000
00000000
3d15a000
bd976000
00000000
00000000
bdbaa000
3e612000
be454000
bd5a6000
bdd52000
bddba000
3d2f4000
be08f800
3e4f6000
3dbd0000
00000000
3e37c000
3d37a000
be0c2800
3e5be000
3e467000
00000000
00000000
3e428800
bd50a000
3d2a0000
be504800
bd204000
3d2e2000
bdb80000
00000000
bcf54000
3e1b5800
3dc8e000
bd500000
3e04e000
3dba2000
3dc12000
3de30000
3eab3000
bd52e000
be04a000
3e6d6000
bdcca000
3e268000
3e450800
3d266000
3e484000
3dcbd000
be5e8000
00000000
bdbbc000
00000000
3deb5000
bea48000
be4e6800
bdb4e000
be290000
3df1e000
be543000
3dc0e000
be3b6000
bd876000
be2ea000
405ea000
bdee0000
00000000
3e544000
3debe000
00000000
bd484000
3dd84000
3d520000
3e73c000
3e139000
3e0a0000
00000000
3e56e000
3de12000
bdb42000
bdd24000
be067000
00000000
00000000
be2bc000
bd492000
be053800
3dfc0000
bdf86000
3d536000
3dcfc000
3d4a2000
bd4da000
bdee4000
00000000
bd452000
be540800
bd59c000
3defe000
3e612800
3dd32000
3d4d6000
be024000
00000000
00000000
be617800
3e56b000
3e3c6000
3eab1800
bd604000
00000000
be793000
3d136000
00000000
bdb7c000
be350000
bd26c000
bdc3a000
3dafa000
3d402000
bd7a4000
bdd22000
3eb13000
3d23e000
3e16c000
bd4f2000
bd3d0000
00000000
00000000
bd15a000
00000000
3e104800
be81a000
be0bf800
3d612000
3e769000
bdda6000
3e1fd800
3ddba000
bd2f4000
3e644800
3d4f6000
3d3d0000
bd636000
be130000
be37a000
3dbae000
bd5be000
be1ec000
00000000
3e7f7800
3d1ba000
bdd0a000
3e2a0000
bd26a000
be204000
00000000
00000000
3d69c000
40486000
bd4f2000
3dc8e000
beb60000
3d84e000
3d3a2000
3dc12000
bd630000
00000000
00000000
3d84a000
bd6d6000
bd4ca000
bd5e0000
00000000
be799000
00000000
3d87e000
bdb20000
3de9a000
3dbbc000
3dbd0000
3d1ce000
bdbc0000
be252000
3d34e000
3da90000
00000000
00000000
be90a800
00000000
bd876000
bdaea000
c0914000
bd6e0000
3d800000
bdd44000
3debe000
bd4be000
00000000
be584000
3eb7c000
3dc30000
3d44c000
00000000
00000000
bd56e000
3e8cb400
bd342000
3e1db000
3d334000
bdcd0000
bd812000
be964800
3d492000
bd31a000
00000000
be786000
bdd36000
3d4fc000
00000000
00000000
3d6e4000
be251800
bdc52000
be29a000
3e59c000
00000000
be071800
00000000
3d4d6000
be436000
3d7e4000
3dbec000
3db46000
bd2bc000
00000000
3de42000
bde04000
3e5d6000
be262000
bd936000
bdaac000
00000000
3e624000
3da6c000
3e12b800
3e03b800
bdc02000
00000000
3d522000
00000000
3da3e000
00000000
3e1b5800
3dbd0000
bd436000
3db92000
bd95a000
bd976000
00000000
3d81a000
be3aa000
00000000
00000000
00000000
3e1fd800
3ddba000
3e037000
bd36a000
3dcf6000
00000000
bd636000
be5c8000
be09b800
be0c2800
00000000
bd9ec000
bd4c4000
3e7f7800
3d1ba000
3dd0a000
3e7f0000
bda6a000
00000000
3d2e2000
00000000
3d69c000
bfc18000
bdcf2000
3dc8e000
bdd00000
3e84e000
bdba2000
00000000
3d630000
3d644000
3d52e000
3d84a000
00000000
bd4ca000
be268000
3d9da000
3e4ff800
bdc84000
3d07e000
3d320000
3e69a000
be3bc000
3dbd0000
3d1ce000
3d3c0000
3d252000
be34e000
be7d8000
bdf1e000
3e29c000
3e10a800
3d3b6000
00000000
3daea000
3ed5c000
3d6e0000
be000000
bdd44000
3d6be000
3e18e800
3dc84000
3d584000
bdd20000
00000000
3e139000
bdb80000
3e656000
00000000
00000000
bdb42000
be1db000
00000000
bd4d0000
00000000
bd2bc000
3dc92000
00000000
3d7c0000
be786000
bd536000
bdcfc000
3d4a2000
00000000
be94e800
be251800
3d452000
bda9a000
be235000
be33e800
bd342000
bd532000
3d4d6000
3e436000
3dfe4000
be0f1000
00000000
bd2bc000
3e0d4800
be8e9400
3de04000
bea60800
00000000
bd936000
3daac000
be37c000
be350000
3d26c000
3d43a000
bdafa000
be101800
3e7a4000
00000000
3dec4000
3e4cd800
3d490000
3d4f2000
3e3d0000
3d436000
bd392000
be82ec00
3e3d3800
3e104800
3e81a000
be0bf800
3d612000
bdc54000
bdda6000
3d552000
bd5ba000
3e037000
00000000
be1b8800
bd3d0000
3e2a8800
3d930000
3e09b800
00000000
be24e800
3d9ec000
3d4c4000
00000000
bd1ba000
3e1c7800
3daa0000
bda6a000
00000000
3e2e2000
3e0a0000
00000000
bfc42000
3e4f2000
3dc8e000
00000000
3d84e000
bd3a2000
3dc12000
3de30000
bde44000
00000000
be04a000
bd6d6000
3e197800
3ea68000
be450800
3df99000
be163000
3e29d800
3d320000
3d69a000
3dbbc000
3dbd0000
bd9ce000
3e0d0000
bd252000
bdb4e000
3e7d8000
3e8d1800
3e7ea000
3dc0e000
bd3b6000
bd876000
be5a4800
bf6c0000
be94c000
bd800000
bd544000
00000000
3dcbe000
00000000
3d584000
00000000
bdc30000
bdc4c000
3d380000
3d656000
3e212800
bde12000
bdb42000
00000000
3db34000
be19c000
be41b000
be56b000
bdc92000
3d31a000
bdfc0000
00000000
00000000
bd4fc000
00000000
be808400
bdee4000
00000000
bd452000
3dfe7000
3dd9c000
bd6fe000
bd342000
bdd32000
00000000
3d824000
3d7e4000
be0f1000
3d346000
3e00d000
3e3c6000
bd642000
3d604000
3e5d6000
bd262000
3ddd1000
bdaac000
bdb7c000
3e07c000
bdfa2000
00000000
3d2fa000
00000000
bdfa4000
be9d9800
bd6c4000
bdf5d000
00000000
00000000
bdbd0000
bdc36000
00000000
3e3b0800
3d976000
3d406000
be427000
3dbaa000
be28d800
3dc54000
3ebf1400
00000000
be5ba000
00000000
bdb6a000
3dcf6000
00000000
3de36000
bd930000
be37a000
be699800
3e24e800
00000000
3d4c4000
be194800
bde97000
00000000
bd2a0000
3d26a000
3e706000
be59a800
3db80000
3de9c000
3ec3a000
00000000
3d48e000
bd500000
be04e000
bdba2000
3d412000
bd630000
00000000
bdd2e000
bd84a000
00000000
be197800
bd5e0000
3d1da000
bdf99000
3dc84000
3d07e000
3d320000
bd69a000
3d3bc000
bdbd0000
be6b5000
3e0d0000
3d252000
be07a800
bdfd8000
bd214000
bdfea000
bea8c400
3dbb6000
3ea93800
00000000
3f1a2000
3dee0000
3d800000
bdd44000
bdebe000
00000000
3e484000
00000000
bd520000
bdc30000
bd44c000
3d380000
be656000
3d56e000
00000000
bdb42000
bd524000
be334000
bdcd0000
bd812000
bdabc000
be492000
3d31a000
3dfc0000
3e3a4800
bd536000
be1bd000
bdca2000
bdcda000
00000000
3ddc2000
be13d800
bd29a000
bd59c000
bed1e400
3db42000
bd532000
3d4d6000
bd824000
3d7e4000
bd3ec000
be346000
3e2bc000
3d3c6000
00000000
00000000
00000000
3da62000
3e136000
bdaac000
00000000
3d350000
3da6c000
3dc3a000
00000000
3d402000
bdfa4000
00000000
00000000
00000000
bd490000
bdcf2000
3d3d0000
be436000
00000000
3de07000
bde31000
3d406000
3d81a000
00000000
00000000
3e769000
3d5a6000
3dd52000
be5ba000
be5b1000
bd36a000
3dcf6000
3d3d0000
3d636000
3d130000
00000000
3e0c2800
bddbe000
bd1ec000
3dcc4000
00000000
be697000
be50a000
bdff0000
bdf9f000
00000000
bdae2000
3d380000
00000000
40296000
00000000
3d48e000
00000000
bd84e000
3e0b9800
be716800
be630000
3d644000
00000000
be04a000
3ecfb400
bd4ca000
3e5e0000
3d1da000
bd266000
3d484000
00000000
00000000
bde9a000
be3bc000
be6c4000
3d1ce000
bd3c0000
bd252000
bdb4e000
00000000
bda14000
be7ea000
bd40e000
00000000
bd876000
3daea000
3ff3a000
bd6e0000
bd800000
3d544000
00000000
bdcbe000
be163000
be223000
3e1d8000
3e924000
00000000
3d380000
bd656000
3d56e000
3e8cb400
3e342000
00000000
be067000
bdcd0000
be012000
00000000
be16d800
3db1a000
be3d0000
bd786000
be1e8800
bd4fc000
bdca2000
3dcda000
bdee4000
bd5c2000
3d452000
bda9a000
bdd9c000
bed1e400
be071800
3d532000
3dcd6000
3d824000
bd7e4000
3e3ec000
3e617800
be00d000
bdbc6000
3e2b1800
00000000
3d5d6000
3da62000
be383800
3e2ac000
3e09d000
3d350000
3e91e800
bdc3a000
00000000
3e101800
bdfa4000
3dd22000
3e6c4000
bda3e000
3e16c000
00000000
3e8dc000
3e436000
00000000
3d95a000
bd976000
3ea85400
3d81a000
3dbaa000
3e612000
bd454000
00000000
00000000
3ddba000
00000000
bd36a000
bd4f6000
be0dc000
00000000
3d930000
3d37a000
be3ae000
3d5be000
00000000
00000000
bdcc6000
bd9ba000
00000000
3e2a0000
bd26a000
3df06000
be029800
00000000
bde9c000
bf588000
3e1b5800
be16a800
3dd00000
bee88800
3e0b9800
00000000
00000000
bde44000
3e1e2800
00000000
be320800
3d4ca000
bea68000
bd1da000
3d266000
bd484000
bd07e000
00000000
bde9a000
be0cd000
bdbd0000
be6b5000
3dbc0000
00000000
00000000
bda90000
00000000
00000000
3e10a800
00000000
3d876000
3d2ea000
bf590000
bd6e0000
bd800000
3d544000
3d6be000
00000000
3dc84000
bebd3800
bd520000
bdc30000
3dc4c000
3d380000
3d656000
be212800
3de12000
3d342000
3e1db000
bd334000
00000000
00000000
be2bc000
be16d800
3e31a000
3edc8000
00000000
3e536000
be1bd000
3dca2000
00000000
bdee4000
be251800
3d452000
3d29a000
be235000
3e33e800
be071800
3d532000
bd4d6000
be024000
bd7e4000
bea6e800
be346000
3e00d000
be0d4800
3d642000
bde04000
bec1b400
00000000
be383800
3d2ac000
3d37c000
3e07c000
3da6c000
bdc3a000
bd2fa000
3d402000
3d7a4000
00000000
3d6c4000
bdf5d000
be16c000
00000000
3d3d0000
be928800
bd392000
3d95a000
3de31000
bea85400
3e01a000
00000000
3d612000
3e13f000
bdda6000
00000000
00000000
3d2f4000
3e36a000
3d4f6000
bd3d0000
00000000
be130000
00000000
00000000
be24e800
3d1ec000
3dcc4000
3e194800
bd9ba000
00000000
bd2a0000
bd26a000
be204000
be829800
3e0a0000
00000000
40096000
3dcf2000
3e16a800
3eb60000
3e475000
00000000
00000000
3e2a4000
00000000
be1e2800
00000000
3d6d6000
bd4ca000
bd5e0000
bdec7000
3e4ff800
be7a5000
3d87e000
be320000
3de9a000
bd3bc000
bdbd0000
00000000
00000000
3d252000
00000000
00000000
be214000
3e543000
00000000
be0c8800
3d876000
bd2ea000
40838000
3d6e0000
3e400000
3dd44000
bdebe000
3d4be000
3d484000
00000000
3d520000
00000000
bdc4c000
3d380000
beac0800
3d56e000
be8cb400
be9d9c00
3d524000
3d334000
3e19c000
bd812000
3d2bc000
3dc92000
3db1a000
3d7c0000
3e3a4800
3e1e8800
be1bd000
3e7ca800
3d4da000
3d6e4000
bddc2000
3e766800
be29a000
3d59c000
00000000
3d342000
3dd32000
3dcd6000
00000000
3e3eb000
bdbec000
3d346000
bdabc000
be0d4800
3de42000
00000000
3e260800
bd262000
be383800
be001000
00000000
3d350000
00000000
3e92b800
bd2fa000
bd402000
00000000
bd522000
3e313000
bd23e000
be16c000
bd4f2000
bd3d0000
3d436000
00000000
bde07000
be176000
be707800
be427000
00000000
00000000
be93f000
3ea3c800
3dd52000
be24b800
3d2f4000
3d36a000
00000000
00000000
00000000
bddc8000
3d37a000
00000000
3ddbe000
bd1ec000
3d4c4000
3dcc6000
bd9ba000
3e1c7800
bd2a0000
3e26a000
3d204000
bd2e2000
00000000
3de9c000
3f90a000
3d4f2000
3e16a800
bdd00000
3d84e000
bd3a2000
3e10d800
3d630000
3e2b3000
3dd2e000
00000000
00000000
bd4ca000
00000000
be1da000
3df99000
3dc84000
bd07e000
be5e8000
3e69a000
00000000
3dbd0000
bd9ce000
00000000
3df7b000
3db4e000
3da90000
bd214000
be29c000
00000000
be6a3800
bd876000
3e02f800
400a0000
be6e0000
be000000
3d544000
3d6be000
beb26400
be963000
be223000
00000000
bd430000
00000000
be380000
3de56000
3e864c00
3d612000
00000000
3e836800
3db34000
3eb36000
3e41b000
3e2bc000
3e492000
00000000
bd7c0000
bd786000
00000000
3dcfc000
00000000
3dcda000
00000000
be251800
3d452000
3dfe7000
3e235000
bdefe000
bdb42000
be1e5800
00000000
3d824000
bebeb000
3d3ec000
3d346000
3d2bc000
be3c6000
be642000
3e283000
bd5d6000
3da62000
3ddd1000
3e557000
3e09d000
3e350000
3e7a2000
3e12b800
3d2fa000
00000000
be7a4000
3dd22000
3e313000
3d23e000
bdc90000
3e4f2000
00000000
bd436000
bdb92000
00000000
be176000
bdc06000
3e01a000
3dbaa000
00000000
3e13f000
be23c800
bd552000
3d5ba000
3d2f4000
be08f800
3e9b8800
3dbd0000
be2a8800
be37c000
bd37a000
00000000
be5be000
bd1ec000
be193000
3e4c6000
bde97000
be1c7800
3e7f0000
3da6a000
bdf06000
bd2e2000
00000000
be2f5000
bf964000
bd4f2000
be48e000
bd500000
3d84e000
3e0b9800
bd412000
00000000
bd644000
3dd2e000
be84a000
3e6d6000
bd4ca000
3dde0000
3dec7000
bdf99000
be484000
bdcbd000
bdb20000
bde9a000
3d3bc000
be0dc000
bd1ce000
00000000
3d252000
00000000
3da90000
00000000
bdfea000
bd40e000
3e3b6000
3d876000
be02f800
bf0a0000
3dee0000
3d800000
3d544000
be30e800
3dcbe000
be163000
3e584000
3dd20000
3eaaa000
00000000
3db80000
bd656000
3e864c00
3e612000
bdb42000
3eb7f800
00000000
bd4d0000
3e012000
be00d000
bd492000
3d31a000
be9d8000
3e3a4800
be536000
be4fc000
be179800
3e1a3800
3e94e800
3ddc2000
3d452000
00000000
3dd9c000
3e95ec00
3db42000
be1e5800
3e805c00
be024000
bd7e4000
be0f1000
3d346000
3d2bc000
3e0d4800
3d642000
00000000
00000000
3d262000
bddd1000
bd2ac000
3e09d000
00000000
00000000
be748800
be5b8800
bd402000
00000000
3d522000
bdec4000
3df5d000
bdc90000
bdcf2000
3d3d0000
00000000
bd392000
bd15a000
bd176000
00000000
00000000
be0bf800
3e28d800
bd454000
00000000
3dd52000
3ddba000
bd2f4000
be36a000
00000000
bd3d0000
3de36000
3ddc8000
bd37a000
3e699800
00000000
00000000
3e193000
00000000
00000000
3e50a000
bdaa0000
00000000
3d204000
3e029800
00000000
bd69c000
3f36e000
3e1b5800
bdc8e000
3dd00000
3e04e000
3e0b9800
3ea8fc00
00000000
3d644000
00000000
bd84a000
00000000
3e4ca000
3d5e0000
00000000
bdf99000
3d484000
00000000
3e058000
3d69a000
3dbbc000
3e6c4000
be6b5000
bea48000
3e4e6800
3e621800
bda90000
be499000
3dfea000
3dc0e000
be3b6000
bd876000
3daea000
bfdc8000
00000000
be400000
3d544000
be6be000
3d4be000
3dc84000
3d584000
3e1d8000
3e924000
00000000
be660000
bd656000
be212800
00000000
bdb42000
00000000
3e067000
3e19c000
bee1f800
be00d000
bd492000
be053800
3e3d0000
00000000
bd536000
3e1bd000
3e4a2000
3dcda000
3d6e4000
bddc2000
3e766800
bd29a000
3ea35000
00000000
be071800
00000000
3d4d6000
be024000
bd7e4000
3e3ec000
3d346000
3d2bc000
bea4d400
bde42000
3de04000
3e5d6000
bd262000
3d936000
3e956800
bdb7c000
bd350000
3da6c000
be43a000
bd2fa000
be101800
3e3bb000
3d522000
be313000
3d23e000
3d490000
00000000
bdbd0000
3e436000
bd392000
3d15a000
00000000
bdc06000
bea20800
3dbaa000
00000000
3d454000
bd5a6000
00000000
be894400
bd2f4000
00000000
00000000
bd3d0000
00000000
3d130000
00000000
be3ae000
bd5be000
3d9ec000
bdcc4000
3e7f7800
3d9ba000
bd50a000
00000000
be79f000
3e204000
3d2e2000
00000000
3de9c000
3e0be000
bd4f2000
3e16a800
3d500000
00000000
3ea2dc00
bdc12000
3e2a4000
3e2b3000
3e9e2800
bd84a000
bded6000
3e4ca000
3dde0000
3d9da000
3e4ff800
00000000
00000000
3d320000
3de9a000
3ea44800
3d3d0000
be441800
00000000
bd252000
3d34e000
3da90000
3da14000
3da9c000
3d40e000
00000000
3d876000
00000000
bf9da000
bd6e0000
bd800000
bdd44000
bdebe000
bdcbe000
3d484000
3e872800
3e520000
3dc30000
3dc4c000
3db80000
bd656000
bd56e000
be28d800
3db42000
3dd24000
3e334000
3dcd0000
3e012000
be00d000
3e16d800
bd31a000
bdfc0000
be3a4800
3dd36000
3d4fc000
3e179800
3e1a3800
bdee4000
3d5c2000
00000000
3e29a000
bd59c000
3defe000
bd342000
00000000
3d4d6000
00000000
bd7e4000
bd3ec000
00000000
be00d000
00000000
bd642000
bde04000
be260800
bda62000
be136000
3daac000
3d37c000
be350000
be26c000
00000000
3e5b8800
3e101800
3dfa4000
3e1d9800
00000000
3da3e000
00000000
3e9b5800
3d3d0000
3d436000
bdb92000
bde07000
bd176000
00000000
00000000
00000000
bd612000
bd454000
00000000
be1fd800
bd5ba000
3d2f4000
00000000
be4f6000
3d3d0000
3e2a8800
3e130000
3d37a000
00000000
be24e800
3e6e2000
00000000
3e4c6000
bde97000
3dd0a000
3daa0000
3d26a000
3e706000
bd2e2000
3e0a0000
bd69c000
3ed98000
3dcf2000
3e16a800
3e1c0000
be84e000
00000000
00000000
3d630000
bd644000
00000000
bd84a000
00000000
be197800
3e268000
00000000
00000000
bdc84000
3dcbd000
3d320000
3de9a000
bd3bc000
bdbd0000
00000000
3e0d0000
bdf7b000
bdb4e000
be290000
be214000
3da9c000
be40e000
3e6a3800
3d876000
3e02f800
3fc76000
00000000
3e400000
3dd44000
00000000
3d4be000
3dc84000
3dd84000
00000000
be124000
bd44c000
be380000
bd656000
3d56e000
00000000
be071800
bd524000
3d334000
00000000
3e012000
00000000
3d492000
3db1a000
3e3d0000
bdf86000
3d536000
00000000
be7ca800
bd4da000
bd6e4000
3e5c2000
be452000
3e29a000
00000000
bd6fe000
3e071800
bd532000
bdcd6000
00000000
bdfe4000
00000000
bd346000
3d2bc000
3e6b7800
00000000
3de04000
bddd6000
bdf93000
3e80f400
3d2ac000
3e65b000
bdb50000
3dfa2000
3e43a000
bdafa000
3dc02000
3d7a4000
00000000
3e313000
00000000
bdc90000
be817400
3dbd0000
00000000
3db92000
bd95a000
3d976000
3d406000
be01a000
00000000
3de12000
3dc54000
be5a6000
3d552000
3ddba000
3e2f4000
3e644800
3dcf6000
be0dc000
3de36000
00000000
00000000
3dbae000
be24e800
be6e2000
00000000
bd4c6000
3d1ba000
bdd0a000
3d2a0000
bd26a000
bd204000
be029800
bdb80000
3d69c000
3f618000
3e4f2000
be16a800
3d500000
bd84e000
3d3a2000
bd412000
3e2a4000
bde44000
bd52e000
bd84a000
00000000
be197800
bd5e0000
3d1da000
3d266000
bd484000
00000000
3d320000
be69a000
bdbbc000
3d3d0000
3e441800
be0d0000
bda52000
be07a800
3e290000
3df1e000
bd29c000
3d40e000
bdbb6000
3d876000
00000000
400d0000
3dee0000
00000000
bd544000
00000000
00000000
3e163000
bd584000
3e1d8000
3e124000
3d44c000
3d380000
be2c0800
00000000
3e28d800
3d342000
00000000
be334000
00000000
be41b000
be00d000
be7b6800
bdb1a000
00000000
3df86000
3dd36000
3dcfc000
be179800
3e1a3800
bdee4000
00000000
be13d800
3d29a000
bdd9c000
bdefe000
3e071800
3e1e5800
3d4d6000
be436000
3e3eb000
3e8f1000
3d346000
3d2bc000
bd3c6000
00000000
bd604000
00000000
be262000
3ddd1000
3e2ac000
bd37c000
be07c000
bdfa2000
3e43a000
3e03b800
00000000
be7a4000
bd522000
bdec4000
00000000
3d490000
bd4f2000
bdbd0000
00000000
3e0ad800
3d95a000
be176000
00000000
bd81a000
3e694800
3de12000
3e454000
3e23c800
bdd52000
3ddba000
be5b1000
bdb6a000
be819c00
3e0dc000
be2a8800
3d930000
be09b800
be0c2800
be896c00
00000000
bdcc4000
bd4c6000
00000000
00000000
bd2a0000
bda6a000
be485000
3e029800
bd380000
be921800
be860000
3d4f2000
be48e000
3dd00000
bd84e000
00000000
3dc12000
be630000
3de44000
be1e2800
3d84a000
3e6d6000
00000000
00000000
00000000
3d266000
3e484000
bd07e000
3d320000
00000000
3dbbc000
3d3d0000
00000000
3d3c0000
bda52000
be34e000
3d290000
bdf1e000
be29c000
bdc0e000
be0c8800
bd876000
be02f800
3f752000
3e328000
00000000
3dd44000
bdebe000
3e18e800
bdc84000
00000000
bd520000
be124000
00000000
00000000
3de56000
3e212800
00000000
00000000
3d524000
3d334000
3d4d0000
be012000
bdabc000
3dc92000
3d31a000
3dfc0000
be3a4800
3d536000
bd4fc000
3d4a2000
3dcda000
00000000
bd5c2000
00000000
3e29a000
bd59c000
00000000
be871800
3d532000
3d4d6000
3e024000
00000000
3e6e7000
be617800
00000000
00000000
bd642000
00000000
bd5d6000
bda62000
bd936000
3daac000
3d37c000
bd350000
3dfa2000
00000000
bdafa000
bdc02000
be3bb000
bdd22000
3dec4000
3e23e000
bd490000
3dcf2000
bd3d0000
3e128800
3e0ad800
3d95a000
bd176000
3e707800
00000000
bdbaa000
3de12000
3d454000
00000000
bdd52000
00000000
be037000
bdb6a000
3dcf6000
3e6c4000
3d636000
bd930000
3ea0ac00
3d3ae000
be5be000
bd9ec000
3e4c4000
3d4c6000
3d1ba000
3e1c7800
bdff0000
bd26a000
3e8c3800
3e2e2000
3d380000
be2f5000
3ffbe000
bd4f2000
3e16a800
be1c0000
00000000
00000000
3dc12000
00000000
3d644000
00000000
00000000
00000000
3dcca000
00000000
bdec7000
be266000
be7a5000
3d07e000
3db20000
bde9a000
bdbbc000
00000000
3e6b5000
3d3c0000
3da52000
bdb4e000
be290000
bd214000
00000000
00000000
3e0c8800
bd876000
3daea000
bfe5c000
00000000
00000000
3dd44000
3debe000
3d4be000
be163000
bdd84000
3dd20000
be430000
3e44c000
00000000
bd656000
3dd6e000
bde12000
3db42000
bd524000
bdb34000
00000000
bd812000
3d2bc000
00000000
be5e0800
bdfc0000
bd786000
be841c00
bd4fc000
3e7ca800
bdcda000
00000000
bddc2000
3dc52000
bd29a000
3d59c000
00000000
3e612800
3d532000
be4d6000
bd824000
be3eb000
00000000
3db46000
3dabc000
bdbc6000
3d642000
3d604000
be8a5c00
3e262000
3d136000
3e2ac000
bdb7c000
3d350000
3dfa2000
be12b800
bd2fa000
00000000
00000000
00000000
00000000
3e23e000
3d490000
3e4f2000
be3d0000
be743800
3e676800
bd15a000
3d176000
3e104800
3e01a000
3e0bf800
00000000
be13f000
bdda6000
00000000
3e24b800
3daf4000
3d36a000
bdcf6000
bdbd0000
3de36000
bd930000
3d37a000
bdbae000
be5be000
3e1ec000
3d4c4000
bd4c6000
bd9ba000
3e9c7800
3e548000
bd26a000
00000000
3d2e2000
00000000
00000000
3f85c000
3e1b5800
be16a800
bdd00000
3e04e000
be0b9800
bd412000
bde30000
bd644000
bdd2e000
3e46f000
00000000
bd4ca000
3dde0000
3dec7000
bda66000
bd484000
be29d800
bd320000
00000000
be0cd000
bea56000
3e1ce000
bd3c0000
bdf7b000
be07a800
be290000
be8d1800
3d29c000
be40e000
00000000
3e4b1000
3daea000
bfdee000
bdee0000
3d800000
be9f3000
3debe000
3e18e800
beaf3800
3dd84000
bdd20000
bd430000
3e139000
bd380000
00000000
bd56e000
3d612000
00000000
3dd24000
bd334000
bdcd0000
be012000
3e00d000
bd492000
3e053800
3e3d0000
3df86000
bdd36000
3d4fc000
3dca2000
3e1a3800
3e32b000
be251800
bd452000
bda9a000
bdd9c000
00000000
00000000
3dd32000
3e1a0800
3d824000
3dfe4000
3d3ec000
bdb46000
3e00d000
be0d4800
3de42000
bde04000
3d5d6000
bdf93000
3d936000
3d2ac000
3d37c000
be350000
3e26c000
be43a000
3e5b8800
3e702800
3d7a4000
3dd22000
00000000
00000000
3e16c000
bdcf2000
3e0dc000
3dc36000
3e676800
3d15a000
00000000
3e104800
3e01a000
3d3aa000
00000000
be13f000
3d5a6000
bdd52000
3d5ba000
00000000
3db6a000
00000000
be6c4000
00000000
be130000
bdb7a000
3dbae000
3d5be000
bd9ec000
00000000
bd4c6000
3d1ba000
00000000
bd2a0000
3e26a000
bdf06000
bd2e2000
be660000
00000000
bfb2c000
be817400
3e16a800
3d500000
be475000
be0b9800
3e412000
00000000
3d644000
3d52e000
3e46f000
bd6d6000
bd4ca000
bdde0000
bdec7000
3df99000
3d484000
3dcbd000
00000000
3e69a000
bd3bc000
bdbd0000
3deb5000
3d3c0000
bda52000
00000000
bda90000
3da14000
3e543000
be711800
be0c8800
bd876000
be2ea000
bec3c000
3dee0000
00000000
beb9b800
3d6be000
be18e800
3d484000
3d584000
3e1d8000
00000000
3d44c000
3d380000
bde56000
be212800
bde12000
bd342000
bd524000
be867000
3dcd0000
3d812000
bd2bc000
3e7b6800
00000000
bd7c0000
00000000
bd536000
3e4fc000
bd4a2000
3dcda000
be94e800
be5c2000
3dc52000
3d29a000
00000000
be33e800
3db42000
3dd32000
3d4d6000
00000000
00000000
3dbec000
bd346000
3dabc000
00000000
be2b1800
bd604000
3e260800
be262000
bd936000
3daac000
3d37c000
bdb50000
bdfa2000
3d43a000
bd2fa000
3d402000
00000000
3e1d9800
bd6c4000
00000000
3e490000
3d4f2000
3d3d0000
00000000
bd392000
bd95a000
be3d3800
3d406000
3d81a000
bdbaa000
3de12000
bdc54000
3e5a6000
bd552000
be24b800
3e037000
bdb6a000
be1b8800
bd3d0000
bd636000
3e37c000
bd37a000
be8c2800
3d5be000
00000000
be193000
3dcc6000
bde97000
3d50a000
3e7f0000
3d26a000
bda04000
bd2e2000
00000000
bd69c000
3e868000
beb53c00
3dc8e000
be1c0000
3e475000
be0b9800
3e10d800
3e2a4000
bde44000
bdd2e000
00000000
3e320800
3d4ca000
be268000
bd1da000
be266000
bd484000
3e6dc800
3db20000
00000000
bd3bc000
3e0dc000
3d1ce000
3e0d0000
3da52000
bd34e000
3da90000
00000000
3d29c000
bd40e000
bdbb6000
3d876000
3e5a4800
3ff6c000
00000000
3e400000
3e84a800
3eb0e800
3dcbe000
be163000
bd584000
00000000
3e430000
bdc4c000
bdb80000
00000000
3dd6e000
3d612000
3db42000
3e1db000
3db34000
00000000
bd812000
3e2bc000
3dc92000
3e31a000
bd7c0000
be3a4800
3d536000
3d4fc000
00000000
bd4da000
3e94e800
3d5c2000
bd452000
be540800
be235000
3d6fe000
be071800
3d532000
bd4d6000
00000000
bd7e4000
3e6e7000
bd346000
bdabc000
3d3c6000
3d642000
3de04000
00000000
3d262000
3d936000
3daac000
be09d000
be07c000
bdfa2000
3e748800
3e2fa000
be101800
00000000
be1d9800
00000000
bdf5d000
00000000
00000000
3dbd0000
be128800
be8ad800
bde07000
3e3d3800
bdc06000
3d81a000
bd3aa000
bde12000
bd454000
3d5a6000
3dd52000
bd5ba000
3daf4000
3d36a000
bdcf6000
3dbd0000
be8e1c00
3d930000
3d37a000
3d3ae000
bd5be000
bd9ec000
3d4c4000
3dcc6000
bd1ba000
3d50a000
be548000
3df9f000
be485000
3e029800
bdb80000
3e2f5000
bcc2e000
bd4f2000
3dc8e000
3d500000
be84e000
3e68a800
bdc12000
be2a4000
bde44000
bd52e000
3e04a000
bd6d6000
bd4ca000
00000000
3d9da000
be266000
bd484000
bd87e000
bd320000
3d69a000
3d3bc000
3d3d0000
bdeb5000
3d3c0000
be4e6800
be621800
be93e000
3e214000
bd29c000
3dc0e000
bdbb6000
3e076000
3d2ea000
bf3d6000
be6e0000
bd800000
3d544000
3d6be000
00000000
3e484000
00000000
bd520000
3dc30000
bdc4c000
be0a0000
00000000
bdd6e000
3d612000
3db42000
3d524000
3e067000
00000000
bd812000
3dabc000
3d492000
bd31a000
bd7c0000
bd786000
3d536000
be4fc000
be179800
00000000
bdee4000
be5c2000
bdc52000
bdfe7000
3d59c000
be6fe000
3db42000
be1e5800
be1a0800
bd824000
00000000
3e0f1000
3d346000
3e56b000
00000000
bde42000
3d604000
be5d6000
be4fa800
bd936000
bd2ac000
bd37c000
00000000
00000000
3dc3a000
bdafa000
bd402000
bdfa4000
3dd22000
bdec4000
be4cd800
bdc90000
3e1b5800
3d3d0000
be436000
bd392000
be15a000
3d976000
3e104800
3e01a000
00000000
be28d800
3dc54000
00000000
3e1fd800
bd5ba000
3e037000
bd36a000
3dcf6000
3d3d0000
3d636000
3e5c8000
00000000
bd3ae000
3d5be000
bdee2000
bd4c4000
3eb2d400
00000000
bdd0a000
bdaa0000
be26a000
bda04000
3d2e2000
3db80000
3d69c000
beadc000
3d4f2000
be16a800
be1c0000
00000000
00000000
bd412000
3de30000
be644000
bd52e000
3e04a000
bd6d6000
bdcca000
3d5e0000
3d1da000
3d266000
bd484000
bd07e000
3e058000
3de9a000
be0cd000
be8dc000
bd9ce000
bdbc0000
3df7b000
bd34e000
bdfd8000
be71e000
bd29c000
be711800
be3b6000
00000000
3daea000
c04ac000
bdee0000
3e400000
3e1f3000
00000000
3e4be000
3dc84000
3ea23000
00000000
3e124000
3dc4c000
3e660000
bd656000
3e212800
3de12000
3e071800
3e836800
bd334000
be19c000
3d812000
be80d000
3d492000
be053800
3dfc0000
00000000
be536000
3d4fc000
bdca2000
3dcda000
bd6e4000
3e899400
bdc52000
3d29a000
bd59c000
3d6fe000
bd342000
3e1e5800
00000000
3d824000
be3eb000
3dbec000
3d346000
bd2bc000
3e3c6000
3d642000
3de04000
bd5d6000
be262000
bd136000
00000000
be37c000
00000000
3dfa2000
3e12b800
bdafa000
bd402000
00000000
00000000
3d6c4000
3da3e000
00000000
bd4f2000
3e0dc000
3dc36000
be0ad800
bd15a000
3e176000
00000000
be427000
3ea34c00
bd612000
3e13f000
be23c800
00000000
bddba000
be2f4000
bd36a000
bd4f6000
bd3d0000
bec6f400
be130000
3db7a000
be3ae000
bd5be000
bd1ec000
be7f5000
3e194800
bd1ba000
be1c7800
bdff0000
00000000
00000000
3dae2000
be0a0000
3de9c000
406bc000
bdcf2000
3d48e000
bd500000
bd84e000
3dba2000
3d412000
bd630000
3de44000
bdd2e000
bd84a000
00000000
bd4ca000
3d5e0000
00000000
be4ff800
bd484000
be6dc800
3db20000
3d69a000
3e0cd000
3dbd0000
3d9ce000
be3c0000
3da52000
bdb4e000
3e290000
00000000
3da9c000
3dc0e000
bd3b6000
3e076000
3d2ea000
bea2c000
00000000
00000000
3e1f3000
00000000
00000000
3e963000
3e584000
00000000
3e124000
3dc4c000
3d380000
bd656000
bd56e000
00000000
bdb42000
3d524000
bd334000
00000000
3d812000
bdabc000
3d492000
3db1a000
bdfc0000
beba4800
3e536000
bd4fc000
00000000
00000000
3d6e4000
00000000
3e13d800
3e29a000
00000000
bdefe000
00000000
00000000
3d4d6000
bd824000
00000000
3d3ec000
3e074800
bdabc000
3e0d4800
bde42000
3e283000
3d5d6000
00000000
3d136000
bdaac000
00000000
bdb50000
be26c000
3dc3a000
be03b800
00000000
00000000
bd522000
3dec4000
3da3e000
bd490000
00000000
be3d0000
3e743800
bdb92000
3d95a000
3e3d3800
be406000
3e427000
3e694800
bde12000
3e454000
3e23c800
3d552000
00000000
bdaf4000
be644800
3d4f6000
3e0dc000
bde36000
3e130000
3d37a000
3e699800
3e24e800
be6e2000
3e193000
be7f7800
3e1ba000
3e1c7800
3e2a0000
3da6a000
3e204000
3e029800
3e0a0000
bde9c000
bf500000
bdcf2000
be96a800
00000000
bea61800
be3a2000
3e10d800
3d630000
bde44000
3dd2e000
be46f000
00000000
3dcca000
be268000
be6c7000
3da66000
3d484000
00000000
3e320000
3d69a000
be0cd000
bd3d0000
bd1ce000
be0d0000
bda52000
3e07a800
be534000
3d214000
00000000
00000000
bd3b6000
be4b1000
00000000
c028c000
3dee0000
3d800000
3dd44000
3d6be000
3d4be000
00000000
00000000
bdd20000
bd430000
3d44c000
3db80000
bde56000
3e212800
bde12000
3e342000
bdd24000
00000000
3e19c000
be012000
be56b000
be16d800
3d31a000
00000000
3e3a4800
00000000
be1bd000
bd4a2000
3e4da000
00000000
3d5c2000
3e13d800
3da9a000
3d59c000
3d6fe000
3d342000
bd532000
bd4d6000
00000000
be7e4000
3dbec000
be346000
3e00d000
bd3c6000
3d642000
bd604000
3ea60800
bda62000
3d936000
be001000
3db7c000
3e07c000
3da6c000
00000000
be03b800
bd402000
bd7a4000
3dd22000
bd6c4000
3df5d000
bd490000
be1b5800
3e3d0000
3e436000
00000000
bd95a000
3d176000
be406000
be01a000
bd3aa000
bd612000
bd454000
3dda6000
00000000
be24b800
be037000
00000000
bdcf6000
3e6c4000
00000000
3e5c8000
bdb7a000
be3ae000
3ddbe000
bd1ec000
00000000
bd4c6000
00000000
3dd0a000
3d2a0000
be91cc00
3e204000
3e029800
bdb80000
00000000
bfc08000
00000000
00000000
3dd00000
be475000
bd3a2000
bdc12000
be630000
bde44000
3e1e2800
bd84a000
bd6d6000
be4ca000
00000000
00000000
3df99000
be163000
3e29d800
3db20000
bd69a000
3d3bc000
bd3d0000
3d9ce000
bd3c0000
3df7b000
3d34e000
00000000
bda14000
bdfea000
bd40e000
00000000
be4b1000
00000000
3f47e000
be94c000
be000000
3d544000
3d6be000
bd4be000
3dc84000
bdd84000
be520000
3d430000
00000000
3db80000
3de56000
bd56e000
3d612000
be612800
3dd24000
be9cd800
3e802000
3e812000
3e2bc000
3d492000
be053800
be7c0000
00000000
be1e8800
3d4fc000
00000000
3dcda000
3d6e4000
3ddc2000
00000000
bda9a000
bdd9c000
3d6fe000
00000000
3d532000
3e1a0800
be024000
3e3eb000
bdbec000
3db46000
3e00d000
3dbc6000
3e8e9400
00000000
bd5d6000
00000000
00000000
bd2ac000
00000000
3d350000
00000000
be12b800
3d2fa000
3dc02000
bd7a4000
00000000
3dec4000
bdf5d000
3dc90000
3dcf2000
3dbd0000
3e128800
3e676800
00000000
3d176000
be104800
3d81a000
3e0bf800
bd612000
3dc54000
3d5a6000
bdd52000
3e24b800
bd2f4000
3d36a000
3dcf6000
bd3d0000
bd636000
3ddc8000
3db7a000
be699800
00000000
bd1ec000
00000000
be194800
3e697000
3dd0a000
3daa0000
bd26a000
bdf06000
3e029800
be0a0000
3e2f5000
bf85c000
3dcf2000
bdc8e000
bd500000
3e04e000
be0b9800
bdc12000
3de30000
3d644000
be1e2800
be04a000
3d6d6000
bdcca000
3d5e0000
3e6c7000
3e266000
be484000
bd87e000
bdb20000
bd69a000
3e0cd000
00000000
bd1ce000
00000000
3d252000
be34e000
bd290000
3d214000
bdfea000
00000000
3e0c8800
00000000
bd2ea000
bf00c000
bdee0000
bd800000
bdd44000
00000000
3dcbe000
bd484000
3d584000
bd520000
00000000
be75f000
3e0a0000
00000000
00000000
3e8cb400
3d342000
bdd24000
00000000
bd4d0000
3d812000
bdabc000
bd492000
3d31a000
be3d0000
3d786000
beb8f400
3d4fc000
be179800
3d4da000
3d6e4000
3ddc2000
bd452000
3da9a000
3dd9c000
3e33e800
bdb42000
3e1e5800
be1a0800
00000000
3d7e4000
00000000
00000000
3e56b000
be6b7800
bd642000
3de04000
3d5d6000
3df93000
be136000
be2ac000
bd37c000
bd350000
00000000
00000000
3d2fa000
be402000
3e3bb000
3d522000
3dec4000
00000000
3e16c000
3e1b5800
3e0dc000
3e928800
3e392000
be607000
3d176000
3d406000
bd81a000
3e0bf800
3e28d800
bd454000
be887c00
00000000
3ddba000
bd2f4000
3e08f800
3d4f6000
3e0dc000
bd636000
be5c8000
3d37a000
3d3ae000
be24e800
be8ae800
bdcc4000
be194800
00000000
3e1c7800
3dff0000
3df9f000
00000000
3d2e2000
3e0a0000
00000000
bf27a000
3d4f2000
3e16a800
be1c0000
be84e000
3e68a800
be412000
00000000
00000000
3e1e2800
bd84a000
bded6000
3dcca000
be268000
bd9da000
bdf99000
3dc84000
3d07e000
bd320000
bd69a000
3e3bc000
bea56000
3e6b5000
bd3c0000
bd252000
be34e000
3da90000
bda14000
bd29c000
00000000
3dbb6000
3e4b1000
00000000
bf894000
be6e0000
3e400000
bdd44000
bd6be000
00000000
3dc84000
00000000
00000000
3dc30000
3d44c000
bd380000
3de56000
3d56e000
00000000
3db42000
3e836800
be067000
be802000
3e012000
3dabc000
3dc92000
3e053800
bd7c0000
3df86000
bdd36000
bd4fc000
bdca2000
3d4da000
3d6e4000
3ea51800
bdc52000
bda9a000
be235000
3e33e800
be071800
bd532000
00000000
bd824000
3dfe4000
3dbec000
3d346000
3dabc000
3e0d4800
be642000
bde04000
be260800
bda62000
bddd1000
be801000
bd37c000
3e624000
3dfa2000
be12b800
be2fa000
00000000
00000000
00000000
3d6c4000
3da3e000
00000000
00000000
bdbd0000
3e436000
3e8ad800
bd95a000
be176000
3dc06000
be427000
be0bf800
bd612000
3d454000
3dda6000
3dd52000
bd5ba000
be995800
be644800
3d4f6000
3e0dc000
bde36000
00000000
00000000
be0c2800
bddbe000
00000000
00000000
3e194800
be1ba000
00000000
bdff0000
bdf9f000
bd204000
bd2e2000
00000000
3e2f5000
c0594000
00000000
3eafc400
3e9c0000
be475000
be0b9800
3e412000
3d630000
bde44000
3d52e000
be04a000
3e6d6000
bd4ca000
bd5e0000
00000000
3d266000
00000000
bdcbd000
be320000
3de9a000
be0cd000
3d3d0000
3e6b5000
3e3c0000
be252000
3d34e000
3d290000
3e214000
be29c000
3d40e000
3e3b6000
be076000
be5a4800
c02f8000
00000000
3e400000
be1f3000
3debe000
be18e800
00000000
bd584000
3dd20000
3d430000
be44c000
be660000
3de56000
bdd6e000
3e612000
3db42000
00000000
3d334000
be19c000
3e012000
bd2bc000
bd492000
bd31a000
00000000
bdf86000
3dd36000
3dcfc000
bdca2000
00000000
3e32b000
bd5c2000
be13d800
bda9a000
bd59c000
bd6fe000
00000000
3e532000
be4d6000
00000000
bd7e4000
3d3ec000
be346000
be00d000
3dbc6000
bde42000
3d604000
3d5d6000
be4fa800
be383800
3e801000
be09d000
bd350000
3e26c000
3e12b800
be03b800
bdc02000
3d7a4000
00000000
bdec4000
be23e000
3dc90000
3d4f2000
00000000
bdc36000
3d392000
00000000
be3d3800
bd406000
be427000
3e8bf800
00000000
be13f000
bd5a6000
3d552000
00000000
3e037000
00000000
3d4f6000
00000000
be2a8800
bd130000
3e89b800
3d3ae000
3e896c00
00000000
be193000
3d4c6000
3d9ba000
be9c7800
3dff0000
bda6a000
00000000
bd2e2000
be380000
bd69c000
bf72e000
bdcf2000
3dc8e000
3d500000
be84e000
00000000
3e10d800
3e630000
00000000
00000000
00000000
3d6d6000
3d4ca000
00000000
bd9da000
00000000
3dc84000
3dcbd000
00000000
3e2f3800
3e0cd000
be0dc000
be894400
3dbc0000
3e252000
be07a800
00000000
be214000
bda9c000
bdc0e000
00000000
be4b1000
3e2ea000
c04da000
00000000
bd800000
be1f3000
00000000
bdcbe000
bdc84000
00000000
00000000
3d430000
3dc4c000
be0a0000
bd656000
3e56e000
bde12000
3db42000
3e1db000
3e067000
3e19c000
be812000
be964800
be16d800
00000000
3dfc0000
00000000
3dd36000
bd4fc000
bdca2000
3e4da000
3d6e4000
3d5c2000
3d452000
be540800
bd59c000
00000000
be071800
00000000
bdcd6000
be436000
bede7800
bdbec000
3e346000
00000000
3d3c6000
3e2b1800
3de04000
bd5d6000
00000000
3e5d1000
3e801000
bdb7c000
3db50000
00000000
00000000
bd2fa000
bd402000
be3bb000
3d522000
3e313000
bdf5d000
bdc90000
bd4f2000
3d3d0000
be128800
3e392000
3de07000
bd176000
3d406000
00000000
bdbaa000
00000000
be769000
3e887c00
00000000
bd5ba000
bdaf4000
3e644800
bdcf6000
bd3d0000
be2a8800
3ddc8000
3db7a000
bd3ae000
00000000
3d9ec000
00000000
3e194800
3de97000
3e50a000
bd2a0000
3e79f000
3df06000
3dae2000
3d380000
3e921800
c0338000
be1b5800
bdc8e000
3e1c0000
3e04e000
3d3a2000
bd412000
3de30000
bde44000
3d52e000
bd84a000
3d6d6000
be197800
3d5e0000
be1da000
bdf99000
3e484000
3d07e000
3e5e8000
3d69a000
3d3bc000
be6c4000
3e1ce000
00000000
3da52000
3e34e000
bda90000
00000000
3da9c000
3e711800
00000000
3d876000
3d2ea000
40804000
00000000
00000000
beb9b800
be30e800
00000000
00000000
be223000
00000000
3d430000
3dc4c000
be380000
bde56000
be56e000
bd612000
be342000
be1db000
3d334000
3e19c000
be012000
bdabc000
3e492000
bdb1a000
be9d8000
3df86000
00000000
3dcfc000
3d4a2000
3dcda000
be32b000
bd5c2000
3d452000
3d29a000
be235000
3defe000
3d342000
3d532000
00000000
3d824000
bdfe4000
3d3ec000
3d346000
3dabc000
bdbc6000
3d642000
3de04000
00000000
3e915c00
bd136000
3d2ac000
3d37c000
be07c000
00000000
3dc3a000
3e03b800
3e402000
3e3bb000
be522000
3d6c4000
3d23e000
3e16c000
3dcf2000
00000000
bd436000
be0ad800
3de07000
be176000
00000000
3e01a000
bdbaa000
be28d800
bd454000
bd5a6000
3d552000
3ec02c00
be837000
bd36a000
3e1b8800
3e0dc000
bde36000
3d130000
3e658800
be699800
bddbe000
be6e2000
3d4c4000
00000000
3de97000
bd50a000
00000000
be26a000
bdf06000
bd2e2000
3db80000
00000000
bfac2000
3d4f2000
be7b1800
3d500000
3d84e000
3e3a2000
3e716800
bd630000
bde44000
3dd2e000
be04a000
bd6d6000
3d4ca000
3dde0000
3d1da000
3d266000
3e163000
bd87e000
bd320000
bd69a000
00000000
3d3d0000
be1ce000
3d3c0000
bda52000
3d34e000
be534000
be8d1800
bd29c000
3e10a800
be0c8800
bd876000
3e2ea000
c00b4000
3d6e0000
3d800000
bd544000
bd6be000
be4be000
3d484000
3d584000
3dd20000
be124000
3dc4c000
be0a0000
be656000
3e56e000
3e28d800
be342000
00000000
00000000
00000000
be41b000
3d2bc000
bdc92000
3e9b6c00
bdfc0000
00000000
bd536000
be4fc000
be4a2000
00000000
bdee4000
3d5c2000
bd452000
3d29a000
bd59c000
bdefe000
3db42000
3e532000
bdcd6000
3e436000
be3eb000
be0f1000
3d346000
3d2bc000
3e6b7800
3d642000
be283000
3d5d6000
00000000
00000000
bd2ac000
00000000
00000000
00000000
be43a000
3e03b800
00000000
3e3bb000
3d522000
00000000
bdf5d000
3e490000
bd4f2000
3dbd0000
bd436000
bdb92000
3d95a000
bde31000
3dc06000
be427000
3d3aa000
3e612000
be13f000
3d5a6000
3e1fd800
bd5ba000
00000000
00000000
3d4f6000
be0dc000
3de36000
3d930000
00000000
3d3ae000
bd5be000
00000000
3e7f5000
3d4c6000
3e1ba000
3d50a000
3d2a0000
bd26a000
3d204000
be59a800
3db80000
3e69c000
bf834000
bdcf2000
3dc8e000
bdd00000
3e04e000
00000000
bdc12000
bd630000
bde44000
bd52e000
bd84a000
be320800
be197800
bdde0000
3e1da000
3d266000
bdc84000
3dcbd000
be058000
3e920400
00000000
3dbd0000
3d9ce000
bd3c0000
00000000
be07a800
3da90000
3e499000
bd29c000
bdc0e000
3d3b6000
be4b1000
3d2ea000
4003c000
3d6e0000
3d800000
00000000
3debe000
3dcbe000
bdc84000
be872800
bdd20000
3dc30000
bd44c000
3e380000
3de56000
be212800
be28d800
3d342000
3d524000
3e601000
3e19c000
00000000
3dabc000
3e492000
be053800
bdfc0000
bd786000
bd536000
be81d800
3e179800
3dcda000
3dee4000
3e5c2000
3e766800
bdfe7000
be235000
00000000
bd342000
00000000
00000000
be436000
3d7e4000
00000000
be874800
00000000
3d3c6000
3de42000
00000000
00000000
3d262000
bd136000
00000000
3e09d000
bdb50000
3e507000
bd43a000
be03b800
bd402000
00000000
00000000
3d6c4000
3d23e000
3e16c000
3e1b5800
3e3d0000
bdc36000
3e0ad800
3e3b0800
3d176000
00000000
3e01a000
be3aa000
3ec4fc00
3e13f000
3d5a6000
bd552000
bddba000
3d2f4000
bdb6a000
3d4f6000
be8dc000
3d636000
3e130000
3e09b800
00000000
00000000
3d9ec000
bd4c4000
00000000
3e428800
3dd0a000
3d2a0000
bd26a000
3da04000
3dae2000
00000000
3e69c000
3f254000
3dcf2000
bd48e000
3dd00000
3d84e000
3d3a2000
00000000
3e630000
3e2b3000
bdd2e000
00000000
bd6d6000
3d4ca000
00000000
bd1da000
bda66000
3d484000
bd87e000
bdb20000
00000000
3dbbc000
3d3d0000
bdeb5000
bd3c0000
00000000
be07a800
3da90000
3e499000
be543000
bd40e000
00000000
3e4b1000
3d2ea000
3fa56000
bdee0000
3d800000
be1f3000
bd6be000
00000000
3d484000
be223000
be834000
3e124000
3d44c000
3e660000
bd656000
00000000
bde12000
3e612800
3dd24000
bd334000
3e19c000
bd812000
bd2bc000
bdc92000
bdb1a000
bdfc0000
3d786000
bd536000
3d4fc000
3dca2000
bd4da000
bed07800
3e251800
bdc52000
3d29a000
3d59c000
00000000
00000000
00000000
bd4d6000
3e024000
bdfe4000
3e3ec000
3e346000
00000000
bdbc6000
00000000
3de04000
bddd6000
3df93000
bd936000
bdaac000
00000000
bdb50000
3d26c000
3d43a000
be03b800
3d402000
3d7a4000
be522000
00000000
00000000
bd490000
3e1b5800
3ea56000
3e436000
00000000
3e607000
3de31000
3dc06000
3d81a000
00000000
bd612000
bd454000
3dda6000
be1fd800
3e5ba000
bd2f4000
3e36a000
bdcf6000
be0dc000
3de36000
bd130000
be37a000
3e3ae000
3ddbe000
3e1ec000
3dcc4000
3dcc6000
3e1ba000
bd50a000
bdaa0000
3df9f000
3d204000
be029800
3db80000
3de9c000
4000e000
3e1b5800
be48e000
3d500000
be04e000
3e0b9800
00000000
bd630000
be644000
bd52e000
be04a000
bd6d6000
3e197800
00000000
3dec7000
3da66000
be163000
be07e000
3db20000
bde9a000
00000000
3e3d0000
3deb5000
00000000
3da52000
3d34e000
00000000
00000000
00000000
3d40e000
00000000
00000000
3d2ea000
3fbb4000
3e328000
be000000
3dd44000
bdebe000
bdcbe000
be163000
bd584000
3dd20000
3e430000
3e44c000
bd380000
00000000
3e56e000
3de12000
3e071800
be1db000
3db34000
3e99c000
be012000
be56b000
be7b6800
3e31a000
bd7c0000
3d786000
3dd36000
3d4fc000
bd4a2000
bd4da000
be32b000
00000000
be13d800
bd29a000
bdd9c000
be33e800
3e9d9c00
3d532000
3dcd6000
00000000
3d7e4000
3e0f1000
00000000
3dabc000
3d3c6000
3d642000
00000000
3ddd6000
3da62000
3e383800
3e801000
3db7c000
3db50000
bda6c000
be12b800
be03b800
3e702800
bd7a4000
00000000
3dec4000
3da3e000
3dc90000
00000000
3d3d0000
3d436000
be676800
bd95a000
3d976000
3d406000
3d81a000
3dbaa000
bde12000
bd454000
3dda6000
00000000
3d5ba000
3e2f4000
3e36a000
3dcf6000
3dbd0000
be2a8800
00000000
3e658800
be3ae000
3ddbe000
3dee2000
3d4c4000
be994800
be428800
be1c7800
be2a0000
3da6a000
bd204000
00000000
bd380000
3de9c000
3f4f8000
00000000
be16a800
3d500000
3e04e000
3dba2000
3dc12000
be2a4000
bd644000
00000000
3e04a000
00000000
be4ca000
00000000
00000000
bda66000
00000000
3e4bd000
bdb20000
be69a000
bd3bc000
3e3d0000
00000000
3d3c0000
3da52000
3d34e000
3dfd8000
3e499000
be7ea000
bd40e000
3ea3f400
00000000
be02f800
3fd62000
3e328000
00000000
3dd44000
3d6be000
3e4be000
00000000
be584000
bdd20000
3d430000
00000000
00000000
3d656000
3ea12800
bde12000
3db42000
3e1db000
3db34000
3d4d0000
3e812000
00000000
bdc92000
00000000
bdfc0000
3ed95400
be536000
bdcfc000
3d4a2000
3dcda000
3e6e4000
3e251800
be766800
3d29a000
bd59c000
bdefe000
bdb42000
bdd32000
00000000
be024000
3e3eb000
bdbec000
3d346000
bdabc000
be0d4800
3d642000
bd604000
00000000
bd262000
00000000
3d2ac000
bdb7c000
00000000
be507000
be12b800
3e2fa000
00000000
3dfa4000
3d522000
3e313000
3d23e000
3d490000
3d4f2000
bd3d0000
3d436000
3d392000
3e3b0800
3e176000
3d406000
be01a000
3dbaa000
00000000
3d454000
00000000
3d552000
bddba000
3d2f4000
be644800
bd4f6000
bdbd0000
3d636000
bddc8000
be37a000
3e0c2800
3ddbe000
bd1ec000
bdcc4000
bd4c6000
00000000
bdd0a000
bdff0000
bd26a000
bdf06000
be2e2000
3db80000
bd69c000
3fbbc000
3e1b5800
be16a800
bdd00000
bd84e000
3e3a2000
3d412000
beaa4000
3de44000
bd52e000
00000000
bded6000
bdcca000
00000000
3e6c7000
bda66000
bdc84000
3e07e000
be5e8000
00000000
be3bc000
be0dc000
3deb5000
3dbc0000
3da52000
bdb4e000
bd290000
bda14000
bda9c000
bd40e000
00000000
3d876000
3e5a4800
400de000
3ed04000
bd800000
00000000
3e6be000
3dcbe000
3dc84000
bd584000
be9d8000
be124000
00000000
be0a0000
3d656000
3d56e000
bd612000
3d342000
be1db000
be067000
be4d0000
bd812000
3e56b000
bd492000
be853800
00000000
bd786000
bd536000
3d4fc000
00000000
bdcda000
bdee4000
3e251800
3dc52000
3e29a000
bdd9c000
3defe000
3e342000
3dd32000
bd4d6000
3d824000
3d7e4000
bdbec000
3e074800
3e56b000
00000000
bd642000
3d604000
be5d6000
3df93000
bd136000
3d2ac000
3d37c000
3db50000
3dfa2000
be43a000
bdafa000
bd402000
bdfa4000
bdd22000
3d6c4000
3da3e000
3dc90000
3dcf2000
bdbd0000
3dc36000
3e0ad800
3e15a000
bd976000
3dc06000
00000000
00000000
be28d800
3e93f000
3dda6000
bd552000
3ddba000
be037000
bdb6a000
3d4f6000
bd3d0000
be8e1c00
00000000
3d37a000
3ea38400
3d5be000
00000000
00000000
bd4c6000
3e428800
3e1c7800
bdaa0000
bd26a000
be204000
be2e2000
00000000
3e921800
bf04e000
bdcf2000
3dc8e000
3dd00000
00000000
3d3a2000
be716800
3de30000
00000000
00000000
3d84a000
3d6d6000
3dcca000
3dde0000
be1da000
3d266000
bd484000
3e4bd000
3e058000
3de9a000
3e0cd000
00000000
00000000
3e8d0000
00000000
00000000
bd290000
bdf1e000
00000000
3e10a800
3dbb6000
bd876000
bdaea000
3fa74000
3d6e0000
3d800000
be1f3000
be30e800
3dcbe000
3d484000
bd584000
3dd20000
bd430000
00000000
3db80000
3d656000
be56e000
bde12000
3d342000
3d524000
bdb34000
00000000
3e812000
be00d000
bdc92000
bdb1a000
bd7c0000
00000000
3e536000
3dcfc000
00000000
3e9a3800
3dee4000
3d5c2000
bd452000
3dfe7000
3d59c000
be6fe000
00000000
00000000
3dcd6000
3e436000
3e3eb000
bd3ec000
00000000
bdabc000
3e6b7800
3d642000
bde04000
3ddd6000
00000000
be383800
bd2ac000
00000000
3db50000
3e26c000
3e748800
3e5b8800
3d402000
3d7a4000
3e1d9800
00000000
bda3e000
bd490000
be4f2000
3e6c4000
3dc36000
bdb92000
00000000
00000000
3dc06000
3d81a000
be694800
bde12000
bd454000
3e887c00
00000000
bddba000
3daf4000
3e36a000
bdcf6000
bdbd0000
bd636000
00000000
be09b800
00000000
3e5be000
bd1ec000
be993000
bd4c6000
3e428800
bdd0a000
bdff0000
bdf9f000
3e485000
bd2e2000
bd380000
00000000
bfe56000
bd4f2000
be48e000
3dd00000
be475000
be0b9800
bd412000
3e8de000
be2b3000
3d52e000
be84a000
3e320800
3e197800
3dde0000
bd9da000
3e266000
3d484000
3d07e000
be5e8000
be69a000
00000000
3dbd0000
bd1ce000
3dbc0000
bda52000
3d34e000
3da90000
be71e000
3da9c000
bd40e000
3d3b6000
bd876000
bdaea000
be846000
bd6e0000
3d800000
be1f3000
bd6be000
3d4be000
3e163000
3ea23000
3d520000
3dc30000
3e939000
be0a0000
3de56000
3d56e000
bd612000
3e071800
00000000
be334000
3dcd0000
00000000
3d2bc000
00000000
be053800
be7c0000
bd786000
bdd36000
3d4fc000
3d4a2000
3dcda000
3d6e4000
3d5c2000
3dc52000
3e946c00
00000000
3d6fe000
3d342000
3e1e5800
3e4d6000
be824000
bd7e4000
bdbec000
3e074800
bdabc000
00000000
bd642000
bde04000
00000000
be4fa800
3d936000
3d2ac000
00000000
3e07c000
00000000
bd43a000
3e2fa000
3dc02000
bd7a4000
bdd22000
bdec4000
3d23e000
00000000
bd4f2000
00000000
00000000
bd392000
3e3b0800
3d176000
3d406000
bd81a000
be694800
3de12000
bd454000
3dda6000
3d552000
be5ba000
3daf4000
bdb6a000
bdcf6000
00000000
3de36000
3e37c000
3d37a000
be0c2800
be24e800
be6e2000
3d4c4000
bd4c6000
00000000
00000000
bd2a0000
3df9f000
bda04000
3d2e2000
bdb80000
be69c000
bf962000
be4f2000
3dc8e000
00000000
00000000
bd3a2000
bdc12000
bd630000
3de44000
00000000
be04a000
00000000
3d4ca000
3dde0000
be6c7000
be266000
bd484000
bd87e000
3d320000
00000000
3d3bc000
bdbd0000
bd9ce000
bdbc0000
bd252000
3e07a800
3dfd8000
bda14000
be29c000
bdc0e000
be3b6000
3e076000
3e02f800
c02e0000
bd6e0000
bd800000
3d544000
3e30e800
00000000
bdc84000
bdd84000
00000000
3e124000
3e139000
bdb80000
00000000
00000000
00000000
3db42000
3dd24000
be601000
3e19c000
3d812000
bd2bc000
bd492000
00000000
3d7c0000
3d786000
00000000
bdcfc000
3d4a2000
bd4da000
3dee4000
bd5c2000
3d452000
3dfe7000
be235000
3d6fe000
3d342000
bdd32000
be1a0800
00000000
bd7e4000
3d3ec000
be9dd400
3d2bc000
bdbc6000
be2b1800
00000000
3d5d6000
3e4fa800
bd136000
3daac000
be65b000
00000000
00000000
3e43a000
be99ac00
00000000
be7a4000
00000000
be313000
3df5d000
3d490000
be1b5800
3e8dc000
bdc36000
bd392000
00000000
be631000
bdc06000
00000000
be3aa000
3de12000
be93f000
bdda6000
3d552000
bddba000
3d2f4000
bd36a000
00000000
3e3d0000
bde36000
bd930000
be658800
3dbae000
3ddbe000
3d1ec000
bd4c4000
bdcc6000
3d1ba000
be1c7800
3d2a0000
00000000
be204000
3e029800
3db80000
3d69c000
3fefc000
be1b5800
be48e000
00000000
3e04e000
bd3a2000
bd412000
00000000
3d644000
bd52e000
3e46f000
3ecfb400
3dcca000
be5e0000
00000000
3e266000
3dc84000
00000000
be058000
bde9a000
bdbbc000
3dbd0000
bdeb5000
3e3c0000
3df7b000
3db4e000
3dfd8000
be214000
be948800
00000000
3d3b6000
be076000
bd2ea000
402be000
be328000
00000000
3e1f3000
3d6be000
00000000
3d484000
3e223000
00000000
bdc30000
3e75f000
3d380000
bd656000
be212800
3e612000
3e071800
bdd24000
3d334000
bd4d0000
bd812000
3dabc000
3e7b6800
3e5e0800
00000000
3df86000
bd536000
bdcfc000
be4a2000
00000000
3d6e4000
bd5c2000
bdc52000
3e540800
3dd9c000
00000000
bd342000
be1e5800
3dcd6000
3e024000
3ebeb000
3d3ec000
3db46000
bdabc000
3dbc6000
3d642000
bd604000
00000000
bda62000
be136000
be2ac000
be65b000
3db50000
be7a2000
3d43a000
3d2fa000
be402000
00000000
00000000
00000000
3d23e000
3e490000
bd4f2000
00000000
3d436000
3e0ad800
3e15a000
3d976000
00000000
be01a000
be3aa000
3d612000
3d454000
3dda6000
00000000
be5ba000
be037000
be36a000
beb57400
3d3d0000
3d636000
3e130000
be09b800
be0c2800
bddbe000
3dee2000
bdcc4000
bd4c6000
3e1ba000
bd50a000
3daa0000
be79f000
00000000
bd2e2000
00000000
be2f5000
3e90e000
3d4f2000
be16a800
3d500000
be84e000
00000000
00000000
be2a4000
3e2b3000
3e1e2800
be84a000
bd6d6000
3dcca000
bec24000
00000000
3da66000
bdc84000
bdcbd000
00000000
be2f3800
bd3bc000
be3d0000
3d9ce000
bd3c0000
3e4e6800
3e07a800
00000000
3e214000
3e29c000
3dc0e000
00000000
be876000
3e5a4800
bd228000
bd6e0000
be400000
bd544000
3e6be000
3d4be000
bdc84000
bdd84000
be1d8000
be73c000
3e44c000
3d380000
bde56000
3e212800
be612000
3e612800
00000000
3db34000
be19c000
00000000
be2bc000
00000000
be053800
3dfc0000
00000000
bdd36000
bdcfc000
3d4a2000
3dcda000
be6e4000
bd5c2000
3d452000
00000000
3d59c000
be33e800
bd342000
be1e5800
3e4d6000
bd824000
be3eb000
3e6e7000
be074800
3d2bc000
bdbc6000
be8e9400
bde04000
00000000
3d262000
3ddd1000
3d2ac000
00000000
be350000
bd26c000
00000000
3dafa000
bd402000
3d7a4000
00000000
3e93a800
be8f6400
be16c000
3d4f2000
3d3d0000
be128800
00000000
bd15a000
bd176000
bd406000
00000000
be0bf800
3d612000
00000000
00000000
00000000
3e24b800
be5b1000
3db6a000
00000000
3e6c4000
3e8e1c00
be37c000
3d37a000
bdbae000
3d5be000
bd1ec000
00000000
be7f7800
3e428800
be9c7800
3e2a0000
3d26a000
be485000
bd2e2000
be380000
bde9c000
be620000
3dcf2000
be48e000
bdd00000
bd84e000
be68a800
be716800
be630000
bd644000
3d52e000
bd84a000
bded6000
be7fc800
bd5e0000
3d1da000
3e266000
3dc84000
3e07e000
be058000
be2f3800
00000000
bd3d0000
be441800
3e0d0000
00000000
bd34e000
3d290000
3e499000
3da9c000
bdc0e000
bdbb6000
3d876000
bd2ea000
bfc46000
00000000
3e000000
00000000
bd6be000
bd4be000
3dc84000
3e584000
bd520000
be924000
00000000
3e660000
bde56000
3e864c00
bde12000
3e071800
bdd24000
bd334000
3dcd0000
00000000
be00d000
bdc92000
00000000
bd7c0000
3e3a4800
bdd36000
be4fc000
00000000
3e4da000
be32b000
00000000
3d452000
3d29a000
00000000
bd6fe000
bdb42000
3e1e5800
3e1a0800
00000000
bd7e4000
bd3ec000
3e617800
3d2bc000
3e0d4800
00000000
3de04000
00000000
00000000
3ddd1000
3e001000
00000000
be350000
bd26c000
bd43a000
bd2fa000
00000000
bd7a4000
bd522000
00000000
3df5d000
3dc90000
00000000
bdbd0000
bd436000
bdb92000
3d15a000
3de31000
3e406000
3e01a000
00000000
3de12000
3dc54000
be5a6000
3dd52000
00000000
3d2f4000
bdb6a000
bd4f6000
00000000
3d636000
3d130000
bd37a000
3d3ae000
bd5be000
bd9ec000
bd4c4000
3dcc6000
3d9ba000
bd50a000
bdff0000
3df9f000
3e485000
00000000
be0a0000
bd69c000
bfae6000
3dcf2000
3d48e000
be1c0000
be475000
bdba2000
00000000
be2a4000
3e2b3000
3dd2e000
3d84a000
3ded6000
3d4ca000
3d5e0000
bd9da000
3da66000
3dc84000
3d07e000
bd320000
3de9a000
3d3bc000
be3d0000
3d1ce000
bd3c0000
00000000
bd34e000
3d290000
3d214000
3e29c000
be10a800
bd3b6000
bd876000
3d2ea000
bf0b0000
be328000
00000000
3e544000
00000000
bd4be000
3d484000
be223000
3d520000
bd430000
bdc4c000
3e0a0000
3e2c0800
00000000
00000000
be071800
bdd24000
bdb34000
bdcd0000
3d812000
3e80d000
3d492000
be053800
3d7c0000
bd786000
bdd36000
00000000
bdca2000
3e4da000
3d6e4000
bd5c2000
3d452000
3e29a000
bdd9c000
3e33e800
3db42000
00000000
3e1a0800
3d824000
00000000
be3ec000
be074800
00000000
bdbc6000
bde42000
bea83000
00000000
bdf93000
be5d1000
bdaac000
00000000
bdb50000
bd26c000
3d43a000
00000000
00000000
00000000
be522000
bdec4000
bd23e000
00000000
3e1b5800
3e0dc000
3e436000
3e0ad800
bd15a000
be3d3800
be406000
3e01a000
bd3aa000
bd612000
be13f000
bdda6000
00000000
bd5ba000
3d2f4000
00000000
bd4f6000
be0dc000
3d636000
be130000
00000000
bd3ae000
3ddbe000
00000000
3d4c4000
be194800
3de97000
3e1c7800
bd2a0000
bd26a000
3d204000
3dae2000
3db80000
00000000
be4ea000
3e4f2000
bd48e000
3d500000
3d84e000
be68a800
00000000
00000000
bd644000
3dd2e000
3d84a000
3d6d6000
3d4ca000
3dde0000
be6c7000
3e799000
3d484000
3e29d800
be320000
3de9a000
3dbbc000
3dbd0000
00000000
be3c0000
3df7b000
3d34e000
3d290000
00000000
3da9c000
bdc0e000
bdbb6000
00000000
bdaea000
bf5b0000
3e94c000
00000000
3dd44000
3d6be000
bdcbe000
be484000
3d584000
3e1d8000
3e924000
be44c000
3e0a0000
bde56000
bd56e000
3d612000
3d342000
bdd24000
3e867000
bd4d0000
00000000
be00d000
3e7b6800
3d31a000
00000000
bd786000
3d536000
bdcfc000
bd4a2000
be1a3800
bd6e4000
3ea51800
3d452000
be29a000
3d59c000
bdefe000
3d342000
be9e5800
3eb3b400
bd824000
bd7e4000
bd3ec000
bd346000
be2bc000
bd3c6000
bde42000
3e283000
bd5d6000
be793000
bddd1000
00000000
3d37c000
3db50000
3da6c000
00000000
bdafa000
3d402000
00000000
3d522000
3e313000
3df5d000
be7b4000
bd4f2000
bdbd0000
3dc36000
bd392000
bd95a000
bd176000
bdc06000
3e01a000
3d3aa000
3de12000
00000000
be887c00
00000000
3ddba000
3e5b1000
be08f800
3dcf6000
3e8dc000
3d636000
bd930000
3d37a000
00000000
bddbe000
3d9ec000
00000000
bd4c6000
bd9ba000
3d50a000
bdaa0000
3e26a000
bd204000
3dae2000
be380000
bd69c000
3fbb2000
3d4f2000
3dc8e000
3dd00000
3d84e000
3dba2000
3d412000
3e2a4000
3d644000
3dd2e000
be04a000
bded6000
3dcca000
bd5e0000
3d9da000
3e266000
be163000
bd87e000
bd320000
00000000
bd3bc000
3e6c4000
bd9ce000
bdbc0000
3e252000
bdb4e000
3e7d8000
3d214000
00000000
bd40e000
3dbb6000
be076000
be02f800
c0276000
00000000
3e000000
00000000
3e6be000
bd4be000
00000000
bdd84000
bd520000
bd430000
3dc4c000
00000000
3e656000
00000000
3de12000
bd342000
00000000
be867000
3eb36000
3d812000
3e2bc000
be16d800
3e053800
3d7c0000
00000000
bd536000
bdcfc000
3dca2000
3d4da000
bd6e4000
be5c2000
00000000
00000000
3d59c000
bd6fe000
bd342000
3e532000
be1a0800
3e024000
3dfe4000
bdbec000
3d346000
3e56b000
bdbc6000
3e2b1800
3d604000
bd5d6000
bdf93000
bd936000
3e801000
bd37c000
00000000
00000000
be43a000
bd2fa000
bd402000
bd7a4000
3eb7dc00
bd6c4000
3e8f6400
be96c000
bd4f2000
be0dc000
3d436000
be392000
bd95a000
3e176000
3d406000
3d81a000
3e8bf800
bde12000
3e454000
3e23c800
3dd52000
bddba000
00000000
be9fcc00
bd4f6000
be3d0000
3de36000
00000000
bdb7a000
bdbae000
00000000
bd9ec000
bdcc4000
3d4c6000
00000000
3dd0a000
00000000
3e504800
3d204000
3dae2000
3e0a0000
00000000
becc2000
3d4f2000
00000000
3dd00000
be04e000
3d3a2000
3e716800
3de30000
3d644000
3dd2e000
3d84a000
bded6000
3e7fc800
3d5e0000
be1da000
3da66000
bd484000
be29d800
3d320000
3e2f3800
00000000
3e8dc000
bd9ce000
00000000
bda52000
00000000
00000000
3df1e000
be948800
be40e000
00000000
3e076000
bd2ea000
bfd44000
bd6e0000
00000000
3dd44000
00000000
3e4be000
3dc84000
3e223000
bd520000
3d430000
00000000
3e380000
be2c0800
bdd6e000
bd612000
00000000
bd524000
00000000
3d4d0000
3e41b000
bd2bc000
3dc92000
3db1a000
3d7c0000
bd786000
3d536000
3e9bd000
bdca2000
3d4da000
3dee4000
3d5c2000
3e766800
3da9a000
bdd9c000
3e6fe000
00000000
3e83f400
3d4d6000
00000000
00000000
3e6e7000
bd346000
be00d000
3dbc6000
3de42000
be8c2800
3d5d6000
3e262000
3ddd1000
3d2ac000
bd37c000
00000000
00000000
be43a000
00000000
be901800
be3bb000
3d522000
bdec4000
3da3e000
be16c000
3d4f2000
bdbd0000
3d436000
3d392000
bd95a000
3d976000
00000000
bd81a000
3e694800
be612000
00000000
3e23c800
3d552000
00000000
3daf4000
be88f800
3e1b8800
3e0dc000
be636000
bd930000
bd37a000
3e3ae000
be5be000
3e1ec000
3d4c4000
3e194800
3de97000
bd50a000
bdaa0000
00000000
bda04000
3e59a800
3d380000
bde9c000
bf086000
3dcf2000
bd48e000
00000000
00000000
bd3a2000
00000000
beaa4000
3d644000
3e1e2800
3d84a000
bd6d6000
bdcca000
00000000
bd1da000
00000000
bdc84000
be4bd000
3db20000
3e920400
bdbbc000
bd3d0000
00000000
3dbc0000
bda52000
00000000
bda90000
3df1e000
3e29c000
3dc0e000
3e3b6000
3d876000
be02f800
bfb46000
bd6e0000
be000000
3e1f3000
be30e800
bd4be000
3e484000
3e223000
3e834000
3dc30000
00000000
00000000
00000000
be864c00
3d612000
bdb42000
3d524000
00000000
be4d0000
3d812000
3e2bc000
bd492000
bd31a000
bd7c0000
3e3a4800
be9e8800
bdcfc000
3dca2000
bdcda000
3e32b000
bd5c2000
bd452000
bd29a000
3d59c000
00000000
3d342000
be1e5800
3e4d6000
be024000
3dfe4000
3dbec000
bd346000
be2bc000
bdbc6000
bd642000
00000000
bd5d6000
3da62000
3d936000
3d2ac000
bdb7c000
be87c000
be26c000
3d43a000
3dafa000
bdc02000
be3bb000
bd522000
3dec4000
3d23e000
3e16c000
00000000
bd3d0000
3dc36000
00000000
3d15a000
3de31000
3e104800
3e01a000
bdbaa000
be28d800
3e454000
bdda6000
3dd52000
00000000
be037000
bd36a000
3e1b8800
00000000
3de36000
3d930000
bd37a000
be3ae000
bec06400
00000000
bd4c4000
be194800
be428800
bd50a000
bd2a0000
bd26a000
3da04000
3d2e2000
bdb80000
3e2f5000
40104000
bd4f2000
00000000
3d500000
00000000
bdba2000
be412000
3d630000
bde44000
3d52e000
3e04a000
bd6d6000
bd4ca000
3dde0000
bd1da000
be266000
3d484000
bd07e000
3e320000
3e920400
3d3bc000
00000000
bdeb5000
be0d0000
bd252000
bd34e000
be290000
bd214000
bda9c000
00000000
be6a3800
3ea93800
3e82f800
404dc000
3e328000
00000000
bdd44000
3e6be000
3e18e800
3d484000
3d584000
3e834000
bdc30000
00000000
bd380000
bde56000
3e56e000
bd612000
be871800
bd524000
bdb34000
3dcd0000
3e41b000
3e00d000
be7b6800
3e053800
3d7c0000
3d786000
3d536000
00000000
00000000
00000000
3d6e4000
3ea51800
be13d800
bda9a000
bd59c000
3d6fe000
3db42000
bd532000
3dcd6000
bd824000
be3eb000
be6e7000
bdb46000
bd2bc000
3e6b7800
3e2b1800
00000000
3ddd6000
3da62000
bddd1000
be2ac000
bd37c000
3d350000
3da6c000
bd43a000
3dafa000
3d402000
3d7a4000
3e1d9800
be93a800
3df5d000
bdc90000
beb53c00
be0dc000
bdc36000
3e0ad800
bd15a000
bd976000
3e406000
00000000
3d3aa000
00000000
00000000
bd5a6000
00000000
3d5ba000
bd2f4000
bd36a000
bd4f6000
00000000
3e2a8800
be130000
be37a000
00000000
3d5be000
bd1ec000
3dcc4000
bd4c6000
3de97000
bd50a000
bdff0000
3e26a000
be204000
3e2e2000
3d380000
bd69c000
3fa6c000
3dcf2000
bd48e000
bdd00000
00000000
3dba2000
3d412000
bd630000
00000000
3d52e000
3ea5c800
00000000
00000000
3dde0000
bd1da000
bd266000
3e484000
be4bd000
bd320000
be2f3800
bdbbc000
be3d0000
00000000
00000000
bd252000
3e07a800
00000000
be214000
3d29c000
be10a800
be0c8800
3d876000
be5a4800
bfb68000
3d6e0000
00000000
3dd44000
3d6be000
00000000
00000000
bea23000
bdd20000
be73c000
bdc4c000
3d380000
3d656000
00000000
3de12000
3db42000
3d524000
be067000
3e19c000
00000000
3dabc000
3dc92000
be053800
00000000
be3a4800
3d536000
be1bd000
be4a2000
3d4da000
3d6e4000
bd5c2000
bd452000
bd29a000
bdd9c000
3defe000
be612800
be83f400
3dcd6000
bd824000
00000000
be0f1000
3db46000
3dabc000
bd3c6000
bd642000
be8c2800
00000000
3da62000
3d136000
bd2ac000
3e37c000
00000000
3d26c000
be12b800
be03b800
be101800
bdfa4000
3e1d9800
00000000
3df5d000
3dc90000
bd4f2000
3e6c4000
00000000
3db92000
bde07000
bde31000
bd406000
3d81a000
3e0bf800
00000000
bd454000
3dda6000
00000000
3d5ba000
3e2f4000
be08f800
bdcf6000
bdbd0000
bd636000
00000000
3db7a000
00000000
00000000
bd1ec000
be4c4000
00000000
00000000
bd50a000
3e94c000
00000000
00000000
00000000
be0a0000
3d69c000
3fe14000
be4f2000
00000000
3d500000
00000000
bdba2000
bd412000
00000000
3d644000
be1e2800
be04a000
bded6000
3d4ca000
bd5e0000
3d9da000
be266000
3dc84000
be29d800
bd320000
bd69a000
bd3bc000
3e6c4000
3d1ce000
3dbc0000
3da52000
3e07a800
00000000
bd214000
00000000
be10a800
3e0c8800
3d876000
bdaea000
3ea86000
3dee0000
be000000
3dd44000
3e30e800
be18e800
be484000
bdd84000
bd520000
3dc30000
3e139000
bd380000
3de56000
00000000
3de12000
3e071800
00000000
bd334000
3eb36000
bd812000
3d2bc000
3e492000
bd31a000
3e7c0000
3df86000
be1e8800
bd4fc000
00000000
00000000
3e6e4000
3e5c2000
3dc52000
bdfe7000
00000000
be6fe000
3e342000
bdd32000
3d4d6000
3e436000
3dfe4000
3d3ec000
00000000
be00d000
3dbc6000
3e2b1800
3de04000
3ea60800
3da62000
bd136000
bdaac000
3db7c000
bdb50000
be26c000
00000000
3e03b800
bd402000
00000000
3e522000
00000000
be23e000
be490000
bd4f2000
bdbd0000
bd436000
3db92000
3de07000
3de31000
3e904800
bd81a000
00000000
3d612000
3dc54000
3dda6000
00000000
00000000
3d2f4000
00000000
bd4f6000
bd3d0000
be2a8800
bd930000
3d37a000
be0c2800
bd5be000
bd9ec000
3d4c4000
00000000
bd1ba000
bd50a000
00000000
00000000
3d204000
3d2e2000
3d380000
3de9c000
bfa06000
3dcf2000
bd48e000
3e500000
be04e000
bd3a2000
3d412000
be2a4000
3d644000
3e9e2800
3e46f000
be320800
3dcca000
3dde0000
bd1da000
bda66000
00000000
3e29d800
bd320000
3de9a000
3dbbc000
bd3d0000
bdeb5000
3d3c0000
3e77b000
bd34e000
bda90000
00000000
3da9c000
3dc0e000
be0c8800
3d876000
3d2ea000
bff5a000
3d6e0000
00000000
be84a800
be30e800
bd4be000
00000000
bd584000
3d520000
bd430000
be139000
3e380000
00000000
3dd6e000
3de12000
00000000
3d524000
be067000
3d4d0000
3e012000
3d2bc000
00000000
be053800
3d7c0000
bdf86000
be1e8800
3d4fc000
be979800
3d4da000
3dee4000
3ec09c00
3d452000
00000000
00000000
be6fe000
3e871800
bd532000
bd4d6000
3e436000
bdfe4000
3dbec000
be346000
3dabc000
bd3c6000
00000000
3d604000
3d5d6000
3d262000
3d136000
3daac000
3ea0c800
00000000
3e507000
bdc3a000
bd2fa000
bdc02000
3d7a4000
bdd22000
00000000
3e75d000
bdc90000
3e4f2000
bea56000
3dc36000
00000000
be15a000
be176000
00000000
3e81a000
3e0bf800
bd612000
3dc54000
be23c800
be1fd800
bddba000
bd2f4000
3d36a000
3e1b8800
be0dc000
3d636000
3e130000
be37a000
3d3ae000
bddbe000
bd9ec000
00000000
be7f7800
bd1ba000
bdd0a000
00000000
bd26a000
00000000
bd2e2000
bea10000
bde9c000
401b8000
00000000
bdc8e000
3e500000
bd84e000
3e3a2000
be90d800
bde30000
3d644000
bd52e000
be04a000
bded6000
3d4ca000
00000000
be1da000
3d266000
3e7a5000
00000000
3e5e8000
00000000
00000000
3e6c4000
be1ce000
bd3c0000
bda52000
00000000
00000000
3df1e000
be29c000
00000000
00000000
bd876000
3daea000
3f8ce000
bdee0000
be000000
3dd44000
3ece6400
be18e800
bd484000
00000000
3dd20000
3d430000
be139000
00000000
3e656000
3d56e000
bde12000
3e071800
3d524000
00000000
bd4d0000
00000000
3e80d000
00000000
bd31a000
be3d0000
bdf86000
be1e8800
bd4fc000
bdca2000
3d4da000
00000000
bddc2000
be766800
3d29a000
3d59c000
bdefe000
be342000
bdd32000
bd4d6000
be024000
00000000
00000000
3d346000
3d2bc000
00000000
00000000
3e604000
be260800
be4fa800
00000000
00000000
3db7c000
3e350000
00000000
3e12b800
3d2fa000
bdc02000
3dfa4000
3d522000
bd6c4000
3d23e000
3dc90000
3e817400
bdbd0000
bdc36000
bdb92000
bd15a000
3de31000
bd406000
3e427000
00000000
3d612000
3d454000
00000000
be552000
be24b800
00000000
00000000
bdcf6000
be0dc000
3d636000
3ddc8000
bd37a000
be0c2800
be896c00
3dee2000
bdcc4000
3dcc6000
3de97000
00000000
00000000
3d26a000
3d204000
be029800
bdb80000
3d69c000
40000000
bdcf2000
be48e000
3d500000
00000000
be68a800
bdc12000
bde30000
00000000
bd52e000
be04a000
00000000
be4ca000
00000000
3dec7000
bdf99000
be163000
bdcbd000
be5e8000
3d69a000
3e0cd000
00000000
bd9ce000
3d3c0000
bda52000
3d34e000
bd290000
3e71e000
00000000
bd40e000
be0c8800
00000000
be98cc00
3ff62000
bd6e0000
3e800000
3e9f3000
3d6be000
be18e800
3dc84000
3d584000
3d520000
3eaaa000
3e139000
00000000
be2c0800
3d56e000
3e28d800
3d342000
be524000
be334000
3e802000
bd812000
3e00d000
3eaffc00
bd31a000
3d7c0000
be9b3c00
bd536000
bdcfc000
3e179800
bd4da000
bdee4000
bd5c2000
3d452000
00000000
bdd9c000
beb3e800
3e342000
be1e5800
bdcd6000
00000000
3d7e4000
bdbec000
bd346000
00000000
00000000
3de42000
bd604000
3ddd6000
bdf93000
3d936000
00000000
3e09d000
00000000
3e26c000
3d43a000
3dafa000
3dc02000
3d7a4000
be522000
bd6c4000
bda3e000
3d490000
3d4f2000
bdbd0000
3dc36000
bdb92000
be15a000
bd976000
3dc06000
be01a000
3e0bf800
00000000
00000000
bd5a6000
3d552000
3e24b800
be5b1000
00000000
3dcf6000
3e6c4000
3e2a8800
3ddc8000
3d37a000
bdbae000
3ddbe000
bd1ec000
bd4c4000
bd4c6000
3e1ba000
bdd0a000
3dff0000
3e504800
3df06000
be2e2000
be660000
bd69c000
3ffd8000
bd4f2000
3dc8e000
bd500000
3e04e000
3dba2000
00000000
00000000
3e644000
bd52e000
be46f000
3d6d6000
be197800
3dde0000
3d9da000
00000000
00000000
bd87e000
3e058000
3d69a000
3e0cd000
bdbd0000
3deb5000
00000000
00000000
bdb4e000
00000000
3d214000
bda9c000
be10a800
00000000
be076000
bdaea000
402b2000
bd6e0000
00000000
3e1f3000
3d6be000
3e4be000
3e163000
00000000
3e1d8000
bd430000
3e139000
00000000
3de56000
be212800
00000000
3e612800
3d524000
3db34000
3eb36000
be41b000
3e2bc000
bd492000
bd31a000
3d7c0000
bd786000
3eb8f400
3d4fc000
00000000
be808400
be94e800
bd5c2000
3e13d800
00000000
bd59c000
be33e800
bdb42000
bdd32000
bdcd6000
be436000
bd7e4000
3e3ec000
bd346000
3e2bc000
be6b7800
bd642000
3de04000
bd5d6000
00000000
3ddd1000
3daac000
3d37c000
3db50000
3da6c000
00000000
3dafa000
3e402000
3d7a4000
bdd22000
bd6c4000
bd23e000
3e490000
bdcf2000
bdbd0000
be436000
3e8ad800
bd15a000
3d176000
3d406000
be01a000
be0bf800
00000000
bd454000
3dda6000
be1fd800
00000000
bd2f4000
3d36a000
bd4f6000
be3d0000
3de36000
be37c000
bd37a000
3e8c2800
3e24e800
00000000
00000000
00000000
bd1ba000
3d50a000
be548000
00000000
bdf06000
3dae2000
3d380000
00000000
c007c000
3dcf2000
bdc8e000
00000000
bd84e000
3d3a2000
3e10d800
3d630000
3de44000
bdd2e000
be46f000
3e320800
3e197800
bd5e0000
3dec7000
3df99000
bd484000
00000000
bd320000
bde9a000
bd3bc000
3e0dc000
bd1ce000
00000000
bd252000
3db4e000
00000000
3df1e000
3e7ea000
3d40e000
3d3b6000
3e876000
bdaea000
3fdea000
3d6e0000
bd800000
bdd44000
3debe000
3d4be000
bd484000
bd584000
3dd20000
3e124000
3d44c000
3e0a0000
00000000
3dd6e000
3de12000
3db42000
3d524000
3e601000
3d4d0000
be012000
3d2bc000
be492000
bd31a000
00000000
00000000
3e1e8800
3e1bd000
be179800
3d4da000
beb2b000
00000000
bd452000
bda9a000
be235000
3d6fe000
3d342000
3e532000
3d4d6000
be824000
3dfe4000
00000000
00000000
3e00d000
bd3c6000
3de42000
bd604000
3e260800
3d262000
3ddd1000
be557000
00000000
3db50000
00000000
beab2c00
3d2fa000
3d402000
00000000
3d522000
00000000
bdf5d000
bd490000
00000000
3dbd0000
3e128800
bd392000
bd15a000
3de31000
3e104800
3d81a000
00000000
bd612000
3d454000
3e887c00
bdd52000
be894400
bdaf4000
be36a000
be4f6000
00000000
3d636000
bd130000
bd37a000
00000000
3d5be000
bd1ec000
be4c4000
3e4c6000
bd9ba000
3dd0a000
3e548000
3e26a000
be204000
00000000
3db80000
3d69c000
3f764000
be1b5800
bdc8e000
3dd00000
3e04e000
00000000
3e10d800
00000000
00000000
00000000
bd84a000
00000000
bdcca000
00000000
bd9da000
be4ff800
3e163000
3e4bd000
3d320000
bd69a000
00000000
be6c4000
00000000
00000000
3d252000
bdb4e000
be93e000
3da14000
3e543000
3d40e000
be3b6000
bd876000
bd2ea000
3e40c000
be328000
3d800000
bd544000
3debe000
3dcbe000
3dc84000
3d584000
3dd20000
3e124000
00000000
00000000
3de56000
be56e000
3ec4fc00
3e071800
00000000
3e067000
3e19c000
be012000
00000000
be16d800
00000000
bdfc0000
3e3a4800
bdd36000
3dcfc000
00000000
3e4da000
3dee4000
bd5c2000
be13d800
3d29a000
3d59c000
3d6fe000
bd342000
00000000
3dcd6000
00000000
bdfe4000
3e3ec000
3e346000
3e2bc000
3d3c6000
3d642000
be283000
00000000
3d262000
3ddd1000
3daac000
00000000
3d350000
3e26c000
3dc3a000
3dafa000
bea81c00
3e7a4000
3d522000
be6c4000
be23e000
3d490000
bdcf2000
3dbd0000
3e928800
00000000
be15a000
3e176000
00000000
3d81a000
3d3aa000
3d612000
00000000
be23c800
00000000
00000000
3e037000
3e644800
3d4f6000
bd3d0000
3d636000
3d930000
bdb7a000
bd3ae000
bddbe000
3e1ec000
3e193000
be4c6000
bd9ba000
bd50a000
3dff0000
bd26a000
bdf06000
3dae2000
00000000
bd69c000
c03a4000
00000000
bd48e000
bd500000
bd84e000
bdba2000
be716800
00000000
00000000
3e1e2800
3e46f000
3ded6000
bd4ca000
3dde0000
3d9da000
00000000
bd484000
3e07e000
bdb20000
3d69a000
3d3bc000
bd3d0000
3deb5000
bdbc0000
be4e6800
3d34e000
3e7d8000
bda14000
